canonical_id,대분류,중분류,component,operation_type,canonical_name
CAN-000001,기능정비,전기 및 램프,"ABS 센서(뒤,우)",교환,"ABS 센서(뒤,우) 교환"
CAN-000002,기능정비,전기 및 램프,"ABS 센서(뒤,우)",탈착,"ABS 센서(뒤,우) 탈착"
CAN-000003,기능정비,전기 및 램프,"ABS 센서(뒤,좌)",교환,"ABS 센서(뒤,좌) 교환"
CAN-000004,기능정비,전기 및 램프,"ABS 센서(뒤,좌)",탈착,"ABS 센서(뒤,좌) 탈착"
CAN-000005,기능정비,전기 및 램프,"ABS 센서(앞,우)",교환,"ABS 센서(앞,우) 교환"
CAN-000006,기능정비,전기 및 램프,"ABS 센서(앞,우)",탈착,"ABS 센서(앞,우) 탈착"
CAN-000007,기능정비,전기 및 램프,"ABS 센서(앞,좌)",교환,"ABS 센서(앞,좌) 교환"
CAN-000008,기능정비,전기 및 램프,"ABS 센서(앞,좌)",탈착,"ABS 센서(앞,좌) 탈착"
CAN-000009,기능정비,전기 및 램프,ABS하이드로릭유니트,교환,ABS하이드로릭유니트 교환
CAN-000010,기능정비,전기 및 램프,ABS하이드로릭유니트,탈착,ABS하이드로릭유니트 탈착
CAN-000011,기능정비,전기 및 램프,ABS휠센서(뒤우),교환,ABS휠센서(뒤우) 교환
CAN-000012,기능정비,전기 및 램프,ABS휠센서(뒤우),탈착,ABS휠센서(뒤우) 탈착
CAN-000013,기능정비,전기 및 램프,ABS휠센서(뒤좌),교환,ABS휠센서(뒤좌) 교환
CAN-000014,기능정비,전기 및 램프,ABS휠센서(뒤좌),탈착,ABS휠센서(뒤좌) 탈착
CAN-000015,기능정비,전기 및 램프,ABS휠센서(앞우),교환,ABS휠센서(앞우) 교환
CAN-000016,기능정비,전기 및 램프,ABS휠센서(앞우),탈착,ABS휠센서(앞우) 탈착
CAN-000017,기능정비,전기 및 램프,ABS휠센서(앞좌),교환,ABS휠센서(앞좌) 교환
CAN-000018,기능정비,전기 및 램프,ABS휠센서(앞좌),탈착,ABS휠센서(앞좌) 탈착
CAN-000019,기능정비,엔진 부품,AV(네비게이션)시스템,교환,AV(네비게이션)시스템 교환
CAN-000020,기능정비,엔진 부품,AV(네비게이션)시스템,탈착,AV(네비게이션)시스템 탈착
CAN-000021,기능정비,엔진 부품,AV시스템,교환,AV시스템 교환
CAN-000022,기능정비,엔진 부품,AV시스템,탈착,AV시스템 탈착
CAN-000023,기능정비,엔진 부품,BCM(LAN컨트롤 유니트),교환,BCM(LAN컨트롤 유니트) 교환
CAN-000024,기능정비,엔진 부품,BCM(LAN컨트롤 유니트),탈착,BCM(LAN컨트롤 유니트) 탈착
CAN-000025,기능정비,전기 및 램프,BCM(차체컨트롤모듈),교환,BCM(차체컨트롤모듈) 교환
CAN-000026,기능정비,전기 및 램프,BCM(차체컨트롤모듈),탈착,BCM(차체컨트롤모듈) 탈착
CAN-000027,기능정비,엔진 부품,CD 체인저,교환,CD 체인저 교환
CAN-000028,기능정비,엔진 부품,CD 체인저,탈착,CD 체인저 탈착
CAN-000029,기능정비,엔진 부품,C 필러(우측),교환,C 필러(우측) 교환
CAN-000030,기능정비,엔진 부품,C 필러(좌측),교환,C 필러(좌측) 교환
CAN-000031,기능정비,전기 및 램프,"DRL(데이램프,우)",교환,"DRL(데이램프,우) 교환"
CAN-000032,기능정비,전기 및 램프,"DRL(데이램프,우)",탈착,"DRL(데이램프,우) 탈착"
CAN-000033,기능정비,전기 및 램프,"DRL(데이램프,좌)",교환,"DRL(데이램프,좌) 교환"
CAN-000034,기능정비,전기 및 램프,"DRL(데이램프,좌)",탈착,"DRL(데이램프,좌) 탈착"
CAN-000035,기능정비,엔진 부품,DVD 체인져,교환,DVD 체인져 교환
CAN-000036,기능정비,엔진 부품,DVD 체인져,탈착,DVD 체인져 탈착
CAN-000037,판금/도장정비,판금(탈부착),D필러 익스텐션패널(우측),교환,D필러 익스텐션패널(우측) 교환
CAN-000038,판금/도장정비,판금(탈부착),D필러 익스텐션패널(좌측),교환,D필러 익스텐션패널(좌측) 교환
CAN-000039,기능정비,엔진 부품,D필러커버ASSY,교환,D필러커버ASSY 교환
CAN-000040,기능정비,엔진 부품,D필러커버ASSY,탈착,D필러커버ASSY 탈착
CAN-000041,판금/도장정비,판금(탈부착),"D 필러패널(내외측,우)",교환,"D 필러패널(내외측,우) 교환"
CAN-000042,판금/도장정비,판금(탈부착),"D 필러패널(내외측,좌)",교환,"D 필러패널(내외측,좌) 교환"
CAN-000043,판금/도장정비,판금(탈부착),"D 필러패널(내측,우)",교환,"D 필러패널(내측,우) 교환"
CAN-000044,판금/도장정비,판금(탈부착),"D 필러패널(내측,좌)",교환,"D 필러패널(내측,좌) 교환"
CAN-000045,판금/도장정비,판금(탈부착),"D 필러패널(외측,우)",교환,"D 필러패널(외측,우) 교환"
CAN-000046,판금/도장정비,판금(탈부착),"D 필러패널(외측,좌)",교환,"D 필러패널(외측,좌) 교환"
CAN-000047,기능정비,엔진 부품,EGR밸브,교환,EGR밸브 교환
CAN-000048,기능정비,엔진 부품,EGR밸브,탈착,EGR밸브 탈착
CAN-000049,기능정비,엔진 부품,EGR쿨러,교환,EGR쿨러 교환
CAN-000050,기능정비,엔진 부품,EGR쿨러,탈착,EGR쿨러 탈착
CAN-000051,기능정비,엔진 부품,EGR쿨러(고압),교환,EGR쿨러(고압) 교환
CAN-000052,기능정비,엔진 부품,EGR쿨러(고압),탈착,EGR쿨러(고압) 탈착
CAN-000053,기능정비,엔진 부품,EGR쿨러(저압),교환,EGR쿨러(저압) 교환
CAN-000054,기능정비,엔진 부품,EGR쿨러(저압),탈착,EGR쿨러(저압) 탈착
CAN-000055,기능정비,전기 및 램프,HID 헤드램프 밸러스트(우측),교환,HID 헤드램프 밸러스트(우측) 교환
CAN-000056,기능정비,전기 및 램프,HID 헤드램프 밸러스트(우측),탈착,HID 헤드램프 밸러스트(우측) 탈착
CAN-000057,기능정비,전기 및 램프,HID 헤드램프 밸러스트(좌측),교환,HID 헤드램프 밸러스트(좌측) 교환
CAN-000058,기능정비,전기 및 램프,HID 헤드램프 밸러스트(좌측),탈착,HID 헤드램프 밸러스트(좌측) 탈착
CAN-000059,기능정비,전기 및 램프,LED 드라이브 모듈(우측),교환,LED 드라이브 모듈(우측) 교환
CAN-000060,기능정비,전기 및 램프,LED 드라이브 모듈(우측),탈착,LED 드라이브 모듈(우측) 탈착
CAN-000061,기능정비,전기 및 램프,LED 드라이브 모듈(좌측),교환,LED 드라이브 모듈(좌측) 교환
CAN-000062,기능정비,전기 및 램프,LED 드라이브 모듈(좌측),탈착,LED 드라이브 모듈(좌측) 탈착
CAN-000063,기능정비,엔진 부품,LID 류-1개,교환,LID 류-1개 교환
CAN-000064,기능정비,엔진 부품,LID 류-1개,오버홀,LID 류-1개 오버홀
CAN-000065,기능정비,엔진 부품,LID 류-1개,탈착,LID 류-1개 탈착
CAN-000066,기능정비,엔진 부품,LID 류-2개,교환,LID 류-2개 교환
CAN-000067,기능정비,엔진 부품,LID 류-2개,오버홀,LID 류-2개 오버홀
CAN-000068,기능정비,엔진 부품,LID 류-2개,탈착,LID 류-2개 탈착
CAN-000069,기능정비,엔진 부품,LID 류-4개,교환,LID 류-4개 교환
CAN-000070,기능정비,엔진 부품,LID 류-4개,오버홀,LID 류-4개 오버홀
CAN-000071,기능정비,엔진 부품,LID 류-4개,탈착,LID 류-4개 탈착
CAN-000072,기능정비,엔진 부품,LID 류-8개,교환,LID 류-8개 교환
CAN-000073,기능정비,엔진 부품,LID 류-8개,오버홀,LID 류-8개 오버홀
CAN-000074,기능정비,엔진 부품,LID 류-8개,탈착,LID 류-8개 탈착
CAN-000075,기능정비,엔진 부품,LPG 레귤레이터,교환,LPG 레귤레이터 교환
CAN-000076,기능정비,엔진 부품,LPG 레귤레이터,탈착,LPG 레귤레이터 탈착
CAN-000077,기능정비,엔진 부품,LPG 레귤레이터 유닛,교환,LPG 레귤레이터 유닛 교환
CAN-000078,기능정비,엔진 부품,LPG 레귤레이터 유닛,탈착,LPG 레귤레이터 유닛 탈착
CAN-000079,기능정비,엔진 부품,LPG 믹서,교환,LPG 믹서 교환
CAN-000080,기능정비,엔진 부품,LPG 믹서,탈착,LPG 믹서 탈착
CAN-000081,기능정비,엔진 부품,LPG봄베,교환,LPG봄베 교환
CAN-000082,기능정비,엔진 부품,LPG봄베,탈착,LPG봄베 탈착
CAN-000083,기능정비,엔진 부품,LPG탱크,교환,LPG탱크 교환
CAN-000084,기능정비,엔진 부품,LPG탱크,탈착,LPG탱크 탈착
CAN-000085,소모품 및 하체정비,소모품,LPI 필터 -,교환/정비,LPI 필터 - 교환/정비
CAN-000086,기능정비,엔진 부품,Oil Cooler ASSY,교환,Oil Cooler ASSY 교환
CAN-000087,기능정비,엔진 부품,Oil Cooler ASSY,탈착,Oil Cooler ASSY 탈착
CAN-000088,기능정비,전기 및 램프,PIC TX 어셈블리,교환/정비,PIC TX 어셈블리 교환/정비
CAN-000089,기능정비,엔진 부품,PRE카탈리스틱 컨버터(뒤),교환,PRE카탈리스틱 컨버터(뒤) 교환
CAN-000090,기능정비,엔진 부품,PRE카탈리스틱 컨버터(뒤),탈착,PRE카탈리스틱 컨버터(뒤) 탈착
CAN-000091,기능정비,엔진 부품,PRE카탈리스틱 컨버터(앞),교환,PRE카탈리스틱 컨버터(앞) 교환
CAN-000092,기능정비,엔진 부품,PRE카탈리스틱 컨버터(앞),탈착,PRE카탈리스틱 컨버터(앞) 탈착
CAN-000093,기능정비,엔진 부품,TV 튜너 유니트,교환,TV 튜너 유니트 교환
CAN-000094,기능정비,엔진 부품,TV 튜너 유니트,탈착,TV 튜너 유니트 탈착
CAN-000095,기능정비,에어컨,VACUUM PUMP,교환,VACUUM PUMP 교환
CAN-000096,기능정비,에어컨,VACUUM PUMP,탈착,VACUUM PUMP 탈착
CAN-000097,기능정비,엔진 부품,가니쉬 #1,교환,가니쉬 #1 교환
CAN-000098,기능정비,엔진 부품,가니쉬 #1,탈착,가니쉬 #1 탈착
CAN-000099,기능정비,엔진 부품,가니쉬 #2,교환,가니쉬 #2 교환
CAN-000100,기능정비,엔진 부품,가니쉬 #2,탈착,가니쉬 #2 탈착
CAN-000101,기능정비,엔진 부품,"가드레일(우,조립식)",교환,"가드레일(우,조립식) 교환"
CAN-000102,기능정비,엔진 부품,"가드레일(우,조립식)",탈착,"가드레일(우,조립식) 탈착"
CAN-000103,기능정비,엔진 부품,가드레일(우측),교환,가드레일(우측) 교환
CAN-000104,기능정비,엔진 부품,가드레일(우측),탈착,가드레일(우측) 탈착
CAN-000105,기능정비,엔진 부품,"가드레일(좌,조립식)",교환,"가드레일(좌,조립식) 교환"
CAN-000106,기능정비,엔진 부품,"가드레일(좌,조립식)",탈착,"가드레일(좌,조립식) 탈착"
CAN-000107,기능정비,엔진 부품,가드레일(좌측),교환,가드레일(좌측) 교환
CAN-000108,기능정비,엔진 부품,가드레일(좌측),탈착,가드레일(좌측) 탈착
CAN-000109,기능정비,엔진 부품,가상 엔진사운드 스피커,교환,가상 엔진사운드 스피커 교환
CAN-000110,기능정비,엔진 부품,가상 엔진사운드 스피커,탈착,가상 엔진사운드 스피커 탈착
CAN-000111,기능정비,엔진 부품,각종계기케이블,교환,각종계기케이블 교환
CAN-000112,기능정비,엔진 부품,각종계기케이블,탈착,각종계기케이블 탈착
CAN-000113,기능정비,엔진 부품,고압펌프,교환,고압펌프 교환
CAN-000114,기능정비,엔진 부품,고압펌프,탈착,고압펌프 탈착
CAN-000115,기능정비,전기 및 램프,고전압 배터리모듈,교환,고전압 배터리모듈 교환
CAN-000116,기능정비,전기 및 램프,고전압 배터리모듈,탈착,고전압 배터리모듈 탈착
CAN-000117,기능정비,엔진 부품,고전압차단(HEV),조정,고전압차단(HEV) 조정
CAN-000118,기능정비,엔진 부품,고정창 사각유리(우측),교환,고정창 사각유리(우측) 교환
CAN-000119,기능정비,엔진 부품,고정창 사각유리(우측),탈착,고정창 사각유리(우측) 탈착
CAN-000120,기능정비,엔진 부품,고정창 사각유리(좌측),교환,고정창 사각유리(좌측) 교환
CAN-000121,기능정비,엔진 부품,고정창 사각유리(좌측),탈착,고정창 사각유리(좌측) 탈착
CAN-000122,기능정비,엔진 부품,공구박스,교환,공구박스 교환
CAN-000123,기능정비,엔진 부품,공구박스,탈착,공구박스 탈착
CAN-000124,기능정비,엔진 부품,공구박스(프레임용접식),교환,공구박스(프레임용접식) 교환
CAN-000125,기능정비,엔진 부품,공구박스(프레임용접식),탈착,공구박스(프레임용접식) 탈착
CAN-000126,기능정비,엔진 부품,공구함커버 & 박스,교환,공구함커버 & 박스 교환
CAN-000127,기능정비,엔진 부품,공구함커버 & 박스,탈착,공구함커버 & 박스 탈착
CAN-000128,기능정비,엔진 부품,공기청정기,교환,공기청정기 교환
CAN-000129,기능정비,엔진 부품,공기청정기,탈착,공기청정기 탈착
CAN-000130,기능정비,엔진 부품,글로브박스,교환,글로브박스 교환
CAN-000131,기능정비,엔진 부품,글로브박스,탈착,글로브박스 탈착
CAN-000132,기능정비,엔진 부품,냉각 팬,교환,냉각 팬 교환
CAN-000133,기능정비,엔진 부품,냉각 팬,탈착,냉각 팬 탈착
CAN-000134,소모품 및 하체정비,하체 부품,너클(우측),교환,너클(우측) 교환
CAN-000135,소모품 및 하체정비,하체 부품,너클(우측),탈착,너클(우측) 탈착
CAN-000136,소모품 및 하체정비,하체 부품,너클(좌측),교환,너클(좌측) 교환
CAN-000137,소모품 및 하체정비,하체 부품,너클(좌측),탈착,너클(좌측) 탈착
CAN-000138,판금/도장정비,판금(탈부착),대쉬 로워패널,교환,대쉬 로워패널 교환
CAN-000139,판금/도장정비,판금(탈부착),대쉬센터패널(볼트식),교환,대쉬센터패널(볼트식) 교환
CAN-000140,판금/도장정비,판금(탈부착),대쉬센터패널(볼트식),탈착,대쉬센터패널(볼트식) 탈착
CAN-000141,판금/도장정비,판금(탈부착),대쉬센터패널(용접식),교환,대쉬센터패널(용접식) 교환
CAN-000142,기능정비,엔진 부품,대쉬 인슐레이터,교환,대쉬 인슐레이터 교환
CAN-000143,기능정비,엔진 부품,대쉬 인슐레이터,탈착,대쉬 인슐레이터 탈착
CAN-000144,판금/도장정비,판금(탈부착),대쉬패널,교환,대쉬패널 교환
CAN-000145,판금/도장정비,판금(탈부착),대쉬패널 멤버,교환,대쉬패널 멤버 교환
CAN-000146,판금/도장정비,판금(탈부착),대쉬패널멤버(크로스멤버),교환,대쉬패널멤버(크로스멤버) 교환
CAN-000147,판금/도장정비,판금(탈부착),대쉬패널 센터(볼트식),교환,대쉬패널 센터(볼트식) 교환
CAN-000148,판금/도장정비,판금(탈부착),대쉬패널 센터(볼트식),탈착,대쉬패널 센터(볼트식) 탈착
CAN-000149,기능정비,엔진 부품,대시보드 철판,교환,대시보드 철판 교환
CAN-000150,기능정비,엔진 부품,대시보드 철판,탈착,대시보드 철판 탈착
CAN-000151,기능정비,전기 및 램프,대형룸램프,교환,대형룸램프 교환
CAN-000152,기능정비,전기 및 램프,대형룸램프,탈착,대형룸램프 탈착
CAN-000153,기능정비,엔진 부품,데크트림,교환,데크트림 교환
CAN-000154,기능정비,엔진 부품,데크트림,탈착,데크트림 탈착
CAN-000155,판금/도장정비,판금(탈부착),데크 프론트패널(적재함 앞),교환,데크 프론트패널(적재함 앞) 교환
CAN-000156,판금/도장정비,판금(탈부착),데크 플로워 패널,교환,데크 플로워 패널 교환
CAN-000157,판금/도장정비,판금(탈부착),"도어 리어필러(외측,우)",교환,"도어 리어필러(외측,우) 교환"
CAN-000158,판금/도장정비,판금(탈부착),"도어 리어필러(외측,좌)",교환,"도어 리어필러(외측,좌) 교환"
CAN-000159,판금/도장정비,판금(탈부착),"도어 리어필러(외측,킹캡,우)",교환,"도어 리어필러(외측,킹캡,우) 교환"
CAN-000160,판금/도장정비,판금(탈부착),"도어 리어필러(외측,킹캡,좌)",교환,"도어 리어필러(외측,킹캡,좌) 교환"
CAN-000161,판금/도장정비,판금(탈부착),도어 리어필러(우측),교환,도어 리어필러(우측) 교환
CAN-000162,판금/도장정비,판금(탈부착),"도어 리어필러(우,킹캡)",교환,"도어 리어필러(우,킹캡) 교환"
CAN-000163,판금/도장정비,판금(탈부착),"도어 리어필러(인너,우)",교환,"도어 리어필러(인너,우) 교환"
CAN-000164,판금/도장정비,판금(탈부착),"도어 리어필러(인너,좌)",교환,"도어 리어필러(인너,좌) 교환"
CAN-000165,판금/도장정비,판금(탈부착),도어 리어필러(좌측),교환,도어 리어필러(좌측) 교환
CAN-000166,판금/도장정비,판금(탈부착),"도어 리어필러(좌,킹캡)",교환,"도어 리어필러(좌,킹캡) 교환"
CAN-000167,판금/도장정비,판금(탈부착),"뒤도어(우,전동,화물)",교환,"뒤도어(우,전동,화물) 교환"
CAN-000168,판금/도장정비,판금(탈부착),"뒤도어(우,전동,화물)",오버홀,"뒤도어(우,전동,화물) 오버홀"
CAN-000169,판금/도장정비,판금(탈부착),"뒤도어(우,전동,화물)",탈착,"뒤도어(우,전동,화물) 탈착"
CAN-000170,판금/도장정비,판금(탈부착),"뒤도어(우,화물)",교환,"뒤도어(우,화물) 교환"
CAN-000171,판금/도장정비,판금(탈부착),"뒤도어(우,화물)",오버홀,"뒤도어(우,화물) 오버홀"
CAN-000172,판금/도장정비,판금(탈부착),"뒤도어(우,화물)",탈착,"뒤도어(우,화물) 탈착"
CAN-000173,판금/도장정비,판금(탈부착),"뒤도어(좌,전동,화물)",교환,"뒤도어(좌,전동,화물) 교환"
CAN-000174,판금/도장정비,판금(탈부착),"뒤도어(좌,전동,화물)",오버홀,"뒤도어(좌,전동,화물) 오버홀"
CAN-000175,판금/도장정비,판금(탈부착),"뒤도어(좌,전동,화물)",탈착,"뒤도어(좌,전동,화물) 탈착"
CAN-000176,판금/도장정비,판금(탈부착),"뒤도어(좌,화물)",교환,"뒤도어(좌,화물) 교환"
CAN-000177,판금/도장정비,판금(탈부착),"뒤도어(좌,화물)",오버홀,"뒤도어(좌,화물) 오버홀"
CAN-000178,판금/도장정비,판금(탈부착),"뒤도어(좌,화물)",탈착,"뒤도어(좌,화물) 탈착"
CAN-000179,기능정비,전기 및 램프,뒤 배선,교환,뒤 배선 교환
CAN-000180,기능정비,전기 및 램프,뒤 배선,탈착,뒤 배선 탈착
CAN-000181,판금/도장정비,판금(탈부착),뒤 범퍼(FRP),교환,뒤 범퍼(FRP) 교환
CAN-000182,판금/도장정비,판금(탈부착),뒤 범퍼(FRP),오버홀,뒤 범퍼(FRP) 오버홀
CAN-000183,판금/도장정비,판금(탈부착),뒤 범퍼(FRP),탈착,뒤 범퍼(FRP) 탈착
CAN-000184,판금/도장정비,판금(탈부착),뒤 범퍼,교환,뒤 범퍼 교환
CAN-000185,판금/도장정비,판금(탈부착),뒤 범퍼,오버홀,뒤 범퍼 오버홀
CAN-000186,판금/도장정비,판금(탈부착),뒤 범퍼,탈착,뒤 범퍼 탈착
CAN-000187,판금/도장정비,판금(탈부착),뒤 범퍼(분할형),교환,뒤 범퍼(분할형) 교환
CAN-000188,판금/도장정비,판금(탈부착),뒤 범퍼(분할형),오버홀,뒤 범퍼(분할형) 오버홀
CAN-000189,판금/도장정비,판금(탈부착),뒤 범퍼(분할형),탈착,뒤 범퍼(분할형) 탈착
CAN-000190,판금/도장정비,판금(탈부착),뒤 범퍼(스텐레스),교환,뒤 범퍼(스텐레스) 교환
CAN-000191,판금/도장정비,판금(탈부착),뒤 범퍼(스텐레스),오버홀,뒤 범퍼(스텐레스) 오버홀
CAN-000192,판금/도장정비,판금(탈부착),뒤 범퍼(스텐레스),탈착,뒤 범퍼(스텐레스) 탈착
CAN-000193,판금/도장정비,판금(탈부착),뒤 범퍼(우레탄형),교환,뒤 범퍼(우레탄형) 교환
CAN-000194,판금/도장정비,판금(탈부착),뒤 범퍼(우레탄형),오버홀,뒤 범퍼(우레탄형) 오버홀
CAN-000195,판금/도장정비,판금(탈부착),뒤 범퍼(우레탄형),탈착,뒤 범퍼(우레탄형) 탈착
CAN-000196,기능정비,엔진 부품,뒤사이드 고정유리(접착),교환,뒤사이드 고정유리(접착) 교환
CAN-000197,기능정비,엔진 부품,뒤사이드 고정유리(접착),탈착,뒤사이드 고정유리(접착) 탈착
CAN-000198,기능정비,엔진 부품,뒤사이드 고정유리(힌지),교환,뒤사이드 고정유리(힌지) 교환
CAN-000199,기능정비,엔진 부품,뒤사이드 고정유리(힌지),탈착,뒤사이드 고정유리(힌지) 탈착
CAN-000200,기능정비,엔진 부품,뒤시트레일,교환,뒤시트레일 교환
CAN-000201,기능정비,엔진 부품,뒤시트레일,탈착,뒤시트레일 탈착
CAN-000202,기능정비,엔진 부품,"뒤시트레일(일체형,우)",교환,"뒤시트레일(일체형,우) 교환"
CAN-000203,기능정비,엔진 부품,"뒤시트레일(일체형,우)",탈착,"뒤시트레일(일체형,우) 탈착"
CAN-000204,기능정비,엔진 부품,"뒤시트레일(일체형,좌)",교환,"뒤시트레일(일체형,좌) 교환"
CAN-000205,기능정비,엔진 부품,"뒤시트레일(일체형,좌)",탈착,"뒤시트레일(일체형,좌) 탈착"
CAN-000206,기능정비,엔진 부품,뒤 엔진룸 LID,교환,뒤 엔진룸 LID 교환
CAN-000207,기능정비,엔진 부품,뒤 엔진룸 LID,탈착,뒤 엔진룸 LID 탈착
CAN-000208,기능정비,엔진 부품,뒤 엔진룸 사이드(코너)LID,교환,뒤 엔진룸 사이드(코너)LID 교환
CAN-000209,기능정비,엔진 부품,뒤 엔진룸 사이드(코너)LID,탈착,뒤 엔진룸 사이드(코너)LID 탈착
CAN-000210,기능정비,엔진 부품,뒤유리,교환,뒤유리 교환
CAN-000211,기능정비,엔진 부품,뒤유리,탈착,뒤유리 탈착
CAN-000212,기능정비,엔진 부품,"뒤유리(접착식,상)",교환,"뒤유리(접착식,상) 교환"
CAN-000213,기능정비,엔진 부품,"뒤유리(접착식,상)",탈착,"뒤유리(접착식,상) 탈착"
CAN-000214,기능정비,엔진 부품,"뒤유리(접착식,하)",교환,"뒤유리(접착식,하) 교환"
CAN-000215,기능정비,엔진 부품,"뒤유리(접착식,하)",탈착,"뒤유리(접착식,하) 탈착"
CAN-000216,기능정비,엔진 부품,뒤차축,교환,뒤차축 교환
CAN-000217,기능정비,엔진 부품,뒤차축,오버홀,뒤차축 오버홀
CAN-000218,기능정비,엔진 부품,뒤차축,탈착,뒤차축 탈착
CAN-000219,기능정비,엔진 부품,뒤케이스,교환,뒤케이스 교환
CAN-000220,기능정비,엔진 부품,뒤케이스,탈착,뒤케이스 탈착
CAN-000221,기능정비,엔진 부품,"뒤휀다고정유리 #2(접착식,우)",교환,"뒤휀다고정유리 #2(접착식,우) 교환"
CAN-000222,기능정비,엔진 부품,"뒤휀다고정유리 #2(접착식,우)",탈착,"뒤휀다고정유리 #2(접착식,우) 탈착"
CAN-000223,기능정비,엔진 부품,"뒤휀다고정유리 #2(접착식,좌)",교환,"뒤휀다고정유리 #2(접착식,좌) 교환"
CAN-000224,기능정비,엔진 부품,"뒤휀다고정유리 #2(접착식,좌)",탈착,"뒤휀다고정유리 #2(접착식,좌) 탈착"
CAN-000225,기능정비,엔진 부품,"뒤휀다고정유리(접착식,우)#2",교환,"뒤휀다고정유리(접착식,우)#2 교환"
CAN-000226,기능정비,엔진 부품,"뒤휀다고정유리(접착식,우)#2",탈착,"뒤휀다고정유리(접착식,우)#2 탈착"
CAN-000227,기능정비,엔진 부품,"뒤휀다고정유리(접착식,우)",교환,"뒤휀다고정유리(접착식,우) 교환"
CAN-000228,기능정비,엔진 부품,"뒤휀다고정유리(접착식,우)",탈착,"뒤휀다고정유리(접착식,우) 탈착"
CAN-000229,기능정비,엔진 부품,"뒤휀다고정유리(접착식,우,밴)",교환,"뒤휀다고정유리(접착식,우,밴) 교환"
CAN-000230,기능정비,엔진 부품,"뒤휀다고정유리(접착식,우,밴)",탈착,"뒤휀다고정유리(접착식,우,밴) 탈착"
CAN-000231,기능정비,엔진 부품,"뒤휀다고정유리(접착식,우,승용)",교환,"뒤휀다고정유리(접착식,우,승용) 교환"
CAN-000232,기능정비,엔진 부품,"뒤휀다고정유리(접착식,우,승용)",탈착,"뒤휀다고정유리(접착식,우,승용) 탈착"
CAN-000233,기능정비,엔진 부품,"뒤휀다고정유리(접착식,좌)#2",교환,"뒤휀다고정유리(접착식,좌)#2 교환"
CAN-000234,기능정비,엔진 부품,"뒤휀다고정유리(접착식,좌)#2",탈착,"뒤휀다고정유리(접착식,좌)#2 탈착"
CAN-000235,기능정비,엔진 부품,"뒤휀다고정유리(접착식,좌)",교환,"뒤휀다고정유리(접착식,좌) 교환"
CAN-000236,기능정비,엔진 부품,"뒤휀다고정유리(접착식,좌)",탈착,"뒤휀다고정유리(접착식,좌) 탈착"
CAN-000237,기능정비,엔진 부품,"뒤휀다고정유리(접착식,좌,밴)",교환,"뒤휀다고정유리(접착식,좌,밴) 교환"
CAN-000238,기능정비,엔진 부품,"뒤휀다고정유리(접착식,좌,밴)",탈착,"뒤휀다고정유리(접착식,좌,밴) 탈착"
CAN-000239,기능정비,엔진 부품,뒤휀다고정유리(좌측),교환,뒤휀다고정유리(좌측) 교환
CAN-000240,기능정비,엔진 부품,뒤휀다고정유리(좌측),탈착,뒤휀다고정유리(좌측) 탈착
CAN-000241,기능정비,엔진 부품,"뒤휀다고정유리(힌지식,우)",교환,"뒤휀다고정유리(힌지식,우) 교환"
CAN-000242,기능정비,엔진 부품,"뒤휀다고정유리(힌지식,우)",탈착,"뒤휀다고정유리(힌지식,우) 탈착"
CAN-000243,기능정비,엔진 부품,"뒤휀다고정유리(힌지식,좌)",교환,"뒤휀다고정유리(힌지식,좌) 교환"
CAN-000244,기능정비,엔진 부품,"뒤휀다고정유리(힌지식,좌)",탈착,"뒤휀다고정유리(힌지식,좌) 탈착"
CAN-000245,기능정비,에어컨,뒤 히터(1번),교환,뒤 히터(1번) 교환
CAN-000246,기능정비,에어컨,뒤 히터(1번),탈착,뒤 히터(1번) 탈착
CAN-000247,기능정비,에어컨,뒤 히터(2번),교환,뒤 히터(2번) 교환
CAN-000248,기능정비,에어컨,뒤 히터(2번),탈착,뒤 히터(2번) 탈착
CAN-000249,기능정비,에어컨,뒤 히터,교환,뒤 히터 교환
CAN-000250,기능정비,에어컨,뒤 히터,탈착,뒤 히터 탈착
CAN-000251,기능정비,전기 및 램프,뒷배선,교환,뒷배선 교환
CAN-000252,기능정비,전기 및 램프,뒷배선,탈착,뒷배선 탈착
CAN-000253,기능정비,엔진 부품,뒷유리(끼움식),교환,뒷유리(끼움식) 교환
CAN-000254,기능정비,엔진 부품,뒷유리(끼움식),탈착,뒷유리(끼움식) 탈착
CAN-000255,기능정비,엔진 부품,뒷유리(오픈형),교환,뒷유리(오픈형) 교환
CAN-000256,기능정비,엔진 부품,뒷유리(오픈형),탈착,뒷유리(오픈형) 탈착
CAN-000257,기능정비,엔진 부품,뒷유리(접착식),교환,뒷유리(접착식) 교환
CAN-000258,기능정비,엔진 부품,뒷유리(접착식),탈착,뒷유리(접착식) 탈착
CAN-000259,기능정비,엔진 부품,드로틀바디(V8),교환,드로틀바디(V8) 교환
CAN-000260,기능정비,엔진 부품,드로틀바디(V8),탈착,드로틀바디(V8) 탈착
CAN-000261,기능정비,엔진 부품,드로틀바디,교환,드로틀바디 교환
CAN-000262,기능정비,엔진 부품,드로틀바디,탈착,드로틀바디 탈착
CAN-000263,기능정비,엔진 부품,"드로틀바디(가솔린,LPG)",교환,"드로틀바디(가솔린,LPG) 교환"
CAN-000264,기능정비,엔진 부품,"드로틀바디(가솔린,LPG)",탈착,"드로틀바디(가솔린,LPG) 탈착"
CAN-000265,기능정비,엔진 부품,드로틀바디(디젤),교환,드로틀바디(디젤) 교환
CAN-000266,기능정비,엔진 부품,드로틀바디(디젤),탈착,드로틀바디(디젤) 탈착
CAN-000267,기능정비,엔진 부품,드로틀바디서보,교환,드로틀바디서보 교환
CAN-000268,기능정비,엔진 부품,드로틀바디서보,탈착,드로틀바디서보 탈착
CAN-000269,기능정비,엔진 부품,"등속조인트(뒤,우)",교환,"등속조인트(뒤,우) 교환"
CAN-000270,기능정비,엔진 부품,"등속조인트(뒤,우)",탈착,"등속조인트(뒤,우) 탈착"
CAN-000271,기능정비,엔진 부품,"등속조인트(뒤,좌)",교환,"등속조인트(뒤,좌) 교환"
CAN-000272,기능정비,엔진 부품,"등속조인트(뒤,좌)",탈착,"등속조인트(뒤,좌) 탈착"
CAN-000273,기능정비,엔진 부품,"등속조인트(앞,우)",교환,"등속조인트(앞,우) 교환"
CAN-000274,기능정비,엔진 부품,"등속조인트(앞,우)",탈착,"등속조인트(앞,우) 탈착"
CAN-000275,기능정비,엔진 부품,"등속조인트(앞,좌)",교환,"등속조인트(앞,좌) 교환"
CAN-000276,기능정비,엔진 부품,"등속조인트(앞,좌)",탈착,"등속조인트(앞,좌) 탈착"
CAN-000277,기능정비,엔진 부품,등속죠인트(우측),교환,등속죠인트(우측) 교환
CAN-000278,기능정비,엔진 부품,등속죠인트(우측),탈착,등속죠인트(우측) 탈착
CAN-000279,기능정비,엔진 부품,등속죠인트(좌측),교환,등속죠인트(좌측) 교환
CAN-000280,기능정비,엔진 부품,등속죠인트(좌측),탈착,등속죠인트(좌측) 탈착
CAN-000281,기능정비,엔진 부품,등화관제등(뒤우),교환,등화관제등(뒤우) 교환
CAN-000282,기능정비,엔진 부품,등화관제등(뒤우),탈착,등화관제등(뒤우) 탈착
CAN-000283,기능정비,엔진 부품,등화관제등(뒤좌),교환,등화관제등(뒤좌) 교환
CAN-000284,기능정비,엔진 부품,등화관제등(뒤좌),탈착,등화관제등(뒤좌) 탈착
CAN-000285,기능정비,엔진 부품,등화관제등(앞우),교환,등화관제등(앞우) 교환
CAN-000286,기능정비,엔진 부품,등화관제등(앞우),탈착,등화관제등(앞우) 탈착
CAN-000287,기능정비,엔진 부품,등화관제등(앞좌),교환,등화관제등(앞좌) 교환
CAN-000288,기능정비,엔진 부품,등화관제등(앞좌),탈착,등화관제등(앞좌) 탈착
CAN-000289,기능정비,에어컨,디스차지 호스 및 O-링(**),교환/정비,디스차지 호스 및 O-링(**) 교환/정비
CAN-000290,기능정비,엔진 부품,디스트리뷰터,교환,디스트리뷰터 교환
CAN-000291,기능정비,엔진 부품,디스트리뷰터,탈착,디스트리뷰터 탈착
CAN-000292,기능정비,엔진 부품,디퍼런셜 기어,교환,디퍼런셜 기어 교환
CAN-000293,기능정비,엔진 부품,디퍼런셜 기어,오버홀,디퍼런셜 기어 오버홀
CAN-000294,기능정비,엔진 부품,디퍼런셜 기어,탈착,디퍼런셜 기어 탈착
CAN-000295,기능정비,엔진 부품,디퍼런셜 기어(리어),교환,디퍼런셜 기어(리어) 교환
CAN-000296,기능정비,엔진 부품,디퍼런셜 기어(리어),탈착,디퍼런셜 기어(리어) 탈착
CAN-000297,기능정비,엔진 부품,"디퍼런셜 기어(프론트,AWD)",교환,"디퍼런셜 기어(프론트,AWD) 교환"
CAN-000298,기능정비,엔진 부품,"디퍼런셜 기어(프론트,AWD)",탈착,"디퍼런셜 기어(프론트,AWD) 탈착"
CAN-000299,기능정비,엔진 부품,디퍼렌셜 기어,교환,디퍼렌셜 기어 교환
CAN-000300,기능정비,엔진 부품,디퍼렌셜 기어,오버홀,디퍼렌셜 기어 오버홀
CAN-000301,기능정비,엔진 부품,디퍼렌셜 기어,탈착,디퍼렌셜 기어 탈착
CAN-000302,기능정비,엔진 부품,디피에프 컨버터,교환,디피에프 컨버터 교환
CAN-000303,기능정비,엔진 부품,디피에프 컨버터,탈착,디피에프 컨버터 탈착
CAN-000304,기능정비,엔진 부품,딜리버리 파이프#2,교환,딜리버리 파이프#2 교환
CAN-000305,기능정비,엔진 부품,딜리버리 파이프#2,탈착,딜리버리 파이프#2 탈착
CAN-000306,기능정비,엔진 부품,딜리버리 파이프,교환,딜리버리 파이프 교환
CAN-000307,기능정비,엔진 부품,딜리버리 파이프,탈착,딜리버리 파이프 탈착
CAN-000308,기능정비,엔진 부품,라디에이터 ASSY,교환,라디에이터 ASSY 교환
CAN-000309,기능정비,엔진 부품,라디에이터 ASSY,탈착,라디에이터 ASSY 탈착
CAN-000310,기능정비,엔진 부품,라디에이터(A/T),교환,라디에이터(A/T) 교환
CAN-000311,기능정비,엔진 부품,라디에이터(A/T),탈착,라디에이터(A/T) 탈착
CAN-000312,기능정비,엔진 부품,라디에이터(M/T),교환,라디에이터(M/T) 교환
CAN-000313,기능정비,엔진 부품,라디에이터(M/T),탈착,라디에이터(M/T) 탈착
CAN-000314,기능정비,엔진 부품,라디에이터,교환,라디에이터 교환
CAN-000315,기능정비,엔진 부품,라디에이터,탈착,라디에이터 탈착
CAN-000316,기능정비,엔진 부품,라디에이터 가드,교환,라디에이터 가드 교환
CAN-000317,기능정비,엔진 부품,라디에이터 가드,탈착,라디에이터 가드 탈착
CAN-000318,기능정비,엔진 부품,라디에이터그릴,교환,라디에이터그릴 교환
CAN-000319,기능정비,엔진 부품,라디에이터그릴,오버홀,라디에이터그릴 오버홀
CAN-000320,기능정비,엔진 부품,라디에이터그릴,탈착,라디에이터그릴 탈착
CAN-000321,기능정비,전기 및 램프,라디에이터그릴(램프형),교환,라디에이터그릴(램프형) 교환
CAN-000322,기능정비,전기 및 램프,라디에이터그릴(램프형),탈착,라디에이터그릴(램프형) 탈착
CAN-000323,기능정비,엔진 부품,라디에이터그릴 브라켓#1,교환,라디에이터그릴 브라켓#1 교환
CAN-000324,기능정비,엔진 부품,라디에이터그릴 브라켓#1,탈착,라디에이터그릴 브라켓#1 탈착
CAN-000325,기능정비,엔진 부품,라디에이터그릴 브라켓#2,교환,라디에이터그릴 브라켓#2 교환
CAN-000326,기능정비,엔진 부품,라디에이터그릴 브라켓#2,탈착,라디에이터그릴 브라켓#2 탈착
CAN-000327,기능정비,엔진 부품,라디에이터그릴 브라켓#3,교환,라디에이터그릴 브라켓#3 교환
CAN-000328,기능정비,엔진 부품,라디에이터그릴 브라켓#3,탈착,라디에이터그릴 브라켓#3 탈착
CAN-000329,기능정비,엔진 부품,라디에이터그릴(상부커버),탈착,라디에이터그릴(상부커버) 탈착
CAN-000330,기능정비,엔진 부품,라디에이터 그릴 어셈블리,교환/정비,라디에이터 그릴 어셈블리 교환/정비
CAN-000331,기능정비,엔진 부품,라디에이터 로워 브라켓(우측),교환,라디에이터 로워 브라켓(우측) 교환
CAN-000332,기능정비,엔진 부품,라디에이터 로워 브라켓(우측),탈착,라디에이터 로워 브라켓(우측) 탈착
CAN-000333,기능정비,엔진 부품,라디에이터 로워 브라켓(좌측),교환,라디에이터 로워 브라켓(좌측) 교환
CAN-000334,기능정비,엔진 부품,라디에이터 로워 브라켓(좌측),탈착,라디에이터 로워 브라켓(좌측) 탈착
CAN-000335,기능정비,엔진 부품,라디에이터 리저브탱크,교환,라디에이터 리저브탱크 교환
CAN-000336,기능정비,엔진 부품,라디에이터 리저브탱크,탈착,라디에이터 리저브탱크 탈착
CAN-000337,기능정비,엔진 부품,라디에이터 리져브탱크,교환,라디에이터 리져브탱크 교환
CAN-000338,기능정비,엔진 부품,라디에이터 리져브탱크,탈착,라디에이터 리져브탱크 탈착
CAN-000339,소모품 및 하체정비,하체 부품,라디에이터멤버,교환,라디에이터멤버 교환
CAN-000340,소모품 및 하체정비,하체 부품,라디에이터멤버,탈착,라디에이터멤버 탈착
CAN-000341,기능정비,에어컨,라디에이터 및 콘덴서,교환/정비,라디에이터 및 콘덴서 교환/정비
CAN-000342,기능정비,엔진 부품,라디에이터 상부 호스,교환/정비,라디에이터 상부 호스 교환/정비
CAN-000343,판금/도장정비,판금(탈부착),"라디에이터서포트패널어셈블리(범퍼,라디에이터,콘덴셔 미포함)",교환/정비,"라디에이터서포트패널어셈블리(범퍼,라디에이터,콘덴셔 미포함) 교환/정비"
CAN-000344,기능정비,엔진 부품,라디에이터 어셈블리,교환/정비,라디에이터 어셈블리 교환/정비
CAN-000345,기능정비,엔진 부품,라디에이터 에어 가이드,교환,라디에이터 에어 가이드 교환
CAN-000346,기능정비,엔진 부품,라디에이터 에어 가이드,탈착,라디에이터 에어 가이드 탈착
CAN-000347,소모품 및 하체정비,하체 부품,라디에이터크로스멤버,교환,라디에이터크로스멤버 교환
CAN-000348,소모품 및 하체정비,하체 부품,라디에이터크로스멤버,탈착,라디에이터크로스멤버 탈착
CAN-000349,기능정비,엔진 부품,라디에이터핀(수리킷#1),교환,라디에이터핀(수리킷#1) 교환
CAN-000350,기능정비,엔진 부품,라디에이터핀(수리킷#2),교환,라디에이터핀(수리킷#2) 교환
CAN-000351,기능정비,엔진 부품,라디에이터핀(수리킷#3),교환,라디에이터핀(수리킷#3) 교환
CAN-000352,기능정비,엔진 부품,라디에이터핀(수리킷#4),교환,라디에이터핀(수리킷#4) 교환
CAN-000353,기능정비,엔진 부품,라디에이터 하부 호스,교환/정비,라디에이터 하부 호스 교환/정비
CAN-000354,기능정비,엔진 부품,라디에이터 휀,교환,라디에이터 휀 교환
CAN-000355,기능정비,엔진 부품,라디에이터 휀,탈착,라디에이터 휀 탈착
CAN-000356,기능정비,엔진 부품,라디오 수신기,교환,라디오 수신기 교환
CAN-000357,기능정비,엔진 부품,라디오 수신기,탈착,라디오 수신기 탈착
CAN-000358,판금/도장정비,판금(탈부착),라디오안테나(루프부착식),교환,라디오안테나(루프부착식) 교환
CAN-000359,판금/도장정비,판금(탈부착),라디오안테나(루프부착식),탈착,라디오안테나(루프부착식) 탈착
CAN-000360,판금/도장정비,판금(탈부착),라디오 안테나(루프 부착형),교환,라디오 안테나(루프 부착형) 교환
CAN-000361,판금/도장정비,판금(탈부착),라디오 안테나(루프 부착형),탈착,라디오 안테나(루프 부착형) 탈착
CAN-000362,기능정비,엔진 부품,라디오안테나(수동),교환,라디오안테나(수동) 교환
CAN-000363,기능정비,엔진 부품,라디오안테나(수동),탈착,라디오안테나(수동) 탈착
CAN-000364,기능정비,엔진 부품,라디오안테나(자동),교환,라디오안테나(자동) 교환
CAN-000365,기능정비,엔진 부품,라디오안테나(자동),탈착,라디오안테나(자동) 탈착
CAN-000366,기능정비,엔진 부품,라디오 안테나(필러 부착형),교환,라디오 안테나(필러 부착형) 교환
CAN-000367,기능정비,엔진 부품,라디오 안테나(필러 부착형),탈착,라디오 안테나(필러 부착형) 탈착
CAN-000368,기능정비,엔진 부품,라디오 안테나(휀다 부착형),교환,라디오 안테나(휀다 부착형) 교환
CAN-000369,기능정비,엔진 부품,라디오 안테나(휀다 부착형),탈착,라디오 안테나(휀다 부착형) 탈착
CAN-000370,기능정비,전기 및 램프,라이트휀다(우측),교환,라이트휀다(우측) 교환
CAN-000371,기능정비,전기 및 램프,라이트휀다(우측),탈착,라이트휀다(우측) 탈착
CAN-000372,기능정비,전기 및 램프,라이트휀다(좌측),교환,라이트휀다(좌측) 교환
CAN-000373,기능정비,전기 및 램프,라이트휀다(좌측),탈착,라이트휀다(좌측) 탈착
CAN-000374,기능정비,전기 및 램프,레인센서,교환,레인센서 교환
CAN-000375,기능정비,전기 및 램프,레인센서,탈착,레인센서 탈착
CAN-000376,기능정비,엔진 부품,레죠네이터,교환,레죠네이터 교환
CAN-000377,기능정비,엔진 부품,레죠네이터,탈착,레죠네이터 탈착
CAN-000378,소모품 및 하체정비,하체 부품,레터럴 링크,교환,레터럴 링크 교환
CAN-000379,소모품 및 하체정비,하체 부품,레터럴 링크,탈착,레터럴 링크 탈착
CAN-000380,기능정비,엔진 부품,로드레스트,교환,로드레스트 교환
CAN-000381,기능정비,엔진 부품,로드레스트,탈착,로드레스트 탈착
CAN-000382,소모품 및 하체정비,하체 부품,로워 암 어셈블리 (LH),교환/정비,로워 암 어셈블리 (LH) 교환/정비
CAN-000383,소모품 및 하체정비,하체 부품,로워 암 어셈블리 (RH),교환/정비,로워 암 어셈블리 (RH) 교환/정비
CAN-000384,소모품 및 하체정비,하체 부품,로워 암 어셈블리 (양쪽),교환/정비,로워 암 어셈블리 (양쪽) 교환/정비
CAN-000385,소모품 및 하체정비,하체 부품,로워암(우측),교환,로워암(우측) 교환
CAN-000386,소모품 및 하체정비,하체 부품,로워암(우측),탈착,로워암(우측) 탈착
CAN-000387,소모품 및 하체정비,하체 부품,로워암(좌측),교환,로워암(좌측) 교환
CAN-000388,소모품 및 하체정비,하체 부품,로워암(좌측),탈착,로워암(좌측) 탈착
CAN-000389,소모품 및 하체정비,브레이크/타이어,로워크러시패드(로워커버),교환,로워크러시패드(로워커버) 교환
CAN-000390,소모품 및 하체정비,브레이크/타이어,로워크러시패드(로워커버),탈착,로워크러시패드(로워커버) 탈착
CAN-000391,기능정비,엔진 부품,롤바아ASSY,교환,롤바아ASSY 교환
CAN-000392,기능정비,엔진 부품,롤바아ASSY,탈착,롤바아ASSY 탈착
CAN-000393,판금/도장정비,판금(탈부착),루프랙(우측),교환,루프랙(우측) 교환
CAN-000394,판금/도장정비,판금(탈부착),루프랙(우측),탈착,루프랙(우측) 탈착
CAN-000395,판금/도장정비,판금(탈부착),루프랙(좌측),교환,루프랙(좌측) 교환
CAN-000396,판금/도장정비,판금(탈부착),루프랙(좌측),탈착,루프랙(좌측) 탈착
CAN-000397,판금/도장정비,판금(탈부착),루프 레인포스먼트 ASSY,교환,루프 레인포스먼트 ASSY 교환
CAN-000398,판금/도장정비,판금(탈부착),루프리어헤더패널,교환,루프리어헤더패널 교환
CAN-000399,판금/도장정비,판금(탈부착),루프리어헤더패널,탈착,루프리어헤더패널 탈착
CAN-000400,판금/도장정비,판금(탈부착),루프배선,교환,루프배선 교환
CAN-000401,판금/도장정비,판금(탈부착),루프배선,탈착,루프배선 탈착
CAN-000402,판금/도장정비,판금(탈부착),"루프 사이드 레일(내측,우)",교환,"루프 사이드 레일(내측,우) 교환"
CAN-000403,판금/도장정비,판금(탈부착),"루프 사이드 레일(내측,좌)",교환,"루프 사이드 레일(내측,좌) 교환"
CAN-000404,판금/도장정비,판금(탈부착),"루프 사이드 레일(외측,우)",교환,"루프 사이드 레일(외측,우) 교환"
CAN-000405,판금/도장정비,판금(탈부착),"루프 사이드 레일(외측,좌)",교환,"루프 사이드 레일(외측,좌) 교환"
CAN-000406,판금/도장정비,판금(탈부착),루프 사이드 레일(우측),교환,루프 사이드 레일(우측) 교환
CAN-000407,판금/도장정비,판금(탈부착),루프 사이드 레일(좌측),교환,루프 사이드 레일(좌측) 교환
CAN-000408,판금/도장정비,판금(탈부착),루프사이드 몰딩(우측),교환,루프사이드 몰딩(우측) 교환
CAN-000409,판금/도장정비,판금(탈부착),루프사이드 몰딩(우측),탈착,루프사이드 몰딩(우측) 탈착
CAN-000410,판금/도장정비,판금(탈부착),루프사이드 몰딩(좌측),교환,루프사이드 몰딩(좌측) 교환
CAN-000411,판금/도장정비,판금(탈부착),루프사이드 몰딩(좌측),탈착,루프사이드 몰딩(좌측) 탈착
CAN-000412,판금/도장정비,도장(색칠),루프 사이드 외측 패널(LH),도장,루프 사이드 외측 패널(LH) 도장
CAN-000413,판금/도장정비,판금(탈부착),루프 오픈어블 ASSY,교환,루프 오픈어블 ASSY 교환
CAN-000414,판금/도장정비,판금(탈부착),루프 오픈어블 ASSY,탈착,루프 오픈어블 ASSY 탈착
CAN-000415,판금/도장정비,판금(탈부착),루프철판 16장,교환,루프철판 16장 교환
CAN-000416,판금/도장정비,판금(탈부착),루프철판 1장,교환,루프철판 1장 교환
CAN-000417,판금/도장정비,판금(탈부착),루프철판 2장,교환,루프철판 2장 교환
CAN-000418,판금/도장정비,판금(탈부착),루프철판 4장,교환,루프철판 4장 교환
CAN-000419,판금/도장정비,판금(탈부착),루프철판 8장,교환,루프철판 8장 교환
CAN-000420,판금/도장정비,판금(탈부착),루프크로스레일#1,교환,루프크로스레일#1 교환
CAN-000421,판금/도장정비,판금(탈부착),루프크로스레일#1,탈착,루프크로스레일#1 탈착
CAN-000422,판금/도장정비,판금(탈부착),루프크로스레일#2,교환,루프크로스레일#2 교환
CAN-000423,판금/도장정비,판금(탈부착),루프크로스레일#3,교환,루프크로스레일#3 교환
CAN-000424,판금/도장정비,판금(탈부착),루프크로스레일#5,교환,루프크로스레일#5 교환
CAN-000425,판금/도장정비,판금(탈부착),루프 크로스 레일 NO.1,교환,루프 크로스 레일 NO.1 교환
CAN-000426,판금/도장정비,판금(탈부착),루프크로스레일NO.1,탈착,루프크로스레일NO.1 탈착
CAN-000427,판금/도장정비,판금(탈부착),루프 크로스 레일 NO.2,교환,루프 크로스 레일 NO.2 교환
CAN-000428,판금/도장정비,판금(탈부착),루프크로스레일NO.2,탈착,루프크로스레일NO.2 탈착
CAN-000429,판금/도장정비,판금(탈부착),루프 크로스 레일 NO.3,교환,루프 크로스 레일 NO.3 교환
CAN-000430,판금/도장정비,판금(탈부착),루프크로스레일NO.3,탈착,루프크로스레일NO.3 탈착
CAN-000431,판금/도장정비,판금(탈부착),루프크로스레일NO.4,교환,루프크로스레일NO.4 교환
CAN-000432,판금/도장정비,판금(탈부착),루프크로스레일NO.4,탈착,루프크로스레일NO.4 탈착
CAN-000433,판금/도장정비,판금(탈부착),루프 크로스 레일 NO.5,교환,루프 크로스 레일 NO.5 교환
CAN-000434,판금/도장정비,판금(탈부착),루프톱실링ASSY,교환,루프톱실링ASSY 교환
CAN-000435,판금/도장정비,판금(탈부착),루프톱실링ASSY,탈착,루프톱실링ASSY 탈착
CAN-000436,판금/도장정비,판금(탈부착),루프톱실링,교환,루프톱실링 교환
CAN-000437,판금/도장정비,판금(탈부착),루프톱실링,탈착,루프톱실링 탈착
CAN-000438,판금/도장정비,판금(탈부착),루프 톱실링(더블캡),교환,루프 톱실링(더블캡) 교환
CAN-000439,판금/도장정비,판금(탈부착),루프 톱실링(더블캡),탈착,루프 톱실링(더블캡) 탈착
CAN-000440,판금/도장정비,판금(탈부착),"루프 톱실링(리어,승합)",교환,"루프 톱실링(리어,승합) 교환"
CAN-000441,판금/도장정비,판금(탈부착),"루프 톱실링(리어,승합)",탈착,"루프 톱실링(리어,승합) 탈착"
CAN-000442,판금/도장정비,판금(탈부착),"루프 톱실링(센타,승합 VAN)",교환,"루프 톱실링(센타,승합 VAN) 교환"
CAN-000443,판금/도장정비,판금(탈부착),"루프 톱실링(센타,승합 VAN)",탈착,"루프 톱실링(센타,승합 VAN) 탈착"
CAN-000444,판금/도장정비,판금(탈부착),"루프 톱실링(프론트,승합)",교환,"루프 톱실링(프론트,승합) 교환"
CAN-000445,판금/도장정비,판금(탈부착),"루프 톱실링(프론트,승합)",탈착,"루프 톱실링(프론트,승합) 탈착"
CAN-000446,판금/도장정비,판금(탈부착),루프 톱실링(화물),교환,루프 톱실링(화물) 교환
CAN-000447,판금/도장정비,판금(탈부착),루프 톱실링(화물),탈착,루프 톱실링(화물) 탈착
CAN-000448,판금/도장정비,판금(탈부착),루프 톱 씰링,교환,루프 톱 씰링 교환
CAN-000449,판금/도장정비,판금(탈부착),루프 톱 씰링,탈착,루프 톱 씰링 탈착
CAN-000450,판금/도장정비,판금(탈부착),루프 톱 씰링(뒤),교환,루프 톱 씰링(뒤) 교환
CAN-000451,판금/도장정비,판금(탈부착),루프 톱 씰링(뒤),탈착,루프 톱 씰링(뒤) 탈착
CAN-000452,판금/도장정비,판금(탈부착),루프 톱 씰링(소프트탑),교환,루프 톱 씰링(소프트탑) 교환
CAN-000453,판금/도장정비,판금(탈부착),루프 톱 씰링(소프트탑),탈착,루프 톱 씰링(소프트탑) 탈착
CAN-000454,판금/도장정비,판금(탈부착),루프 톱 씰링(앞),교환,루프 톱 씰링(앞) 교환
CAN-000455,판금/도장정비,판금(탈부착),루프 톱 씰링(앞),탈착,루프 톱 씰링(앞) 탈착
CAN-000456,판금/도장정비,판금(탈부착),루프 패널 ASSY,교환,루프 패널 ASSY 교환
CAN-000457,판금/도장정비,판금(탈부착),루프 패널 ASSY(레일포함),교환,루프 패널 ASSY(레일포함) 교환
CAN-000458,판금/도장정비,판금(탈부착),루프패널,교환,루프패널 교환
CAN-000459,판금/도장정비,도장(색칠),루프 패널,도장,루프 패널 도장
CAN-000460,판금/도장정비,판금(탈부착),루프패널(더블캡),교환,루프패널(더블캡) 교환
CAN-000461,판금/도장정비,판금(탈부착),루프패널(뒤),교환,루프패널(뒤) 교환
CAN-000462,판금/도장정비,판금(탈부착),루프패널(뒤),탈착,루프패널(뒤) 탈착
CAN-000463,판금/도장정비,판금(탈부착),"루프패널(뒤,초장축승합)",교환,"루프패널(뒤,초장축승합) 교환"
CAN-000464,판금/도장정비,판금(탈부착),루프패널(선루프),교환,루프패널(선루프) 교환
CAN-000465,판금/도장정비,판금(탈부착),루프패널(소프트탑),교환,루프패널(소프트탑) 교환
CAN-000466,판금/도장정비,판금(탈부착),루프패널(앞),교환,루프패널(앞) 교환
CAN-000467,판금/도장정비,판금(탈부착),루프패널(앞),탈착,루프패널(앞) 탈착
CAN-000468,판금/도장정비,판금(탈부착),"루프패널(앞,초장축승합)",교환,"루프패널(앞,초장축승합) 교환"
CAN-000469,판금/도장정비,판금(탈부착),루프패널(일체식),교환,루프패널(일체식) 교환
CAN-000470,판금/도장정비,판금(탈부착),루프 패널(탈부착 미포함),교환/정비,루프 패널(탈부착 미포함) 교환/정비
CAN-000471,판금/도장정비,판금(탈부착),루프프론트헤더패널,교환,루프프론트헤더패널 교환
CAN-000472,판금/도장정비,판금(탈부착),루프프론트헤더패널,탈착,루프프론트헤더패널 탈착
CAN-000473,판금/도장정비,판금(탈부착),루프 헤더 패널,교환,루프 헤더 패널 교환
CAN-000474,기능정비,전기 및 램프,룸램프 - 16개,교환,룸램프 - 16개 교환
CAN-000475,기능정비,전기 및 램프,룸램프 - 16개,탈착,룸램프 - 16개 탈착
CAN-000476,기능정비,전기 및 램프,룸램프 - 1개,교환,룸램프 - 1개 교환
CAN-000477,기능정비,전기 및 램프,룸램프 - 1개,탈착,룸램프 - 1개 탈착
CAN-000478,기능정비,전기 및 램프,룸램프 - 2개,교환,룸램프 - 2개 교환
CAN-000479,기능정비,전기 및 램프,룸램프 - 2개,탈착,룸램프 - 2개 탈착
CAN-000480,기능정비,전기 및 램프,룸램프 - 32개,교환,룸램프 - 32개 교환
CAN-000481,기능정비,전기 및 램프,룸램프 - 32개,탈착,룸램프 - 32개 탈착
CAN-000482,기능정비,전기 및 램프,룸램프 - 4개,교환,룸램프 - 4개 교환
CAN-000483,기능정비,전기 및 램프,룸램프 - 4개,탈착,룸램프 - 4개 탈착
CAN-000484,기능정비,전기 및 램프,룸램프 - 8개,교환,룸램프 - 8개 교환
CAN-000485,기능정비,전기 및 램프,룸램프 - 8개,탈착,룸램프 - 8개 탈착
CAN-000486,기능정비,엔진 부품,리시버 드라이탱크,교환,리시버 드라이탱크 교환
CAN-000487,기능정비,엔진 부품,리시버 드라이탱크,탈착,리시버 드라이탱크 탈착
CAN-000488,기능정비,엔진 부품,"리어 가드(안전대,용접식)",교환,"리어 가드(안전대,용접식) 교환"
CAN-000489,기능정비,엔진 부품,"리어 가드(안전대,용접식)",탈착,"리어 가드(안전대,용접식) 탈착"
CAN-000490,기능정비,엔진 부품,"리어 가드(안전대,조립식)",교환,"리어 가드(안전대,조립식) 교환"
CAN-000491,기능정비,엔진 부품,"리어 가드(안전대,조립식)",탈착,"리어 가드(안전대,조립식) 탈착"
CAN-000492,판금/도장정비,판금(탈부착),리어 도어 가니쉬(우측),탈착,리어 도어 가니쉬(우측) 탈착
CAN-000493,판금/도장정비,판금(탈부착),리어 도어 가니쉬(좌측),탈착,리어 도어 가니쉬(좌측) 탈착
CAN-000494,판금/도장정비,판금(탈부착),리어 도어 몰딩(우측),교환,리어 도어 몰딩(우측) 교환
CAN-000495,판금/도장정비,판금(탈부착),리어 도어 몰딩(우측),탈착,리어 도어 몰딩(우측) 탈착
CAN-000496,판금/도장정비,판금(탈부착),리어 도어 몰딩(좌측),교환,리어 도어 몰딩(좌측) 교환
CAN-000497,판금/도장정비,판금(탈부착),리어 도어 몰딩(좌측),탈착,리어 도어 몰딩(좌측) 탈착
CAN-000498,소모품 및 하체정비,하체 부품,리어 도어 아웃사이드 핸들 어셈블리,교환/정비,리어 도어 아웃사이드 핸들 어셈블리 교환/정비
CAN-000499,판금/도장정비,판금(탈부착),"리어 도어(우,전동)",교환,"리어 도어(우,전동) 교환"
CAN-000500,판금/도장정비,판금(탈부착),"리어 도어(우,전동)",오버홀,"리어 도어(우,전동) 오버홀"
CAN-000501,판금/도장정비,판금(탈부착),"리어 도어(우,전동)",탈착,"리어 도어(우,전동) 탈착"
CAN-000502,판금/도장정비,판금(탈부착),리어도어(우측),교환,리어도어(우측) 교환
CAN-000503,판금/도장정비,판금(탈부착),리어도어(우측),오버홀,리어도어(우측) 오버홀
CAN-000504,판금/도장정비,판금(탈부착),리어도어(우측),탈착,리어도어(우측) 탈착
CAN-000505,판금/도장정비,판금(탈부착),"리어 도어(우,파워)",교환,"리어 도어(우,파워) 교환"
CAN-000506,판금/도장정비,판금(탈부착),"리어 도어(우,파워)",오버홀,"리어 도어(우,파워) 오버홀"
CAN-000507,판금/도장정비,판금(탈부착),"리어 도어(우,파워)",탈착,"리어 도어(우,파워) 탈착"
CAN-000508,판금/도장정비,판금(탈부착),"리어 도어(좌,전동)",교환,"리어 도어(좌,전동) 교환"
CAN-000509,판금/도장정비,판금(탈부착),"리어 도어(좌,전동)",오버홀,"리어 도어(좌,전동) 오버홀"
CAN-000510,판금/도장정비,판금(탈부착),"리어 도어(좌,전동)",탈착,"리어 도어(좌,전동) 탈착"
CAN-000511,판금/도장정비,판금(탈부착),리어도어(좌측),교환,리어도어(좌측) 교환
CAN-000512,판금/도장정비,판금(탈부착),리어도어(좌측),오버홀,리어도어(좌측) 오버홀
CAN-000513,판금/도장정비,판금(탈부착),리어도어(좌측),탈착,리어도어(좌측) 탈착
CAN-000514,판금/도장정비,판금(탈부착),"리어 도어(좌,파워)",교환,"리어 도어(좌,파워) 교환"
CAN-000515,판금/도장정비,판금(탈부착),"리어 도어(좌,파워)",오버홀,"리어 도어(좌,파워) 오버홀"
CAN-000516,판금/도장정비,판금(탈부착),"리어 도어(좌,파워)",탈착,"리어 도어(좌,파워) 탈착"
CAN-000517,판금/도장정비,판금(탈부착),리어도어판넬어셈블리(LH),교환/정비,리어도어판넬어셈블리(LH) 교환/정비
CAN-000518,판금/도장정비,판금(탈부착),리어도어판넬어셈블리(RH),교환/정비,리어도어판넬어셈블리(RH) 교환/정비
CAN-000519,판금/도장정비,도장(색칠),리어도어패널(LH),도장,리어도어패널(LH) 도장
CAN-000520,판금/도장정비,도장(색칠),리어도어패널(RH),도장,리어도어패널(RH) 도장
CAN-000521,판금/도장정비,판금(탈부착),리어도어 힌지(우측),교환,리어도어 힌지(우측) 교환
CAN-000522,판금/도장정비,판금(탈부착),리어도어 힌지(우측),탈착,리어도어 힌지(우측) 탈착
CAN-000523,판금/도장정비,판금(탈부착),리어도어 힌지(좌측),교환,리어도어 힌지(좌측) 교환
CAN-000524,판금/도장정비,판금(탈부착),리어도어 힌지(좌측),탈착,리어도어 힌지(좌측) 탈착
CAN-000525,소모품 및 하체정비,브레이크/타이어,리어 디스크브레이크패드 어셈블리 (양쪽),교환/정비,리어 디스크브레이크패드 어셈블리 (양쪽) 교환/정비
CAN-000526,기능정비,엔진 부품,리어디퍼렌셜기어,교환,리어디퍼렌셜기어 교환
CAN-000527,기능정비,엔진 부품,리어디퍼렌셜기어,오버홀,리어디퍼렌셜기어 오버홀
CAN-000528,기능정비,엔진 부품,리어디퍼렌셜기어,탈착,리어디퍼렌셜기어 탈착
CAN-000529,기능정비,엔진 부품,리어 머플러 어셈블리(LH),교환/정비,리어 머플러 어셈블리(LH) 교환/정비
CAN-000530,판금/도장정비,판금(탈부착),리어범퍼 ASSY,교환,리어범퍼 ASSY 교환
CAN-000531,판금/도장정비,판금(탈부착),리어범퍼 ASSY,탈착,리어범퍼 ASSY 탈착
CAN-000532,판금/도장정비,판금(탈부착),리어 범퍼(ASSY공급시),교환,리어 범퍼(ASSY공급시) 교환
CAN-000533,판금/도장정비,판금(탈부착),리어 범퍼(ASSY공급시),탈착,리어 범퍼(ASSY공급시) 탈착
CAN-000534,판금/도장정비,판금(탈부착),리어범퍼,교환,리어범퍼 교환
CAN-000535,판금/도장정비,판금(탈부착),리어 범퍼,오버홀,리어 범퍼 오버홀
CAN-000536,판금/도장정비,판금(탈부착),리어범퍼,탈착,리어범퍼 탈착
CAN-000537,판금/도장정비,판금(탈부착),리어 범퍼 레일,교환,리어 범퍼 레일 교환
CAN-000538,판금/도장정비,판금(탈부착),리어범퍼 레일,탈착,리어범퍼 레일 탈착
CAN-000539,판금/도장정비,판금(탈부착),리어범퍼 레일스테이(우측),교환,리어범퍼 레일스테이(우측) 교환
CAN-000540,판금/도장정비,판금(탈부착),리어범퍼 레일스테이(우측),탈착,리어범퍼 레일스테이(우측) 탈착
CAN-000541,판금/도장정비,판금(탈부착),리어범퍼 레일스테이(좌측),교환,리어범퍼 레일스테이(좌측) 교환
CAN-000542,판금/도장정비,판금(탈부착),리어범퍼 레일스테이(좌측),탈착,리어범퍼 레일스테이(좌측) 탈착
CAN-000543,판금/도장정비,판금(탈부착),리어 범퍼립,교환,리어 범퍼립 교환
CAN-000544,판금/도장정비,판금(탈부착),리어 범퍼립,탈착,리어 범퍼립 탈착
CAN-000545,판금/도장정비,판금(탈부착),리어범퍼 사이드브라켓(우측),교환,리어범퍼 사이드브라켓(우측) 교환
CAN-000546,판금/도장정비,판금(탈부착),리어범퍼 사이드브라켓(우측),탈착,리어범퍼 사이드브라켓(우측) 탈착
CAN-000547,판금/도장정비,판금(탈부착),리어범퍼 사이드브라켓(좌측),교환,리어범퍼 사이드브라켓(좌측) 교환
CAN-000548,판금/도장정비,판금(탈부착),리어범퍼 사이드브라켓(좌측),탈착,리어범퍼 사이드브라켓(좌측) 탈착
CAN-000549,판금/도장정비,판금(탈부착),리어 범퍼 어셈블리(),오버홀,리어 범퍼 어셈블리() 오버홀
CAN-000550,판금/도장정비,판금(탈부착),리어범퍼 언더커버,교환,리어범퍼 언더커버 교환
CAN-000551,판금/도장정비,판금(탈부착),리어범퍼 언더커버,탈착,리어범퍼 언더커버 탈착
CAN-000552,판금/도장정비,판금(탈부착),리어 범퍼(용접식),교환,리어 범퍼(용접식) 교환
CAN-000553,판금/도장정비,판금(탈부착),리어 범퍼(용접식),탈착,리어 범퍼(용접식) 탈착
CAN-000554,판금/도장정비,판금(탈부착),리어 범퍼 커버,교환,리어 범퍼 커버 교환
CAN-000555,판금/도장정비,판금(탈부착),리어범퍼 커버,오버홀,리어범퍼 커버 오버홀
CAN-000556,판금/도장정비,판금(탈부착),리어 범퍼 커버,탈착,리어 범퍼 커버 탈착
CAN-000557,판금/도장정비,도장(색칠),리어범퍼  (탈거된 상태),도장,리어범퍼  (탈거된 상태) 도장
CAN-000558,판금/도장정비,판금(탈부착),리어 보디패널 ASSY,교환,리어 보디패널 ASSY 교환
CAN-000559,판금/도장정비,판금(탈부착),리어보조범퍼,교환,리어보조범퍼 교환
CAN-000560,판금/도장정비,판금(탈부착),리어보조범퍼,탈착,리어보조범퍼 탈착
CAN-000561,소모품 및 하체정비,하체 부품,리어 사이드멤버 ASSY(우측),교환,리어 사이드멤버 ASSY(우측) 교환
CAN-000562,소모품 및 하체정비,하체 부품,리어 사이드멤버 ASSY(좌측),교환,리어 사이드멤버 ASSY(좌측) 교환
CAN-000563,소모품 및 하체정비,하체 부품,리어 사이드멤버(선단부)(우측),교환,리어 사이드멤버(선단부)(우측) 교환
CAN-000564,소모품 및 하체정비,하체 부품,리어 사이드멤버(선단부)(좌측),교환,리어 사이드멤버(선단부)(좌측) 교환
CAN-000565,소모품 및 하체정비,하체 부품,"리어사이드멤버(선단,우)",교환,"리어사이드멤버(선단,우) 교환"
CAN-000566,소모품 및 하체정비,하체 부품,"리어사이드멤버(선단,좌)",교환,"리어사이드멤버(선단,좌) 교환"
CAN-000567,소모품 및 하체정비,하체 부품,"리어 사이드 멤버(앞부분,우)",교환,"리어 사이드 멤버(앞부분,우) 교환"
CAN-000568,소모품 및 하체정비,하체 부품,"리어 사이드 멤버(앞부분,좌)",교환,"리어 사이드 멤버(앞부분,좌) 교환"
CAN-000569,소모품 및 하체정비,하체 부품,리어사이드멤버(우측),교환,리어사이드멤버(우측) 교환
CAN-000570,소모품 및 하체정비,하체 부품,리어사이드멤버(좌측),교환,리어사이드멤버(좌측) 교환
CAN-000571,판금/도장정비,판금(탈부착),리어 사이드범퍼(우측),교환,리어 사이드범퍼(우측) 교환
CAN-000572,판금/도장정비,판금(탈부착),리어 사이드범퍼(우측),탈착,리어 사이드범퍼(우측) 탈착
CAN-000573,판금/도장정비,판금(탈부착),리어 사이드범퍼(좌측),교환,리어 사이드범퍼(좌측) 교환
CAN-000574,판금/도장정비,판금(탈부착),리어 사이드범퍼(좌측),탈착,리어 사이드범퍼(좌측) 탈착
CAN-000575,판금/도장정비,판금(탈부착),리어사이드스텝패널(우측),교환,리어사이드스텝패널(우측) 교환
CAN-000576,판금/도장정비,판금(탈부착),리어 사이드 파셜 셀프 패널(우측),교환,리어 사이드 파셜 셀프 패널(우측) 교환
CAN-000577,판금/도장정비,판금(탈부착),리어 사이드 파셜 셀프 패널(좌측),교환,리어 사이드 파셜 셀프 패널(좌측) 교환
CAN-000578,기능정비,엔진 부품,리어 사이드 프레임(우측),교환,리어 사이드 프레임(우측) 교환
CAN-000579,기능정비,엔진 부품,리어 사이드 프레임(좌측),교환,리어 사이드 프레임(좌측) 교환
CAN-000580,기능정비,엔진 부품,리어 사이드 플로워(우측),교환,리어 사이드 플로워(우측) 교환
CAN-000581,기능정비,엔진 부품,리어 사이드 플로워(좌측),교환,리어 사이드 플로워(좌측) 교환
CAN-000582,기능정비,엔진 부품,리어서스팬션(우측),교환,리어서스팬션(우측) 교환
CAN-000583,기능정비,엔진 부품,리어서스팬션(우측),오버홀,리어서스팬션(우측) 오버홀
CAN-000584,기능정비,엔진 부품,리어서스팬션(우측),탈착,리어서스팬션(우측) 탈착
CAN-000585,기능정비,엔진 부품,리어서스팬션(일체식),교환,리어서스팬션(일체식) 교환
CAN-000586,기능정비,엔진 부품,리어서스팬션(일체식),오버홀,리어서스팬션(일체식) 오버홀
CAN-000587,기능정비,엔진 부품,리어서스팬션(일체식),탈착,리어서스팬션(일체식) 탈착
CAN-000588,기능정비,엔진 부품,리어서스팬션(좌측),교환,리어서스팬션(좌측) 교환
CAN-000589,기능정비,엔진 부품,리어서스팬션(좌측),오버홀,리어서스팬션(좌측) 오버홀
CAN-000590,기능정비,엔진 부품,리어서스팬션(좌측),탈착,리어서스팬션(좌측) 탈착
CAN-000591,소모품 및 하체정비,하체 부품,"리어 서스펜션ASSY(우,4WD)",교환,"리어 서스펜션ASSY(우,4WD) 교환"
CAN-000592,소모품 및 하체정비,하체 부품,"리어 서스펜션ASSY(우,4WD)",오버홀,"리어 서스펜션ASSY(우,4WD) 오버홀"
CAN-000593,소모품 및 하체정비,하체 부품,"리어 서스펜션ASSY(우,4WD)",탈착,"리어 서스펜션ASSY(우,4WD) 탈착"
CAN-000594,소모품 및 하체정비,하체 부품,"리어 서스펜션ASSY(우,FR형)",교환,"리어 서스펜션ASSY(우,FR형) 교환"
CAN-000595,소모품 및 하체정비,하체 부품,"리어 서스펜션ASSY(우,FR형)",오버홀,"리어 서스펜션ASSY(우,FR형) 오버홀"
CAN-000596,소모품 및 하체정비,하체 부품,"리어 서스펜션ASSY(우,FR형)",탈착,"리어 서스펜션ASSY(우,FR형) 탈착"
CAN-000597,소모품 및 하체정비,하체 부품,리어 서스펜션ASSY(우측),교환,리어 서스펜션ASSY(우측) 교환
CAN-000598,소모품 및 하체정비,하체 부품,리어 서스펜션ASSY(우측),오버홀,리어 서스펜션ASSY(우측) 오버홀
CAN-000599,소모품 및 하체정비,하체 부품,리어 서스펜션ASSY(우측),탈착,리어 서스펜션ASSY(우측) 탈착
CAN-000600,소모품 및 하체정비,하체 부품,"리어 서스펜션ASSY(좌,4WD)",교환,"리어 서스펜션ASSY(좌,4WD) 교환"
CAN-000601,소모품 및 하체정비,하체 부품,"리어 서스펜션ASSY(좌,4WD)",오버홀,"리어 서스펜션ASSY(좌,4WD) 오버홀"
CAN-000602,소모품 및 하체정비,하체 부품,"리어 서스펜션ASSY(좌,4WD)",탈착,"리어 서스펜션ASSY(좌,4WD) 탈착"
CAN-000603,소모품 및 하체정비,하체 부품,"리어 서스펜션ASSY(좌,FR형)",교환,"리어 서스펜션ASSY(좌,FR형) 교환"
CAN-000604,소모품 및 하체정비,하체 부품,"리어 서스펜션ASSY(좌,FR형)",오버홀,"리어 서스펜션ASSY(좌,FR형) 오버홀"
CAN-000605,소모품 및 하체정비,하체 부품,"리어 서스펜션ASSY(좌,FR형)",탈착,"리어 서스펜션ASSY(좌,FR형) 탈착"
CAN-000606,소모품 및 하체정비,하체 부품,리어 서스펜션ASSY(좌측),교환,리어 서스펜션ASSY(좌측) 교환
CAN-000607,소모품 및 하체정비,하체 부품,리어 서스펜션ASSY(좌측),오버홀,리어 서스펜션ASSY(좌측) 오버홀
CAN-000608,소모품 및 하체정비,하체 부품,리어 서스펜션ASSY(좌측),탈착,리어 서스펜션ASSY(좌측) 탈착
CAN-000609,소모품 및 하체정비,하체 부품,리어서스펜션크로스멤버(4WD),교환,리어서스펜션크로스멤버(4WD) 교환
CAN-000610,소모품 및 하체정비,하체 부품,리어서스펜션크로스멤버(4WD),탈착,리어서스펜션크로스멤버(4WD) 탈착
CAN-000611,소모품 및 하체정비,하체 부품,리어 서스펜션 크로스멤버,교환,리어 서스펜션 크로스멤버 교환
CAN-000612,소모품 및 하체정비,하체 부품,리어서스펜션 크로스멤버,오버홀,리어서스펜션 크로스멤버 오버홀
CAN-000613,소모품 및 하체정비,하체 부품,리어 서스펜션 크로스멤버,탈착,리어 서스펜션 크로스멤버 탈착
CAN-000614,기능정비,조향 및 현가,리어쇼크업소버어셈블리(LH),교환/정비,리어쇼크업소버어셈블리(LH) 교환/정비
CAN-000615,기능정비,조향 및 현가,리어쇼크업소버어셈블리(RH),교환/정비,리어쇼크업소버어셈블리(RH) 교환/정비
CAN-000616,기능정비,엔진 부품,"리어 스피커(좌,우퍼)",교환,"리어 스피커(좌,우퍼) 교환"
CAN-000617,기능정비,엔진 부품,"리어 스피커(좌,우퍼)",탈착,"리어 스피커(좌,우퍼) 탈착"
CAN-000618,기능정비,엔진 부품,리어시트(2열),교환,리어시트(2열) 교환
CAN-000619,기능정비,엔진 부품,리어시트(2열),탈착,리어시트(2열) 탈착
CAN-000620,기능정비,엔진 부품,"리어시트(2열,보조시트,좌)",교환,"리어시트(2열,보조시트,좌) 교환"
CAN-000621,기능정비,엔진 부품,"리어시트(2열,보조시트,좌)",탈착,"리어시트(2열,보조시트,좌) 탈착"
CAN-000622,기능정비,엔진 부품,"리어시트2열(우,분리형)",교환,"리어시트2열(우,분리형) 교환"
CAN-000623,기능정비,엔진 부품,"리어시트2열(우,분리형)",탈착,"리어시트2열(우,분리형) 탈착"
CAN-000624,기능정비,엔진 부품,"리어시트2열(좌,분리형)",교환,"리어시트2열(좌,분리형) 교환"
CAN-000625,기능정비,엔진 부품,"리어시트2열(좌,분리형)",탈착,"리어시트2열(좌,분리형) 탈착"
CAN-000626,기능정비,엔진 부품,리어시트(3열),교환,리어시트(3열) 교환
CAN-000627,기능정비,엔진 부품,리어시트(3열),탈착,리어시트(3열) 탈착
CAN-000628,기능정비,엔진 부품,"리어시트(3열,보조시트,좌)",교환,"리어시트(3열,보조시트,좌) 교환"
CAN-000629,기능정비,엔진 부품,"리어시트(3열,보조시트,좌)",탈착,"리어시트(3열,보조시트,좌) 탈착"
CAN-000630,기능정비,엔진 부품,"리어시트(3열,우)",교환,"리어시트(3열,우) 교환"
CAN-000631,기능정비,엔진 부품,"리어시트(3열,우)",탈착,"리어시트(3열,우) 탈착"
CAN-000632,기능정비,엔진 부품,리어시트3열(일체형),교환,리어시트3열(일체형) 교환
CAN-000633,기능정비,엔진 부품,리어시트3열(일체형),탈착,리어시트3열(일체형) 탈착
CAN-000634,기능정비,엔진 부품,"리어시트(3열,좌)",교환,"리어시트(3열,좌) 교환"
CAN-000635,기능정비,엔진 부품,"리어시트(3열,좌)",탈착,"리어시트(3열,좌) 탈착"
CAN-000636,기능정비,엔진 부품,리어시트(4열),교환,리어시트(4열) 교환
CAN-000637,기능정비,엔진 부품,리어시트(4열),탈착,리어시트(4열) 탈착
CAN-000638,기능정비,엔진 부품,리어시트(5열),교환,리어시트(5열) 교환
CAN-000639,기능정비,엔진 부품,리어시트(5열),탈착,리어시트(5열) 탈착
CAN-000640,기능정비,엔진 부품,리어 시트,교환,리어 시트 교환
CAN-000641,기능정비,엔진 부품,리어 시트,탈착,리어 시트 탈착
CAN-000642,판금/도장정비,판금(탈부착),리어 시트 백 서포트 패널,교환,리어 시트 백 서포트 패널 교환
CAN-000643,판금/도장정비,판금(탈부착),리어 시트 백 서포트 패널,탈착,리어 시트 백 서포트 패널 탈착
CAN-000644,기능정비,엔진 부품,리어시트 분리형 #1,교환,리어시트 분리형 #1 교환
CAN-000645,기능정비,엔진 부품,리어시트 분리형 #1,탈착,리어시트 분리형 #1 탈착
CAN-000646,기능정비,엔진 부품,리어시트 분리형 #2,교환,리어시트 분리형 #2 교환
CAN-000647,기능정비,엔진 부품,리어시트 분리형 #2,탈착,리어시트 분리형 #2 탈착
CAN-000648,기능정비,엔진 부품,리어시트 분리형 #3,교환,리어시트 분리형 #3 교환
CAN-000649,기능정비,엔진 부품,리어시트 분리형 #3,탈착,리어시트 분리형 #3 탈착
CAN-000650,기능정비,엔진 부품,리어시트 분리형 #4,교환,리어시트 분리형 #4 교환
CAN-000651,기능정비,엔진 부품,리어시트 분리형 #4,탈착,리어시트 분리형 #4 탈착
CAN-000652,기능정비,엔진 부품,리어시트 분리형 #5,교환,리어시트 분리형 #5 교환
CAN-000653,기능정비,엔진 부품,리어시트 분리형 #5,탈착,리어시트 분리형 #5 탈착
CAN-000654,기능정비,엔진 부품,리어시트 분리형 #6,교환,리어시트 분리형 #6 교환
CAN-000655,기능정비,엔진 부품,리어시트 분리형 #6,탈착,리어시트 분리형 #6 탈착
CAN-000656,기능정비,엔진 부품,리어시트 분리형 #7,교환,리어시트 분리형 #7 교환
CAN-000657,기능정비,엔진 부품,리어시트 분리형 #7,탈착,리어시트 분리형 #7 탈착
CAN-000658,기능정비,엔진 부품,"리어시트(분리형,3열,우)",교환,"리어시트(분리형,3열,우) 교환"
CAN-000659,기능정비,엔진 부품,"리어시트(분리형,3열,우)",탈착,"리어시트(분리형,3열,우) 탈착"
CAN-000660,기능정비,엔진 부품,"리어시트(분리형,3열,좌)",교환,"리어시트(분리형,3열,좌) 교환"
CAN-000661,기능정비,엔진 부품,"리어시트(분리형,3열,좌)",탈착,"리어시트(분리형,3열,좌) 탈착"
CAN-000662,기능정비,전기 및 램프,리어 시트(사이드에어백),교환,리어 시트(사이드에어백) 교환
CAN-000663,기능정비,전기 및 램프,리어 시트(사이드에어백),탈착,리어 시트(사이드에어백) 탈착
CAN-000664,기능정비,엔진 부품,리어시트(우측),교환,리어시트(우측) 교환
CAN-000665,기능정비,엔진 부품,리어시트(우측),탈착,리어시트(우측) 탈착
CAN-000666,기능정비,엔진 부품,리어시트(전동),교환,리어시트(전동) 교환
CAN-000667,기능정비,엔진 부품,리어시트(전동),탈착,리어시트(전동) 탈착
CAN-000668,기능정비,엔진 부품,리어시트(좌측),교환,리어시트(좌측) 교환
CAN-000669,기능정비,엔진 부품,리어시트(좌측),탈착,리어시트(좌측) 탈착
CAN-000670,소모품 및 하체정비,하체 부품,리어시트 크로스멤버,교환,리어시트 크로스멤버 교환
CAN-000671,소모품 및 하체정비,하체 부품,리어시트 크로스멤버,탈착,리어시트 크로스멤버 탈착
CAN-000672,소모품 및 하체정비,하체 부품,리어시트 크로스멤버 커버,교환,리어시트 크로스멤버 커버 교환
CAN-000673,소모품 및 하체정비,하체 부품,리어시트 크로스멤버 커버,탈착,리어시트 크로스멤버 커버 탈착
CAN-000674,기능정비,엔진 부품,리어시트 파워프레임,교환,리어시트 파워프레임 교환
CAN-000675,기능정비,엔진 부품,리어시트 파워프레임,탈착,리어시트 파워프레임 탈착
CAN-000676,소모품 및 하체정비,하체 부품,리어 액슬 ASSY(5링크),교환,리어 액슬 ASSY(5링크) 교환
CAN-000677,소모품 및 하체정비,하체 부품,리어 액슬 ASSY(5링크),오버홀,리어 액슬 ASSY(5링크) 오버홀
CAN-000678,소모품 및 하체정비,하체 부품,리어 액슬 ASSY(5링크),탈착,리어 액슬 ASSY(5링크) 탈착
CAN-000679,기능정비,엔진 부품,리어 액슬 ASSY,교환,리어 액슬 ASSY 교환
CAN-000680,기능정비,엔진 부품,리어 액슬 ASSY,오버홀,리어 액슬 ASSY 오버홀
CAN-000681,기능정비,엔진 부품,리어액슬 ASSY,탈착,리어액슬 ASSY 탈착
CAN-000682,소모품 및 하체정비,하체 부품,리어액슬ASSY(링크타입),교환,리어액슬ASSY(링크타입) 교환
CAN-000683,소모품 및 하체정비,하체 부품,리어액슬ASSY(링크타입),오버홀,리어액슬ASSY(링크타입) 오버홀
CAN-000684,소모품 및 하체정비,하체 부품,리어액슬ASSY(링크타입),탈착,리어액슬ASSY(링크타입) 탈착
CAN-000685,기능정비,엔진 부품,리어액슬ASSY(판스프링타입),교환,리어액슬ASSY(판스프링타입) 교환
CAN-000686,기능정비,엔진 부품,리어액슬ASSY(판스프링타입),오버홀,리어액슬ASSY(판스프링타입) 오버홀
CAN-000687,기능정비,엔진 부품,리어액슬ASSY(판스프링타입),탈착,리어액슬ASSY(판스프링타입) 탈착
CAN-000688,기능정비,엔진 부품,리어액슬ASSY(후륜구동),교환,리어액슬ASSY(후륜구동) 교환
CAN-000689,기능정비,엔진 부품,리어액슬ASSY(후륜구동),오버홀,리어액슬ASSY(후륜구동) 오버홀
CAN-000690,기능정비,엔진 부품,리어액슬ASSY(후륜구동),탈착,리어액슬ASSY(후륜구동) 탈착
CAN-000691,기능정비,엔진 부품,리어 액슬빔(FF형),교환,리어 액슬빔(FF형) 교환
CAN-000692,기능정비,엔진 부품,리어 액슬빔(FF형),오버홀,리어 액슬빔(FF형) 오버홀
CAN-000693,기능정비,엔진 부품,리어 액슬빔(FF형),탈착,리어 액슬빔(FF형) 탈착
CAN-000694,기능정비,엔진 부품,리어액슬하우징 ASSY,교환,리어액슬하우징 ASSY 교환
CAN-000695,기능정비,엔진 부품,리어액슬하우징 ASSY,오버홀,리어액슬하우징 ASSY 오버홀
CAN-000696,기능정비,엔진 부품,리어액슬하우징 ASSY,탈착,리어액슬하우징 ASSY 탈착
CAN-000697,기능정비,엔진 부품,리어 언더바디 ASSY(프레임),교환,리어 언더바디 ASSY(프레임) 교환
CAN-000698,기능정비,엔진 부품,리어 언더바디 ASSY(프레임),탈착,리어 언더바디 ASSY(프레임) 탈착
CAN-000699,기능정비,엔진 부품,리어에버포레이터,교환,리어에버포레이터 교환
CAN-000700,기능정비,엔진 부품,리어 에버포레이터,탈착,리어 에버포레이터 탈착
CAN-000701,기능정비,에어컨,리어 에어컨디셔너,교환,리어 에어컨디셔너 교환
CAN-000702,기능정비,에어컨,리어 에어컨디셔너,탈착,리어 에어컨디셔너 탈착
CAN-000703,소모품 및 하체정비,하체 부품,리어엔드 크로스멤버,교환,리어엔드 크로스멤버 교환
CAN-000704,소모품 및 하체정비,하체 부품,리어엔드 크로스멤버(내측),교환,리어엔드 크로스멤버(내측) 교환
CAN-000705,소모품 및 하체정비,하체 부품,리어엔드 크로스멤버(외측),교환,리어엔드 크로스멤버(외측) 교환
CAN-000706,기능정비,엔진 부품,리어 오디오 엠프,교환,리어 오디오 엠프 교환
CAN-000707,기능정비,엔진 부품,리어 오디오 엠프,탈착,리어 오디오 엠프 탈착
CAN-000708,기능정비,엔진 부품,리어 우퍼,교환,리어 우퍼 교환
CAN-000709,기능정비,엔진 부품,리어 우퍼,탈착,리어 우퍼 탈착
CAN-000710,판금/도장정비,판금(탈부착),리어 윈도우 패널 ASSY,교환,리어 윈도우 패널 ASSY 교환
CAN-000711,판금/도장정비,판금(탈부착),리어 인너 필러 패널(우측),교환,리어 인너 필러 패널(우측) 교환
CAN-000712,판금/도장정비,판금(탈부착),리어 인너 필러 패널(좌측),교환,리어 인너 필러 패널(좌측) 교환
CAN-000713,기능정비,엔진 부품,리어 커튼(전동식),교환,리어 커튼(전동식) 교환
CAN-000714,기능정비,엔진 부품,리어 커튼(전동식),탈착,리어 커튼(전동식) 탈착
CAN-000715,기능정비,전기 및 램프,리어컴비네이션램프어셈블리 (LH),교환/정비,리어컴비네이션램프어셈블리 (LH) 교환/정비
CAN-000716,기능정비,전기 및 램프,리어컴비네이션램프어셈블리 (RH),교환/정비,리어컴비네이션램프어셈블리 (RH) 교환/정비
CAN-000717,기능정비,전기 및 램프,리어 컴비네이션램프(우측),교환,리어 컴비네이션램프(우측) 교환
CAN-000718,기능정비,전기 및 램프,리어 컴비네이션램프(우측),탈착,리어 컴비네이션램프(우측) 탈착
CAN-000719,기능정비,전기 및 램프,리어 컴비네이션램프(좌측),교환,리어 컴비네이션램프(좌측) 교환
CAN-000720,기능정비,전기 및 램프,리어 컴비네이션램프(좌측),탈착,리어 컴비네이션램프(좌측) 탈착
CAN-000721,기능정비,전기 및 램프,리어컴비네이션아웃사이드램프어셈블리 (RH) -,교환/정비,리어컴비네이션아웃사이드램프어셈블리 (RH) - 교환/정비
CAN-000722,판금/도장정비,판금(탈부착),리어 컴비네이션 패널,교환,리어 컴비네이션 패널 교환
CAN-000723,판금/도장정비,판금(탈부착),리어 컴비네이션 패널-스텐레,교환,리어 컴비네이션 패널-스텐레 교환
CAN-000724,판금/도장정비,판금(탈부착),리어 컴비네이션 패널-스텐레스,교환,리어 컴비네이션 패널-스텐레스 교환
CAN-000725,판금/도장정비,판금(탈부착),리어 코너패널(우측),교환,리어 코너패널(우측) 교환
CAN-000726,판금/도장정비,판금(탈부착),리어 코너패널(우측),탈착,리어 코너패널(우측) 탈착
CAN-000727,판금/도장정비,판금(탈부착),리어 코너패널(우측)-스텐레스,교환,리어 코너패널(우측)-스텐레스 교환
CAN-000728,판금/도장정비,판금(탈부착),리어 코너패널(좌측),교환,리어 코너패널(좌측) 교환
CAN-000729,판금/도장정비,판금(탈부착),리어 코너패널(좌측),탈착,리어 코너패널(좌측) 탈착
CAN-000730,판금/도장정비,판금(탈부착),리어 코너패널(좌측)-스텐레스,교환,리어 코너패널(좌측)-스텐레스 교환
CAN-000731,기능정비,전기 및 램프,리어 콤비네이션 램프 어셈블리 (양쪽),교환/정비,리어 콤비네이션 램프 어셈블리 (양쪽) 교환/정비
CAN-000732,기능정비,전기 및 램프,리어 콤비네이션 인사이드 램프 어셈블리 (양쪽) -,교환/정비,리어 콤비네이션 인사이드 램프 어셈블리 (양쪽) - 교환/정비
CAN-000733,소모품 및 하체정비,하체 부품,리어크로스멤버#2,교환,리어크로스멤버#2 교환
CAN-000734,소모품 및 하체정비,하체 부품,리어크로스멤버#3,교환,리어크로스멤버#3 교환
CAN-000735,소모품 및 하체정비,하체 부품,리어크로스멤버#4,교환,리어크로스멤버#4 교환
CAN-000736,소모품 및 하체정비,하체 부품,리어크로스멤버#5,교환,리어크로스멤버#5 교환
CAN-000737,소모품 및 하체정비,하체 부품,리어크로스멤버#6,교환,리어크로스멤버#6 교환
CAN-000738,소모품 및 하체정비,하체 부품,리어 크로스멤버,교환,리어 크로스멤버 교환
CAN-000739,소모품 및 하체정비,하체 부품,리어 크로스멤버,탈착,리어 크로스멤버 탈착
CAN-000740,소모품 및 하체정비,하체 부품,리어 크로스멤버-리벳고정식,교환,리어 크로스멤버-리벳고정식 교환
CAN-000741,소모품 및 하체정비,하체 부품,리어 크로스멤버-리벳고정식,탈착,리어 크로스멤버-리벳고정식 탈착
CAN-000742,소모품 및 하체정비,하체 부품,리어크로스멤버(센터),교환,리어크로스멤버(센터) 교환
CAN-000743,소모품 및 하체정비,하체 부품,리어 크로스멤버 컴플리트,교환/정비,리어 크로스멤버 컴플리트 교환/정비
CAN-000744,소모품 및 하체정비,하체 부품,리어크로스멤버(프론트),교환,리어크로스멤버(프론트) 교환
CAN-000745,소모품 및 하체정비,하체 부품,리어 크로스 센타멤버,교환,리어 크로스 센타멤버 교환
CAN-000746,소모품 및 하체정비,오일류,리어 트랜스버스 트림 어셈블리,교환/정비,리어 트랜스버스 트림 어셈블리 교환/정비
CAN-000747,기능정비,엔진 부품,리어파크 어시스트컴퓨터,교환,리어파크 어시스트컴퓨터 교환
CAN-000748,기능정비,엔진 부품,리어파크 어시스트컴퓨터,탈착,리어파크 어시스트컴퓨터 탈착
CAN-000749,소모품 및 하체정비,하체 부품,리어 패키지 트레이 트림 어셈블리,교환/정비,리어 패키지 트레이 트림 어셈블리 교환/정비
CAN-000750,기능정비,전기 및 램프,리어 포그램프(우측),교환,리어 포그램프(우측) 교환
CAN-000751,기능정비,전기 및 램프,리어 포그램프(우측),탈착,리어 포그램프(우측) 탈착
CAN-000752,기능정비,전기 및 램프,리어 포그램프(좌측),교환,리어 포그램프(좌측) 교환
CAN-000753,기능정비,전기 및 램프,리어 포그램프(좌측),탈착,리어 포그램프(좌측) 탈착
CAN-000754,소모품 및 하체정비,하체 부품,리어 플로어멤버 서브ASSY,교환,리어 플로어멤버 서브ASSY 교환
CAN-000755,판금/도장정비,판금(탈부착),리어플로어패널,교환,리어플로어패널 교환
CAN-000756,판금/도장정비,판금(탈부착),리어 플로어패널(승합),교환,리어 플로어패널(승합) 교환
CAN-000757,기능정비,엔진 부품,리어 플로어프레임 서브(우측),교환,리어 플로어프레임 서브(우측) 교환
CAN-000758,기능정비,엔진 부품,리어 플로어프레임 서브(좌측),교환,리어 플로어프레임 서브(좌측) 교환
CAN-000759,기능정비,엔진 부품,리어플로워 컴플리트,교환,리어플로워 컴플리트 교환
CAN-000760,판금/도장정비,판금(탈부착),리어플로워패널,교환,리어플로워패널 교환
CAN-000761,기능정비,엔진 부품,리어 필러 트림(우측),교환,리어 필러 트림(우측) 교환
CAN-000762,기능정비,엔진 부품,리어 필러 트림(우측),탈착,리어 필러 트림(우측) 탈착
CAN-000763,기능정비,엔진 부품,리어 필러 트림(좌측),교환,리어 필러 트림(좌측) 교환
CAN-000764,기능정비,엔진 부품,리어 필러 트림(좌측),탈착,리어 필러 트림(좌측) 탈착
CAN-000765,판금/도장정비,판금(탈부착),리어필러패널(우측),교환,리어필러패널(우측) 교환
CAN-000766,판금/도장정비,판금(탈부착),리어필러패널(좌측),교환,리어필러패널(좌측) 교환
CAN-000767,소모품 및 하체정비,하체 부품,리어 허브베어링(우측),교환,리어 허브베어링(우측) 교환
CAN-000768,소모품 및 하체정비,하체 부품,리어 허브베어링(우측),오버홀,리어 허브베어링(우측) 오버홀
CAN-000769,소모품 및 하체정비,하체 부품,리어 허브베어링(좌측),교환,리어 허브베어링(좌측) 교환
CAN-000770,소모품 및 하체정비,하체 부품,리어 허브베어링(좌측),오버홀,리어 허브베어링(좌측) 오버홀
CAN-000771,기능정비,엔진 부품,리어 휀다 가니쉬(우측),탈착,리어 휀다 가니쉬(우측) 탈착
CAN-000772,기능정비,엔진 부품,리어 휀다 가니쉬(좌측),탈착,리어 휀다 가니쉬(좌측) 탈착
CAN-000773,판금/도장정비,판금(탈부착),리어휀다 몰딩(우측),교환,리어휀다 몰딩(우측) 교환
CAN-000774,판금/도장정비,판금(탈부착),리어휀다 몰딩(우측),탈착,리어휀다 몰딩(우측) 탈착
CAN-000775,판금/도장정비,판금(탈부착),리어휀다 몰딩(좌측),교환,리어휀다 몰딩(좌측) 교환
CAN-000776,판금/도장정비,판금(탈부착),리어휀다 몰딩(좌측),탈착,리어휀다 몰딩(좌측) 탈착
CAN-000777,소모품 및 하체정비,브레이크/타이어,리어휀다 및 리어휠하우스(우측),교환,리어휀다 및 리어휠하우스(우측) 교환
CAN-000778,소모품 및 하체정비,브레이크/타이어,리어휀다 및 리어휠하우스(좌측),교환,리어휀다 및 리어휠하우스(좌측) 교환
CAN-000779,판금/도장정비,판금(탈부착),리어 휀다 삼각몰딩(우측),교환,리어 휀다 삼각몰딩(우측) 교환
CAN-000780,판금/도장정비,판금(탈부착),리어 휀다 삼각몰딩(우측),탈착,리어 휀다 삼각몰딩(우측) 탈착
CAN-000781,판금/도장정비,판금(탈부착),리어 휀다 삼각몰딩(좌측),교환,리어 휀다 삼각몰딩(좌측) 교환
CAN-000782,판금/도장정비,판금(탈부착),리어 휀다 삼각몰딩(좌측),탈착,리어 휀다 삼각몰딩(좌측) 탈착
CAN-000783,기능정비,엔진 부품,"리어휀다(소프트탑,우)",교환,"리어휀다(소프트탑,우) 교환"
CAN-000784,기능정비,엔진 부품,"리어휀다(소프트탑,좌)",교환,"리어휀다(소프트탑,좌) 교환"
CAN-000785,기능정비,엔진 부품,리어 휀다(우측),교환,리어 휀다(우측) 교환
CAN-000786,기능정비,엔진 부품,리어 휀다(우측),탈착,리어 휀다(우측) 탈착
CAN-000787,기능정비,엔진 부품,리어 휀다(좌측),교환,리어 휀다(좌측) 교환
CAN-000788,기능정비,엔진 부품,리어 휀다(좌측)(연료주입구측),교환,리어 휀다(좌측)(연료주입구측) 교환
CAN-000789,기능정비,엔진 부품,리어 휀다(좌측)(연료주입구측),탈착,리어 휀다(좌측)(연료주입구측) 탈착
CAN-000790,판금/도장정비,판금(탈부착),"리어휀다패널(내외측,연료,우)",교환,"리어휀다패널(내외측,연료,우) 교환"
CAN-000791,판금/도장정비,판금(탈부착),"리어휀다패널(내외측,연료,좌)",교환,"리어휀다패널(내외측,연료,좌) 교환"
CAN-000792,판금/도장정비,판금(탈부착),"리어휀다패널(내외측,우)",교환,"리어휀다패널(내외측,우) 교환"
CAN-000793,판금/도장정비,판금(탈부착),"리어휀다패널(내외측,좌)",교환,"리어휀다패널(내외측,좌) 교환"
CAN-000794,판금/도장정비,판금(탈부착),"리어휀다패널(내측,우)",교환,"리어휀다패널(내측,우) 교환"
CAN-000795,판금/도장정비,판금(탈부착),"리어휀다패널(내측,우)",탈착,"리어휀다패널(내측,우) 탈착"
CAN-000796,판금/도장정비,판금(탈부착),"리어휀다패널(내측,좌)",교환,"리어휀다패널(내측,좌) 교환"
CAN-000797,판금/도장정비,판금(탈부착),"리어휀다패널(내측,좌)",탈착,"리어휀다패널(내측,좌) 탈착"
CAN-000798,판금/도장정비,판금(탈부착),"리어휀다패널(연료,우)",교환,"리어휀다패널(연료,우) 교환"
CAN-000799,판금/도장정비,판금(탈부착),"리어휀다패널(연료,좌)",교환,"리어휀다패널(연료,좌) 교환"
CAN-000800,판금/도장정비,판금(탈부착),리어휀다패널(우측),교환,리어휀다패널(우측) 교환
CAN-000801,판금/도장정비,판금(탈부착),리어휀다패널(좌측),교환,리어휀다패널(좌측) 교환
CAN-000802,소모품 및 하체정비,브레이크/타이어,리어 휠가드(우측),교환,리어 휠가드(우측) 교환
CAN-000803,소모품 및 하체정비,브레이크/타이어,리어 휠가드(우측),탈착,리어 휠가드(우측) 탈착
CAN-000804,소모품 및 하체정비,브레이크/타이어,리어 휠가드(좌측),교환,리어 휠가드(좌측) 교환
CAN-000805,소모품 및 하체정비,브레이크/타이어,리어 휠가드(좌측),탈착,리어 휠가드(좌측) 탈착
CAN-000806,소모품 및 하체정비,브레이크/타이어,리어 휠하우스 ASSY(우측),교환,리어 휠하우스 ASSY(우측) 교환
CAN-000807,소모품 및 하체정비,브레이크/타이어,리어 휠하우스 ASSY(좌측),교환,리어 휠하우스 ASSY(좌측) 교환
CAN-000808,소모품 및 하체정비,브레이크/타이어,"리어 휠하우스(내측,우)",교환,"리어 휠하우스(내측,우) 교환"
CAN-000809,소모품 및 하체정비,브레이크/타이어,"리어 휠하우스(내측,좌)",교환,"리어 휠하우스(내측,좌) 교환"
CAN-000810,소모품 및 하체정비,브레이크/타이어,"리어 휠하우스(외측,우)",교환,"리어 휠하우스(외측,우) 교환"
CAN-000811,소모품 및 하체정비,브레이크/타이어,"리어 휠하우스(외측,좌)",교환,"리어 휠하우스(외측,좌) 교환"
CAN-000812,소모품 및 하체정비,브레이크/타이어,"리어휠하우스(우,2축차)",교환,"리어휠하우스(우,2축차) 교환"
CAN-000813,소모품 및 하체정비,브레이크/타이어,"리어휠하우스(우,2축차)",탈착,"리어휠하우스(우,2축차) 탈착"
CAN-000814,소모품 및 하체정비,브레이크/타이어,리어휠하우스(우측),교환,리어휠하우스(우측) 교환
CAN-000815,소모품 및 하체정비,브레이크/타이어,"리어휠하우스(좌,2축차)",교환,"리어휠하우스(좌,2축차) 교환"
CAN-000816,소모품 및 하체정비,브레이크/타이어,"리어휠하우스(좌,2축차)",탈착,"리어휠하우스(좌,2축차) 탈착"
CAN-000817,소모품 및 하체정비,브레이크/타이어,리어휠하우스(좌측),교환,리어휠하우스(좌측) 교환
CAN-000818,기능정비,에어컨,리어히터,교환,리어히터 교환
CAN-000819,기능정비,에어컨,리어히터,탈착,리어히터 탈착
CAN-000820,판금/도장정비,판금(탈부착),맥퍼슨 타워 패널(우측),교환,맥퍼슨 타워 패널(우측) 교환
CAN-000821,판금/도장정비,판금(탈부착),맥퍼슨 타워 패널(좌측),교환,맥퍼슨 타워 패널(좌측) 교환
CAN-000822,기능정비,엔진 부품,머드가드(뒤우),교환,머드가드(뒤우) 교환
CAN-000823,기능정비,엔진 부품,머드가드(뒤우),탈착,머드가드(뒤우) 탈착
CAN-000824,기능정비,엔진 부품,머드가드(뒤좌),교환,머드가드(뒤좌) 교환
CAN-000825,기능정비,엔진 부품,머드가드(뒤좌),탈착,머드가드(뒤좌) 탈착
CAN-000826,기능정비,엔진 부품,머드가드(앞우),교환,머드가드(앞우) 교환
CAN-000827,기능정비,엔진 부품,머드가드(앞우),탈착,머드가드(앞우) 탈착
CAN-000828,기능정비,엔진 부품,머드가드(앞좌),교환,머드가드(앞좌) 교환
CAN-000829,기능정비,엔진 부품,머드가드(앞좌),탈착,머드가드(앞좌) 탈착
CAN-000830,기능정비,엔진 부품,머플러 파이프,교환,머플러 파이프 교환
CAN-000831,기능정비,엔진 부품,머플러 파이프,탈착,머플러 파이프 탈착
CAN-000832,소모품 및 하체정비,하체 부품,메뉴얼스티어링기어,교환,메뉴얼스티어링기어 교환
CAN-000833,소모품 및 하체정비,하체 부품,메뉴얼스티어링기어,탈착,메뉴얼스티어링기어 탈착
CAN-000834,기능정비,엔진 부품,메니홀드(배),교환,메니홀드(배) 교환
CAN-000835,기능정비,엔진 부품,메니홀드(배),탈착,메니홀드(배) 탈착
CAN-000836,기능정비,엔진 부품,메니홀드(흡),교환,메니홀드(흡) 교환
CAN-000837,기능정비,엔진 부품,메니홀드(흡),탈착,메니홀드(흡) 탈착
CAN-000838,소모품 및 하체정비,브레이크/타이어,메인 크래쉬 패드 어셈블리,교환/정비,메인 크래쉬 패드 어셈블리 교환/정비
CAN-000839,기능정비,전기 및 램프,무릎에어백,교환,무릎에어백 교환
CAN-000840,기능정비,전기 및 램프,무릎에어백,탈착,무릎에어백 탈착
CAN-000841,기능정비,전기 및 램프,무릎에어백 모듈(운전석),교환,무릎에어백 모듈(운전석) 교환
CAN-000842,기능정비,전기 및 램프,무릎에어백 모듈(운전석),탈착,무릎에어백 모듈(운전석) 탈착
CAN-000843,기능정비,전기 및 램프,무릎에어백 모듈(조수석),교환,무릎에어백 모듈(조수석) 교환
CAN-000844,기능정비,전기 및 램프,무릎에어백 모듈(조수석),탈착,무릎에어백 모듈(조수석) 탈착
CAN-000845,판금/도장정비,판금(탈부착),문짝사각유리(뒤우),교환,문짝사각유리(뒤우) 교환
CAN-000846,판금/도장정비,판금(탈부착),문짝사각유리(뒤우),탈착,문짝사각유리(뒤우) 탈착
CAN-000847,판금/도장정비,판금(탈부착),문짝사각유리(뒤좌),교환,문짝사각유리(뒤좌) 교환
CAN-000848,판금/도장정비,판금(탈부착),문짝사각유리(뒤좌),탈착,문짝사각유리(뒤좌) 탈착
CAN-000849,판금/도장정비,판금(탈부착),"문짝사각유리(앞,우)",교환,"문짝사각유리(앞,우) 교환"
CAN-000850,판금/도장정비,판금(탈부착),"문짝사각유리(앞,우)",탈착,"문짝사각유리(앞,우) 탈착"
CAN-000851,판금/도장정비,판금(탈부착),"문짝사각유리(앞,좌)",교환,"문짝사각유리(앞,좌) 교환"
CAN-000852,판금/도장정비,판금(탈부착),"문짝사각유리(앞,좌)",탈착,"문짝사각유리(앞,좌) 탈착"
CAN-000853,판금/도장정비,판금(탈부착),문짝삼각유리(뒤도어)(우측),교환,문짝삼각유리(뒤도어)(우측) 교환
CAN-000854,판금/도장정비,판금(탈부착),문짝삼각유리(뒤도어)(우측),탈착,문짝삼각유리(뒤도어)(우측) 탈착
CAN-000855,판금/도장정비,판금(탈부착),문짝삼각유리(뒤도어)(좌측),교환,문짝삼각유리(뒤도어)(좌측) 교환
CAN-000856,판금/도장정비,판금(탈부착),문짝삼각유리(뒤도어)(좌측),탈착,문짝삼각유리(뒤도어)(좌측) 탈착
CAN-000857,판금/도장정비,판금(탈부착),문짝삼각유리(앞우),교환,문짝삼각유리(앞우) 교환
CAN-000858,판금/도장정비,판금(탈부착),"문짝삼각유리(앞,우)",탈착,"문짝삼각유리(앞,우) 탈착"
CAN-000859,판금/도장정비,판금(탈부착),"문짝삼각유리(앞,좌)",교환,"문짝삼각유리(앞,좌) 교환"
CAN-000860,판금/도장정비,판금(탈부착),"문짝삼각유리(앞,좌)",탈착,"문짝삼각유리(앞,좌) 탈착"
CAN-000861,기능정비,엔진 부품,미션마운트,교환,미션마운트 교환
CAN-000862,기능정비,엔진 부품,미션마운트,탈착,미션마운트 탈착
CAN-000863,기능정비,엔진 부품,바닥매트(뒷부분),교환,바닥매트(뒷부분) 교환
CAN-000864,기능정비,엔진 부품,바닥매트(뒷부분),탈착,바닥매트(뒷부분) 탈착
CAN-000865,기능정비,엔진 부품,바닥매트(앞부분),교환,바닥매트(앞부분) 교환
CAN-000866,기능정비,엔진 부품,바닥매트(앞부분),탈착,바닥매트(앞부분) 탈착
CAN-000867,기능정비,엔진 부품,"바닥매트(앞,우)",교환,"바닥매트(앞,우) 교환"
CAN-000868,기능정비,엔진 부품,"바닥매트(앞,우)",탈착,"바닥매트(앞,우) 탈착"
CAN-000869,기능정비,엔진 부품,"바닥매트(앞,좌)",교환,"바닥매트(앞,좌) 교환"
CAN-000870,기능정비,엔진 부품,"바닥매트(앞,좌)",탈착,"바닥매트(앞,좌) 탈착"
CAN-000871,기능정비,엔진 부품,바닥메트,교환,바닥메트 교환
CAN-000872,기능정비,엔진 부품,바닥메트,탈착,바닥메트 탈착
CAN-000873,소모품 및 하체정비,하체 부품,바디 컨스트럭션 댐퍼 컴플리트,교환,바디 컨스트럭션 댐퍼 컴플리트 교환
CAN-000874,소모품 및 하체정비,하체 부품,바디 컨스트럭션 댐퍼 컴플리트,탈착,바디 컨스트럭션 댐퍼 컴플리트 탈착
CAN-000875,기능정비,엔진 부품,발판유리(우측),교환,발판유리(우측) 교환
CAN-000876,기능정비,엔진 부품,발판유리(우측),탈착,발판유리(우측) 탈착
CAN-000877,소모품 및 하체정비,소모품,밧데리,교환,밧데리 교환
CAN-000878,소모품 및 하체정비,소모품,밧데리,탈착,밧데리 탈착
CAN-000879,소모품 및 하체정비,소모품,밧데리 캐리어,교환,밧데리 캐리어 교환
CAN-000880,소모품 및 하체정비,소모품,밧데리 캐리어,탈착,밧데리 캐리어 탈착
CAN-000881,기능정비,전기 및 램프,밧데리-트랜스미터,교환/정비,밧데리-트랜스미터 교환/정비
CAN-000882,기능정비,엔진 부품,"배가파이프1번(프론트,V형 NO.1)",교환,"배가파이프1번(프론트,V형 NO.1) 교환"
CAN-000883,기능정비,엔진 부품,"배가파이프1번(프론트,V형 NO.1)",탈착,"배가파이프1번(프론트,V형 NO.1) 탈착"
CAN-000884,기능정비,엔진 부품,"배가파이프1번(프론트,V형 NO.2)",교환,"배가파이프1번(프론트,V형 NO.2) 교환"
CAN-000885,기능정비,엔진 부품,"배가파이프1번(프론트,V형 NO.2)",탈착,"배가파이프1번(프론트,V형 NO.2) 탈착"
CAN-000886,기능정비,엔진 부품,"배가파이프1번(프론트,V형)",교환,"배가파이프1번(프론트,V형) 교환"
CAN-000887,기능정비,엔진 부품,"배가파이프1번(프론트,V형)",탈착,"배가파이프1번(프론트,V형) 탈착"
CAN-000888,기능정비,엔진 부품,배가파이프1번(프론트),교환,배가파이프1번(프론트) 교환
CAN-000889,기능정비,엔진 부품,배가파이프1번(프론트),탈착,배가파이프1번(프론트) 탈착
CAN-000890,기능정비,엔진 부품,배기매니홀드(V8 NO.1),교환,배기매니홀드(V8 NO.1) 교환
CAN-000891,기능정비,엔진 부품,배기매니홀드(V8 NO.1),탈착,배기매니홀드(V8 NO.1) 탈착
CAN-000892,기능정비,엔진 부품,배기매니홀드(V8 NO.2),교환,배기매니홀드(V8 NO.2) 교환
CAN-000893,기능정비,엔진 부품,배기매니홀드(V8 NO.2),탈착,배기매니홀드(V8 NO.2) 탈착
CAN-000894,기능정비,엔진 부품,배기매니홀드(V형 NO.1),교환,배기매니홀드(V형 NO.1) 교환
CAN-000895,기능정비,엔진 부품,배기매니홀드(V형 NO.1),탈착,배기매니홀드(V형 NO.1) 탈착
CAN-000896,기능정비,엔진 부품,배기매니홀드(V형 NO.2),교환,배기매니홀드(V형 NO.2) 교환
CAN-000897,기능정비,엔진 부품,배기매니홀드(V형 NO.2),탈착,배기매니홀드(V형 NO.2) 탈착
CAN-000898,기능정비,엔진 부품,배기매니홀드(V형),교환,배기매니홀드(V형) 교환
CAN-000899,기능정비,엔진 부품,배기매니홀드(V형),탈착,배기매니홀드(V형) 탈착
CAN-000900,기능정비,엔진 부품,배기매니홀드(V형엔진),교환,배기매니홀드(V형엔진) 교환
CAN-000901,기능정비,엔진 부품,배기매니홀드(V형엔진),탈착,배기매니홀드(V형엔진) 탈착
CAN-000902,기능정비,엔진 부품,배기매니홀드,교환,배기매니홀드 교환
CAN-000903,기능정비,엔진 부품,배기매니홀드,탈착,배기매니홀드 탈착
CAN-000904,기능정비,엔진 부품,"배기매니홀드(가솔린,LPG)",교환,"배기매니홀드(가솔린,LPG) 교환"
CAN-000905,기능정비,엔진 부품,"배기매니홀드(가솔린,LPG)",탈착,"배기매니홀드(가솔린,LPG) 탈착"
CAN-000906,기능정비,엔진 부품,배기매니홀드(뒤),교환,배기매니홀드(뒤) 교환
CAN-000907,기능정비,엔진 부품,배기매니홀드(뒤),탈착,배기매니홀드(뒤) 탈착
CAN-000908,기능정비,엔진 부품,배기매니홀드(디젤),교환,배기매니홀드(디젤) 교환
CAN-000909,기능정비,엔진 부품,배기매니홀드(디젤),탈착,배기매니홀드(디젤) 탈착
CAN-000910,기능정비,엔진 부품,배기매니홀드 및 터보챠져,교환,배기매니홀드 및 터보챠져 교환
CAN-000911,기능정비,엔진 부품,배기매니홀드 및 터보챠져,탈착,배기매니홀드 및 터보챠져 탈착
CAN-000912,기능정비,엔진 부품,배기매니홀드(앞),교환,배기매니홀드(앞) 교환
CAN-000913,기능정비,엔진 부품,배기매니홀드(앞),탈착,배기매니홀드(앞) 탈착
CAN-000914,소모품 및 하체정비,브레이크/타이어,배기 브레이크 ASSY,교환,배기 브레이크 ASSY 교환
CAN-000915,소모품 및 하체정비,브레이크/타이어,배기 브레이크 ASSY,탈착,배기 브레이크 ASSY 탈착
CAN-000916,소모품 및 하체정비,브레이크/타이어,배기 브레이크 유니트,교환,배기 브레이크 유니트 교환
CAN-000917,소모품 및 하체정비,브레이크/타이어,배기 브레이크 유니트,탈착,배기 브레이크 유니트 탈착
CAN-000918,기능정비,엔진 부품,배기파이프1번(V형),교환,배기파이프1번(V형) 교환
CAN-000919,기능정비,엔진 부품,배기파이프1번(V형),탈착,배기파이프1번(V형) 탈착
CAN-000920,기능정비,엔진 부품,배기파이프1번(가솔린),교환,배기파이프1번(가솔린) 교환
CAN-000921,기능정비,엔진 부품,배기파이프1번(가솔린),탈착,배기파이프1번(가솔린) 탈착
CAN-000922,기능정비,엔진 부품,배기파이프1번(디젤),교환,배기파이프1번(디젤) 교환
CAN-000923,기능정비,엔진 부품,배기파이프1번(디젤),탈착,배기파이프1번(디젤) 탈착
CAN-000924,기능정비,엔진 부품,"배기파이프1번(프론트,V형 NO.1)",교환,"배기파이프1번(프론트,V형 NO.1) 교환"
CAN-000925,기능정비,엔진 부품,"배기파이프1번(프론트,V형 NO.1)",탈착,"배기파이프1번(프론트,V형 NO.1) 탈착"
CAN-000926,기능정비,엔진 부품,"배기파이프1번(프론트,V형 NO.2)",교환,"배기파이프1번(프론트,V형 NO.2) 교환"
CAN-000927,기능정비,엔진 부품,"배기파이프1번(프론트,V형 NO.2)",탈착,"배기파이프1번(프론트,V형 NO.2) 탈착"
CAN-000928,기능정비,엔진 부품,배기파이프1번(프론트),교환,배기파이프1번(프론트) 교환
CAN-000929,기능정비,엔진 부품,배기파이프1번(프론트),탈착,배기파이프1번(프론트) 탈착
CAN-000930,기능정비,엔진 부품,"배기파이프2번(머플러,듀얼)",교환,"배기파이프2번(머플러,듀얼) 교환"
CAN-000931,기능정비,엔진 부품,"배기파이프2번(머플러,듀얼)",탈착,"배기파이프2번(머플러,듀얼) 탈착"
CAN-000932,기능정비,엔진 부품,배기파이프2번(미들),교환,배기파이프2번(미들) 교환
CAN-000933,기능정비,엔진 부품,배기파이프2번(미들),탈착,배기파이프2번(미들) 탈착
CAN-000934,기능정비,엔진 부품,배기파이프3번(듀얼머플러),교환,배기파이프3번(듀얼머플러) 교환
CAN-000935,기능정비,엔진 부품,배기파이프3번(듀얼머플러),탈착,배기파이프3번(듀얼머플러) 탈착
CAN-000936,기능정비,엔진 부품,배기파이프3번(머플러)#2,교환,배기파이프3번(머플러)#2 교환
CAN-000937,기능정비,엔진 부품,배기파이프3번(머플러)#2,탈착,배기파이프3번(머플러)#2 탈착
CAN-000938,기능정비,엔진 부품,배기파이프3번(머플러),교환,배기파이프3번(머플러) 교환
CAN-000939,기능정비,엔진 부품,배기파이프3번(머플러),탈착,배기파이프3번(머플러) 탈착
CAN-000940,기능정비,엔진 부품,"배기파이프3번(머플러,듀얼)",교환,"배기파이프3번(머플러,듀얼) 교환"
CAN-000941,기능정비,엔진 부품,"배기파이프3번(머플러,듀얼)",탈착,"배기파이프3번(머플러,듀얼) 탈착"
CAN-000942,기능정비,엔진 부품,"배기파이프3번(머플러,우)",교환,"배기파이프3번(머플러,우) 교환"
CAN-000943,기능정비,엔진 부품,"배기파이프3번(머플러,우)",탈착,"배기파이프3번(머플러,우) 탈착"
CAN-000944,기능정비,엔진 부품,"배기파이프3번(머플러,좌)#2",교환,"배기파이프3번(머플러,좌)#2 교환"
CAN-000945,기능정비,엔진 부품,"배기파이프3번(머플러,좌)#2",탈착,"배기파이프3번(머플러,좌)#2 탈착"
CAN-000946,기능정비,엔진 부품,배기파이프번(머플러),교환,배기파이프번(머플러) 교환
CAN-000947,기능정비,엔진 부품,배기파이프번(머플러),탈착,배기파이프번(머플러) 탈착
CAN-000948,기능정비,전기 및 램프,배터리 매니지먼트 시스템 모듈,교환,배터리 매니지먼트 시스템 모듈 교환
CAN-000949,기능정비,전기 및 램프,배터리 매니지먼트 시스템 모듈,탈착,배터리 매니지먼트 시스템 모듈 탈착
CAN-000950,기능정비,전기 및 램프,배터리 배선,교환,배터리 배선 교환
CAN-000951,기능정비,전기 및 램프,배터리 배선,탈착,배터리 배선 탈착
CAN-000952,기능정비,에어컨,배터리 쿨링 블로워 유닛,교환,배터리 쿨링 블로워 유닛 교환
CAN-000953,기능정비,에어컨,배터리 쿨링 블로워 유닛,탈착,배터리 쿨링 블로워 유닛 탈착
CAN-000954,기능정비,전기 및 램프,배터리 프로젝션 퓨즈,교환,배터리 프로젝션 퓨즈 교환
CAN-000955,기능정비,전기 및 램프,배터리 프로젝션 퓨즈,탈착,배터리 프로젝션 퓨즈 탈착
CAN-000956,기능정비,전기 및 램프,배터리 프로텍션 퓨즈(BDU),교환,배터리 프로텍션 퓨즈(BDU) 교환
CAN-000957,기능정비,전기 및 램프,배터리 프로텍션 퓨즈(BDU),탈착,배터리 프로텍션 퓨즈(BDU) 탈착
CAN-000958,판금/도장정비,판금(탈부착),백도어,교환,백도어 교환
CAN-000959,판금/도장정비,판금(탈부착),백도어,오버홀,백도어 오버홀
CAN-000960,판금/도장정비,판금(탈부착),백도어,탈착,백도어 탈착
CAN-000961,판금/도장정비,판금(탈부착),백도어 가니쉬,교환,백도어 가니쉬 교환
CAN-000962,판금/도장정비,판금(탈부착),백도어 가니쉬,탈착,백도어 가니쉬 탈착
CAN-000963,판금/도장정비,판금(탈부착),백도어 록크,교환,백도어 록크 교환
CAN-000964,판금/도장정비,판금(탈부착),백도어 록크,탈착,백도어 록크 탈착
CAN-000965,판금/도장정비,판금(탈부착),백도어 록크(파워게이트),교환,백도어 록크(파워게이트) 교환
CAN-000966,판금/도장정비,판금(탈부착),백도어 록크(파워게이트),탈착,백도어 록크(파워게이트) 탈착
CAN-000967,판금/도장정비,판금(탈부착),백도어(소프트탑),교환,백도어(소프트탑) 교환
CAN-000968,판금/도장정비,판금(탈부착),백도어(소프트탑),오버홀,백도어(소프트탑) 오버홀
CAN-000969,판금/도장정비,판금(탈부착),백도어(소프트탑),탈착,백도어(소프트탑) 탈착
CAN-000970,판금/도장정비,판금(탈부착),백도어 쇼버(우측),교환,백도어 쇼버(우측) 교환
CAN-000971,판금/도장정비,판금(탈부착),백도어 쇼버(우측),탈착,백도어 쇼버(우측) 탈착
CAN-000972,판금/도장정비,판금(탈부착),"백도어 쇼버(우,파워게이트)",교환,"백도어 쇼버(우,파워게이트) 교환"
CAN-000973,판금/도장정비,판금(탈부착),"백도어 쇼버(우,파워게이트)",탈착,"백도어 쇼버(우,파워게이트) 탈착"
CAN-000974,판금/도장정비,판금(탈부착),백도어 쇼버(좌측),교환,백도어 쇼버(좌측) 교환
CAN-000975,판금/도장정비,판금(탈부착),백도어 쇼버(좌측),탈착,백도어 쇼버(좌측) 탈착
CAN-000976,판금/도장정비,판금(탈부착),"백도어 쇼버(좌,파워게이트)",교환,"백도어 쇼버(좌,파워게이트) 교환"
CAN-000977,판금/도장정비,판금(탈부착),"백도어 쇼버(좌,파워게이트)",탈착,"백도어 쇼버(좌,파워게이트) 탈착"
CAN-000978,판금/도장정비,판금(탈부착),백도어(와이퍼모터부착형),교환,백도어(와이퍼모터부착형) 교환
CAN-000979,판금/도장정비,판금(탈부착),백도어(와이퍼모터부착형),오버홀,백도어(와이퍼모터부착형) 오버홀
CAN-000980,판금/도장정비,판금(탈부착),백도어(와이퍼모터부착형),탈착,백도어(와이퍼모터부착형) 탈착
CAN-000981,판금/도장정비,판금(탈부착),백도어(와이퍼 부착형),교환,백도어(와이퍼 부착형) 교환
CAN-000982,판금/도장정비,판금(탈부착),백도어(와이퍼 부착형),오버홀,백도어(와이퍼 부착형) 오버홀
CAN-000983,판금/도장정비,판금(탈부착),백도어(와이퍼 부착형),탈착,백도어(와이퍼 부착형) 탈착
CAN-000984,판금/도장정비,판금(탈부착),"백도어(우,트윈스윙도어)",교환,"백도어(우,트윈스윙도어) 교환"
CAN-000985,판금/도장정비,판금(탈부착),"백도어(우,트윈스윙도어)",오버홀,"백도어(우,트윈스윙도어) 오버홀"
CAN-000986,판금/도장정비,판금(탈부착),"백도어(우,트윈스윙도어)",탈착,"백도어(우,트윈스윙도어) 탈착"
CAN-000987,판금/도장정비,판금(탈부착),백도어유리(우측),교환,백도어유리(우측) 교환
CAN-000988,판금/도장정비,판금(탈부착),백도어유리(우측),탈착,백도어유리(우측) 탈착
CAN-000989,판금/도장정비,판금(탈부착),백도어유리(좌측),교환,백도어유리(좌측) 교환
CAN-000990,판금/도장정비,판금(탈부착),백도어유리(좌측),탈착,백도어유리(좌측) 탈착
CAN-000991,판금/도장정비,판금(탈부착),"백도어(좌,트윈스윙도어)",교환,"백도어(좌,트윈스윙도어) 교환"
CAN-000992,판금/도장정비,판금(탈부착),"백도어(좌,트윈스윙도어)",오버홀,"백도어(좌,트윈스윙도어) 오버홀"
CAN-000993,판금/도장정비,판금(탈부착),"백도어(좌,트윈스윙도어)",탈착,"백도어(좌,트윈스윙도어) 탈착"
CAN-000994,판금/도장정비,판금(탈부착),백도어 케이블,교환,백도어 케이블 교환
CAN-000995,판금/도장정비,판금(탈부착),백도어 케이블,탈착,백도어 케이블 탈착
CAN-000996,판금/도장정비,판금(탈부착),"백도어힌지(우,로워)",교환,"백도어힌지(우,로워) 교환"
CAN-000997,판금/도장정비,판금(탈부착),"백도어힌지(우,로워)",탈착,"백도어힌지(우,로워) 탈착"
CAN-000998,판금/도장정비,판금(탈부착),"백도어힌지(우,어퍼)",교환,"백도어힌지(우,어퍼) 교환"
CAN-000999,판금/도장정비,판금(탈부착),"백도어힌지(우,어퍼)",탈착,"백도어힌지(우,어퍼) 탈착"
CAN-001000,판금/도장정비,판금(탈부착),백도어 힌지(우측),교환,백도어 힌지(우측) 교환
CAN-001001,판금/도장정비,판금(탈부착),백도어 힌지(우측),탈착,백도어 힌지(우측) 탈착
CAN-001002,판금/도장정비,판금(탈부착),"백도어힌지(좌,로워)",교환,"백도어힌지(좌,로워) 교환"
CAN-001003,판금/도장정비,판금(탈부착),"백도어힌지(좌,로워)",탈착,"백도어힌지(좌,로워) 탈착"
CAN-001004,판금/도장정비,판금(탈부착),"백도어힌지(좌,어퍼)",교환,"백도어힌지(좌,어퍼) 교환"
CAN-001005,판금/도장정비,판금(탈부착),"백도어힌지(좌,어퍼)",탈착,"백도어힌지(좌,어퍼) 탈착"
CAN-001006,판금/도장정비,판금(탈부착),백도어 힌지(좌측),교환,백도어 힌지(좌측) 교환
CAN-001007,판금/도장정비,판금(탈부착),백도어 힌지(좌측),탈착,백도어 힌지(좌측) 탈착
CAN-001008,판금/도장정비,판금(탈부착),백어퍼코너패널(우측),교환,백어퍼코너패널(우측) 교환
CAN-001009,판금/도장정비,판금(탈부착),백어퍼코너패널(좌측),교환,백어퍼코너패널(좌측) 교환
CAN-001010,판금/도장정비,판금(탈부착),백어퍼패널,교환,백어퍼패널 교환
CAN-001011,판금/도장정비,판금(탈부착),백어퍼패널(외측),교환,백어퍼패널(외측) 교환
CAN-001012,판금/도장정비,판금(탈부착),백패널(리어 패널),교환,백패널(리어 패널) 교환
CAN-001013,판금/도장정비,판금(탈부착),백패널(리어 패널),탈착,백패널(리어 패널) 탈착
CAN-001014,기능정비,엔진 부품,백 패널 몰딩 어셈블리 - - - -,교환/정비,백 패널 몰딩 어셈블리 - - - - 교환/정비
CAN-001015,판금/도장정비,판금(탈부착),백패널(아우터),교환,백패널(아우터) 교환
CAN-001016,판금/도장정비,판금(탈부착),백 패널(탈부착 미포함),교환/정비,백 패널(탈부착 미포함) 교환/정비
CAN-001017,판금/도장정비,판금(탈부착),백패널 트림,교환,백패널 트림 교환
CAN-001018,판금/도장정비,판금(탈부착),백패널 트림,탈착,백패널 트림 탈착
CAN-001019,판금/도장정비,도장(색칠),백 패널 (판금후),도장,백 패널 (판금후) 도장
CAN-001020,기능정비,엔진 부품,백피니셔,교환,백피니셔 교환
CAN-001021,기능정비,엔진 부품,백피니셔,탈착,백피니셔 탈착
CAN-001022,판금/도장정비,판금(탈부착),범퍼가드,교환,범퍼가드 교환
CAN-001023,판금/도장정비,판금(탈부착),범퍼가드,탈착,범퍼가드 탈착
CAN-001024,기능정비,엔진 부품,베벨기어,교환,베벨기어 교환
CAN-001025,기능정비,엔진 부품,베벨기어,탈착,베벨기어 탈착
CAN-001026,기능정비,엔진 부품,베어 엔진,교환,베어 엔진 교환
CAN-001027,기능정비,엔진 부품,베어 엔진,탈착,베어 엔진 탈착
CAN-001028,기능정비,엔진 부품,"베어엔진(가솔린,LPG)",교환,"베어엔진(가솔린,LPG) 교환"
CAN-001029,기능정비,엔진 부품,베어엔진(디젤),교환,베어엔진(디젤) 교환
CAN-001030,기능정비,엔진 부품,베이퍼라이져,교환,베이퍼라이져 교환
CAN-001031,기능정비,엔진 부품,베이퍼라이져,탈착,베이퍼라이져 탈착
CAN-001032,소모품 및 하체정비,하체 부품,베터리 어셈블리,교환/정비,베터리 어셈블리 교환/정비
CAN-001033,기능정비,엔진 부품,벤티레이터 - 16개,교환,벤티레이터 - 16개 교환
CAN-001034,기능정비,엔진 부품,벤티레이터 - 16개,탈착,벤티레이터 - 16개 탈착
CAN-001035,기능정비,엔진 부품,벤티레이터 - 1개,교환,벤티레이터 - 1개 교환
CAN-001036,기능정비,엔진 부품,벤티레이터 - 1개,탈착,벤티레이터 - 1개 탈착
CAN-001037,기능정비,엔진 부품,벤티레이터 - 2개,교환,벤티레이터 - 2개 교환
CAN-001038,기능정비,엔진 부품,벤티레이터 - 2개,탈착,벤티레이터 - 2개 탈착
CAN-001039,기능정비,엔진 부품,벤티레이터 - 32개,교환,벤티레이터 - 32개 교환
CAN-001040,기능정비,엔진 부품,벤티레이터 - 32개,탈착,벤티레이터 - 32개 탈착
CAN-001041,기능정비,엔진 부품,벤티레이터 - 4개,교환,벤티레이터 - 4개 교환
CAN-001042,기능정비,엔진 부품,벤티레이터 - 4개,탈착,벤티레이터 - 4개 탈착
CAN-001043,기능정비,엔진 부품,벤티레이터 - 8개,교환,벤티레이터 - 8개 교환
CAN-001044,기능정비,엔진 부품,벤티레이터 - 8개,탈착,벤티레이터 - 8개 탈착
CAN-001045,기능정비,엔진 부품,변속기,교환,변속기 교환
CAN-001046,기능정비,엔진 부품,변속기,오버홀,변속기 오버홀
CAN-001047,기능정비,엔진 부품,변속기,탈착,변속기 탈착
CAN-001048,판금/도장정비,판금(탈부착),보드인너패널(내측앞패널),교환,보드인너패널(내측앞패널) 교환
CAN-001049,기능정비,엔진 부품,보디철판 16장,교환,보디철판 16장 교환
CAN-001050,기능정비,엔진 부품,보디철판 16장-스텐레스,교환,보디철판 16장-스텐레스 교환
CAN-001051,기능정비,엔진 부품,"보디철판 16장-스텐레스,리벳",교환,"보디철판 16장-스텐레스,리벳 교환"
CAN-001052,기능정비,엔진 부품,"보디철판 16장-스텐레스,리벳접",교환,"보디철판 16장-스텐레스,리벳접 교환"
CAN-001053,기능정비,엔진 부품,보디철판 1장,교환,보디철판 1장 교환
CAN-001054,기능정비,엔진 부품,보디철판 1장-스텐레스,교환,보디철판 1장-스텐레스 교환
CAN-001055,기능정비,엔진 부품,"보디철판 1장-스텐레스,리벳",교환,"보디철판 1장-스텐레스,리벳 교환"
CAN-001056,기능정비,엔진 부품,"보디철판 1장-스텐레스,리벳접",교환,"보디철판 1장-스텐레스,리벳접 교환"
CAN-001057,기능정비,엔진 부품,보디철판 2장,교환,보디철판 2장 교환
CAN-001058,기능정비,엔진 부품,보디철판 2장-스텐레스,교환,보디철판 2장-스텐레스 교환
CAN-001059,기능정비,엔진 부품,"보디철판 2장-스텐레스,리벳",교환,"보디철판 2장-스텐레스,리벳 교환"
CAN-001060,기능정비,엔진 부품,"보디철판 2장-스텐레스,리벳접",교환,"보디철판 2장-스텐레스,리벳접 교환"
CAN-001061,기능정비,엔진 부품,보디철판 4장,교환,보디철판 4장 교환
CAN-001062,기능정비,엔진 부품,보디철판 4장-스텐레스,교환,보디철판 4장-스텐레스 교환
CAN-001063,기능정비,엔진 부품,"보디철판 4장-스텐레스,리벳",교환,"보디철판 4장-스텐레스,리벳 교환"
CAN-001064,기능정비,엔진 부품,"보디철판 4장-스텐레스,리벳접",교환,"보디철판 4장-스텐레스,리벳접 교환"
CAN-001065,기능정비,엔진 부품,보디철판 8장,교환,보디철판 8장 교환
CAN-001066,기능정비,엔진 부품,보디철판 8장-스텐레스,교환,보디철판 8장-스텐레스 교환
CAN-001067,기능정비,엔진 부품,"보디철판 8장-스텐레스,리벳",교환,"보디철판 8장-스텐레스,리벳 교환"
CAN-001068,기능정비,엔진 부품,"보디철판 8장-스텐레스,리벳접",교환,"보디철판 8장-스텐레스,리벳접 교환"
CAN-001069,기능정비,엔진 부품,볼티지 스테빌라이져(우측),교환,볼티지 스테빌라이져(우측) 교환
CAN-001070,기능정비,엔진 부품,볼티지 스테빌라이져(우측),탈착,볼티지 스테빌라이져(우측) 탈착
CAN-001071,기능정비,엔진 부품,볼티지 스테빌라이져(좌측),교환,볼티지 스테빌라이져(좌측) 교환
CAN-001072,기능정비,엔진 부품,볼티지 스테빌라이져(좌측),탈착,볼티지 스테빌라이져(좌측) 탈착
CAN-001073,소모품 및 하체정비,오일류,부동액 (냉각수),교환/정비,부동액 (냉각수) 교환/정비
CAN-001074,소모품 및 하체정비,브레이크/타이어,브레이크&엑셀페달 ASSY,교환,브레이크&엑셀페달 ASSY 교환
CAN-001075,소모품 및 하체정비,브레이크/타이어,브레이크&엑셀페달 ASSY,탈착,브레이크&엑셀페달 ASSY 탈착
CAN-001076,소모품 및 하체정비,브레이크/타이어,브레이크&클러치페달,교환,브레이크&클러치페달 교환
CAN-001077,소모품 및 하체정비,브레이크/타이어,브레이크&클러치페달,탈착,브레이크&클러치페달 탈착
CAN-001078,소모품 및 하체정비,브레이크/타이어,브레이크 마스타 & 부스타,교환,브레이크 마스타 & 부스타 교환
CAN-001079,소모품 및 하체정비,브레이크/타이어,브레이크 마스타 & 부스타,탈착,브레이크 마스타 & 부스타 탈착
CAN-001080,소모품 및 하체정비,브레이크/타이어,브레이크마스터실린더,교환,브레이크마스터실린더 교환
CAN-001081,소모품 및 하체정비,브레이크/타이어,브레이크마스터실린더,탈착,브레이크마스터실린더 탈착
CAN-001082,소모품 및 하체정비,브레이크/타이어,브레이크 및 클러치페달,교환,브레이크 및 클러치페달 교환
CAN-001083,소모품 및 하체정비,브레이크/타이어,브레이크 및 클러치페달,탈착,브레이크 및 클러치페달 탈착
CAN-001084,소모품 및 하체정비,브레이크/타이어,브레이크부스터&마스터 실린더,교환,브레이크부스터&마스터 실린더 교환
CAN-001085,소모품 및 하체정비,브레이크/타이어,브레이크부스터&마스터 실린더,탈착,브레이크부스터&마스터 실린더 탈착
CAN-001086,소모품 및 하체정비,브레이크/타이어,브레이크 부스터,교환,브레이크 부스터 교환
CAN-001087,소모품 및 하체정비,브레이크/타이어,브레이크 부스터,탈착,브레이크 부스터 탈착
CAN-001088,소모품 및 하체정비,브레이크/타이어,브레이크(에어)마스터실린더,교환,브레이크(에어)마스터실린더 교환
CAN-001089,소모품 및 하체정비,브레이크/타이어,브레이크(에어)마스터실린더,탈착,브레이크(에어)마스터실린더 탈착
CAN-001090,기능정비,전기 및 램프,브레이크 에어빼기(ABS),조정,브레이크 에어빼기(ABS) 조정
CAN-001091,소모품 및 하체정비,브레이크/타이어,브레이크 에어빼기,조정,브레이크 에어빼기 조정
CAN-001092,소모품 및 하체정비,오일류,브레이크 오일 및 공기 빼기,교환/정비,브레이크 오일 및 공기 빼기 교환/정비
CAN-001093,소모품 및 하체정비,브레이크/타이어,브레이크 챔버#1,교환,브레이크 챔버#1 교환
CAN-001094,소모품 및 하체정비,브레이크/타이어,브레이크 챔버#1,탈착,브레이크 챔버#1 탈착
CAN-001095,소모품 및 하체정비,브레이크/타이어,브레이크 챔버#2,교환,브레이크 챔버#2 교환
CAN-001096,소모품 및 하체정비,브레이크/타이어,브레이크 챔버#2,탈착,브레이크 챔버#2 탈착
CAN-001097,소모품 및 하체정비,브레이크/타이어,브레이크 챔버#3,교환,브레이크 챔버#3 교환
CAN-001098,소모품 및 하체정비,브레이크/타이어,브레이크 챔버#3,탈착,브레이크 챔버#3 탈착
CAN-001099,소모품 및 하체정비,브레이크/타이어,브레이크 챔버#4,교환,브레이크 챔버#4 교환
CAN-001100,소모품 및 하체정비,브레이크/타이어,브레이크 챔버#4,탈착,브레이크 챔버#4 탈착
CAN-001101,소모품 및 하체정비,브레이크/타이어,"브레이크 캘리퍼(뒤,우)",교환,"브레이크 캘리퍼(뒤,우) 교환"
CAN-001102,소모품 및 하체정비,브레이크/타이어,"브레이크 캘리퍼(뒤,우)",탈착,"브레이크 캘리퍼(뒤,우) 탈착"
CAN-001103,소모품 및 하체정비,브레이크/타이어,"브레이크 캘리퍼(뒤,우측)",탈착,"브레이크 캘리퍼(뒤,우측) 탈착"
CAN-001104,소모품 및 하체정비,브레이크/타이어,"브레이크 캘리퍼(뒤,좌)",교환,"브레이크 캘리퍼(뒤,좌) 교환"
CAN-001105,소모품 및 하체정비,브레이크/타이어,"브레이크 캘리퍼(뒤,좌)",탈착,"브레이크 캘리퍼(뒤,좌) 탈착"
CAN-001106,소모품 및 하체정비,브레이크/타이어,"브레이크 캘리퍼(뒤,좌측)",탈착,"브레이크 캘리퍼(뒤,좌측) 탈착"
CAN-001107,소모품 및 하체정비,브레이크/타이어,"브레이크 캘리퍼(앞,우)",교환,"브레이크 캘리퍼(앞,우) 교환"
CAN-001108,소모품 및 하체정비,브레이크/타이어,"브레이크 캘리퍼(앞,우)",탈착,"브레이크 캘리퍼(앞,우) 탈착"
CAN-001109,소모품 및 하체정비,브레이크/타이어,"브레이크 캘리퍼(앞,우측)",탈착,"브레이크 캘리퍼(앞,우측) 탈착"
CAN-001110,소모품 및 하체정비,브레이크/타이어,"브레이크 캘리퍼(앞,좌)",교환,"브레이크 캘리퍼(앞,좌) 교환"
CAN-001111,소모품 및 하체정비,브레이크/타이어,"브레이크 캘리퍼(앞,좌)",탈착,"브레이크 캘리퍼(앞,좌) 탈착"
CAN-001112,소모품 및 하체정비,브레이크/타이어,"브레이크 캘리퍼(앞,좌측)",탈착,"브레이크 캘리퍼(앞,좌측) 탈착"
CAN-001113,소모품 및 하체정비,브레이크/타이어,브레이크 콘트롤밸브 ASSY,교환,브레이크 콘트롤밸브 ASSY 교환
CAN-001114,소모품 및 하체정비,브레이크/타이어,브레이크 콘트롤밸브 ASSY,탈착,브레이크 콘트롤밸브 ASSY 탈착
CAN-001115,소모품 및 하체정비,브레이크/타이어,브레이크 파이핑(전체),교환,브레이크 파이핑(전체) 교환
CAN-001116,소모품 및 하체정비,브레이크/타이어,브레이크 파이핑(전체),탈착,브레이크 파이핑(전체) 탈착
CAN-001117,소모품 및 하체정비,브레이크/타이어,브레이크파이핑 프로텍터 커버,교환,브레이크파이핑 프로텍터 커버 교환
CAN-001118,소모품 및 하체정비,브레이크/타이어,브레이크파이핑 프로텍터 커버,탈착,브레이크파이핑 프로텍터 커버 탈착
CAN-001119,소모품 및 하체정비,브레이크/타이어,브레이크페달,교환,브레이크페달 교환
CAN-001120,소모품 및 하체정비,브레이크/타이어,브레이크페달,탈착,브레이크페달 탈착
CAN-001121,소모품 및 하체정비,브레이크/타이어,브레이크페달 및 브라켓,교환,브레이크페달 및 브라켓 교환
CAN-001122,소모품 및 하체정비,브레이크/타이어,브레이크페달 및 브라켓,탈착,브레이크페달 및 브라켓 탈착
CAN-001123,기능정비,엔진 부품,블로어모터,교환,블로어모터 교환
CAN-001124,기능정비,엔진 부품,블로어모터,탈착,블로어모터 탈착
CAN-001125,기능정비,엔진 부품,블로어모터(리어),교환,블로어모터(리어) 교환
CAN-001126,기능정비,엔진 부품,블로어모터(리어),탈착,블로어모터(리어) 탈착
CAN-001127,기능정비,엔진 부품,블로어모터(프론트),교환,블로어모터(프론트) 교환
CAN-001128,기능정비,엔진 부품,블로어모터(프론트),탈착,블로어모터(프론트) 탈착
CAN-001129,기능정비,에어컨,블로워 어셈블리,교환/정비,블로워 어셈블리 교환/정비
CAN-001130,기능정비,엔진 부품,사각 감지 컨트롤유닛,교환,사각 감지 컨트롤유닛 교환
CAN-001131,기능정비,엔진 부품,사각 감지 컨트롤유닛,탈착,사각 감지 컨트롤유닛 탈착
CAN-001132,기능정비,엔진 부품,사이드 리어 아우터 씰(우측),교환,사이드 리어 아우터 씰(우측) 교환
CAN-001133,소모품 및 하체정비,하체 부품,사이드멤버 클로징플레이트(우측),교환,사이드멤버 클로징플레이트(우측) 교환
CAN-001134,소모품 및 하체정비,하체 부품,사이드멤버 클로징플레이트(좌측),교환,사이드멤버 클로징플레이트(좌측) 교환
CAN-001135,기능정비,엔진 부품,"사이드미러(수동식,우)",교환,"사이드미러(수동식,우) 교환"
CAN-001136,기능정비,엔진 부품,"사이드미러(수동식,우)",탈착,"사이드미러(수동식,우) 탈착"
CAN-001137,기능정비,엔진 부품,"사이드미러(수동식,좌)",교환,"사이드미러(수동식,좌) 교환"
CAN-001138,기능정비,엔진 부품,"사이드미러(수동식,좌)",탈착,"사이드미러(수동식,좌) 탈착"
CAN-001139,기능정비,엔진 부품,"사이드 미러(우,O/H)",오버홀,"사이드 미러(우,O/H) 오버홀"
CAN-001140,기능정비,엔진 부품,"사이드 미러(우,전동)",교환,"사이드 미러(우,전동) 교환"
CAN-001141,기능정비,엔진 부품,"사이드 미러(우,전동)",탈착,"사이드 미러(우,전동) 탈착"
CAN-001142,기능정비,엔진 부품,사이드 미러(우측),교환,사이드 미러(우측) 교환
CAN-001143,기능정비,엔진 부품,사이드미러(우측),오버홀,사이드미러(우측) 오버홀
CAN-001144,기능정비,엔진 부품,사이드 미러(우측),탈착,사이드 미러(우측) 탈착
CAN-001145,기능정비,엔진 부품,사이드 미러(우측)-전동식,교환,사이드 미러(우측)-전동식 교환
CAN-001146,기능정비,엔진 부품,사이드 미러(우측)-전동식,탈착,사이드 미러(우측)-전동식 탈착
CAN-001147,기능정비,엔진 부품,"사이드미러(전동식,우)",교환,"사이드미러(전동식,우) 교환"
CAN-001148,기능정비,엔진 부품,"사이드미러(전동식,우)",탈착,"사이드미러(전동식,우) 탈착"
CAN-001149,기능정비,엔진 부품,"사이드미러(전동식,좌)",교환,"사이드미러(전동식,좌) 교환"
CAN-001150,기능정비,엔진 부품,"사이드미러(전동식,좌)",탈착,"사이드미러(전동식,좌) 탈착"
CAN-001151,기능정비,엔진 부품,"사이드 미러(좌,O/H)",오버홀,"사이드 미러(좌,O/H) 오버홀"
CAN-001152,기능정비,엔진 부품,"사이드 미러(좌,전동)",교환,"사이드 미러(좌,전동) 교환"
CAN-001153,기능정비,엔진 부품,"사이드 미러(좌,전동)",탈착,"사이드 미러(좌,전동) 탈착"
CAN-001154,기능정비,엔진 부품,사이드 미러(좌측),교환,사이드 미러(좌측) 교환
CAN-001155,기능정비,엔진 부품,사이드미러(좌측),오버홀,사이드미러(좌측) 오버홀
CAN-001156,기능정비,엔진 부품,사이드 미러(좌측),탈착,사이드 미러(좌측) 탈착
CAN-001157,기능정비,엔진 부품,사이드 미러(좌측)-전동식,교환,사이드 미러(좌측)-전동식 교환
CAN-001158,기능정비,엔진 부품,사이드 미러(좌측)-전동식,탈착,사이드 미러(좌측)-전동식 탈착
CAN-001159,판금/도장정비,판금(탈부착),사이드바디몰딩(우측),교환,사이드바디몰딩(우측) 교환
CAN-001160,판금/도장정비,판금(탈부착),사이드바디몰딩(우측),탈착,사이드바디몰딩(우측) 탈착
CAN-001161,판금/도장정비,판금(탈부착),사이드바디몰딩(좌측),교환,사이드바디몰딩(좌측) 교환
CAN-001162,판금/도장정비,판금(탈부착),사이드바디몰딩(좌측),탈착,사이드바디몰딩(좌측) 탈착
CAN-001163,판금/도장정비,판금(탈부착),사이드범퍼(우측),교환,사이드범퍼(우측) 교환
CAN-001164,판금/도장정비,판금(탈부착),사이드범퍼(우측),탈착,사이드범퍼(우측) 탈착
CAN-001165,판금/도장정비,판금(탈부착),사이드범퍼(좌측),교환,사이드범퍼(좌측) 교환
CAN-001166,판금/도장정비,판금(탈부착),사이드범퍼(좌측),탈착,사이드범퍼(좌측) 탈착
CAN-001167,소모품 및 하체정비,브레이크/타이어,사이드브레이크,교환,사이드브레이크 교환
CAN-001168,소모품 및 하체정비,브레이크/타이어,사이드브레이크,오버홀,사이드브레이크 오버홀
CAN-001169,소모품 및 하체정비,브레이크/타이어,사이드브레이크,탈착,사이드브레이크 탈착
CAN-001170,소모품 및 하체정비,브레이크/타이어,사이드 브레이크(족동식),교환,사이드 브레이크(족동식) 교환
CAN-001171,소모품 및 하체정비,브레이크/타이어,사이드 브레이크(족동식),탈착,사이드 브레이크(족동식) 탈착
CAN-001172,소모품 및 하체정비,브레이크/타이어,사이드 브레이크(핸드식),교환,사이드 브레이크(핸드식) 교환
CAN-001173,소모품 및 하체정비,브레이크/타이어,사이드 브레이크(핸드식),탈착,사이드 브레이크(핸드식) 탈착
CAN-001174,판금/도장정비,판금(탈부착),사이드 서포트 패널 (헤드램,교환,사이드 서포트 패널 (헤드램 교환
CAN-001175,판금/도장정비,판금(탈부착),사이드 서포트 패널 (헤드램,탈착,사이드 서포트 패널 (헤드램 탈착
CAN-001176,판금/도장정비,판금(탈부착),사이드서포트패널(헤드램프,교환,사이드서포트패널(헤드램프 교환
CAN-001177,판금/도장정비,판금(탈부착),사이드서포트패널(헤드램프,탈착,사이드서포트패널(헤드램프 탈착
CAN-001178,판금/도장정비,판금(탈부착),사이드 서포트 패널 (헤드램프패,교환,사이드 서포트 패널 (헤드램프패 교환
CAN-001179,판금/도장정비,판금(탈부착),사이드 서포트 패널 (헤드램프패,탈착,사이드 서포트 패널 (헤드램프패 탈착
CAN-001180,판금/도장정비,판금(탈부착),사이드서포트패널(헤드램프패널),교환,사이드서포트패널(헤드램프패널) 교환
CAN-001181,판금/도장정비,판금(탈부착),사이드서포트패널(헤드램프패널),탈착,사이드서포트패널(헤드램프패널) 탈착
CAN-001182,판금/도장정비,판금(탈부착),사이드스텝몰딩(우측),교환,사이드스텝몰딩(우측) 교환
CAN-001183,판금/도장정비,판금(탈부착),사이드스텝몰딩(우측),탈착,사이드스텝몰딩(우측) 탈착
CAN-001184,판금/도장정비,판금(탈부착),사이드스텝몰딩(좌측),교환,사이드스텝몰딩(좌측) 교환
CAN-001185,판금/도장정비,판금(탈부착),사이드스텝몰딩(좌측),탈착,사이드스텝몰딩(좌측) 탈착
CAN-001186,기능정비,엔진 부품,"사이드스텝(우,스텝분리형)",교환,"사이드스텝(우,스텝분리형) 교환"
CAN-001187,기능정비,엔진 부품,"사이드스텝(우,스텝분리형)",탈착,"사이드스텝(우,스텝분리형) 탈착"
CAN-001188,판금/도장정비,판금(탈부착),사이드 스텝 인너패널(우측),교환,사이드 스텝 인너패널(우측) 교환
CAN-001189,판금/도장정비,판금(탈부착),사이드 스텝 인너패널(좌측),교환,사이드 스텝 인너패널(좌측) 교환
CAN-001190,기능정비,엔진 부품,"사이드스텝(좌,스텝분리형)",교환,"사이드스텝(좌,스텝분리형) 교환"
CAN-001191,기능정비,엔진 부품,"사이드스텝(좌,스텝분리형)",탈착,"사이드스텝(좌,스텝분리형) 탈착"
CAN-001192,판금/도장정비,판금(탈부착),사이드스텝패널ASSY(우측),교환,사이드스텝패널ASSY(우측) 교환
CAN-001193,판금/도장정비,판금(탈부착),사이드스텝패널ASSY(좌측),교환,사이드스텝패널ASSY(좌측) 교환
CAN-001194,판금/도장정비,판금(탈부착),"사이드스텝패널(내측,우)",교환,"사이드스텝패널(내측,우) 교환"
CAN-001195,판금/도장정비,판금(탈부착),"사이드스텝패널(내측,좌)",교환,"사이드스텝패널(내측,좌) 교환"
CAN-001196,판금/도장정비,판금(탈부착),"사이드스텝패널(부분,외측,우)",교환,"사이드스텝패널(부분,외측,우) 교환"
CAN-001197,판금/도장정비,판금(탈부착),"사이드스텝패널(부분,외측,좌)",교환,"사이드스텝패널(부분,외측,좌) 교환"
CAN-001198,판금/도장정비,판금(탈부착),"사이드스텝패널(외측,우)",교환,"사이드스텝패널(외측,우) 교환"
CAN-001199,판금/도장정비,판금(탈부착),"사이드 스텝 패널(외측,우,부분)",교환,"사이드 스텝 패널(외측,우,부분) 교환"
CAN-001200,판금/도장정비,판금(탈부착),"사이드스텝패널(외측,좌)",교환,"사이드스텝패널(외측,좌) 교환"
CAN-001201,판금/도장정비,판금(탈부착),"사이드 스텝 패널(외측,좌,부분)",교환,"사이드 스텝 패널(외측,좌,부분) 교환"
CAN-001202,판금/도장정비,판금(탈부착),사이드스텝패널(우측),교환,사이드스텝패널(우측) 교환
CAN-001203,판금/도장정비,판금(탈부착),사이드스텝패널(좌측),교환,사이드스텝패널(좌측) 교환
CAN-001204,기능정비,엔진 부품,"사이드 스트럭쳐(우,외측)",교환,"사이드 스트럭쳐(우,외측) 교환"
CAN-001205,기능정비,엔진 부품,"사이드 스트럭쳐(우,일체)",교환,"사이드 스트럭쳐(우,일체) 교환"
CAN-001206,기능정비,엔진 부품,"사이드 스트럭쳐(좌,외측)",교환,"사이드 스트럭쳐(좌,외측) 교환"
CAN-001207,기능정비,엔진 부품,"사이드 스트럭쳐(좌,일체)",교환,"사이드 스트럭쳐(좌,일체) 교환"
CAN-001208,기능정비,엔진 부품,사이드 시일(우측),교환,사이드 시일(우측) 교환
CAN-001209,기능정비,엔진 부품,사이드 시일(좌측),교환,사이드 시일(좌측) 교환
CAN-001210,판금/도장정비,판금(탈부착),"사이드실 내측 패널(LH,탈부착 미포함)",교환/정비,"사이드실 내측 패널(LH,탈부착 미포함) 교환/정비"
CAN-001211,판금/도장정비,판금(탈부착),"사이드실 내측 패널(RH,탈부착 미포함)",교환/정비,"사이드실 내측 패널(RH,탈부착 미포함) 교환/정비"
CAN-001212,판금/도장정비,도장(색칠),사이드실 외측 패널(LH),도장,사이드실 외측 패널(LH) 도장
CAN-001213,판금/도장정비,판금(탈부착),"사이드실외측패널(LH,탈부착미포함)",교환/정비,"사이드실외측패널(LH,탈부착미포함) 교환/정비"
CAN-001214,판금/도장정비,도장(색칠),사이드실 외측 패널(RH),도장,사이드실 외측 패널(RH) 도장
CAN-001215,판금/도장정비,판금(탈부착),"사이드실외측패널(RH,탈부착미포함)",교환/정비,"사이드실외측패널(RH,탈부착미포함) 교환/정비"
CAN-001216,기능정비,엔진 부품,사이드씰(우측),교환,사이드씰(우측) 교환
CAN-001217,기능정비,엔진 부품,사이드씰(좌측),교환,사이드씰(좌측) 교환
CAN-001218,기능정비,에어컨,사이드 에어컨 콘덴사,교환,사이드 에어컨 콘덴사 교환
CAN-001219,기능정비,에어컨,사이드 에어컨 콘덴사,탈착,사이드 에어컨 콘덴사 탈착
CAN-001220,기능정비,엔진 부품,사이드 윈도우 필러 - 16개,교환,사이드 윈도우 필러 - 16개 교환
CAN-001221,기능정비,엔진 부품,사이드 윈도우 필러 - 1개,교환,사이드 윈도우 필러 - 1개 교환
CAN-001222,기능정비,엔진 부품,사이드 윈도우 필러 - 2개,교환,사이드 윈도우 필러 - 2개 교환
CAN-001223,기능정비,엔진 부품,사이드 윈도우 필러 - 4개,교환,사이드 윈도우 필러 - 4개 교환
CAN-001224,기능정비,엔진 부품,사이드 윈도우 필러 - 8개,교환,사이드 윈도우 필러 - 8개 교환
CAN-001225,기능정비,엔진 부품,사이드트림(우측),교환,사이드트림(우측) 교환
CAN-001226,기능정비,엔진 부품,사이드트림(우측),탈착,사이드트림(우측) 탈착
CAN-001227,기능정비,엔진 부품,사이드트림(좌측),교환,사이드트림(좌측) 교환
CAN-001228,기능정비,엔진 부품,사이드트림(좌측),탈착,사이드트림(좌측) 탈착
CAN-001229,판금/도장정비,판금(탈부착),사이드패널ASSY(우측),교환,사이드패널ASSY(우측) 교환
CAN-001230,판금/도장정비,판금(탈부착),사이드 패널 ASSY(우측)-뒤,교환,사이드 패널 ASSY(우측)-뒤 교환
CAN-001231,판금/도장정비,판금(탈부착),사이드 패널 ASSY(우측)-앞,교환,사이드 패널 ASSY(우측)-앞 교환
CAN-001232,판금/도장정비,판금(탈부착),사이드 패널 ASSY(좌측),교환,사이드 패널 ASSY(좌측) 교환
CAN-001233,판금/도장정비,판금(탈부착),"사이드패널(내측,우)",교환,"사이드패널(내측,우) 교환"
CAN-001234,판금/도장정비,판금(탈부착),"사이드패널(내측,좌)",교환,"사이드패널(내측,좌) 교환"
CAN-001235,판금/도장정비,판금(탈부착),"사이드패널(외측,우)",교환,"사이드패널(외측,우) 교환"
CAN-001236,판금/도장정비,판금(탈부착),"사이드패널(외측,좌)",교환,"사이드패널(외측,좌) 교환"
CAN-001237,기능정비,엔진 부품,"사이드 프레임ASSY(외측,우)",교환,"사이드 프레임ASSY(외측,우) 교환"
CAN-001238,기능정비,엔진 부품,"사이드 프레임ASSY(외측,좌)",교환,"사이드 프레임ASSY(외측,좌) 교환"
CAN-001239,기능정비,엔진 부품,"사이드 프레임ASSY(일체,우)",교환,"사이드 프레임ASSY(일체,우) 교환"
CAN-001240,기능정비,엔진 부품,"사이드 프레임ASSY(일체,좌)",교환,"사이드 프레임ASSY(일체,좌) 교환"
CAN-001241,기능정비,엔진 부품,"사이드프레임 ASSY(화물,우)",교환,"사이드프레임 ASSY(화물,우) 교환"
CAN-001242,기능정비,엔진 부품,"사이드프레임 ASSY(화물,좌)",교환,"사이드프레임 ASSY(화물,좌) 교환"
CAN-001243,판금/도장정비,판금(탈부착),"사이드프레임 내측패널(좌,승합)",교환,"사이드프레임 내측패널(좌,승합) 교환"
CAN-001244,기능정비,엔진 부품,"사이드 프레임(외측,우) II",교환,"사이드 프레임(외측,우) II 교환"
CAN-001245,기능정비,엔진 부품,"사이드 프레임(외측,우) I",교환,"사이드 프레임(외측,우) I 교환"
CAN-001246,기능정비,엔진 부품,"사이드 프레임(외측,좌) II",교환,"사이드 프레임(외측,좌) II 교환"
CAN-001247,기능정비,엔진 부품,"사이드 프레임(외측,좌) I",교환,"사이드 프레임(외측,좌) I 교환"
CAN-001248,판금/도장정비,판금(탈부착),"사이드프레임 외측패널(좌,승합)",교환,"사이드프레임 외측패널(좌,승합) 교환"
CAN-001249,기능정비,엔진 부품,"사이드 프레임(일체,우) II",교환,"사이드 프레임(일체,우) II 교환"
CAN-001250,기능정비,엔진 부품,"사이드 프레임(일체,우) I",교환,"사이드 프레임(일체,우) I 교환"
CAN-001251,기능정비,엔진 부품,"사이드 프레임(일체,좌) II",교환,"사이드 프레임(일체,좌) II 교환"
CAN-001252,기능정비,엔진 부품,"사이드 프레임(일체,좌) I",교환,"사이드 프레임(일체,좌) I 교환"
CAN-001253,기능정비,전기 및 램프,산소센서#2,교환,산소센서#2 교환
CAN-001254,기능정비,전기 및 램프,산소센서#2,탈착,산소센서#2 탈착
CAN-001255,기능정비,전기 및 램프,산소센서,교환,산소센서 교환
CAN-001256,기능정비,전기 및 램프,산소센서,탈착,산소센서 탈착
CAN-001257,기능정비,엔진 부품,상부레일(우측),교환,상부레일(우측) 교환
CAN-001258,기능정비,엔진 부품,상부레일(우측),탈착,상부레일(우측) 탈착
CAN-001259,기능정비,엔진 부품,상부레일(좌측),교환,상부레일(좌측) 교환
CAN-001260,기능정비,엔진 부품,상부레일(좌측),탈착,상부레일(좌측) 탈착
CAN-001261,기능정비,엔진 부품,샤크 안테나,교환,샤크 안테나 교환
CAN-001262,기능정비,엔진 부품,샤크 안테나,탈착,샤크 안테나 탈착
CAN-001263,기능정비,엔진 부품,서브 프레임ASSY,교환,서브 프레임ASSY 교환
CAN-001264,기능정비,엔진 부품,서브 프레임ASSY,탈착,서브 프레임ASSY 탈착
CAN-001265,소모품 및 하체정비,하체 부품,서스펜션 크로스멤버(4WD),교환,서스펜션 크로스멤버(4WD) 교환
CAN-001266,소모품 및 하체정비,하체 부품,서스펜션 크로스멤버(4WD),탈착,서스펜션 크로스멤버(4WD) 탈착
CAN-001267,소모품 및 하체정비,하체 부품,서스펜션 크로스멤버,교환,서스펜션 크로스멤버 교환
CAN-001268,소모품 및 하체정비,하체 부품,서스펜션 크로스멤버,탈착,서스펜션 크로스멤버 탈착
CAN-001269,판금/도장정비,판금(탈부착),서포트패널(지프),교환,서포트패널(지프) 교환
CAN-001270,판금/도장정비,판금(탈부착),선루프기구(전동식),교환,선루프기구(전동식) 교환
CAN-001271,판금/도장정비,판금(탈부착),선루프기구(전동식),탈착,선루프기구(전동식) 탈착
CAN-001272,판금/도장정비,판금(탈부착),선루프 레인포스먼트 ASSY,교환,선루프 레인포스먼트 ASSY 교환
CAN-001273,판금/도장정비,판금(탈부착),선루프 센터 레일,교환,선루프 센터 레일 교환
CAN-001274,판금/도장정비,판금(탈부착),선루프 어셈블리,교환/정비,선루프 어셈블리 교환/정비
CAN-001275,판금/도장정비,판금(탈부착),선루프 크로스레일 리인포스,교환,선루프 크로스레일 리인포스 교환
CAN-001276,기능정비,엔진 부품,선바이져(우측),교환,선바이져(우측) 교환
CAN-001277,기능정비,엔진 부품,선바이져(우측),탈착,선바이져(우측) 탈착
CAN-001278,기능정비,엔진 부품,선바이져(우측)-자동식,교환,선바이져(우측)-자동식 교환
CAN-001279,기능정비,엔진 부품,선바이져(우측)-자동식,탈착,선바이져(우측)-자동식 탈착
CAN-001280,기능정비,엔진 부품,선바이져(좌측),교환,선바이져(좌측) 교환
CAN-001281,기능정비,엔진 부품,선바이져(좌측),탈착,선바이져(좌측) 탈착
CAN-001282,기능정비,엔진 부품,선바이져(좌측)-자동식,교환,선바이져(좌측)-자동식 교환
CAN-001283,기능정비,엔진 부품,선바이져(좌측)-자동식,탈착,선바이져(좌측)-자동식 탈착
CAN-001284,기능정비,엔진 부품,선반(우측),교환,선반(우측) 교환
CAN-001285,기능정비,엔진 부품,선반(우측),탈착,선반(우측) 탈착
CAN-001286,기능정비,엔진 부품,선반(좌측),교환,선반(좌측) 교환
CAN-001287,기능정비,엔진 부품,선반(좌측),탈착,선반(좌측) 탈착
CAN-001288,기능정비,엔진 부품,센타스테이,교환,센타스테이 교환
CAN-001289,기능정비,엔진 부품,센타스테이,탈착,센타스테이 탈착
CAN-001290,판금/도장정비,판금(탈부착),센타플로어패널,교환,센타플로어패널 교환
CAN-001291,소모품 및 하체정비,하체 부품,센터멤버,교환,센터멤버 교환
CAN-001292,소모품 및 하체정비,하체 부품,센터멤버,탈착,센터멤버 탈착
CAN-001293,소모품 및 하체정비,하체 부품,센터 사이드멤버 ASSY(우측),교환,센터 사이드멤버 ASSY(우측) 교환
CAN-001294,소모품 및 하체정비,하체 부품,센터 사이드멤버 ASSY(좌측),교환,센터 사이드멤버 ASSY(좌측) 교환
CAN-001295,기능정비,엔진 부품,센터스테이,교환,센터스테이 교환
CAN-001296,기능정비,엔진 부품,센터스테이,탈착,센터스테이 탈착
CAN-001297,판금/도장정비,판금(탈부착),"센터외측필라어셈블리(LH,탈부착미포함)",교환/정비,"센터외측필라어셈블리(LH,탈부착미포함) 교환/정비"
CAN-001298,판금/도장정비,도장(색칠),"센터 외측 필라 어셈블리(LH,판금후)",도장,"센터 외측 필라 어셈블리(LH,판금후) 도장"
CAN-001299,판금/도장정비,판금(탈부착),"센터외측필라어셈블리(RH,탈부착미포함)",교환/정비,"센터외측필라어셈블리(RH,탈부착미포함) 교환/정비"
CAN-001300,판금/도장정비,도장(색칠),"센터 외측 필라 어셈블리(RH,판금후)",도장,"센터 외측 필라 어셈블리(RH,판금후) 도장"
CAN-001301,기능정비,엔진 부품,"센터 필러 ASSY(리무진형,우)",교환,"센터 필러 ASSY(리무진형,우) 교환"
CAN-001302,기능정비,엔진 부품,"센터 필러 ASSY(리무진형,좌)",교환,"센터 필러 ASSY(리무진형,좌) 교환"
CAN-001303,기능정비,엔진 부품,센터필러ASSY(우측),교환,센터필러ASSY(우측) 교환
CAN-001304,기능정비,엔진 부품,센터필러ASSY(좌측),교환,센터필러ASSY(좌측) 교환
CAN-001305,기능정비,엔진 부품,"센터필러(내측,우)",교환,"센터필러(내측,우) 교환"
CAN-001306,기능정비,엔진 부품,"센터필러(내측,좌)",교환,"센터필러(내측,좌) 교환"
CAN-001307,기능정비,엔진 부품,"센터필러(외측,우)",교환,"센터필러(외측,우) 교환"
CAN-001308,기능정비,엔진 부품,"센터 필러(외측,우,리무진형)",교환,"센터 필러(외측,우,리무진형) 교환"
CAN-001309,기능정비,엔진 부품,"센터 필러(외측,좌)",교환,"센터 필러(외측,좌) 교환"
CAN-001310,기능정비,엔진 부품,"센터 필러(외측,좌,리무진형)",교환,"센터 필러(외측,좌,리무진형) 교환"
CAN-001311,기능정비,엔진 부품,"센터 필러(인너,우)",교환,"센터 필러(인너,우) 교환"
CAN-001312,기능정비,엔진 부품,"센터 필러(인너,좌)",교환,"센터 필러(인너,좌) 교환"
CAN-001313,기능정비,엔진 부품,센터필러트림(우측),교환,센터필러트림(우측) 교환
CAN-001314,기능정비,엔진 부품,센터필러트림(우측),탈착,센터필러트림(우측) 탈착
CAN-001315,기능정비,엔진 부품,센터필러트림(좌측),교환,센터필러트림(좌측) 교환
CAN-001316,기능정비,엔진 부품,센터필러트림(좌측),탈착,센터필러트림(좌측) 탈착
CAN-001317,기능정비,엔진 부품,소음기,교환,소음기 교환
CAN-001318,기능정비,엔진 부품,소음기,탈착,소음기 탈착
CAN-001319,기능정비,엔진 부품,속도 표시등 - 1개,교환,속도 표시등 - 1개 교환
CAN-001320,기능정비,엔진 부품,속도 표시등 - 1개,탈착,속도 표시등 - 1개 탈착
CAN-001321,기능정비,엔진 부품,속도 표시등 - 2개,교환,속도 표시등 - 2개 교환
CAN-001322,기능정비,엔진 부품,속도 표시등 - 2개,탈착,속도 표시등 - 2개 탈착
CAN-001323,기능정비,엔진 부품,속도 표시등 - 4개,교환,속도 표시등 - 4개 교환
CAN-001324,기능정비,엔진 부품,속도 표시등 - 4개,탈착,속도 표시등 - 4개 탈착
CAN-001325,소모품 및 하체정비,소모품,쇼트엔진(LPi),교환,쇼트엔진(LPi) 교환
CAN-001326,소모품 및 하체정비,소모품,쇼트엔진(LPi),오버홀,쇼트엔진(LPi) 오버홀
CAN-001327,기능정비,엔진 부품,쇼트엔진,교환,쇼트엔진 교환
CAN-001328,기능정비,엔진 부품,"쇼트엔진(가솔린,LPG)",교환,"쇼트엔진(가솔린,LPG) 교환"
CAN-001329,기능정비,엔진 부품,"쇼트엔진(가솔린,LPG)",오버홀,"쇼트엔진(가솔린,LPG) 오버홀"
CAN-001330,기능정비,엔진 부품,쇼트엔진(디젤),교환,쇼트엔진(디젤) 교환
CAN-001331,기능정비,엔진 부품,쇼트엔진(디젤),오버홀,쇼트엔진(디젤) 오버홀
CAN-001332,기능정비,엔진 부품,쇽업쇼버(뒤.우),교환,쇽업쇼버(뒤.우) 교환
CAN-001333,기능정비,엔진 부품,쇽업쇼버(뒤.우),탈착,쇽업쇼버(뒤.우) 탈착
CAN-001334,기능정비,엔진 부품,쇽업쇼버(뒤.좌),교환,쇽업쇼버(뒤.좌) 교환
CAN-001335,기능정비,엔진 부품,쇽업쇼버(뒤.좌),탈착,쇽업쇼버(뒤.좌) 탈착
CAN-001336,기능정비,엔진 부품,쇽업쇼버(뒤우),교환,쇽업쇼버(뒤우) 교환
CAN-001337,기능정비,엔진 부품,쇽업쇼버(뒤우),탈착,쇽업쇼버(뒤우) 탈착
CAN-001338,기능정비,엔진 부품,쇽업쇼버(뒤좌),교환,쇽업쇼버(뒤좌) 교환
CAN-001339,기능정비,엔진 부품,쇽업쇼버(뒤좌),탈착,쇽업쇼버(뒤좌) 탈착
CAN-001340,기능정비,엔진 부품,쇽업쇼버(앞.우),교환,쇽업쇼버(앞.우) 교환
CAN-001341,기능정비,엔진 부품,쇽업쇼버(앞.우),탈착,쇽업쇼버(앞.우) 탈착
CAN-001342,기능정비,엔진 부품,쇽업쇼버(앞.좌),교환,쇽업쇼버(앞.좌) 교환
CAN-001343,기능정비,엔진 부품,쇽업쇼버(앞.좌),탈착,쇽업쇼버(앞.좌) 탈착
CAN-001344,기능정비,엔진 부품,쇽업쇼버(앞우),교환,쇽업쇼버(앞우) 교환
CAN-001345,기능정비,엔진 부품,쇽업쇼버(앞우),오버홀,쇽업쇼버(앞우) 오버홀
CAN-001346,기능정비,엔진 부품,쇽업쇼버(앞우),탈착,쇽업쇼버(앞우) 탈착
CAN-001347,기능정비,엔진 부품,쇽업쇼버(앞좌),교환,쇽업쇼버(앞좌) 교환
CAN-001348,기능정비,엔진 부품,쇽업쇼버(앞좌),오버홀,쇽업쇼버(앞좌) 오버홀
CAN-001349,기능정비,엔진 부품,쇽업쇼버(앞좌),탈착,쇽업쇼버(앞좌) 탈착
CAN-001350,기능정비,엔진 부품,수동 변속기 오일,교환/정비,수동 변속기 오일 교환/정비
CAN-001351,판금/도장정비,판금(탈부착),쉘프사이드패널(우측),교환,쉘프사이드패널(우측) 교환
CAN-001352,판금/도장정비,판금(탈부착),쉘프사이드패널(좌측),교환,쉘프사이드패널(좌측) 교환
CAN-001353,기능정비,엔진 부품,스로틀 바디 카본,청소,스로틀 바디 카본 청소
CAN-001354,기능정비,전기 및 램프,스마트크루즈 컨트롤 모듈,교환,스마트크루즈 컨트롤 모듈 교환
CAN-001355,기능정비,전기 및 램프,스마트크루즈 컨트롤 모듈,탈착,스마트크루즈 컨트롤 모듈 탈착
CAN-001356,판금/도장정비,판금(탈부착),스커트패널,교환,스커트패널 교환
CAN-001357,기능정비,엔진 부품,스타팅모터 ASSY,교환,스타팅모터 ASSY 교환
CAN-001358,기능정비,엔진 부품,스타팅모터 ASSY,탈착,스타팅모터 ASSY 탈착
CAN-001359,기능정비,엔진 부품,스타팅모터,교환,스타팅모터 교환
CAN-001360,기능정비,엔진 부품,스타팅모터,탈착,스타팅모터 탈착
CAN-001361,기능정비,엔진 부품,스테빌라이져(뒤),교환,스테빌라이져(뒤) 교환
CAN-001362,기능정비,엔진 부품,스테빌라이져(뒤),탈착,스테빌라이져(뒤) 탈착
CAN-001363,기능정비,엔진 부품,스테빌라이져(앞),교환,스테빌라이져(앞) 교환
CAN-001364,기능정비,엔진 부품,스테빌라이져(앞),탈착,스테빌라이져(앞) 탈착
CAN-001365,소모품 및 하체정비,하체 부품,스테이빌라이저링크어셈블리 (LH),교환/정비,스테이빌라이저링크어셈블리 (LH) 교환/정비
CAN-001366,소모품 및 하체정비,하체 부품,스테이빌라이저링크어셈블리 (RH),교환/정비,스테이빌라이저링크어셈블리 (RH) 교환/정비
CAN-001367,소모품 및 하체정비,하체 부품,스테이빌라이저 링크 어셈블리 (양쪽),교환/정비,스테이빌라이저 링크 어셈블리 (양쪽) 교환/정비
CAN-001368,소모품 및 하체정비,하체 부품,스테이빌라이저 바,교환/정비,스테이빌라이저 바 교환/정비
CAN-001369,소모품 및 하체정비,하체 부품,스테이빌라이저 바 부싱(양쪽),교환/정비,스테이빌라이저 바 부싱(양쪽) 교환/정비
CAN-001370,기능정비,엔진 부품,스텝 플레이트(우측),교환,스텝 플레이트(우측) 교환
CAN-001371,기능정비,엔진 부품,스텝 플레이트(우측),탈착,스텝 플레이트(우측) 탈착
CAN-001372,기능정비,엔진 부품,스텝 플레이트(좌측),교환,스텝 플레이트(좌측) 교환
CAN-001373,기능정비,엔진 부품,스텝 플레이트(좌측),탈착,스텝 플레이트(좌측) 탈착
CAN-001374,기능정비,전기 및 램프,스톱 램프 스위치 어셈블리,교환/정비,스톱 램프 스위치 어셈블리 교환/정비
CAN-001375,소모품 및 하체정비,하체 부품,"스트러트 어셈블리(RH,프론트쇽업소버)",교환/정비,"스트러트 어셈블리(RH,프론트쇽업소버) 교환/정비"
CAN-001376,소모품 및 하체정비,하체 부품,스트러트 어셈블리,교환/정비,스트러트 어셈블리 교환/정비
CAN-001377,소모품 및 하체정비,하체 부품,스트러트 어셈블리 (양쪽),교환/정비,스트러트 어셈블리 (양쪽) 교환/정비
CAN-001378,소모품 및 하체정비,하체 부품,스트러트 인슐레이터 어셈블리 (LH),교환/정비,스트러트 인슐레이터 어셈블리 (LH) 교환/정비
CAN-001379,소모품 및 하체정비,하체 부품,스트러트 인슐레이터 어셈블리 (RH),교환/정비,스트러트 인슐레이터 어셈블리 (RH) 교환/정비
CAN-001380,판금/도장정비,판금(탈부착),스트럿 하우징 패널(우측),교환,스트럿 하우징 패널(우측) 교환
CAN-001381,판금/도장정비,판금(탈부착),스트럿 하우징 패널(좌측),교환,스트럿 하우징 패널(좌측) 교환
CAN-001382,소모품 및 하체정비,하체 부품,스티어링 기어박스(매뉴얼),교환,스티어링 기어박스(매뉴얼) 교환
CAN-001383,소모품 및 하체정비,하체 부품,스티어링 기어박스(매뉴얼),탈착,스티어링 기어박스(매뉴얼) 탈착
CAN-001384,소모품 및 하체정비,하체 부품,스티어링 기어박스(파워),교환,스티어링 기어박스(파워) 교환
CAN-001385,소모품 및 하체정비,하체 부품,스티어링 기어박스(파워),탈착,스티어링 기어박스(파워) 탈착
CAN-001386,소모품 및 하체정비,하체 부품,스티어링 링케이지,교환,스티어링 링케이지 교환
CAN-001387,소모품 및 하체정비,하체 부품,스티어링 링케이지,탈착,스티어링 링케이지 탈착
CAN-001388,소모품 및 하체정비,하체 부품,스티어링 오일 파이프#1,교환,스티어링 오일 파이프#1 교환
CAN-001389,소모품 및 하체정비,하체 부품,스티어링 오일 파이프#1,탈착,스티어링 오일 파이프#1 탈착
CAN-001390,소모품 및 하체정비,하체 부품,스티어링 오일 파이프#2,교환,스티어링 오일 파이프#2 교환
CAN-001391,소모품 및 하체정비,하체 부품,스티어링 오일 파이프#2,탈착,스티어링 오일 파이프#2 탈착
CAN-001392,소모품 및 하체정비,하체 부품,스티어링 오일 파이프#3,교환,스티어링 오일 파이프#3 교환
CAN-001393,소모품 및 하체정비,하체 부품,스티어링 오일 파이프#3,탈착,스티어링 오일 파이프#3 탈착
CAN-001394,소모품 및 하체정비,하체 부품,스티어링 오일 파이프#4,교환,스티어링 오일 파이프#4 교환
CAN-001395,소모품 및 하체정비,하체 부품,스티어링 오일 파이프#4,탈착,스티어링 오일 파이프#4 탈착
CAN-001396,소모품 및 하체정비,하체 부품,스티어링 컬럼ASSY(EPS),교환,스티어링 컬럼ASSY(EPS) 교환
CAN-001397,소모품 및 하체정비,하체 부품,스티어링 컬럼ASSY(EPS),탈착,스티어링 컬럼ASSY(EPS) 탈착
CAN-001398,소모품 및 하체정비,하체 부품,스티어링 컬럼ASSY(MDPS),교환,스티어링 컬럼ASSY(MDPS) 교환
CAN-001399,소모품 및 하체정비,하체 부품,스티어링 컬럼ASSY(MDPS),탈착,스티어링 컬럼ASSY(MDPS) 탈착
CAN-001400,소모품 및 하체정비,하체 부품,스티어링컬럼ASSY,교환,스티어링컬럼ASSY 교환
CAN-001401,소모품 및 하체정비,하체 부품,스티어링컬럼ASSY,탈착,스티어링컬럼ASSY 탈착
CAN-001402,소모품 및 하체정비,하체 부품,스티어링 컬럼커버,교환,스티어링 컬럼커버 교환
CAN-001403,소모품 및 하체정비,하체 부품,스티어링 컬럼커버,탈착,스티어링 컬럼커버 탈착
CAN-001404,소모품 및 하체정비,하체 부품,스티어링 파워 펌프,교환,스티어링 파워 펌프 교환
CAN-001405,소모품 및 하체정비,하체 부품,스티어링 파워 펌프,탈착,스티어링 파워 펌프 탈착
CAN-001406,소모품 및 하체정비,하체 부품,스티어링휠,교환,스티어링휠 교환
CAN-001407,소모품 및 하체정비,하체 부품,스티어링휠,탈착,스티어링휠 탈착
CAN-001408,기능정비,엔진 부품,스티프너 ASSY,교환,스티프너 ASSY 교환
CAN-001409,기능정비,엔진 부품,스티프너 ASSY,탈착,스티프너 ASSY 탈착
CAN-001410,기능정비,엔진 부품,스티프너(로어),교환,스티프너(로어) 교환
CAN-001411,기능정비,엔진 부품,스티프너(로어),탈착,스티프너(로어) 탈착
CAN-001412,기능정비,엔진 부품,스티프너(어퍼),교환,스티프너(어퍼) 교환
CAN-001413,기능정비,엔진 부품,스티프너(어퍼),탈착,스티프너(어퍼) 탈착
CAN-001414,기능정비,엔진 부품,스티프너(하이),교환,스티프너(하이) 교환
CAN-001415,기능정비,엔진 부품,스티프너(하이),탈착,스티프너(하이) 탈착
CAN-001416,기능정비,엔진 부품,스파크 플러그 어셈블리 (전체),교환/정비,스파크 플러그 어셈블리 (전체) 교환/정비
CAN-001417,소모품 및 하체정비,브레이크/타이어,스페어타이어 캐리어#2,교환,스페어타이어 캐리어#2 교환
CAN-001418,소모품 및 하체정비,브레이크/타이어,스페어타이어 캐리어#2,탈착,스페어타이어 캐리어#2 탈착
CAN-001419,소모품 및 하체정비,브레이크/타이어,스페어타이어 캐리어,교환,스페어타이어 캐리어 교환
CAN-001420,소모품 및 하체정비,브레이크/타이어,스페어타이어 캐리어,탈착,스페어타이어 캐리어 탈착
CAN-001421,소모품 및 하체정비,브레이크/타이어,스페어타이어 캐리어(용접식),교환,스페어타이어 캐리어(용접식) 교환
CAN-001422,소모품 및 하체정비,브레이크/타이어,스페어타이어 캐리어(용접식),탈착,스페어타이어 캐리어(용접식) 탈착
CAN-001423,기능정비,엔진 부품,스포일러,교환,스포일러 교환
CAN-001424,기능정비,엔진 부품,스포일러,탈착,스포일러 탈착
CAN-001425,기능정비,전기 및 램프,스피드 인디케이터램프(속도등),교환,스피드 인디케이터램프(속도등) 교환
CAN-001426,기능정비,전기 및 램프,스피드 인디케이터램프(속도등),탈착,스피드 인디케이터램프(속도등) 탈착
CAN-001427,판금/도장정비,판금(탈부착),"슬라이딩 도어레일(로워,우)",교환,"슬라이딩 도어레일(로워,우) 교환"
CAN-001428,판금/도장정비,판금(탈부착),"슬라이딩 도어레일(로워,우)",탈착,"슬라이딩 도어레일(로워,우) 탈착"
CAN-001429,판금/도장정비,판금(탈부착),"슬라이딩 도어레일(로워,좌)",교환,"슬라이딩 도어레일(로워,좌) 교환"
CAN-001430,판금/도장정비,판금(탈부착),"슬라이딩 도어레일(로워,좌)",탈착,"슬라이딩 도어레일(로워,좌) 탈착"
CAN-001431,판금/도장정비,판금(탈부착),"슬라이딩 도어레일(센터,우)",교환,"슬라이딩 도어레일(센터,우) 교환"
CAN-001432,판금/도장정비,판금(탈부착),"슬라이딩 도어레일(센터,우)",탈착,"슬라이딩 도어레일(센터,우) 탈착"
CAN-001433,판금/도장정비,판금(탈부착),"슬라이딩 도어레일(센터,좌)",교환,"슬라이딩 도어레일(센터,좌) 교환"
CAN-001434,판금/도장정비,판금(탈부착),"슬라이딩 도어레일(센터,좌)",탈착,"슬라이딩 도어레일(센터,좌) 탈착"
CAN-001435,판금/도장정비,판금(탈부착),"슬라이딩 도어레일(어퍼,우)",교환,"슬라이딩 도어레일(어퍼,우) 교환"
CAN-001436,판금/도장정비,판금(탈부착),"슬라이딩 도어레일(어퍼,우)",탈착,"슬라이딩 도어레일(어퍼,우) 탈착"
CAN-001437,판금/도장정비,판금(탈부착),"슬라이딩 도어레일(어퍼,좌)",교환,"슬라이딩 도어레일(어퍼,좌) 교환"
CAN-001438,판금/도장정비,판금(탈부착),"슬라이딩 도어레일(어퍼,좌)",탈착,"슬라이딩 도어레일(어퍼,좌) 탈착"
CAN-001439,판금/도장정비,판금(탈부착),슬라이딩도어레일(우측),교환,슬라이딩도어레일(우측) 교환
CAN-001440,판금/도장정비,판금(탈부착),슬라이딩도어레일(우측),탈착,슬라이딩도어레일(우측) 탈착
CAN-001441,판금/도장정비,판금(탈부착),슬라이딩도어레일(좌측),교환,슬라이딩도어레일(좌측) 교환
CAN-001442,판금/도장정비,판금(탈부착),슬라이딩도어레일(좌측),탈착,슬라이딩도어레일(좌측) 탈착
CAN-001443,판금/도장정비,판금(탈부착),슬라이딩 도어레일 커버(우측),교환,슬라이딩 도어레일 커버(우측) 교환
CAN-001444,판금/도장정비,판금(탈부착),슬라이딩 도어레일 커버(우측),탈착,슬라이딩 도어레일 커버(우측) 탈착
CAN-001445,판금/도장정비,판금(탈부착),슬라이딩 도어레일 커버(좌측),교환,슬라이딩 도어레일 커버(좌측) 교환
CAN-001446,판금/도장정비,판금(탈부착),슬라이딩 도어레일 커버(좌측),탈착,슬라이딩 도어레일 커버(좌측) 탈착
CAN-001447,판금/도장정비,판금(탈부착),슬라이딩도어(우측),교환,슬라이딩도어(우측) 교환
CAN-001448,판금/도장정비,판금(탈부착),슬라이딩도어(우측),오버홀,슬라이딩도어(우측) 오버홀
CAN-001449,판금/도장정비,판금(탈부착),슬라이딩도어(우측),탈착,슬라이딩도어(우측) 탈착
CAN-001450,판금/도장정비,판금(탈부착),슬라이딩도어(좌측),교환,슬라이딩도어(좌측) 교환
CAN-001451,판금/도장정비,판금(탈부착),슬라이딩도어(좌측),오버홀,슬라이딩도어(좌측) 오버홀
CAN-001452,판금/도장정비,판금(탈부착),슬라이딩도어(좌측),탈착,슬라이딩도어(좌측) 탈착
CAN-001453,판금/도장정비,판금(탈부착),슬라이딩 로워레일 패널(우측),교환,슬라이딩 로워레일 패널(우측) 교환
CAN-001454,판금/도장정비,판금(탈부착),슬라이딩 로워레일 패널(좌측),교환,슬라이딩 로워레일 패널(좌측) 교환
CAN-001455,기능정비,엔진 부품,슬라이딩 파워 액츄에이터(우측),교환,슬라이딩 파워 액츄에이터(우측) 교환
CAN-001456,기능정비,엔진 부품,슬라이딩 파워 액츄에이터(우측),탈착,슬라이딩 파워 액츄에이터(우측) 탈착
CAN-001457,기능정비,엔진 부품,슬라이딩 파워 액츄에이터(좌측),교환,슬라이딩 파워 액츄에이터(좌측) 교환
CAN-001458,기능정비,엔진 부품,슬라이딩 파워 액츄에이터(좌측),탈착,슬라이딩 파워 액츄에이터(좌측) 탈착
CAN-001459,판금/도장정비,판금(탈부착),승강구 도어 실린더,교환,승강구 도어 실린더 교환
CAN-001460,판금/도장정비,판금(탈부착),승강구 도어 실린더,탈착,승강구 도어 실린더 탈착
CAN-001461,판금/도장정비,판금(탈부착),승강구 도어 실린더-스윙식,교환,승강구 도어 실린더-스윙식 교환
CAN-001462,판금/도장정비,판금(탈부착),승강구 도어 실린더-스윙식,탈착,승강구 도어 실린더-스윙식 탈착
CAN-001463,기능정비,엔진 부품,승강구 상유리(끼움식),교환,승강구 상유리(끼움식) 교환
CAN-001464,기능정비,엔진 부품,승강구 상유리(끼움식),탈착,승강구 상유리(끼움식) 탈착
CAN-001465,기능정비,엔진 부품,승강구 상유리(접착식),교환,승강구 상유리(접착식) 교환
CAN-001466,기능정비,엔진 부품,승강구 상유리(접착식),탈착,승강구 상유리(접착식) 탈착
CAN-001467,판금/도장정비,판금(탈부착),승강구(스윙)도어 ASSY,교환,승강구(스윙)도어 ASSY 교환
CAN-001468,판금/도장정비,판금(탈부착),승강구(스윙)도어 ASSY,오버홀,승강구(스윙)도어 ASSY 오버홀
CAN-001469,판금/도장정비,판금(탈부착),승강구(스윙)도어 ASSY,탈착,승강구(스윙)도어 ASSY 탈착
CAN-001470,판금/도장정비,판금(탈부착),승강구 스텝패널(뒤),교환,승강구 스텝패널(뒤) 교환
CAN-001471,판금/도장정비,판금(탈부착),승강구 스텝패널(뒤)-스텐레,교환,승강구 스텝패널(뒤)-스텐레 교환
CAN-001472,판금/도장정비,판금(탈부착),승강구 스텝패널(앞),교환,승강구 스텝패널(앞) 교환
CAN-001473,판금/도장정비,판금(탈부착),승강구 스텝패널(앞)-스텐레,교환,승강구 스텝패널(앞)-스텐레 교환
CAN-001474,판금/도장정비,판금(탈부착),승강구 스텝패널(앞)-스텐레스,교환,승강구 스텝패널(앞)-스텐레스 교환
CAN-001475,판금/도장정비,판금(탈부착),승강구 (슬라이딩) 도어 A'ss,교환,승강구 (슬라이딩) 도어 A'ss 교환
CAN-001476,판금/도장정비,판금(탈부착),승강구 (슬라이딩) 도어 A'ss,오버홀,승강구 (슬라이딩) 도어 A'ss 오버홀
CAN-001477,판금/도장정비,판금(탈부착),승강구 (슬라이딩) 도어 A'ss,탈착,승강구 (슬라이딩) 도어 A'ss 탈착
CAN-001478,기능정비,엔진 부품,"승강구슬라이딩유리(상,끼움)",교환,"승강구슬라이딩유리(상,끼움) 교환"
CAN-001479,기능정비,엔진 부품,"승강구슬라이딩유리(상,끼움)",탈착,"승강구슬라이딩유리(상,끼움) 탈착"
CAN-001480,기능정비,엔진 부품,"승강구슬라이딩유리(상,접착)",교환,"승강구슬라이딩유리(상,접착) 교환"
CAN-001481,기능정비,엔진 부품,"승강구슬라이딩유리(상,접착)",탈착,"승강구슬라이딩유리(상,접착) 탈착"
CAN-001482,기능정비,엔진 부품,"승강구슬라이딩유리(하,끼움)",교환,"승강구슬라이딩유리(하,끼움) 교환"
CAN-001483,기능정비,엔진 부품,"승강구슬라이딩유리(하,끼움)",탈착,"승강구슬라이딩유리(하,끼움) 탈착"
CAN-001484,기능정비,엔진 부품,"승강구슬라이딩유리(하,접착)",교환,"승강구슬라이딩유리(하,접착) 교환"
CAN-001485,기능정비,엔진 부품,"승강구슬라이딩유리(하,접착)",탈착,"승강구슬라이딩유리(하,접착) 탈착"
CAN-001486,기능정비,엔진 부품,"승강구 유리(저상버스,1개)",교환,"승강구 유리(저상버스,1개) 교환"
CAN-001487,기능정비,엔진 부품,"승강구 유리(저상버스,1개)",탈착,"승강구 유리(저상버스,1개) 탈착"
CAN-001488,기능정비,엔진 부품,"승강구 유리(저상버스,2개)",교환,"승강구 유리(저상버스,2개) 교환"
CAN-001489,기능정비,엔진 부품,"승강구 유리(저상버스,2개)",탈착,"승강구 유리(저상버스,2개) 탈착"
CAN-001490,기능정비,엔진 부품,"승강구 유리(저상버스,4개)",교환,"승강구 유리(저상버스,4개) 교환"
CAN-001491,기능정비,엔진 부품,"승강구 유리(저상버스,4개)",탈착,"승강구 유리(저상버스,4개) 탈착"
CAN-001492,기능정비,엔진 부품,"승강구 접이식유리(뒤,끼움)",교환,"승강구 접이식유리(뒤,끼움) 교환"
CAN-001493,기능정비,엔진 부품,"승강구 접이식유리(뒤,끼움)",탈착,"승강구 접이식유리(뒤,끼움) 탈착"
CAN-001494,기능정비,엔진 부품,"승강구 접이식유리(뒤,접착)",교환,"승강구 접이식유리(뒤,접착) 교환"
CAN-001495,기능정비,엔진 부품,"승강구 접이식유리(뒤,접착)",탈착,"승강구 접이식유리(뒤,접착) 탈착"
CAN-001496,기능정비,엔진 부품,"승강구 접이식유리(앞,끼움)",교환,"승강구 접이식유리(앞,끼움) 교환"
CAN-001497,기능정비,엔진 부품,"승강구 접이식유리(앞,끼움)",탈착,"승강구 접이식유리(앞,끼움) 탈착"
CAN-001498,기능정비,엔진 부품,"승강구 접이식유리(앞,접착)",교환,"승강구 접이식유리(앞,접착) 교환"
CAN-001499,기능정비,엔진 부품,"승강구 접이식유리(앞,접착)",탈착,"승강구 접이식유리(앞,접착) 탈착"
CAN-001500,기능정비,전기 및 램프,시그널램프(우측),교환,시그널램프(우측) 교환
CAN-001501,기능정비,전기 및 램프,시그널램프(우측),탈착,시그널램프(우측) 탈착
CAN-001502,기능정비,전기 및 램프,시그널램프(좌측),교환,시그널램프(좌측) 교환
CAN-001503,기능정비,전기 및 램프,시그널램프(좌측),탈착,시그널램프(좌측) 탈착
CAN-001504,기능정비,엔진 부품,시트기어(16개),교환,시트기어(16개) 교환
CAN-001505,기능정비,엔진 부품,시트기어(16개),탈착,시트기어(16개) 탈착
CAN-001506,기능정비,엔진 부품,시트기어(1개),교환,시트기어(1개) 교환
CAN-001507,기능정비,엔진 부품,시트기어(1개),탈착,시트기어(1개) 탈착
CAN-001508,기능정비,엔진 부품,시트기어(2개),교환,시트기어(2개) 교환
CAN-001509,기능정비,엔진 부품,시트기어(2개),탈착,시트기어(2개) 탈착
CAN-001510,기능정비,엔진 부품,시트기어(32개),교환,시트기어(32개) 교환
CAN-001511,기능정비,엔진 부품,시트기어(32개),탈착,시트기어(32개) 탈착
CAN-001512,기능정비,엔진 부품,시트기어(4개),교환,시트기어(4개) 교환
CAN-001513,기능정비,엔진 부품,시트기어(4개),탈착,시트기어(4개) 탈착
CAN-001514,기능정비,엔진 부품,시트기어(8개),교환,시트기어(8개) 교환
CAN-001515,기능정비,엔진 부품,시트기어(8개),탈착,시트기어(8개) 탈착
CAN-001516,기능정비,엔진 부품,시트기어(우측),교환,시트기어(우측) 교환
CAN-001517,기능정비,엔진 부품,시트기어(우측),탈착,시트기어(우측) 탈착
CAN-001518,기능정비,엔진 부품,시트기어(좌측),교환,시트기어(좌측) 교환
CAN-001519,기능정비,엔진 부품,시트기어(좌측),탈착,시트기어(좌측) 탈착
CAN-001520,기능정비,엔진 부품,시트(운전석),교환,시트(운전석) 교환
CAN-001521,기능정비,엔진 부품,시트(운전석),탈착,시트(운전석) 탈착
CAN-001522,기능정비,엔진 부품,실내내장-16장,교환,실내내장-16장 교환
CAN-001523,기능정비,엔진 부품,실내내장-16장,탈착,실내내장-16장 탈착
CAN-001524,기능정비,엔진 부품,실내내장-1장,교환,실내내장-1장 교환
CAN-001525,기능정비,엔진 부품,실내내장-1장,탈착,실내내장-1장 탈착
CAN-001526,기능정비,엔진 부품,실내내장-2장,교환,실내내장-2장 교환
CAN-001527,기능정비,엔진 부품,실내내장-2장,탈착,실내내장-2장 탈착
CAN-001528,기능정비,엔진 부품,실내내장-4장,교환,실내내장-4장 교환
CAN-001529,기능정비,엔진 부품,실내내장-4장,탈착,실내내장-4장 탈착
CAN-001530,기능정비,엔진 부품,실내내장-8장,교환,실내내장-8장 교환
CAN-001531,기능정비,엔진 부품,실내내장-8장,탈착,실내내장-8장 탈착
CAN-001532,기능정비,전기 및 램프,실내룸 배선,교환,실내룸 배선 교환
CAN-001533,기능정비,전기 및 램프,실내룸 배선,탈착,실내룸 배선 탈착
CAN-001534,기능정비,전기 및 램프,실내룸 배선(우측),교환,실내룸 배선(우측) 교환
CAN-001535,기능정비,전기 및 램프,실내룸 배선(우측),탈착,실내룸 배선(우측) 탈착
CAN-001536,기능정비,전기 및 램프,실내룸 배선(좌측),교환,실내룸 배선(좌측) 교환
CAN-001537,기능정비,전기 및 램프,실내룸 배선(좌측),탈착,실내룸 배선(좌측) 탈착
CAN-001538,기능정비,엔진 부품,실내바닥(뒤),교환,실내바닥(뒤) 교환
CAN-001539,기능정비,엔진 부품,실내바닥(앞),교환,실내바닥(앞) 교환
CAN-001540,기능정비,엔진 부품,"실내바닥 언더커버(뒤,우)",교환,"실내바닥 언더커버(뒤,우) 교환"
CAN-001541,기능정비,엔진 부품,"실내바닥 언더커버(뒤,우)",탈착,"실내바닥 언더커버(뒤,우) 탈착"
CAN-001542,기능정비,엔진 부품,"실내바닥 언더커버(뒤,좌)",교환,"실내바닥 언더커버(뒤,좌) 교환"
CAN-001543,기능정비,엔진 부품,"실내바닥 언더커버(뒤,좌)",탈착,"실내바닥 언더커버(뒤,좌) 탈착"
CAN-001544,기능정비,엔진 부품,"실내바닥 언더커버(앞,우)",교환,"실내바닥 언더커버(앞,우) 교환"
CAN-001545,기능정비,엔진 부품,"실내바닥 언더커버(앞,우)",탈착,"실내바닥 언더커버(앞,우) 탈착"
CAN-001546,기능정비,엔진 부품,"실내바닥 언더커버(앞,좌)",교환,"실내바닥 언더커버(앞,좌) 교환"
CAN-001547,기능정비,엔진 부품,"실내바닥 언더커버(앞,좌)",탈착,"실내바닥 언더커버(앞,좌) 탈착"
CAN-001548,기능정비,엔진 부품,실내바닥 언더커버(우측),교환,실내바닥 언더커버(우측) 교환
CAN-001549,기능정비,엔진 부품,실내바닥 언더커버(우측),탈착,실내바닥 언더커버(우측) 탈착
CAN-001550,기능정비,엔진 부품,실내바닥 언더커버(좌측),교환,실내바닥 언더커버(좌측) 교환
CAN-001551,기능정비,엔진 부품,실내바닥 언더커버(좌측),탈착,실내바닥 언더커버(좌측) 탈착
CAN-001552,기능정비,엔진 부품,실린더헤드(DOHC),교환,실린더헤드(DOHC) 교환
CAN-001553,기능정비,엔진 부품,실린더헤드(DOHC),오버홀,실린더헤드(DOHC) 오버홀
CAN-001554,기능정비,엔진 부품,실린더헤드(DOHC),탈착,실린더헤드(DOHC) 탈착
CAN-001555,기능정비,엔진 부품,실린더헤드(SOHC),교환,실린더헤드(SOHC) 교환
CAN-001556,기능정비,엔진 부품,실린더헤드(SOHC),오버홀,실린더헤드(SOHC) 오버홀
CAN-001557,기능정비,엔진 부품,실린더헤드(SOHC),탈착,실린더헤드(SOHC) 탈착
CAN-001558,기능정비,엔진 부품,"실린더헤드(V8,#1)",교환,"실린더헤드(V8,#1) 교환"
CAN-001559,기능정비,엔진 부품,"실린더헤드(V8,#1)",오버홀,"실린더헤드(V8,#1) 오버홀"
CAN-001560,기능정비,엔진 부품,"실린더헤드(V8,#1)",탈착,"실린더헤드(V8,#1) 탈착"
CAN-001561,기능정비,엔진 부품,"실린더헤드(V8,#2)",교환,"실린더헤드(V8,#2) 교환"
CAN-001562,기능정비,엔진 부품,"실린더헤드(V8,#2)",탈착,"실린더헤드(V8,#2) 탈착"
CAN-001563,기능정비,엔진 부품,"실린더헤드(V형,#1)",교환,"실린더헤드(V형,#1) 교환"
CAN-001564,기능정비,엔진 부품,"실린더헤드(V형,#1)",오버홀,"실린더헤드(V형,#1) 오버홀"
CAN-001565,기능정비,엔진 부품,"실린더헤드(V형,#1)",탈착,"실린더헤드(V형,#1) 탈착"
CAN-001566,기능정비,엔진 부품,"실린더헤드(V형,#2)",교환,"실린더헤드(V형,#2) 교환"
CAN-001567,기능정비,엔진 부품,"실린더헤드(V형,#2)",오버홀,"실린더헤드(V형,#2) 오버홀"
CAN-001568,기능정비,엔진 부품,"실린더헤드(V형,#2)",탈착,"실린더헤드(V형,#2) 탈착"
CAN-001569,기능정비,엔진 부품,실린더헤드(V형),오버홀,실린더헤드(V형) 오버홀
CAN-001570,기능정비,엔진 부품,실린더헤드(V형엔진),오버홀,실린더헤드(V형엔진) 오버홀
CAN-001571,기능정비,엔진 부품,실린더헤드,교환,실린더헤드 교환
CAN-001572,기능정비,엔진 부품,실린더헤드,오버홀,실린더헤드 오버홀
CAN-001573,기능정비,엔진 부품,실린더헤드,탈착,실린더헤드 탈착
CAN-001574,기능정비,엔진 부품,"실린더헤드(가솔린,LPG)",교환,"실린더헤드(가솔린,LPG) 교환"
CAN-001575,기능정비,엔진 부품,"실린더헤드(가솔린,LPG)",오버홀,"실린더헤드(가솔린,LPG) 오버홀"
CAN-001576,기능정비,엔진 부품,"실린더헤드(가솔린,LPG)",탈착,"실린더헤드(가솔린,LPG) 탈착"
CAN-001577,기능정비,엔진 부품,실린더헤드(가솔린),교환,실린더헤드(가솔린) 교환
CAN-001578,기능정비,엔진 부품,실린더헤드(가솔린),오버홀,실린더헤드(가솔린) 오버홀
CAN-001579,기능정비,엔진 부품,실린더헤드(가솔린),탈착,실린더헤드(가솔린) 탈착
CAN-001580,기능정비,엔진 부품,실린더헤드(디젤),교환,실린더헤드(디젤) 교환
CAN-001581,기능정비,엔진 부품,실린더헤드(디젤),오버홀,실린더헤드(디젤) 오버홀
CAN-001582,기능정비,엔진 부품,실린더헤드(디젤),탈착,실린더헤드(디젤) 탈착
CAN-001583,기능정비,엔진 부품,실린더 헤드 커버,교환,실린더 헤드 커버 교환
CAN-001584,기능정비,엔진 부품,실린더 헤드 커버,탈착,실린더 헤드 커버 탈착
CAN-001585,기능정비,엔진 부품,실린더 헤드 커버(우측),교환,실린더 헤드 커버(우측) 교환
CAN-001586,기능정비,엔진 부품,실린더 헤드 커버(우측),탈착,실린더 헤드 커버(우측) 탈착
CAN-001587,기능정비,엔진 부품,실린더 헤드 커버(좌측),교환,실린더 헤드 커버(좌측) 교환
CAN-001588,기능정비,엔진 부품,실린더 헤드 커버(좌측),탈착,실린더 헤드 커버(좌측) 탈착
CAN-001589,기능정비,엔진 부품,써머스탯 하우징,교환,써머스탯 하우징 교환
CAN-001590,기능정비,엔진 부품,써머스탯 하우징,탈착,써머스탯 하우징 탈착
CAN-001591,기능정비,엔진 부품,씨피에프 컨버터,교환,씨피에프 컨버터 교환
CAN-001592,기능정비,엔진 부품,씨피에프 컨버터,탈착,씨피에프 컨버터 탈착
CAN-001593,기능정비,엔진 부품,아웃벨트 아이들 풀리 브라켓(디,교환,아웃벨트 아이들 풀리 브라켓(디 교환
CAN-001594,기능정비,엔진 부품,아웃벨트 아이들 풀리 브라켓(디,탈착,아웃벨트 아이들 풀리 브라켓(디 탈착
CAN-001595,기능정비,엔진 부품,아웃벨트 오토텐셔너,교환,아웃벨트 오토텐셔너 교환
CAN-001596,기능정비,엔진 부품,아웃벨트 오토텐셔너,탈착,아웃벨트 오토텐셔너 탈착
CAN-001597,기능정비,전기 및 램프,아웃사이드 리어 뷰 리모트 컨트롤 미러(RH),교환/정비,아웃사이드 리어 뷰 리모트 컨트롤 미러(RH) 교환/정비
CAN-001598,판금/도장정비,판금(탈부착),아웃사이드 리어 뷰 리모트 컨트롤 미러 어셈블리,교환/정비,아웃사이드 리어 뷰 리모트 컨트롤 미러 어셈블리 교환/정비
CAN-001599,판금/도장정비,도장(색칠),"아웃사이드 리어 뷰 미러 (LH,탈거된상태)",도장,"아웃사이드 리어 뷰 미러 (LH,탈거된상태) 도장"
CAN-001600,기능정비,전기 및 램프,아웃사이드 리어 뷰 미러 및 홀더 어셈블리 (LH),교환/정비,아웃사이드 리어 뷰 미러 및 홀더 어셈블리 (LH) 교환/정비
CAN-001601,기능정비,전기 및 램프,아웃사이드 리어 뷰 미러 및 홀더 어셈블리 (RH),교환/정비,아웃사이드 리어 뷰 미러 및 홀더 어셈블리 (RH) 교환/정비
CAN-001602,기능정비,전기 및 램프,아웃사이드리어뷰미러어셈블리(LH) - -,교환/정비,아웃사이드리어뷰미러어셈블리(LH) - - 교환/정비
CAN-001603,기능정비,전기 및 램프,아웃사이드리어뷰미러어셈블리(RH) - -,교환/정비,아웃사이드리어뷰미러어셈블리(RH) - - 교환/정비
CAN-001604,기능정비,엔진 부품,악셀레이터 패달,교환,악셀레이터 패달 교환
CAN-001605,기능정비,엔진 부품,악셀레이터 패달,탈착,악셀레이터 패달 탈착
CAN-001606,기능정비,엔진 부품,악셀레이터 페달,교환,악셀레이터 페달 교환
CAN-001607,기능정비,엔진 부품,악셀레이터 페달,탈착,악셀레이터 페달 탈착
CAN-001608,기능정비,엔진 부품,안전밸트(16개),교환,안전밸트(16개) 교환
CAN-001609,기능정비,엔진 부품,안전밸트(16개),탈착,안전밸트(16개) 탈착
CAN-001610,기능정비,엔진 부품,안전밸트(1개),교환,안전밸트(1개) 교환
CAN-001611,기능정비,엔진 부품,안전밸트(1개),탈착,안전밸트(1개) 탈착
CAN-001612,기능정비,엔진 부품,안전밸트(2개),교환,안전밸트(2개) 교환
CAN-001613,기능정비,엔진 부품,안전밸트(2개),탈착,안전밸트(2개) 탈착
CAN-001614,기능정비,엔진 부품,"안전밸트(2열,우)",교환,"안전밸트(2열,우) 교환"
CAN-001615,기능정비,엔진 부품,"안전밸트(2열,우)",탈착,"안전밸트(2열,우) 탈착"
CAN-001616,기능정비,엔진 부품,"안전밸트(2열,좌)",교환,"안전밸트(2열,좌) 교환"
CAN-001617,기능정비,엔진 부품,"안전밸트(2열,좌)",탈착,"안전밸트(2열,좌) 탈착"
CAN-001618,기능정비,엔진 부품,안전밸트(2점식)NO.1,교환,안전밸트(2점식)NO.1 교환
CAN-001619,기능정비,엔진 부품,안전밸트(2점식NO.1),탈착,안전밸트(2점식NO.1) 탈착
CAN-001620,기능정비,엔진 부품,안전밸트(2점식)NO.2,교환,안전밸트(2점식)NO.2 교환
CAN-001621,기능정비,엔진 부품,안전밸트(2점식)NO.2,탈착,안전밸트(2점식)NO.2 탈착
CAN-001622,기능정비,엔진 부품,안전밸트(2점식)NO.3,교환,안전밸트(2점식)NO.3 교환
CAN-001623,기능정비,엔진 부품,안전밸트(2점식)NO.3,탈착,안전밸트(2점식)NO.3 탈착
CAN-001624,기능정비,엔진 부품,안전밸트(2점식)NO.4,교환,안전밸트(2점식)NO.4 교환
CAN-001625,기능정비,엔진 부품,안전밸트(2점식)NO.4,탈착,안전밸트(2점식)NO.4 탈착
CAN-001626,기능정비,엔진 부품,안전밸트(2점식)NO.5,교환,안전밸트(2점식)NO.5 교환
CAN-001627,기능정비,엔진 부품,안전밸트(2점식)NO.5,탈착,안전밸트(2점식)NO.5 탈착
CAN-001628,기능정비,엔진 부품,안전밸트(2점식)NO.6,교환,안전밸트(2점식)NO.6 교환
CAN-001629,기능정비,엔진 부품,안전밸트(2점식)NO.6,탈착,안전밸트(2점식)NO.6 탈착
CAN-001630,기능정비,엔진 부품,안전밸트(32개),교환,안전밸트(32개) 교환
CAN-001631,기능정비,엔진 부품,안전밸트(32개),탈착,안전밸트(32개) 탈착
CAN-001632,기능정비,엔진 부품,"안전밸트(3열,우)",교환,"안전밸트(3열,우) 교환"
CAN-001633,기능정비,엔진 부품,"안전밸트(3열,우)",탈착,"안전밸트(3열,우) 탈착"
CAN-001634,기능정비,엔진 부품,"안전밸트(3열,좌)",교환,"안전밸트(3열,좌) 교환"
CAN-001635,기능정비,엔진 부품,"안전밸트(3열,좌)",탈착,"안전밸트(3열,좌) 탈착"
CAN-001636,기능정비,엔진 부품,안전밸트(4개),교환,안전밸트(4개) 교환
CAN-001637,기능정비,엔진 부품,안전밸트(4개),탈착,안전밸트(4개) 탈착
CAN-001638,기능정비,엔진 부품,"안전밸트(4열,우)",교환,"안전밸트(4열,우) 교환"
CAN-001639,기능정비,엔진 부품,"안전밸트(4열,우)",탈착,"안전밸트(4열,우) 탈착"
CAN-001640,기능정비,엔진 부품,"안전밸트(4열,좌)",교환,"안전밸트(4열,좌) 교환"
CAN-001641,기능정비,엔진 부품,"안전밸트(4열,좌)",탈착,"안전밸트(4열,좌) 탈착"
CAN-001642,기능정비,엔진 부품,"안전밸트(5열,우)",교환,"안전밸트(5열,우) 교환"
CAN-001643,기능정비,엔진 부품,"안전밸트(5열,우)",탈착,"안전밸트(5열,우) 탈착"
CAN-001644,기능정비,엔진 부품,"안전밸트(5열,좌)",교환,"안전밸트(5열,좌) 교환"
CAN-001645,기능정비,엔진 부품,"안전밸트(5열,좌)",탈착,"안전밸트(5열,좌) 탈착"
CAN-001646,기능정비,엔진 부품,안전밸트(8개),교환,안전밸트(8개) 교환
CAN-001647,기능정비,엔진 부품,안전밸트(8개),탈착,안전밸트(8개) 탈착
CAN-001648,기능정비,엔진 부품,안전벨트(2점식),교환,안전벨트(2점식) 교환
CAN-001649,기능정비,엔진 부품,안전벨트(2점식),탈착,안전벨트(2점식) 탈착
CAN-001650,기능정비,엔진 부품,"안전벨트(3점식,뒤좌#2)",교환,"안전벨트(3점식,뒤좌#2) 교환"
CAN-001651,기능정비,엔진 부품,"안전벨트(3점식,뒤좌#2)",탈착,"안전벨트(3점식,뒤좌#2) 탈착"
CAN-001652,기능정비,엔진 부품,"안전벨트(4열,중앙)",교환,"안전벨트(4열,중앙) 교환"
CAN-001653,기능정비,엔진 부품,"안전벨트(4열,중앙)",탈착,"안전벨트(4열,중앙) 탈착"
CAN-001654,기능정비,엔진 부품,"안전벨트(뒤,우)",교환,"안전벨트(뒤,우) 교환"
CAN-001655,기능정비,엔진 부품,"안전벨트(뒤,우)",탈착,"안전벨트(뒤,우) 탈착"
CAN-001656,기능정비,엔진 부품,"안전벨트(뒤,좌)",교환,"안전벨트(뒤,좌) 교환"
CAN-001657,기능정비,엔진 부품,"안전벨트(뒤,좌)",탈착,"안전벨트(뒤,좌) 탈착"
CAN-001658,기능정비,엔진 부품,"안전벨트(뒤,중앙)",교환,"안전벨트(뒤,중앙) 교환"
CAN-001659,기능정비,엔진 부품,"안전벨트(뒤,중앙)",탈착,"안전벨트(뒤,중앙) 탈착"
CAN-001660,기능정비,엔진 부품,"안전벨트(앞,우)",교환,"안전벨트(앞,우) 교환"
CAN-001661,기능정비,엔진 부품,"안전벨트(앞,우)",탈착,"안전벨트(앞,우) 탈착"
CAN-001662,기능정비,엔진 부품,"안전벨트(앞,우,프리텐셔너)",교환,"안전벨트(앞,우,프리텐셔너) 교환"
CAN-001663,기능정비,엔진 부품,"안전벨트(앞,우,프리텐셔너)",탈착,"안전벨트(앞,우,프리텐셔너) 탈착"
CAN-001664,기능정비,엔진 부품,"안전벨트(앞,좌)",교환,"안전벨트(앞,좌) 교환"
CAN-001665,기능정비,엔진 부품,"안전벨트(앞,좌)",탈착,"안전벨트(앞,좌) 탈착"
CAN-001666,기능정비,엔진 부품,"안전벨트(앞,좌,프리텐셔너)",교환,"안전벨트(앞,좌,프리텐셔너) 교환"
CAN-001667,기능정비,엔진 부품,"안전벨트(앞,좌,프리텐셔너)",탈착,"안전벨트(앞,좌,프리텐셔너) 탈착"
CAN-001668,기능정비,엔진 부품,"안전벨트(프리텐셔너,앞우)",교환,"안전벨트(프리텐셔너,앞우) 교환"
CAN-001669,기능정비,엔진 부품,"안전벨트(프리텐셔너,앞우)",탈착,"안전벨트(프리텐셔너,앞우) 탈착"
CAN-001670,기능정비,엔진 부품,"안전벨트(프리텐셔너,앞좌)",교환,"안전벨트(프리텐셔너,앞좌) 교환"
CAN-001671,기능정비,엔진 부품,"안전벨트(프리텐셔너,앞좌)",탈착,"안전벨트(프리텐셔너,앞좌) 탈착"
CAN-001672,기능정비,엔진 부품,안테나,교환,안테나 교환
CAN-001673,기능정비,엔진 부품,안테나,탈착,안테나 탈착
CAN-001674,기능정비,엔진 부품,알터네이터,교환,알터네이터 교환
CAN-001675,기능정비,엔진 부품,알터네이터,탈착,알터네이터 탈착
CAN-001676,판금/도장정비,판금(탈부착),"앞도어(우,전동,화물)",교환,"앞도어(우,전동,화물) 교환"
CAN-001677,판금/도장정비,판금(탈부착),"앞도어(우,전동,화물)",오버홀,"앞도어(우,전동,화물) 오버홀"
CAN-001678,판금/도장정비,판금(탈부착),"앞도어(우,전동,화물)",탈착,"앞도어(우,전동,화물) 탈착"
CAN-001679,판금/도장정비,판금(탈부착),"앞도어(우,화물)",교환,"앞도어(우,화물) 교환"
CAN-001680,판금/도장정비,판금(탈부착),"앞도어(우,화물)",오버홀,"앞도어(우,화물) 오버홀"
CAN-001681,판금/도장정비,판금(탈부착),"앞도어(우,화물)",탈착,"앞도어(우,화물) 탈착"
CAN-001682,판금/도장정비,판금(탈부착),"앞도어(좌,전동,화물)",교환,"앞도어(좌,전동,화물) 교환"
CAN-001683,판금/도장정비,판금(탈부착),"앞도어(좌,전동,화물)",오버홀,"앞도어(좌,전동,화물) 오버홀"
CAN-001684,판금/도장정비,판금(탈부착),"앞도어(좌,전동,화물)",탈착,"앞도어(좌,전동,화물) 탈착"
CAN-001685,판금/도장정비,판금(탈부착),"앞도어(좌,화물)",교환,"앞도어(좌,화물) 교환"
CAN-001686,판금/도장정비,판금(탈부착),"앞도어(좌,화물)",오버홀,"앞도어(좌,화물) 오버홀"
CAN-001687,판금/도장정비,판금(탈부착),"앞도어(좌,화물)",탈착,"앞도어(좌,화물) 탈착"
CAN-001688,판금/도장정비,판금(탈부착),"앞도어필러(우,내측)",교환,"앞도어필러(우,내측) 교환"
CAN-001689,판금/도장정비,판금(탈부착),앞도어필러(우측),교환,앞도어필러(우측) 교환
CAN-001690,판금/도장정비,판금(탈부착),"앞도어필러(좌,내측)",교환,"앞도어필러(좌,내측) 교환"
CAN-001691,판금/도장정비,판금(탈부착),앞도어필러(좌측),교환,앞도어필러(좌측) 교환
CAN-001692,판금/도장정비,판금(탈부착),앞바닥패널 ASSY,교환,앞바닥패널 ASSY 교환
CAN-001693,기능정비,전기 및 램프,앞 배선,교환,앞 배선 교환
CAN-001694,기능정비,전기 및 램프,앞 배선,탈착,앞 배선 탈착
CAN-001695,판금/도장정비,판금(탈부착),앞범퍼(FRP),교환,앞범퍼(FRP) 교환
CAN-001696,판금/도장정비,판금(탈부착),앞범퍼(FRP),오버홀,앞범퍼(FRP) 오버홀
CAN-001697,판금/도장정비,판금(탈부착),앞범퍼(FRP),탈착,앞범퍼(FRP) 탈착
CAN-001698,판금/도장정비,판금(탈부착),앞범퍼,교환,앞범퍼 교환
CAN-001699,판금/도장정비,판금(탈부착),앞범퍼,오버홀,앞범퍼 오버홀
CAN-001700,판금/도장정비,판금(탈부착),앞범퍼,탈착,앞범퍼 탈착
CAN-001701,판금/도장정비,판금(탈부착),앞범퍼(분할형),교환,앞범퍼(분할형) 교환
CAN-001702,판금/도장정비,판금(탈부착),앞범퍼(분할형),오버홀,앞범퍼(분할형) 오버홀
CAN-001703,판금/도장정비,판금(탈부착),앞범퍼(분할형),탈착,앞범퍼(분할형) 탈착
CAN-001704,판금/도장정비,판금(탈부착),앞범퍼(스텐레스형),교환,앞범퍼(스텐레스형) 교환
CAN-001705,판금/도장정비,판금(탈부착),앞범퍼(스텐레스형),오버홀,앞범퍼(스텐레스형) 오버홀
CAN-001706,판금/도장정비,판금(탈부착),앞범퍼(스텐레스형),탈착,앞범퍼(스텐레스형) 탈착
CAN-001707,판금/도장정비,판금(탈부착),앞범퍼(우레탄형),교환,앞범퍼(우레탄형) 교환
CAN-001708,판금/도장정비,판금(탈부착),앞범퍼(우레탄형),오버홀,앞범퍼(우레탄형) 오버홀
CAN-001709,판금/도장정비,판금(탈부착),앞범퍼(우레탄형),탈착,앞범퍼(우레탄형) 탈착
CAN-001710,기능정비,엔진 부품,앞사이드 고정유리(접착),교환,앞사이드 고정유리(접착) 교환
CAN-001711,기능정비,엔진 부품,앞사이드 고정유리(접착),탈착,앞사이드 고정유리(접착) 탈착
CAN-001712,소모품 및 하체정비,하체 부품,"앞사이드멤버(단독,우)",교환,"앞사이드멤버(단독,우) 교환"
CAN-001713,소모품 및 하체정비,하체 부품,"앞사이드멤버(단독,좌)",교환,"앞사이드멤버(단독,좌) 교환"
CAN-001714,기능정비,엔진 부품,앞유리,교환,앞유리 교환
CAN-001715,기능정비,엔진 부품,앞유리,탈착,앞유리 탈착
CAN-001716,기능정비,엔진 부품,앞유리(접착식),교환,앞유리(접착식) 교환
CAN-001717,기능정비,엔진 부품,앞유리(접착식),탈착,앞유리(접착식) 탈착
CAN-001718,판금/도장정비,판금(탈부착),앞 코너패널(우측),교환,앞 코너패널(우측) 교환
CAN-001719,판금/도장정비,판금(탈부착),앞 코너패널(우측),탈착,앞 코너패널(우측) 탈착
CAN-001720,판금/도장정비,판금(탈부착),앞 코너패널(좌측),교환,앞 코너패널(좌측) 교환
CAN-001721,판금/도장정비,판금(탈부착),앞 코너패널(좌측),탈착,앞 코너패널(좌측) 탈착
CAN-001722,판금/도장정비,판금(탈부착),앞 패널 ASSY,교환,앞 패널 ASSY 교환
CAN-001723,판금/도장정비,판금(탈부착),"앞 패널 ASSY(스텐레스,상하",교환,"앞 패널 ASSY(스텐레스,상하 교환"
CAN-001724,판금/도장정비,판금(탈부착),"앞 패널 ASSY(스텐레스,상하분",교환,"앞 패널 ASSY(스텐레스,상하분 교환"
CAN-001725,판금/도장정비,판금(탈부착),앞 패널 ASSY(스텐레스형),교환,앞 패널 ASSY(스텐레스형) 교환
CAN-001726,판금/도장정비,판금(탈부착),앞패널 로워 골조 ASSY,교환,앞패널 로워 골조 ASSY 교환
CAN-001727,판금/도장정비,판금(탈부착),앞패널 로워크로스멤버,교환,앞패널 로워크로스멤버 교환
CAN-001728,판금/도장정비,판금(탈부착),앞패널 센타크로스멤버,교환,앞패널 센타크로스멤버 교환
CAN-001729,판금/도장정비,판금(탈부착),앞패널 어퍼크로스멤버,교환,앞패널 어퍼크로스멤버 교환
CAN-001730,기능정비,엔진 부품,액슬빔가드(액슬빔 언더커버),교환,액슬빔가드(액슬빔 언더커버) 교환
CAN-001731,기능정비,엔진 부품,액슬빔가드(액슬빔 언더커버),탈착,액슬빔가드(액슬빔 언더커버) 탈착
CAN-001732,기능정비,엔진 부품,언더커버#1(앞뒤바닥),교환,언더커버#1(앞뒤바닥) 교환
CAN-001733,기능정비,엔진 부품,언더커버#1(앞뒤바닥),탈착,언더커버#1(앞뒤바닥) 탈착
CAN-001734,기능정비,엔진 부품,언더커버#2(앞뒤바닥),교환,언더커버#2(앞뒤바닥) 교환
CAN-001735,기능정비,엔진 부품,언더커버#2(앞뒤바닥),탈착,언더커버#2(앞뒤바닥) 탈착
CAN-001736,기능정비,엔진 부품,언더커버#3(앞뒤바닥),교환,언더커버#3(앞뒤바닥) 교환
CAN-001737,기능정비,엔진 부품,언더커버#3(앞뒤바닥),탈착,언더커버#3(앞뒤바닥) 탈착
CAN-001738,기능정비,엔진 부품,언더커버#4(앞뒤바닥),교환,언더커버#4(앞뒤바닥) 교환
CAN-001739,기능정비,엔진 부품,언더커버#4(앞뒤바닥),탈착,언더커버#4(앞뒤바닥) 탈착
CAN-001740,기능정비,엔진 부품,언더커버,교환,언더커버 교환
CAN-001741,기능정비,엔진 부품,언더커버,탈착,언더커버 탈착
CAN-001742,기능정비,엔진 부품,언더커버(앞),교환,언더커버(앞) 교환
CAN-001743,기능정비,엔진 부품,언더커버(앞),탈착,언더커버(앞) 탈착
CAN-001744,판금/도장정비,판금(탈부착),언더커버(앞범퍼측),교환,언더커버(앞범퍼측) 교환
CAN-001745,판금/도장정비,판금(탈부착),언더커버(앞범퍼측),탈착,언더커버(앞범퍼측) 탈착
CAN-001746,기능정비,엔진 부품,언더커버(엔진룸),교환,언더커버(엔진룸) 교환
CAN-001747,기능정비,엔진 부품,언더커버(엔진룸),탈착,언더커버(엔진룸) 탈착
CAN-001748,기능정비,엔진 부품,"언더커버(엔진룸,리어)",교환,"언더커버(엔진룸,리어) 교환"
CAN-001749,기능정비,엔진 부품,"언더커버(엔진룸,리어)",탈착,"언더커버(엔진룸,리어) 탈착"
CAN-001750,기능정비,엔진 부품,"언더커버(엔진룸,프론트)",교환,"언더커버(엔진룸,프론트) 교환"
CAN-001751,기능정비,엔진 부품,"언더커버(엔진룸,프론트)",탈착,"언더커버(엔진룸,프론트) 탈착"
CAN-001752,기능정비,엔진 부품,언더커버(우측),교환,언더커버(우측) 교환
CAN-001753,기능정비,엔진 부품,언더커버(우측),탈착,언더커버(우측) 탈착
CAN-001754,기능정비,엔진 부품,언더커버(좌측),교환,언더커버(좌측) 교환
CAN-001755,기능정비,엔진 부품,언더커버(좌측),탈착,언더커버(좌측) 탈착
CAN-001756,판금/도장정비,판금(탈부착),업라이트 플로어패널,교환,업라이트 플로어패널 교환
CAN-001757,기능정비,엔진 부품,에버포레이터,교환,에버포레이터 교환
CAN-001758,기능정비,엔진 부품,에버포레이터,탈착,에버포레이터 탈착
CAN-001759,기능정비,엔진 부품,"에버포레이터(단독형,일반형)",교환,"에버포레이터(단독형,일반형) 교환"
CAN-001760,기능정비,엔진 부품,"에버포레이터(단독형,일반형)",탈착,"에버포레이터(단독형,일반형) 탈착"
CAN-001761,기능정비,엔진 부품,에버포레이터(분리형),교환,에버포레이터(분리형) 교환
CAN-001762,기능정비,엔진 부품,에버포레이터(분리형),탈착,에버포레이터(분리형) 탈착
CAN-001763,판금/도장정비,판금(탈부착),에어덕트(범퍼탈착시),탈착,에어덕트(범퍼탈착시) 탈착
CAN-001764,기능정비,엔진 부품,에어덕트(엔진 상부),교환,에어덕트(엔진 상부) 교환
CAN-001765,기능정비,엔진 부품,에어덕트(엔진 상부),탈착,에어덕트(엔진 상부) 탈착
CAN-001766,기능정비,전기 및 램프,"에어백모듈(사이드,뒤우)",교환,"에어백모듈(사이드,뒤우) 교환"
CAN-001767,기능정비,전기 및 램프,"에어백모듈(사이드,뒤우)",탈착,"에어백모듈(사이드,뒤우) 탈착"
CAN-001768,기능정비,전기 및 램프,"에어백모듈(사이드,뒤좌)",교환,"에어백모듈(사이드,뒤좌) 교환"
CAN-001769,기능정비,전기 및 램프,"에어백모듈(사이드,뒤좌)",탈착,"에어백모듈(사이드,뒤좌) 탈착"
CAN-001770,기능정비,전기 및 램프,"에어백모듈(사이드,앞우)",교환,"에어백모듈(사이드,앞우) 교환"
CAN-001771,기능정비,전기 및 램프,"에어백모듈(사이드,앞우)",탈착,"에어백모듈(사이드,앞우) 탈착"
CAN-001772,기능정비,전기 및 램프,"에어백모듈(사이드,앞좌)",교환,"에어백모듈(사이드,앞좌) 교환"
CAN-001773,기능정비,전기 및 램프,"에어백모듈(사이드,앞좌)",탈착,"에어백모듈(사이드,앞좌) 탈착"
CAN-001774,기능정비,전기 및 램프,에어백모듈(운전석),교환,에어백모듈(운전석) 교환
CAN-001775,기능정비,전기 및 램프,에어백모듈(운전석),탈착,에어백모듈(운전석) 탈착
CAN-001776,기능정비,전기 및 램프,에어백모듈(조수석),교환,에어백모듈(조수석) 교환
CAN-001777,기능정비,전기 및 램프,에어백모듈(조수석),탈착,에어백모듈(조수석) 탈착
CAN-001778,기능정비,전기 및 램프,"에어백모듈(후석,우)",교환,"에어백모듈(후석,우) 교환"
CAN-001779,기능정비,전기 및 램프,"에어백모듈(후석,우)",탈착,"에어백모듈(후석,우) 탈착"
CAN-001780,기능정비,전기 및 램프,"에어백모듈(후석,좌)",교환,"에어백모듈(후석,좌) 교환"
CAN-001781,기능정비,전기 및 램프,"에어백모듈(후석,좌)",탈착,"에어백모듈(후석,좌) 탈착"
CAN-001782,기능정비,전기 및 램프,에어백배선,교환,에어백배선 교환
CAN-001783,기능정비,전기 및 램프,에어백배선,탈착,에어백배선 탈착
CAN-001784,기능정비,전기 및 램프,에어백 컨트롤 모듈,교환/정비,에어백 컨트롤 모듈 교환/정비
CAN-001785,소모품 및 하체정비,브레이크/타이어,에어브레이크 밸브 ASSY,교환,에어브레이크 밸브 ASSY 교환
CAN-001786,소모품 및 하체정비,브레이크/타이어,에어브레이크 밸브 ASSY,탈착,에어브레이크 밸브 ASSY 탈착
CAN-001787,소모품 및 하체정비,하체 부품,에어서스펜션 리저브탱크,교환,에어서스펜션 리저브탱크 교환
CAN-001788,소모품 및 하체정비,하체 부품,에어서스펜션 리저브탱크,탈착,에어서스펜션 리저브탱크 탈착
CAN-001789,소모품 및 하체정비,하체 부품,에어서스펜션 스프링,교환,에어서스펜션 스프링 교환
CAN-001790,소모품 및 하체정비,하체 부품,에어서스펜션 스프링,오버홀,에어서스펜션 스프링 오버홀
CAN-001791,소모품 및 하체정비,하체 부품,에어서스펜션 스프링,탈착,에어서스펜션 스프링 탈착
CAN-001792,소모품 및 하체정비,하체 부품,"에어서스펜션 스프링(뒤,우)",교환,"에어서스펜션 스프링(뒤,우) 교환"
CAN-001793,소모품 및 하체정비,하체 부품,"에어서스펜션 스프링(뒤,우)",오버홀,"에어서스펜션 스프링(뒤,우) 오버홀"
CAN-001794,소모품 및 하체정비,하체 부품,"에어서스펜션 스프링(뒤,우)",탈착,"에어서스펜션 스프링(뒤,우) 탈착"
CAN-001795,소모품 및 하체정비,하체 부품,"에어서스펜션 스프링(뒤,좌)",교환,"에어서스펜션 스프링(뒤,좌) 교환"
CAN-001796,소모품 및 하체정비,하체 부품,"에어서스펜션 스프링(뒤,좌)",오버홀,"에어서스펜션 스프링(뒤,좌) 오버홀"
CAN-001797,소모품 및 하체정비,하체 부품,"에어서스펜션 스프링(뒤,좌)",탈착,"에어서스펜션 스프링(뒤,좌) 탈착"
CAN-001798,소모품 및 하체정비,하체 부품,"에어서스펜션 스프링(앞,우)",교환,"에어서스펜션 스프링(앞,우) 교환"
CAN-001799,소모품 및 하체정비,하체 부품,"에어서스펜션 스프링(앞,우)",오버홀,"에어서스펜션 스프링(앞,우) 오버홀"
CAN-001800,소모품 및 하체정비,하체 부품,"에어서스펜션 스프링(앞,우)",탈착,"에어서스펜션 스프링(앞,우) 탈착"
CAN-001801,소모품 및 하체정비,하체 부품,"에어서스펜션 스프링(앞,좌)",교환,"에어서스펜션 스프링(앞,좌) 교환"
CAN-001802,소모품 및 하체정비,하체 부품,"에어서스펜션 스프링(앞,좌)",오버홀,"에어서스펜션 스프링(앞,좌) 오버홀"
CAN-001803,소모품 및 하체정비,하체 부품,"에어서스펜션 스프링(앞,좌)",탈착,"에어서스펜션 스프링(앞,좌) 탈착"
CAN-001804,소모품 및 하체정비,하체 부품,에어서스펜션 컴프레셔,교환,에어서스펜션 컴프레셔 교환
CAN-001805,소모품 및 하체정비,하체 부품,에어서스펜션 컴프레셔,탈착,에어서스펜션 컴프레셔 탈착
CAN-001806,기능정비,엔진 부품,에어챔버#1,교환,에어챔버#1 교환
CAN-001807,기능정비,엔진 부품,에어챔버#1,탈착,에어챔버#1 탈착
CAN-001808,기능정비,엔진 부품,에어챔버#2,교환,에어챔버#2 교환
CAN-001809,기능정비,엔진 부품,에어챔버#2,탈착,에어챔버#2 탈착
CAN-001810,기능정비,엔진 부품,에어챔버#3,교환,에어챔버#3 교환
CAN-001811,기능정비,엔진 부품,에어챔버#3,탈착,에어챔버#3 탈착
CAN-001812,기능정비,에어컨,"에어컨 가스 충전(신냉매,완충)",충전/정비,"에어컨 가스 충전(신냉매,완충) 충전/정비"
CAN-001813,기능정비,에어컨,에어컨개스,교환,에어컨개스 교환
CAN-001814,기능정비,에어컨,에어컨개스(듀얼타입),교환,에어컨개스(듀얼타입) 교환
CAN-001815,기능정비,에어컨,에어컨 덕트,교환,에어컨 덕트 교환
CAN-001816,기능정비,에어컨,에어컨 덕트,탈착,에어컨 덕트 탈착
CAN-001817,기능정비,에어컨,에어컨 배출 및 충전,충전/정비,에어컨 배출 및 충전 충전/정비
CAN-001818,기능정비,에어컨,에어컨 에바포레이터(화물),교환,에어컨 에바포레이터(화물) 교환
CAN-001819,기능정비,에어컨,에어컨 에바포레이터(화물),탈착,에어컨 에바포레이터(화물) 탈착
CAN-001820,기능정비,에어컨,에어컨(엔진)ASSY,교환,에어컨(엔진)ASSY 교환
CAN-001821,기능정비,에어컨,에어컨(엔진)ASSY,탈착,에어컨(엔진)ASSY 탈착
CAN-001822,기능정비,에어컨,에어컨 컨덴샤,교환,에어컨 컨덴샤 교환
CAN-001823,기능정비,에어컨,에어컨 컨덴샤,탈착,에어컨 컨덴샤 탈착
CAN-001824,기능정비,에어컨,에어컨 컴프레샤,교환,에어컨 컴프레샤 교환
CAN-001825,기능정비,에어컨,에어컨 컴프레샤,탈착,에어컨 컴프레샤 탈착
CAN-001826,기능정비,에어컨,에어컨 컴프레샤 풀리,교환,에어컨 컴프레샤 풀리 교환
CAN-001827,기능정비,에어컨,에어컨 컴프레샤 풀리,탈착,에어컨 컴프레샤 풀리 탈착
CAN-001828,기능정비,에어컨,에어컨콘덴샤,교환,에어컨콘덴샤 교환
CAN-001829,기능정비,에어컨,에어컨콘덴샤,탈착,에어컨콘덴샤 탈착
CAN-001830,기능정비,에어컨,에어컨 콤프레샤,교환,에어컨 콤프레샤 교환
CAN-001831,기능정비,에어컨,에어컨 콤프레샤,탈착,에어컨 콤프레샤 탈착
CAN-001832,기능정비,에어컨,에어컨 파이프 NO.1,교환,에어컨 파이프 NO.1 교환
CAN-001833,기능정비,에어컨,에어컨 파이프 NO.1,탈착,에어컨 파이프 NO.1 탈착
CAN-001834,기능정비,에어컨,에어컨 파이프 NO.1(듀얼),교환,에어컨 파이프 NO.1(듀얼) 교환
CAN-001835,기능정비,에어컨,에어컨 파이프 NO.1(듀얼),탈착,에어컨 파이프 NO.1(듀얼) 탈착
CAN-001836,기능정비,에어컨,에어컨 파이프 NO.2,교환,에어컨 파이프 NO.2 교환
CAN-001837,기능정비,에어컨,에어컨 파이프 NO.2,탈착,에어컨 파이프 NO.2 탈착
CAN-001838,기능정비,에어컨,에어컨 파이프 NO.2(듀얼),교환,에어컨 파이프 NO.2(듀얼) 교환
CAN-001839,기능정비,에어컨,에어컨 파이프 NO.2(듀얼),탈착,에어컨 파이프 NO.2(듀얼) 탈착
CAN-001840,기능정비,에어컨,에어컨 파이프 NO.3,교환,에어컨 파이프 NO.3 교환
CAN-001841,기능정비,에어컨,에어컨 파이프 NO.3,탈착,에어컨 파이프 NO.3 탈착
CAN-001842,기능정비,에어컨,에어컨 파이프 NO.3(듀얼),교환,에어컨 파이프 NO.3(듀얼) 교환
CAN-001843,기능정비,에어컨,에어컨 파이프 NO.3(듀얼),탈착,에어컨 파이프 NO.3(듀얼) 탈착
CAN-001844,기능정비,에어컨,에어컨 파이프 NO.4,교환,에어컨 파이프 NO.4 교환
CAN-001845,기능정비,에어컨,에어컨 파이프 NO.4,탈착,에어컨 파이프 NO.4 탈착
CAN-001846,기능정비,에어컨,에어컨 파이프 NO.4(듀얼),교환,에어컨 파이프 NO.4(듀얼) 교환
CAN-001847,기능정비,에어컨,에어컨 파이프 NO.4(듀얼),탈착,에어컨 파이프 NO.4(듀얼) 탈착
CAN-001848,기능정비,에어컨,에어컨 파이프 NO.5,교환,에어컨 파이프 NO.5 교환
CAN-001849,기능정비,에어컨,에어컨 파이프 NO.5,탈착,에어컨 파이프 NO.5 탈착
CAN-001850,기능정비,에어컨,에어컨휀#1,교환,에어컨휀#1 교환
CAN-001851,기능정비,에어컨,에어컨휀#1,탈착,에어컨휀#1 탈착
CAN-001852,기능정비,에어컨,에어컨휀#2,교환,에어컨휀#2 교환
CAN-001853,기능정비,에어컨,에어컨휀#2,탈착,에어컨휀#2 탈착
CAN-001854,기능정비,에어컨,에어컨 휀,교환,에어컨 휀 교환
CAN-001855,기능정비,에어컨,에어컨휀,탈착,에어컨휀 탈착
CAN-001856,소모품 및 하체정비,브레이크/타이어,에어컨휠터,교환/정비,에어컨휠터 교환/정비
CAN-001857,기능정비,엔진 부품,에어 컴프레샤,교환,에어 컴프레샤 교환
CAN-001858,기능정비,엔진 부품,에어 컴프레샤,탈착,에어 컴프레샤 탈착
CAN-001859,기능정비,엔진 부품,에어 컴프레셔 ASSY,교환,에어 컴프레셔 ASSY 교환
CAN-001860,기능정비,엔진 부품,에어 컴프레셔 ASSY,탈착,에어 컴프레셔 ASSY 탈착
CAN-001861,기능정비,엔진 부품,에어콘개스,교환,에어콘개스 교환
CAN-001862,기능정비,엔진 부품,에어콘 콘덴샤,교환,에어콘 콘덴샤 교환
CAN-001863,기능정비,엔진 부품,에어콘 콘덴샤,탈착,에어콘 콘덴샤 탈착
CAN-001864,기능정비,에어컨,에어콘 콤프레셔,교환,에어콘 콤프레셔 교환
CAN-001865,기능정비,에어컨,에어콘 콤프레셔,탈착,에어콘 콤프레셔 탈착
CAN-001866,소모품 및 하체정비,소모품,에어크리너,교환,에어크리너 교환
CAN-001867,소모품 및 하체정비,소모품,에어크리너,탈착,에어크리너 탈착
CAN-001868,소모품 및 하체정비,소모품,에어클리너ASSY,교환,에어클리너ASSY 교환
CAN-001869,소모품 및 하체정비,소모품,에어클리너ASSY,탈착,에어클리너ASSY 탈착
CAN-001870,소모품 및 하체정비,소모품,에어클리너,교환,에어클리너 교환
CAN-001871,소모품 및 하체정비,소모품,에어클리너,탈착,에어클리너 탈착
CAN-001872,소모품 및 하체정비,소모품,에어 클리너 필터,교환/정비,에어 클리너 필터 교환/정비
CAN-001873,기능정비,엔진 부품,에어탱크,교환,에어탱크 교환
CAN-001874,기능정비,엔진 부품,에어탱크,탈착,에어탱크 탈착
CAN-001875,기능정비,엔진 부품,엑셀 페달,교환,엑셀 페달 교환
CAN-001876,기능정비,엔진 부품,엑셀 페달,탈착,엑셀 페달 탈착
CAN-001877,기능정비,엔진 부품,엑티브 에어 플랩,교환,엑티브 에어 플랩 교환
CAN-001878,기능정비,엔진 부품,엑티브 에어 플랩,탈착,엑티브 에어 플랩 탈착
CAN-001879,판금/도장정비,판금(탈부착),엑티브후드센서,교환,엑티브후드센서 교환
CAN-001880,판금/도장정비,판금(탈부착),엑티브후드센서,탈착,엑티브후드센서 탈착
CAN-001881,판금/도장정비,판금(탈부착),엑티브후드 엑추에이터(우측),교환,엑티브후드 엑추에이터(우측) 교환
CAN-001882,판금/도장정비,판금(탈부착),엑티브후드 엑추에이터(우측),탈착,엑티브후드 엑추에이터(우측) 탈착
CAN-001883,판금/도장정비,판금(탈부착),엑티브후드 엑추에이터(좌측),교환,엑티브후드 엑추에이터(좌측) 교환
CAN-001884,판금/도장정비,판금(탈부착),엑티브후드 엑추에이터(좌측),탈착,엑티브후드 엑추에이터(좌측) 탈착
CAN-001885,기능정비,엔진 부품,엔진&미션 컴퓨터,교환,엔진&미션 컴퓨터 교환
CAN-001886,기능정비,엔진 부품,엔진&미션 컴퓨터,탈착,엔진&미션 컴퓨터 탈착
CAN-001887,기능정비,엔진 부품,엔진 ASSY(DOHC),교환,엔진 ASSY(DOHC) 교환
CAN-001888,기능정비,엔진 부품,엔진 ASSY(DOHC),오버홀,엔진 ASSY(DOHC) 오버홀
CAN-001889,기능정비,엔진 부품,엔진 ASSY(DOHC),탈착,엔진 ASSY(DOHC) 탈착
CAN-001890,기능정비,엔진 부품,"엔진 ASSY(DOHC,쇼트엔진)",교환,"엔진 ASSY(DOHC,쇼트엔진) 교환"
CAN-001891,기능정비,엔진 부품,"엔진 ASSY(DOHC,쇼트엔진)",오버홀,"엔진 ASSY(DOHC,쇼트엔진) 오버홀"
CAN-001892,소모품 및 하체정비,소모품,엔진ASSY(LPi),교환,엔진ASSY(LPi) 교환
CAN-001893,소모품 및 하체정비,소모품,엔진ASSY(LPi),오버홀,엔진ASSY(LPi) 오버홀
CAN-001894,소모품 및 하체정비,소모품,엔진ASSY(LPi),탈착,엔진ASSY(LPi) 탈착
CAN-001895,기능정비,엔진 부품,엔진 ASSY(SOHC),교환,엔진 ASSY(SOHC) 교환
CAN-001896,기능정비,엔진 부품,엔진 ASSY(SOHC),오버홀,엔진 ASSY(SOHC) 오버홀
CAN-001897,기능정비,엔진 부품,엔진 ASSY(SOHC),탈착,엔진 ASSY(SOHC) 탈착
CAN-001898,기능정비,엔진 부품,"엔진 ASSY(SOHC,쇼트엔진)",교환,"엔진 ASSY(SOHC,쇼트엔진) 교환"
CAN-001899,기능정비,엔진 부품,"엔진 ASSY(SOHC,쇼트엔진)",오버홀,"엔진 ASSY(SOHC,쇼트엔진) 오버홀"
CAN-001900,기능정비,엔진 부품,"엔진 ASSY(SOHC,쇼트엔진)",탈착,"엔진 ASSY(SOHC,쇼트엔진) 탈착"
CAN-001901,기능정비,엔진 부품,엔진 ASSY(V8)),교환,엔진 ASSY(V8)) 교환
CAN-001902,기능정비,엔진 부품,엔진 ASSY(V8)),오버홀,엔진 ASSY(V8)) 오버홀
CAN-001903,기능정비,엔진 부품,엔진 ASSY(V8)),탈착,엔진 ASSY(V8)) 탈착
CAN-001904,기능정비,엔진 부품,"엔진 ASSY(V8,쇼트엔진)",교환,"엔진 ASSY(V8,쇼트엔진) 교환"
CAN-001905,기능정비,엔진 부품,"엔진 ASSY(V8,쇼트엔진)",오버홀,"엔진 ASSY(V8,쇼트엔진) 오버홀"
CAN-001906,기능정비,엔진 부품,엔진 ASSY(V형),교환,엔진 ASSY(V형) 교환
CAN-001907,기능정비,엔진 부품,엔진 ASSY(V형),오버홀,엔진 ASSY(V형) 오버홀
CAN-001908,기능정비,엔진 부품,엔진 ASSY(V형),탈착,엔진 ASSY(V형) 탈착
CAN-001909,기능정비,엔진 부품,"엔진 ASSY(V형,쇼트엔진)",교환,"엔진 ASSY(V형,쇼트엔진) 교환"
CAN-001910,기능정비,엔진 부품,"엔진 ASSY(V형,쇼트엔진)",오버홀,"엔진 ASSY(V형,쇼트엔진) 오버홀"
CAN-001911,기능정비,엔진 부품,엔진 ASSY,교환,엔진 ASSY 교환
CAN-001912,기능정비,엔진 부품,엔진 ASSY,오버홀,엔진 ASSY 오버홀
CAN-001913,기능정비,엔진 부품,엔진 ASSY,탈착,엔진 ASSY 탈착
CAN-001914,기능정비,엔진 부품,"엔진ASSY(가솔린,LPG)",교환,"엔진ASSY(가솔린,LPG) 교환"
CAN-001915,기능정비,엔진 부품,"엔진ASSY(가솔린,LPG)",오버홀,"엔진ASSY(가솔린,LPG) 오버홀"
CAN-001916,기능정비,엔진 부품,"엔진ASSY(가솔린,LPG)",탈착,"엔진ASSY(가솔린,LPG) 탈착"
CAN-001917,기능정비,엔진 부품,엔진ASSY(디젤),교환,엔진ASSY(디젤) 교환
CAN-001918,기능정비,엔진 부품,엔진ASSY(디젤),오버홀,엔진ASSY(디젤) 오버홀
CAN-001919,기능정비,엔진 부품,엔진ASSY(디젤),탈착,엔진ASSY(디젤) 탈착
CAN-001920,기능정비,엔진 부품,엔진 ASSY(쇼트엔진),교환,엔진 ASSY(쇼트엔진) 교환
CAN-001921,기능정비,엔진 부품,엔진 ASSY(쇼트엔진),오버홀,엔진 ASSY(쇼트엔진) 오버홀
CAN-001922,기능정비,전기 및 램프,엔진룸배선,교환,엔진룸배선 교환
CAN-001923,기능정비,전기 및 램프,엔진룸배선,탈착,엔진룸배선 탈착
CAN-001924,기능정비,전기 및 램프,엔진룸배선(가솔린),교환,엔진룸배선(가솔린) 교환
CAN-001925,기능정비,전기 및 램프,엔진룸배선(가솔린),탈착,엔진룸배선(가솔린) 탈착
CAN-001926,기능정비,전기 및 램프,엔진룸배선(디젤),교환,엔진룸배선(디젤) 교환
CAN-001927,기능정비,전기 및 램프,엔진룸배선(디젤),탈착,엔진룸배선(디젤) 탈착
CAN-001928,기능정비,전기 및 램프,엔진룸배선(디젤엔진),교환,엔진룸배선(디젤엔진) 교환
CAN-001929,기능정비,전기 및 램프,엔진룸배선(디젤엔진),탈착,엔진룸배선(디젤엔진) 탈착
CAN-001930,기능정비,엔진 부품,엔진룸사이드언더커버(우측),교환,엔진룸사이드언더커버(우측) 교환
CAN-001931,기능정비,엔진 부품,엔진룸사이드언더커버(우측),탈착,엔진룸사이드언더커버(우측) 탈착
CAN-001932,기능정비,엔진 부품,엔진룸사이드언더커버(좌측),교환,엔진룸사이드언더커버(좌측) 교환
CAN-001933,기능정비,엔진 부품,엔진룸사이드언더커버(좌측),탈착,엔진룸사이드언더커버(좌측) 탈착
CAN-001934,기능정비,엔진 부품,엔진룸 사이드 커버(우측),교환,엔진룸 사이드 커버(우측) 교환
CAN-001935,기능정비,엔진 부품,엔진룸 사이드 커버(우측),탈착,엔진룸 사이드 커버(우측) 탈착
CAN-001936,기능정비,엔진 부품,엔진룸 사이드 커버(좌측),교환,엔진룸 사이드 커버(좌측) 교환
CAN-001937,기능정비,엔진 부품,엔진룸 사이드 커버(좌측),탈착,엔진룸 사이드 커버(좌측) 탈착
CAN-001938,기능정비,전기 및 램프,엔진룸 정션박스 배선,교환,엔진룸 정션박스 배선 교환
CAN-001939,기능정비,전기 및 램프,엔진룸 정션박스 배선,탈착,엔진룸 정션박스 배선 탈착
CAN-001940,기능정비,엔진 부품,엔진룸 커버,교환,엔진룸 커버 교환
CAN-001941,기능정비,엔진 부품,엔진룸 커버,탈착,엔진룸 커버 탈착
CAN-001942,기능정비,엔진 부품,엔진룸 커버(볼트형),탈착,엔진룸 커버(볼트형) 탈착
CAN-001943,기능정비,엔진 부품,엔진룸 커버(프론트),교환,엔진룸 커버(프론트) 교환
CAN-001944,기능정비,엔진 부품,엔진룸 커버(프론트),탈착,엔진룸 커버(프론트) 탈착
CAN-001945,기능정비,전기 및 램프,엔진룸 휴즈박스 및 뒷배선,교환,엔진룸 휴즈박스 및 뒷배선 교환
CAN-001946,기능정비,전기 및 램프,엔진룸 휴즈박스 및 뒷배선,탈착,엔진룸 휴즈박스 및 뒷배선 탈착
CAN-001947,기능정비,전기 및 램프,엔진룸 휴즈박스 배선,교환,엔진룸 휴즈박스 배선 교환
CAN-001948,기능정비,전기 및 램프,엔진룸 휴즈박스 배선,탈착,엔진룸 휴즈박스 배선 탈착
CAN-001949,기능정비,엔진 부품,엔진마운틴&브라켓(뒤),교환,엔진마운틴&브라켓(뒤) 교환
CAN-001950,기능정비,엔진 부품,엔진마운틴&브라켓(뒤),탈착,엔진마운틴&브라켓(뒤) 탈착
CAN-001951,기능정비,엔진 부품,엔진마운틴&브라켓(앞),교환,엔진마운틴&브라켓(앞) 교환
CAN-001952,기능정비,엔진 부품,엔진마운틴&브라켓(앞),탈착,엔진마운틴&브라켓(앞) 탈착
CAN-001953,기능정비,엔진 부품,엔진마운틴&브라켓(우측),교환,엔진마운틴&브라켓(우측) 교환
CAN-001954,기능정비,엔진 부품,엔진마운틴&브라켓(우측),탈착,엔진마운틴&브라켓(우측) 탈착
CAN-001955,기능정비,엔진 부품,엔진마운틴&브라켓(좌측),교환,엔진마운틴&브라켓(좌측) 교환
CAN-001956,기능정비,엔진 부품,엔진마운틴&브라켓(좌측),탈착,엔진마운틴&브라켓(좌측) 탈착
CAN-001957,기능정비,엔진 부품,엔진 마운틴 및 브라켓(뒤),교환,엔진 마운틴 및 브라켓(뒤) 교환
CAN-001958,기능정비,엔진 부품,엔진 마운틴 및 브라켓(뒤),탈착,엔진 마운틴 및 브라켓(뒤) 탈착
CAN-001959,기능정비,엔진 부품,"엔진 마운틴 및 브라켓(뒤,우)",교환,"엔진 마운틴 및 브라켓(뒤,우) 교환"
CAN-001960,기능정비,엔진 부품,"엔진 마운틴 및 브라켓(뒤,우)",탈착,"엔진 마운틴 및 브라켓(뒤,우) 탈착"
CAN-001961,기능정비,엔진 부품,"엔진 마운틴 및 브라켓(뒤,조립",교환,"엔진 마운틴 및 브라켓(뒤,조립 교환"
CAN-001962,기능정비,엔진 부품,"엔진 마운틴 및 브라켓(뒤,조립",탈착,"엔진 마운틴 및 브라켓(뒤,조립 탈착"
CAN-001963,기능정비,엔진 부품,"엔진 마운틴 및 브라켓(뒤,중앙)",교환,"엔진 마운틴 및 브라켓(뒤,중앙) 교환"
CAN-001964,기능정비,엔진 부품,"엔진 마운틴 및 브라켓(뒤,중앙)",탈착,"엔진 마운틴 및 브라켓(뒤,중앙) 탈착"
CAN-001965,기능정비,엔진 부품,"엔진 마운틴 및 브라켓(로워,센",교환,"엔진 마운틴 및 브라켓(로워,센 교환"
CAN-001966,기능정비,엔진 부품,"엔진 마운틴 및 브라켓(로워,센",탈착,"엔진 마운틴 및 브라켓(로워,센 탈착"
CAN-001967,기능정비,엔진 부품,"엔진 마운틴 및 브라켓(로워,우)",교환,"엔진 마운틴 및 브라켓(로워,우) 교환"
CAN-001968,기능정비,엔진 부품,"엔진 마운틴 및 브라켓(로워,우)",탈착,"엔진 마운틴 및 브라켓(로워,우) 탈착"
CAN-001969,기능정비,엔진 부품,엔진 마운틴 및 브라켓(앞),교환,엔진 마운틴 및 브라켓(앞) 교환
CAN-001970,기능정비,엔진 부품,엔진 마운틴 및 브라켓(앞),탈착,엔진 마운틴 및 브라켓(앞) 탈착
CAN-001971,기능정비,엔진 부품,"엔진 마운틴 및 브라켓(앞,조립",교환,"엔진 마운틴 및 브라켓(앞,조립 교환"
CAN-001972,기능정비,엔진 부품,"엔진 마운틴 및 브라켓(앞,조립",탈착,"엔진 마운틴 및 브라켓(앞,조립 탈착"
CAN-001973,기능정비,엔진 부품,"엔진 마운틴 및 브라켓(우,조립",교환,"엔진 마운틴 및 브라켓(우,조립 교환"
CAN-001974,기능정비,엔진 부품,"엔진 마운틴 및 브라켓(우,조립",탈착,"엔진 마운틴 및 브라켓(우,조립 탈착"
CAN-001975,기능정비,엔진 부품,엔진 마운틴 및 브라켓(우측),교환,엔진 마운틴 및 브라켓(우측) 교환
CAN-001976,기능정비,엔진 부품,엔진 마운틴 및 브라켓(우측),탈착,엔진 마운틴 및 브라켓(우측) 탈착
CAN-001977,기능정비,엔진 부품,"엔진 마운틴 및 브라켓(좌,조립",교환,"엔진 마운틴 및 브라켓(좌,조립 교환"
CAN-001978,기능정비,엔진 부품,"엔진 마운틴 및 브라켓(좌,조립",탈착,"엔진 마운틴 및 브라켓(좌,조립 탈착"
CAN-001979,기능정비,엔진 부품,엔진 마운틴 및 브라켓(좌측),교환,엔진 마운틴 및 브라켓(좌측) 교환
CAN-001980,기능정비,엔진 부품,엔진 마운틴 및 브라켓(좌측),탈착,엔진 마운틴 및 브라켓(좌측) 탈착
CAN-001981,소모품 및 하체정비,하체 부품,엔진마운팅멤버브라켓(우측),교환,엔진마운팅멤버브라켓(우측) 교환
CAN-001982,기능정비,엔진 부품,엔진 미션 컴퓨터,교환,엔진 미션 컴퓨터 교환
CAN-001983,기능정비,엔진 부품,엔진 미션 컴퓨터,탈착,엔진 미션 컴퓨터 탈착
CAN-001984,기능정비,엔진 부품,엔진 브라켓 파이프,교환,엔진 브라켓 파이프 교환
CAN-001985,기능정비,엔진 부품,엔진 브라켓 파이프,탈착,엔진 브라켓 파이프 탈착
CAN-001986,판금/도장정비,판금(탈부착),엔진 어셈블리(탈부착),교환/정비,엔진 어셈블리(탈부착) 교환/정비
CAN-001987,기능정비,엔진 부품,엔진 언더 커버(LH OR 한개),교환/정비,엔진 언더 커버(LH OR 한개) 교환/정비
CAN-001988,소모품 및 하체정비,오일류,엔진오일팬(AWD),교환,엔진오일팬(AWD) 교환
CAN-001989,소모품 및 하체정비,오일류,엔진오일팬(AWD),탈착,엔진오일팬(AWD) 탈착
CAN-001990,소모품 및 하체정비,오일류,엔진 오일팬(V8),교환,엔진 오일팬(V8) 교환
CAN-001991,소모품 및 하체정비,오일류,엔진 오일팬(V8),탈착,엔진 오일팬(V8) 탈착
CAN-001992,소모품 및 하체정비,오일류,엔진오일팬,교환,엔진오일팬 교환
CAN-001993,소모품 및 하체정비,오일류,엔진 오일팬,탈착,엔진 오일팬 탈착
CAN-001994,소모품 및 하체정비,오일류,엔진 오일팬(디젤),교환,엔진 오일팬(디젤) 교환
CAN-001995,소모품 및 하체정비,오일류,엔진 오일팬(디젤),탈착,엔진 오일팬(디젤) 탈착
CAN-001996,소모품 및 하체정비,오일류,엔진 오일 팬 로워,교환,엔진 오일 팬 로워 교환
CAN-001997,소모품 및 하체정비,오일류,엔진 오일 팬 로워,탈착,엔진 오일 팬 로워 탈착
CAN-001998,소모품 및 하체정비,오일류,엔진오일 펌프,교환,엔진오일 펌프 교환
CAN-001999,소모품 및 하체정비,오일류,엔진오일 펌프,탈착,엔진오일 펌프 탈착
CAN-002000,소모품 및 하체정비,오일류,엔진오일/필터/에어크리너,교환/정비,엔진오일/필터/에어크리너 교환/정비
CAN-002001,소모품 및 하체정비,오일류,엔진 오일/휠터,교환/정비,엔진 오일/휠터 교환/정비
CAN-002002,기능정비,엔진 부품,엔진조정 A,조정,엔진조정 A 조정
CAN-002003,기능정비,엔진 부품,엔진조정 B,조정,엔진조정 B 조정
CAN-002004,기능정비,엔진 부품,엔진조정 C,조정,엔진조정 C 조정
CAN-002005,기능정비,전기 및 램프,엔진 컨트롤 배선,교환,엔진 컨트롤 배선 교환
CAN-002006,기능정비,전기 및 램프,엔진 컨트롤 배선,탈착,엔진 컨트롤 배선 탈착
CAN-002007,소모품 및 하체정비,하체 부품,엔진 크로스멤버,교환,엔진 크로스멤버 교환
CAN-002008,소모품 및 하체정비,하체 부품,엔진 크로스멤버,탈착,엔진 크로스멤버 탈착
CAN-002009,소모품 및 하체정비,하체 부품,엔진크로스멤버(우측),교환,엔진크로스멤버(우측) 교환
CAN-002010,소모품 및 하체정비,하체 부품,엔진크로스멤버(우측),탈착,엔진크로스멤버(우측) 탈착
CAN-002011,소모품 및 하체정비,하체 부품,엔진크로스멤버(좌측),교환,엔진크로스멤버(좌측) 교환
CAN-002012,소모품 및 하체정비,하체 부품,엔진크로스멤버(좌측),탈착,엔진크로스멤버(좌측) 탈착
CAN-002013,기능정비,엔진 부품,엠프리파이어,교환,엠프리파이어 교환
CAN-002014,기능정비,엔진 부품,엠프리파이어,탈착,엠프리파이어 탈착
CAN-002015,소모품 및 하체정비,브레이크/타이어,연료&브레이크 파이프 라인,교환,연료&브레이크 파이프 라인 교환
CAN-002016,소모품 및 하체정비,브레이크/타이어,연료&브레이크 파이프 라인,탈착,연료&브레이크 파이프 라인 탈착
CAN-002017,기능정비,엔진 부품,연료고압펌프,교환,연료고압펌프 교환
CAN-002018,기능정비,엔진 부품,연료고압펌프,탈착,연료고압펌프 탈착
CAN-002019,기능정비,엔진 부품,연료고압펌프(디젤),교환,연료고압펌프(디젤) 교환
CAN-002020,기능정비,엔진 부품,연료고압펌프(디젤),탈착,연료고압펌프(디젤) 탈착
CAN-002021,기능정비,엔진 부품,연료(분사)펌프,교환,연료(분사)펌프 교환
CAN-002022,기능정비,엔진 부품,연료(분사)펌프,오버홀,연료(분사)펌프 오버홀
CAN-002023,기능정비,엔진 부품,연료(분사)펌프,탈착,연료(분사)펌프 탈착
CAN-002024,소모품 및 하체정비,소모품,연료 세디먼트 및 필터,교환,연료 세디먼트 및 필터 교환
CAN-002025,소모품 및 하체정비,소모품,연료 세디먼트 및 필터,탈착,연료 세디먼트 및 필터 탈착
CAN-002026,소모품 및 하체정비,소모품,연료 세디멘터 및 필터,교환,연료 세디멘터 및 필터 교환
CAN-002027,소모품 및 하체정비,소모품,연료 세디멘터 및 필터,탈착,연료 세디멘터 및 필터 탈착
CAN-002028,기능정비,엔진 부품,연료 압력 레귤레이터,교환,연료 압력 레귤레이터 교환
CAN-002029,기능정비,엔진 부품,연료 압력 레귤레이터,탈착,연료 압력 레귤레이터 탈착
CAN-002030,기능정비,엔진 부품,연료주입 파이프,교환,연료주입 파이프 교환
CAN-002031,기능정비,엔진 부품,연료주입 파이프,탈착,연료주입 파이프 탈착
CAN-002032,기능정비,엔진 부품,연료탱크,교환,연료탱크 교환
CAN-002033,기능정비,엔진 부품,연료탱크,오버홀,연료탱크 오버홀
CAN-002034,기능정비,엔진 부품,연료탱크,탈착,연료탱크 탈착
CAN-002035,기능정비,엔진 부품,연료 탱크 어셈블리,교환/정비,연료 탱크 어셈블리 교환/정비
CAN-002036,기능정비,엔진 부품,연료 파이프(언더바디),교환,연료 파이프(언더바디) 교환
CAN-002037,기능정비,엔진 부품,연료 파이프(언더바디),탈착,연료 파이프(언더바디) 탈착
CAN-002038,기능정비,엔진 부품,연료파이프 프로텍터 커버,교환,연료파이프 프로텍터 커버 교환
CAN-002039,기능정비,엔진 부품,연료파이프 프로텍터 커버,탈착,연료파이프 프로텍터 커버 탈착
CAN-002040,기능정비,엔진 부품,연료파이핑(전체),교환,연료파이핑(전체) 교환
CAN-002041,기능정비,엔진 부품,연료파이핑(전체),탈착,연료파이핑(전체) 탈착
CAN-002042,소모품 및 하체정비,하체 부품,연료 필러 도어 어셈블리,교환/정비,연료 필러 도어 어셈블리 교환/정비
CAN-002043,소모품 및 하체정비,소모품,연료필터,교환,연료필터 교환
CAN-002044,소모품 및 하체정비,소모품,연료필터,탈착,연료필터 탈착
CAN-002045,기능정비,에어컨,연료히터,교환,연료히터 교환
CAN-002046,기능정비,에어컨,연료히터,탈착,연료히터 탈착
CAN-002047,기능정비,엔진 부품,"옆창(미닫이식,창틀有)-16개",교환,"옆창(미닫이식,창틀有)-16개 교환"
CAN-002048,기능정비,엔진 부품,"옆창(미닫이식,창틀有)-16개",탈착,"옆창(미닫이식,창틀有)-16개 탈착"
CAN-002049,기능정비,엔진 부품,"옆창(미닫이식,창틀有)-1개",교환,"옆창(미닫이식,창틀有)-1개 교환"
CAN-002050,기능정비,엔진 부품,"옆창(미닫이식,창틀有)-1개",탈착,"옆창(미닫이식,창틀有)-1개 탈착"
CAN-002051,기능정비,엔진 부품,"옆창(미닫이식,창틀有)-2개",교환,"옆창(미닫이식,창틀有)-2개 교환"
CAN-002052,기능정비,엔진 부품,"옆창(미닫이식,창틀有)-2개",탈착,"옆창(미닫이식,창틀有)-2개 탈착"
CAN-002053,기능정비,엔진 부품,"옆창(미닫이식,창틀有)-4개",교환,"옆창(미닫이식,창틀有)-4개 교환"
CAN-002054,기능정비,엔진 부품,"옆창(미닫이식,창틀有)-4개",탈착,"옆창(미닫이식,창틀有)-4개 탈착"
CAN-002055,기능정비,엔진 부품,"옆창(미닫이식,창틀有)-8개",교환,"옆창(미닫이식,창틀有)-8개 교환"
CAN-002056,기능정비,엔진 부품,"옆창(미닫이식,창틀有)-8개",탈착,"옆창(미닫이식,창틀有)-8개 탈착"
CAN-002057,기능정비,엔진 부품,"옆창(미닫이식,창틀無)-16개",교환,"옆창(미닫이식,창틀無)-16개 교환"
CAN-002058,기능정비,엔진 부품,"옆창(미닫이식,창틀無)-16개",탈착,"옆창(미닫이식,창틀無)-16개 탈착"
CAN-002059,기능정비,엔진 부품,"옆창(미닫이식,창틀無)-1개",교환,"옆창(미닫이식,창틀無)-1개 교환"
CAN-002060,기능정비,엔진 부품,"옆창(미닫이식,창틀無)-1개",탈착,"옆창(미닫이식,창틀無)-1개 탈착"
CAN-002061,기능정비,엔진 부품,"옆창(미닫이식,창틀無)-2개",교환,"옆창(미닫이식,창틀無)-2개 교환"
CAN-002062,기능정비,엔진 부품,"옆창(미닫이식,창틀無)-2개",탈착,"옆창(미닫이식,창틀無)-2개 탈착"
CAN-002063,기능정비,엔진 부품,"옆창(미닫이식,창틀無)-4개",교환,"옆창(미닫이식,창틀無)-4개 교환"
CAN-002064,기능정비,엔진 부품,"옆창(미닫이식,창틀無)-4개",탈착,"옆창(미닫이식,창틀無)-4개 탈착"
CAN-002065,기능정비,엔진 부품,"옆창(미닫이식,창틀無)-8개",교환,"옆창(미닫이식,창틀無)-8개 교환"
CAN-002066,기능정비,엔진 부품,"옆창(미닫이식,창틀無)-8개",탈착,"옆창(미닫이식,창틀無)-8개 탈착"
CAN-002067,기능정비,엔진 부품,"옆창(상고정식,상,끼움)-1개",교환,"옆창(상고정식,상,끼움)-1개 교환"
CAN-002068,기능정비,엔진 부품,"옆창(상고정식,상,끼움)-1개",탈착,"옆창(상고정식,상,끼움)-1개 탈착"
CAN-002069,기능정비,엔진 부품,"옆창(상고정식,상,끼움)-2개",교환,"옆창(상고정식,상,끼움)-2개 교환"
CAN-002070,기능정비,엔진 부품,"옆창(상고정식,상,끼움)-2개",탈착,"옆창(상고정식,상,끼움)-2개 탈착"
CAN-002071,기능정비,엔진 부품,"옆창(상고정식,상,끼움)-4개",교환,"옆창(상고정식,상,끼움)-4개 교환"
CAN-002072,기능정비,엔진 부품,"옆창(상고정식,상,끼움)-4개",탈착,"옆창(상고정식,상,끼움)-4개 탈착"
CAN-002073,기능정비,엔진 부품,"옆창(상고정식,상,끼움)-8개",교환,"옆창(상고정식,상,끼움)-8개 교환"
CAN-002074,기능정비,엔진 부품,"옆창(상고정식,상,끼움)-8개",탈착,"옆창(상고정식,상,끼움)-8개 탈착"
CAN-002075,기능정비,엔진 부품,"옆창(상고정식,상,접착)-1개",교환,"옆창(상고정식,상,접착)-1개 교환"
CAN-002076,기능정비,엔진 부품,"옆창(상고정식,상,접착)-1개",탈착,"옆창(상고정식,상,접착)-1개 탈착"
CAN-002077,기능정비,엔진 부품,"옆창(상고정식,상,접착)-2개",교환,"옆창(상고정식,상,접착)-2개 교환"
CAN-002078,기능정비,엔진 부품,"옆창(상고정식,상,접착)-2개",탈착,"옆창(상고정식,상,접착)-2개 탈착"
CAN-002079,기능정비,엔진 부품,"옆창(상고정식,상,접착)-4개",교환,"옆창(상고정식,상,접착)-4개 교환"
CAN-002080,기능정비,엔진 부품,"옆창(상고정식,상,접착)-4개",탈착,"옆창(상고정식,상,접착)-4개 탈착"
CAN-002081,기능정비,엔진 부품,"옆창(상고정식,상,접착)-8개",교환,"옆창(상고정식,상,접착)-8개 교환"
CAN-002082,기능정비,엔진 부품,"옆창(상고정식,상,접착)-8개",탈착,"옆창(상고정식,상,접착)-8개 탈착"
CAN-002083,기능정비,엔진 부품,"옆창(상고정식,하,미닫이)-16개",교환,"옆창(상고정식,하,미닫이)-16개 교환"
CAN-002084,기능정비,엔진 부품,"옆창(상고정식,하,미닫이)-1개",교환,"옆창(상고정식,하,미닫이)-1개 교환"
CAN-002085,기능정비,엔진 부품,"옆창(상고정식,하,미닫이)-2개",교환,"옆창(상고정식,하,미닫이)-2개 교환"
CAN-002086,기능정비,엔진 부품,"옆창(상고정식,하,미닫이)-4개",교환,"옆창(상고정식,하,미닫이)-4개 교환"
CAN-002087,기능정비,엔진 부품,"옆창(상고정식,하,미닫이)-8개",교환,"옆창(상고정식,하,미닫이)-8개 교환"
CAN-002088,기능정비,엔진 부품,"옆창(상하고정,상,접착)-1개",교환,"옆창(상하고정,상,접착)-1개 교환"
CAN-002089,기능정비,엔진 부품,"옆창(상하고정,상,접착)-1개",탈착,"옆창(상하고정,상,접착)-1개 탈착"
CAN-002090,기능정비,엔진 부품,"옆창(상하고정,상,접착)-2개",교환,"옆창(상하고정,상,접착)-2개 교환"
CAN-002091,기능정비,엔진 부품,"옆창(상하고정,상,접착)-2개",탈착,"옆창(상하고정,상,접착)-2개 탈착"
CAN-002092,기능정비,엔진 부품,"옆창(상하고정,상,접착)-4개",교환,"옆창(상하고정,상,접착)-4개 교환"
CAN-002093,기능정비,엔진 부품,"옆창(상하고정,상,접착)-4개",탈착,"옆창(상하고정,상,접착)-4개 탈착"
CAN-002094,기능정비,엔진 부품,"옆창(상하고정,상,접착)-8개",교환,"옆창(상하고정,상,접착)-8개 교환"
CAN-002095,기능정비,엔진 부품,"옆창(상하고정,상,접착)-8개",탈착,"옆창(상하고정,상,접착)-8개 탈착"
CAN-002096,기능정비,엔진 부품,"옆창(상하고정,중앙,미닫)-16개",교환,"옆창(상하고정,중앙,미닫)-16개 교환"
CAN-002097,기능정비,엔진 부품,"옆창(상하고정,중앙,미닫)-1개",교환,"옆창(상하고정,중앙,미닫)-1개 교환"
CAN-002098,기능정비,엔진 부품,"옆창(상하고정,중앙,미닫)-2개",교환,"옆창(상하고정,중앙,미닫)-2개 교환"
CAN-002099,기능정비,엔진 부품,"옆창(상하고정,중앙,미닫)-4개",교환,"옆창(상하고정,중앙,미닫)-4개 교환"
CAN-002100,기능정비,엔진 부품,"옆창(상하고정,중앙,미닫)-8개",교환,"옆창(상하고정,중앙,미닫)-8개 교환"
CAN-002101,기능정비,엔진 부품,"옆창(상하고정,하,접착)-1개",교환,"옆창(상하고정,하,접착)-1개 교환"
CAN-002102,기능정비,엔진 부품,"옆창(상하고정,하,접착)-1개",탈착,"옆창(상하고정,하,접착)-1개 탈착"
CAN-002103,기능정비,엔진 부품,"옆창(상하고정,하,접착)-2개",교환,"옆창(상하고정,하,접착)-2개 교환"
CAN-002104,기능정비,엔진 부품,"옆창(상하고정,하,접착)-2개",탈착,"옆창(상하고정,하,접착)-2개 탈착"
CAN-002105,기능정비,엔진 부품,"옆창(상하고정,하,접착)-4개",교환,"옆창(상하고정,하,접착)-4개 교환"
CAN-002106,기능정비,엔진 부품,"옆창(상하고정,하,접착)-4개",탈착,"옆창(상하고정,하,접착)-4개 탈착"
CAN-002107,기능정비,엔진 부품,"옆창(상하고정,하,접착)-8개",교환,"옆창(상하고정,하,접착)-8개 교환"
CAN-002108,기능정비,엔진 부품,"옆창(상하고정,하,접착)-8개",탈착,"옆창(상하고정,하,접착)-8개 탈착"
CAN-002109,기능정비,엔진 부품,"옆창유리(고정,끼움식)-1개",교환,"옆창유리(고정,끼움식)-1개 교환"
CAN-002110,기능정비,엔진 부품,"옆창유리(고정,끼움식)-1개",탈착,"옆창유리(고정,끼움식)-1개 탈착"
CAN-002111,기능정비,엔진 부품,"옆창유리(고정,끼움식)-2개",교환,"옆창유리(고정,끼움식)-2개 교환"
CAN-002112,기능정비,엔진 부품,"옆창유리(고정,끼움식)-2개",탈착,"옆창유리(고정,끼움식)-2개 탈착"
CAN-002113,기능정비,엔진 부품,"옆창유리(고정,끼움식)-4개",교환,"옆창유리(고정,끼움식)-4개 교환"
CAN-002114,기능정비,엔진 부품,"옆창유리(고정,끼움식)-4개",탈착,"옆창유리(고정,끼움식)-4개 탈착"
CAN-002115,기능정비,엔진 부품,"옆창유리(고정,끼움식)-8개",교환,"옆창유리(고정,끼움식)-8개 교환"
CAN-002116,기능정비,엔진 부품,"옆창유리(고정,끼움식)-8개",탈착,"옆창유리(고정,끼움식)-8개 탈착"
CAN-002117,기능정비,엔진 부품,"옆창유리(고정,접착식)-1개",교환,"옆창유리(고정,접착식)-1개 교환"
CAN-002118,기능정비,엔진 부품,"옆창유리(고정,접착식)-1개",탈착,"옆창유리(고정,접착식)-1개 탈착"
CAN-002119,기능정비,엔진 부품,"옆창유리(고정,접착식)-2개",교환,"옆창유리(고정,접착식)-2개 교환"
CAN-002120,기능정비,엔진 부품,"옆창유리(고정,접착식)-2개",탈착,"옆창유리(고정,접착식)-2개 탈착"
CAN-002121,기능정비,엔진 부품,"옆창유리(고정,접착식)-4개",교환,"옆창유리(고정,접착식)-4개 교환"
CAN-002122,기능정비,엔진 부품,"옆창유리(고정,접착식)-4개",탈착,"옆창유리(고정,접착식)-4개 탈착"
CAN-002123,기능정비,엔진 부품,"옆창유리(고정,접착식)-8개",교환,"옆창유리(고정,접착식)-8개 교환"
CAN-002124,기능정비,엔진 부품,"옆창유리(고정,접착식)-8개",탈착,"옆창유리(고정,접착식)-8개 탈착"
CAN-002125,기능정비,엔진 부품,"옆창유리(우, 1, 고정)",교환,"옆창유리(우, 1, 고정) 교환"
CAN-002126,기능정비,엔진 부품,"옆창유리(우, 1, 고정)",탈착,"옆창유리(우, 1, 고정) 탈착"
CAN-002127,기능정비,엔진 부품,"옆창유리(우, 1, 미닫이)",교환,"옆창유리(우, 1, 미닫이) 교환"
CAN-002128,기능정비,엔진 부품,"옆창유리(우, 2, 고정)",교환,"옆창유리(우, 2, 고정) 교환"
CAN-002129,기능정비,엔진 부품,"옆창유리(우, 2, 고정)",탈착,"옆창유리(우, 2, 고정) 탈착"
CAN-002130,기능정비,엔진 부품,"옆창유리(우, 2, 미닫이)",교환,"옆창유리(우, 2, 미닫이) 교환"
CAN-002131,판금/도장정비,판금(탈부착),"옆창유리(우,슬라이딩도어)",교환,"옆창유리(우,슬라이딩도어) 교환"
CAN-002132,판금/도장정비,판금(탈부착),"옆창유리(우,슬라이딩도어)",탈착,"옆창유리(우,슬라이딩도어) 탈착"
CAN-002133,판금/도장정비,판금(탈부착),"옆창유리(우,슬라이딩도어,고정)",교환,"옆창유리(우,슬라이딩도어,고정) 교환"
CAN-002134,판금/도장정비,판금(탈부착),"옆창유리(우,슬라이딩도어,고정)",탈착,"옆창유리(우,슬라이딩도어,고정) 탈착"
CAN-002135,판금/도장정비,판금(탈부착),"옆창유리(우,슬라이딩도어,미닫",교환,"옆창유리(우,슬라이딩도어,미닫 교환"
CAN-002136,판금/도장정비,판금(탈부착),"옆창유리(우,슬라이딩도어,미닫",탈착,"옆창유리(우,슬라이딩도어,미닫 탈착"
CAN-002137,판금/도장정비,판금(탈부착),"옆창유리(좌.슬라이딩도어,고정)",교환,"옆창유리(좌.슬라이딩도어,고정) 교환"
CAN-002138,판금/도장정비,판금(탈부착),"옆창유리(좌.슬라이딩도어,고정)",탈착,"옆창유리(좌.슬라이딩도어,고정) 탈착"
CAN-002139,기능정비,엔진 부품,"옆창유리(좌, 1, 고정)",교환,"옆창유리(좌, 1, 고정) 교환"
CAN-002140,기능정비,엔진 부품,"옆창유리(좌, 1, 고정)",탈착,"옆창유리(좌, 1, 고정) 탈착"
CAN-002141,기능정비,엔진 부품,"옆창유리(좌, 1, 미닫이)",교환,"옆창유리(좌, 1, 미닫이) 교환"
CAN-002142,기능정비,엔진 부품,"옆창유리(좌, 2, 고정)",교환,"옆창유리(좌, 2, 고정) 교환"
CAN-002143,기능정비,엔진 부품,"옆창유리(좌, 2, 고정)",탈착,"옆창유리(좌, 2, 고정) 탈착"
CAN-002144,기능정비,엔진 부품,"옆창유리(좌, 2, 미닫이)",교환,"옆창유리(좌, 2, 미닫이) 교환"
CAN-002145,기능정비,엔진 부품,"옆창유리(좌, 3, 고정)",교환,"옆창유리(좌, 3, 고정) 교환"
CAN-002146,기능정비,엔진 부품,"옆창유리(좌, 3, 고정)",탈착,"옆창유리(좌, 3, 고정) 탈착"
CAN-002147,기능정비,엔진 부품,"옆창유리(좌, 3, 미닫이)",교환,"옆창유리(좌, 3, 미닫이) 교환"
CAN-002148,판금/도장정비,판금(탈부착),"옆창유리(좌,슬라이딩도어)",교환,"옆창유리(좌,슬라이딩도어) 교환"
CAN-002149,판금/도장정비,판금(탈부착),"옆창유리(좌,슬라이딩도어)",탈착,"옆창유리(좌,슬라이딩도어) 탈착"
CAN-002150,판금/도장정비,판금(탈부착),"옆창유리(좌,슬라이딩도어,미닫",교환,"옆창유리(좌,슬라이딩도어,미닫 교환"
CAN-002151,판금/도장정비,판금(탈부착),"옆창유리(좌,슬라이딩도어,미닫",탈착,"옆창유리(좌,슬라이딩도어,미닫 탈착"
CAN-002152,소모품 및 하체정비,브레이크/타이어,예비타이어 공구함탈착,탈착,예비타이어 공구함탈착 탈착
CAN-002153,기능정비,엔진 부품,오디오 디스플레이,교환,오디오 디스플레이 교환
CAN-002154,기능정비,엔진 부품,오디오 디스플레이,탈착,오디오 디스플레이 탈착
CAN-002155,기능정비,엔진 부품,오디오 엠프 및 스피커,교환,오디오 엠프 및 스피커 교환
CAN-002156,기능정비,엔진 부품,오디오 엠프 및 스피커,탈착,오디오 엠프 및 스피커 탈착
CAN-002157,기능정비,엔진 부품,오디오엠프 및 우퍼스피커,교환,오디오엠프 및 우퍼스피커 교환
CAN-002158,기능정비,엔진 부품,오디오엠프 및 우퍼스피커,탈착,오디오엠프 및 우퍼스피커 탈착
CAN-002159,소모품 및 하체정비,오일류,오일쿨러 ASSY,교환,오일쿨러 ASSY 교환
CAN-002160,소모품 및 하체정비,오일류,오일쿨러 ASSY,탈착,오일쿨러 ASSY 탈착
CAN-002161,소모품 및 하체정비,오일류,오일쿨러,교환,오일쿨러 교환
CAN-002162,소모품 및 하체정비,오일류,오일쿨러,탈착,오일쿨러 탈착
CAN-002163,소모품 및 하체정비,오일류,오일쿨러(미션),교환,오일쿨러(미션) 교환
CAN-002164,소모품 및 하체정비,오일류,오일쿨러(미션),탈착,오일쿨러(미션) 탈착
CAN-002165,소모품 및 하체정비,브레이크/타이어,오일쿨러 및 휠터바디,교환,오일쿨러 및 휠터바디 교환
CAN-002166,소모품 및 하체정비,브레이크/타이어,오일쿨러 및 휠터바디,탈착,오일쿨러 및 휠터바디 탈착
CAN-002167,소모품 및 하체정비,오일류,오일쿨러(파워오일),교환,오일쿨러(파워오일) 교환
CAN-002168,소모품 및 하체정비,오일류,오일쿨러(파워오일),탈착,오일쿨러(파워오일) 탈착
CAN-002169,소모품 및 하체정비,오일류,오일쿨러파이프(파워오일),교환,오일쿨러파이프(파워오일) 교환
CAN-002170,소모품 및 하체정비,오일류,오일쿨러파이프(파워오일),탈착,오일쿨러파이프(파워오일) 탈착
CAN-002171,소모품 및 하체정비,소모품,오일필터(가솔린),교환,오일필터(가솔린) 교환
CAN-002172,소모품 및 하체정비,소모품,오일필터(가솔린),탈착,오일필터(가솔린) 탈착
CAN-002173,소모품 및 하체정비,소모품,오일필터(디젤),교환,오일필터(디젤) 교환
CAN-002174,소모품 및 하체정비,소모품,오일필터(디젤),탈착,오일필터(디젤) 탈착
CAN-002175,소모품 및 하체정비,오일류,오토미션 오일 (장비 사용),교환/정비,오토미션 오일 (장비 사용) 교환/정비
CAN-002176,소모품 및 하체정비,오일류,오토미션 오일 쿨링,교환,오토미션 오일 쿨링 교환
CAN-002177,소모품 및 하체정비,오일류,오토미션 오일 쿨링,탈착,오토미션 오일 쿨링 탈착
CAN-002178,소모품 및 하체정비,오일류,오토 트랜스액슬 오일,교환/정비,오토 트랜스액슬 오일 교환/정비
CAN-002179,기능정비,엔진 부품,와샤 탱크(뒤),교환,와샤 탱크(뒤) 교환
CAN-002180,기능정비,엔진 부품,와샤 탱크(뒤),탈착,와샤 탱크(뒤) 탈착
CAN-002181,기능정비,엔진 부품,와샤 탱크(앞),교환,와샤 탱크(앞) 교환
CAN-002182,기능정비,엔진 부품,와샤 탱크(앞),탈착,와샤 탱크(앞) 탈착
CAN-002183,기능정비,전기 및 램프,와셔탱크(뒤),교환,와셔탱크(뒤) 교환
CAN-002184,기능정비,전기 및 램프,와셔탱크(뒤),탈착,와셔탱크(뒤) 탈착
CAN-002185,기능정비,전기 및 램프,와셔탱크(앞),교환,와셔탱크(앞) 교환
CAN-002186,기능정비,전기 및 램프,와셔탱크(앞),탈착,와셔탱크(앞) 탈착
CAN-002187,기능정비,엔진 부품,와이퍼 링케이지,교환,와이퍼 링케이지 교환
CAN-002188,기능정비,엔진 부품,와이퍼 링케이지,탈착,와이퍼 링케이지 탈착
CAN-002189,기능정비,엔진 부품,와이퍼모터,교환,와이퍼모터 교환
CAN-002190,기능정비,엔진 부품,와이퍼모터,탈착,와이퍼모터 탈착
CAN-002191,기능정비,엔진 부품,와이퍼 모터 및 링케이지,교환,와이퍼 모터 및 링케이지 교환
CAN-002192,기능정비,엔진 부품,와이퍼 모터 및 링케이지,탈착,와이퍼 모터 및 링케이지 탈착
CAN-002193,기능정비,엔진 부품,와이퍼 모터(우측),교환,와이퍼 모터(우측) 교환
CAN-002194,기능정비,엔진 부품,와이퍼 모터(우측),탈착,와이퍼 모터(우측) 탈착
CAN-002195,기능정비,엔진 부품,와이퍼 모터(좌측),교환,와이퍼 모터(좌측) 교환
CAN-002196,기능정비,엔진 부품,와이퍼 모터(좌측),탈착,와이퍼 모터(좌측) 탈착
CAN-002197,판금/도장정비,판금(탈부착),(우측)쿼터패널(내측),교환,(우측)쿼터패널(내측) 교환
CAN-002198,판금/도장정비,판금(탈부착),(우측)쿼터패널(외측),교환,(우측)쿼터패널(외측) 교환
CAN-002199,판금/도장정비,판금(탈부착),운전대 바닥패널(뒤),교환,운전대 바닥패널(뒤) 교환
CAN-002200,판금/도장정비,판금(탈부착),"운전대 바닥패널(뒤,더블캡)",교환,"운전대 바닥패널(뒤,더블캡) 교환"
CAN-002201,판금/도장정비,판금(탈부착),운전대 바닥패널(앞),교환,운전대 바닥패널(앞) 교환
CAN-002202,판금/도장정비,판금(탈부착),운전대 백패널,교환,운전대 백패널 교환
CAN-002203,판금/도장정비,판금(탈부착),운전대 앞바닥 패널 A,교환,운전대 앞바닥 패널 A 교환
CAN-002204,판금/도장정비,판금(탈부착),운전대 앞바닥 패널 B,교환,운전대 앞바닥 패널 B 교환
CAN-002205,기능정비,엔진 부품,운전대 전체바닥,교환,운전대 전체바닥 교환
CAN-002206,기능정비,엔진 부품,운전대 전체바닥(더블캡),교환,운전대 전체바닥(더블캡) 교환
CAN-002207,기능정비,엔진 부품,운전대 전체바닥(일체형),교환,운전대 전체바닥(일체형) 교환
CAN-002208,기능정비,전기 및 램프,운전석 무릎 에어백,교환,운전석 무릎 에어백 교환
CAN-002209,기능정비,전기 및 램프,운전석 무릎 에어백,탈착,운전석 무릎 에어백 탈착
CAN-002210,판금/도장정비,판금(탈부착),운전석 백패널 트림,교환,운전석 백패널 트림 교환
CAN-002211,판금/도장정비,판금(탈부착),운전석 백패널 트림,탈착,운전석 백패널 트림 탈착
CAN-002212,기능정비,엔진 부품,"운전석비상(미닫이식,창틀有)",교환,"운전석비상(미닫이식,창틀有) 교환"
CAN-002213,기능정비,엔진 부품,"운전석비상(상고정식,미닫이)",교환,"운전석비상(상고정식,미닫이) 교환"
CAN-002214,기능정비,엔진 부품,"운전석비상(상고정식,미닫이)",탈착,"운전석비상(상고정식,미닫이) 탈착"
CAN-002215,기능정비,엔진 부품,"운전석비상(상고정식,상)",교환,"운전석비상(상고정식,상) 교환"
CAN-002216,기능정비,엔진 부품,"운전석비상(상하고정,미닫이)",교환,"운전석비상(상하고정,미닫이) 교환"
CAN-002217,기능정비,엔진 부품,"운전석비상(상하고정,미닫이)",탈착,"운전석비상(상하고정,미닫이) 탈착"
CAN-002218,기능정비,엔진 부품,"운전석비상(상하고정,상)",교환,"운전석비상(상하고정,상) 교환"
CAN-002219,기능정비,엔진 부품,"운전석비상(상하고정,상)",탈착,"운전석비상(상하고정,상) 탈착"
CAN-002220,기능정비,엔진 부품,"운전석비상(상하고정,하)",교환,"운전석비상(상하고정,하) 교환"
CAN-002221,기능정비,엔진 부품,운전석비상유리(고정식),교환,운전석비상유리(고정식) 교환
CAN-002222,기능정비,엔진 부품,운전석비상유리(고정식),탈착,운전석비상유리(고정식) 탈착
CAN-002223,기능정비,엔진 부품,운전석 시트(2인석),교환,운전석 시트(2인석) 교환
CAN-002224,기능정비,엔진 부품,운전석 시트(2인석),탈착,운전석 시트(2인석) 탈착
CAN-002225,기능정비,엔진 부품,워터펌프(2.7엔진),교환,워터펌프(2.7엔진) 교환
CAN-002226,기능정비,엔진 부품,워터펌프(2.7엔진),탈착,워터펌프(2.7엔진) 탈착
CAN-002227,기능정비,엔진 부품,워터펌프(V형),교환,워터펌프(V형) 교환
CAN-002228,기능정비,엔진 부품,워터펌프(V형),탈착,워터펌프(V형) 탈착
CAN-002229,기능정비,엔진 부품,워터펌프,교환,워터펌프 교환
CAN-002230,기능정비,엔진 부품,워터펌프,탈착,워터펌프 탈착
CAN-002231,기능정비,엔진 부품,"워터펌프(가솔린,LPG)",교환,"워터펌프(가솔린,LPG) 교환"
CAN-002232,기능정비,엔진 부품,"워터펌프(가솔린,LPG)",탈착,"워터펌프(가솔린,LPG) 탈착"
CAN-002233,기능정비,엔진 부품,워터펌프(디젤),교환,워터펌프(디젤) 교환
CAN-002234,기능정비,엔진 부품,워터펌프(디젤),탈착,워터펌프(디젤) 탈착
CAN-002235,기능정비,엔진 부품,워터펌프어셈블리 및 가스켓(텐션조정포함),교환/정비,워터펌프어셈블리 및 가스켓(텐션조정포함) 교환/정비
CAN-002236,기능정비,엔진 부품,"윈도우 필러(우,내측)",교환,"윈도우 필러(우,내측) 교환"
CAN-002237,기능정비,엔진 부품,윈도우 필러(우측),교환,윈도우 필러(우측) 교환
CAN-002238,기능정비,엔진 부품,"윈도우 필러(좌,내측)",교환,"윈도우 필러(좌,내측) 교환"
CAN-002239,기능정비,엔진 부품,윈도우 필러(좌측),교환,윈도우 필러(좌측) 교환
CAN-002240,판금/도장정비,판금(탈부착),윈드쉬일드패널,교환,윈드쉬일드패널 교환
CAN-002241,판금/도장정비,판금(탈부착),윈드실드 로워패널,교환,윈드실드 로워패널 교환
CAN-002242,판금/도장정비,판금(탈부착),윈드실드 어퍼패널,교환,윈드실드 어퍼패널 교환
CAN-002243,기능정비,전기 및 램프,윈드실드 와셔 리저버 어셈블리,교환/정비,윈드실드 와셔 리저버 어셈블리 교환/정비
CAN-002244,기능정비,전기 및 램프,윈드실드 와셔 모터 및 펌프 어셈블리,교환/정비,윈드실드 와셔 모터 및 펌프 어셈블리 교환/정비
CAN-002245,기능정비,엔진 부품,유압실린더,교환,유압실린더 교환
CAN-002246,기능정비,엔진 부품,유압실린더,탈착,유압실린더 탈착
CAN-002247,기능정비,엔진 부품,이그니션 코일,교환,이그니션 코일 교환
CAN-002248,기능정비,엔진 부품,이그니션 코일,탈착,이그니션 코일 탈착
CAN-002249,기능정비,엔진 부품,익스텐션플로워(리어),교환,익스텐션플로워(리어) 교환
CAN-002250,기능정비,엔진 부품,익스텐션플로워(프론트),교환,익스텐션플로워(프론트) 교환
CAN-002251,기능정비,엔진 부품,인버터 라디에이터,교환,인버터 라디에이터 교환
CAN-002252,기능정비,엔진 부품,인버터 라디에이터,탈착,인버터 라디에이터 탈착
CAN-002253,기능정비,엔진 부품,인버터 라디에이터 리져브탱크,교환,인버터 라디에이터 리져브탱크 교환
CAN-002254,기능정비,엔진 부품,인버터 라디에이터 리져브탱크,탈착,인버터 라디에이터 리져브탱크 탈착
CAN-002255,기능정비,엔진 부품,인사이드 미러(룸미러),교환,인사이드 미러(룸미러) 교환
CAN-002256,기능정비,엔진 부품,인사이드 미러(룸미러),탈착,인사이드 미러(룸미러) 탈착
CAN-002257,판금/도장정비,판금(탈부착),인스트루먼트패널,교환,인스트루먼트패널 교환
CAN-002258,판금/도장정비,판금(탈부착),인스트루먼트 패널 골조,교환,인스트루먼트 패널 골조 교환
CAN-002259,판금/도장정비,판금(탈부착),인스트루먼트 패널 골조-골조분,교환,인스트루먼트 패널 골조-골조분 교환
CAN-002260,기능정비,엔진 부품,인젝션 노즐 NO.1,교환,인젝션 노즐 NO.1 교환
CAN-002261,기능정비,엔진 부품,인젝션 노즐 NO.1,탈착,인젝션 노즐 NO.1 탈착
CAN-002262,기능정비,엔진 부품,인젝션 노즐 NO.2,교환,인젝션 노즐 NO.2 교환
CAN-002263,기능정비,엔진 부품,인젝션 노즐 NO.2,탈착,인젝션 노즐 NO.2 탈착
CAN-002264,기능정비,엔진 부품,인젝션 노즐 NO.3,교환,인젝션 노즐 NO.3 교환
CAN-002265,기능정비,엔진 부품,인젝션 노즐 NO.3,탈착,인젝션 노즐 NO.3 탈착
CAN-002266,기능정비,엔진 부품,인젝션 노즐 NO.4,교환,인젝션 노즐 NO.4 교환
CAN-002267,기능정비,엔진 부품,인젝션 노즐 NO.4,탈착,인젝션 노즐 NO.4 탈착
CAN-002268,기능정비,엔진 부품,인젝션 노즐 NO.5,교환,인젝션 노즐 NO.5 교환
CAN-002269,기능정비,엔진 부품,인젝션 노즐 NO.5,탈착,인젝션 노즐 NO.5 탈착
CAN-002270,기능정비,엔진 부품,인젝션 노즐 NO.6,교환,인젝션 노즐 NO.6 교환
CAN-002271,기능정비,엔진 부품,인젝션 노즐 NO.6,탈착,인젝션 노즐 NO.6 탈착
CAN-002272,기능정비,엔진 부품,인젝션(연료)펌프,교환,인젝션(연료)펌프 교환
CAN-002273,기능정비,엔진 부품,인젝션(연료)펌프,오버홀,인젝션(연료)펌프 오버홀
CAN-002274,기능정비,엔진 부품,인젝션(연료)펌프,탈착,인젝션(연료)펌프 탈착
CAN-002275,기능정비,엔진 부품,인젝션펌프,교환,인젝션펌프 교환
CAN-002276,기능정비,엔진 부품,인젝션펌프,오버홀,인젝션펌프 오버홀
CAN-002277,기능정비,엔진 부품,인젝션펌프,탈착,인젝션펌프 탈착
CAN-002278,기능정비,엔진 부품,인젝터 ASSY,교환,인젝터 ASSY 교환
CAN-002279,기능정비,엔진 부품,인젝터 ASSY,탈착,인젝터 ASSY 탈착
CAN-002280,기능정비,엔진 부품,인젝터NO1,교환,인젝터NO1 교환
CAN-002281,기능정비,엔진 부품,인젝터NO1,탈착,인젝터NO1 탈착
CAN-002282,기능정비,전기 및 램프,인젝터NO2,교환,인젝터NO2 교환
CAN-002283,기능정비,전기 및 램프,인젝터NO2,탈착,인젝터NO2 탈착
CAN-002284,기능정비,엔진 부품,인젝터NO3,교환,인젝터NO3 교환
CAN-002285,기능정비,엔진 부품,인젝터NO3,탈착,인젝터NO3 탈착
CAN-002286,기능정비,엔진 부품,인젝터NO4,교환,인젝터NO4 교환
CAN-002287,기능정비,엔진 부품,인젝터NO4,탈착,인젝터NO4 탈착
CAN-002288,기능정비,엔진 부품,인젝터NO5,교환,인젝터NO5 교환
CAN-002289,기능정비,엔진 부품,인젝터NO5,탈착,인젝터NO5 탈착
CAN-002290,기능정비,엔진 부품,인젝터NO6,교환,인젝터NO6 교환
CAN-002291,기능정비,엔진 부품,인젝터NO6,탈착,인젝터NO6 탈착
CAN-002292,기능정비,엔진 부품,인젝터NO7,교환,인젝터NO7 교환
CAN-002293,기능정비,엔진 부품,인젝터NO7,탈착,인젝터NO7 탈착
CAN-002294,기능정비,엔진 부품,인젝터NO8,교환,인젝터NO8 교환
CAN-002295,기능정비,엔진 부품,인젝터NO8,탈착,인젝터NO8 탈착
CAN-002296,기능정비,엔진 부품,인젝터 드라이브 박스,교환,인젝터 드라이브 박스 교환
CAN-002297,기능정비,엔진 부품,인젝터 드라이브 박스,탈착,인젝터 드라이브 박스 탈착
CAN-002298,기능정비,엔진 부품,인터쿨러,교환,인터쿨러 교환
CAN-002299,기능정비,엔진 부품,인터쿨러,탈착,인터쿨러 탈착
CAN-002300,기능정비,엔진 부품,인터쿨러 에어 가이드,교환,인터쿨러 에어 가이드 교환
CAN-002301,기능정비,엔진 부품,인터쿨러 에어 가이드,탈착,인터쿨러 에어 가이드 탈착
CAN-002302,기능정비,엔진 부품,인터쿨러 파이프,교환,인터쿨러 파이프 교환
CAN-002303,기능정비,엔진 부품,인터쿨러 파이프,탈착,인터쿨러 파이프 탈착
CAN-002304,소모품 및 하체정비,오일류,자동변속기오일팬,교환,자동변속기오일팬 교환
CAN-002305,소모품 및 하체정비,오일류,자동변속기오일팬,탈착,자동변속기오일팬 탈착
CAN-002306,기능정비,엔진 부품,적재함,교환,적재함 교환
CAN-002307,기능정비,엔진 부품,적재함,탈착,적재함 탈착
CAN-002308,기능정비,엔진 부품,적재함 뒤힌지 체크,교환,적재함 뒤힌지 체크 교환
CAN-002309,기능정비,엔진 부품,적재함 뒤힌지 체크,탈착,적재함 뒤힌지 체크 탈착
CAN-002310,기능정비,엔진 부품,적재함 뒷문,교환,적재함 뒷문 교환
CAN-002311,기능정비,엔진 부품,적재함 뒷문,탈착,적재함 뒷문 탈착
CAN-002312,판금/도장정비,판금(탈부착),적재함 사이드패널 ASSY(우측),교환,적재함 사이드패널 ASSY(우측) 교환
CAN-002313,판금/도장정비,판금(탈부착),적재함 사이드패널 ASSY(좌측),교환,적재함 사이드패널 ASSY(좌측) 교환
CAN-002314,판금/도장정비,판금(탈부착),"적재함 사이드패널 (외측,우)",교환,"적재함 사이드패널 (외측,우) 교환"
CAN-002315,판금/도장정비,판금(탈부착),"적재함 사이드패널 (외측,좌)",교환,"적재함 사이드패널 (외측,좌) 교환"
CAN-002316,기능정비,엔진 부품,적재함 스텝 ASSY,교환,적재함 스텝 ASSY 교환
CAN-002317,기능정비,엔진 부품,적재함 스텝 ASSY,탈착,적재함 스텝 ASSY 탈착
CAN-002318,기능정비,엔진 부품,적재함 옆문(우측),교환,적재함 옆문(우측) 교환
CAN-002319,기능정비,엔진 부품,적재함 옆문(우측),탈착,적재함 옆문(우측) 탈착
CAN-002320,기능정비,엔진 부품,적재함 옆문(좌측),교환,적재함 옆문(좌측) 교환
CAN-002321,기능정비,엔진 부품,적재함 옆문(좌측),탈착,적재함 옆문(좌측) 탈착
CAN-002322,기능정비,엔진 부품,적재함(전체탈착),교환,적재함(전체탈착) 교환
CAN-002323,기능정비,엔진 부품,적재함(전체탈착),탈착,적재함(전체탈착) 탈착
CAN-002324,소모품 및 하체정비,하체 부품,적재함 크로스멤버#1,교환,적재함 크로스멤버#1 교환
CAN-002325,소모품 및 하체정비,하체 부품,적재함 크로스멤버#2,교환,적재함 크로스멤버#2 교환
CAN-002326,기능정비,엔진 부품,"적재함 탑, 탱크로리",교환,"적재함 탑, 탱크로리 교환"
CAN-002327,기능정비,엔진 부품,"적재함 탑, 탱크로리",탈착,"적재함 탑, 탱크로리 탈착"
CAN-002328,기능정비,전기 및 램프,전구,교환/정비,전구 교환/정비
CAN-002329,기능정비,엔진 부품,전동식 롤러블라인드(뒤우),교환,전동식 롤러블라인드(뒤우) 교환
CAN-002330,기능정비,엔진 부품,전동식 롤러블라인드(뒤우),탈착,전동식 롤러블라인드(뒤우) 탈착
CAN-002331,기능정비,엔진 부품,전동식 롤러블라인드(뒤좌),교환,전동식 롤러블라인드(뒤좌) 교환
CAN-002332,기능정비,엔진 부품,전동식 롤러블라인드(뒤좌),탈착,전동식 롤러블라인드(뒤좌) 탈착
CAN-002333,기능정비,엔진 부품,전동식 리어커튼,교환,전동식 리어커튼 교환
CAN-002334,기능정비,엔진 부품,전동식 리어커튼,탈착,전동식 리어커튼 탈착
CAN-002335,기능정비,에어컨,전동식 에어컨 콤프레샤,교환,전동식 에어컨 콤프레샤 교환
CAN-002336,기능정비,에어컨,전동식 에어컨 콤프레샤,탈착,전동식 에어컨 콤프레샤 탈착
CAN-002337,기능정비,엔진 부품,전동식 워터펌프,교환,전동식 워터펌프 교환
CAN-002338,기능정비,엔진 부품,전동식 워터펌프,탈착,전동식 워터펌프 탈착
CAN-002339,판금/도장정비,판금(탈부착),전동식 파워도어 유닛(뒤우),교환,전동식 파워도어 유닛(뒤우) 교환
CAN-002340,판금/도장정비,판금(탈부착),전동식 파워도어 유닛(뒤우),탈착,전동식 파워도어 유닛(뒤우) 탈착
CAN-002341,판금/도장정비,판금(탈부착),전동식 파워도어 유닛(뒤좌),교환,전동식 파워도어 유닛(뒤좌) 교환
CAN-002342,판금/도장정비,판금(탈부착),전동식 파워도어 유닛(뒤좌),탈착,전동식 파워도어 유닛(뒤좌) 탈착
CAN-002343,판금/도장정비,판금(탈부착),전동식 파워도어 유닛(앞우),교환,전동식 파워도어 유닛(앞우) 교환
CAN-002344,판금/도장정비,판금(탈부착),전동식 파워도어 유닛(앞우),탈착,전동식 파워도어 유닛(앞우) 탈착
CAN-002345,판금/도장정비,판금(탈부착),전동식 파워도어 유닛(앞좌),교환,전동식 파워도어 유닛(앞좌) 교환
CAN-002346,판금/도장정비,판금(탈부착),전동식 파워도어 유닛(앞좌),탈착,전동식 파워도어 유닛(앞좌) 탈착
CAN-002347,기능정비,에어컨,전동식 히터 펌프,교환,전동식 히터 펌프 교환
CAN-002348,기능정비,에어컨,전동식 히터 펌프,탈착,전동식 히터 펌프 탈착
CAN-002349,기능정비,엔진 부품,전면 상단유리(끼움식),교환,전면 상단유리(끼움식) 교환
CAN-002350,기능정비,엔진 부품,전면 상단유리(끼움식),탈착,전면 상단유리(끼움식) 탈착
CAN-002351,기능정비,엔진 부품,전면 상단유리(접착식),교환,전면 상단유리(접착식) 교환
CAN-002352,기능정비,엔진 부품,전면 상단유리(접착식),탈착,전면 상단유리(접착식) 탈착
CAN-002353,기능정비,엔진 부품,"전면유리(끼움식, 1피스)",교환,"전면유리(끼움식, 1피스) 교환"
CAN-002354,기능정비,엔진 부품,"전면유리(끼움식, 1피스)",탈착,"전면유리(끼움식, 1피스) 탈착"
CAN-002355,기능정비,엔진 부품,"전면유리(끼움식, 2피스,우)",교환,"전면유리(끼움식, 2피스,우) 교환"
CAN-002356,기능정비,엔진 부품,"전면유리(끼움식, 2피스,우)",탈착,"전면유리(끼움식, 2피스,우) 탈착"
CAN-002357,기능정비,엔진 부품,"전면유리(끼움식, 2피스,좌)",교환,"전면유리(끼움식, 2피스,좌) 교환"
CAN-002358,기능정비,엔진 부품,"전면유리(끼움식, 2피스,좌)",탈착,"전면유리(끼움식, 2피스,좌) 탈착"
CAN-002359,기능정비,엔진 부품,"전면유리(접착식, 1피스)",교환,"전면유리(접착식, 1피스) 교환"
CAN-002360,기능정비,엔진 부품,"전면유리(접착식, 1피스)",탈착,"전면유리(접착식, 1피스) 탈착"
CAN-002361,기능정비,엔진 부품,"전면유리(접착식, 2피스,우)",교환,"전면유리(접착식, 2피스,우) 교환"
CAN-002362,기능정비,엔진 부품,"전면유리(접착식, 2피스,우)",탈착,"전면유리(접착식, 2피스,우) 탈착"
CAN-002363,기능정비,엔진 부품,"전면유리(접착식, 2피스,좌)",교환,"전면유리(접착식, 2피스,좌) 교환"
CAN-002364,기능정비,엔진 부품,"전면유리(접착식, 2피스,좌)",탈착,"전면유리(접착식, 2피스,좌) 탈착"
CAN-002365,기능정비,전기 및 램프,전방 감지센서(SPAS),교환,전방 감지센서(SPAS) 교환
CAN-002366,기능정비,전기 및 램프,전방 감지센서(SPAS),탈착,전방 감지센서(SPAS) 탈착
CAN-002367,기능정비,전기 및 램프,전방 감지센서,교환,전방 감지센서 교환
CAN-002368,기능정비,전기 및 램프,전방 감지센서,탈착,전방 감지센서 탈착
CAN-002369,기능정비,전기 및 램프,전방 감지센서(주차보조),교환,전방 감지센서(주차보조) 교환
CAN-002370,기능정비,전기 및 램프,전방 감지센서(주차보조),탈착,전방 감지센서(주차보조) 탈착
CAN-002371,기능정비,전기 및 램프,전방 사각 감지센서(1대분),교환,전방 사각 감지센서(1대분) 교환
CAN-002372,기능정비,전기 및 램프,전방 사각 감지센서(1대분),탈착,전방 사각 감지센서(1대분) 탈착
CAN-002373,기능정비,전기 및 램프,전방카메라,교환,전방카메라 교환
CAN-002374,기능정비,전기 및 램프,전방카메라,탈착,전방카메라 탈착
CAN-002375,기능정비,엔진 부품,전자식변속레버,교환,전자식변속레버 교환
CAN-002376,기능정비,엔진 부품,전자식변속레버,탈착,전자식변속레버 탈착
CAN-002377,소모품 및 하체정비,브레이크/타이어,전자식 브레이크 진공펌프,교환,전자식 브레이크 진공펌프 교환
CAN-002378,소모품 및 하체정비,브레이크/타이어,전자식 브레이크 진공펌프,탈착,전자식 브레이크 진공펌프 탈착
CAN-002379,소모품 및 하체정비,브레이크/타이어,전자식 파킹브레이크 ASSY,교환,전자식 파킹브레이크 ASSY 교환
CAN-002380,소모품 및 하체정비,브레이크/타이어,전자식 파킹브레이크 ASSY,탈착,전자식 파킹브레이크 ASSY 탈착
CAN-002381,기능정비,전기 및 램프,전체배선,교환,전체배선 교환
CAN-002382,기능정비,전기 및 램프,전체배선,탈착,전체배선 탈착
CAN-002383,기능정비,엔진 부품,정션박스,교환,정션박스 교환
CAN-002384,기능정비,엔진 부품,정션박스,탈착,정션박스 탈착
CAN-002385,기능정비,엔진 부품,제너레이터 ASSY,교환,제너레이터 ASSY 교환
CAN-002386,기능정비,엔진 부품,제너레이터 ASSY,탈착,제너레이터 ASSY 탈착
CAN-002387,기능정비,엔진 부품,종합계기ASSY,교환,종합계기ASSY 교환
CAN-002388,기능정비,엔진 부품,종합계기ASSY,탈착,종합계기ASSY 탈착
CAN-002389,기능정비,엔진 부품,종합계기판,교환,종합계기판 교환
CAN-002390,기능정비,엔진 부품,종합계기판,탈착,종합계기판 탈착
CAN-002391,판금/도장정비,판금(탈부착),(좌측)사이드패널(내측),교환,(좌측)사이드패널(내측) 교환
CAN-002392,판금/도장정비,판금(탈부착),(좌측)사이드패널(외측),교환,(좌측)사이드패널(외측) 교환
CAN-002393,기능정비,엔진 부품,진공펌프,교환,진공펌프 교환
CAN-002394,기능정비,엔진 부품,진공펌프,탈착,진공펌프 탈착
CAN-002395,기능정비,엔진 부품,차량크리닝(도장작업시),탈착,차량크리닝(도장작업시) 탈착
CAN-002396,기능정비,엔진 부품,차선이탈경보유닛(LDWS),교환,차선이탈경보유닛(LDWS) 교환
CAN-002397,기능정비,엔진 부품,차선이탈경보유닛(LDWS),탈착,차선이탈경보유닛(LDWS) 탈착
CAN-002398,기능정비,엔진 부품,창틀ASSY(우-1),교환,창틀ASSY(우-1) 교환
CAN-002399,기능정비,엔진 부품,창틀ASSY(우-1),탈착,창틀ASSY(우-1) 탈착
CAN-002400,기능정비,엔진 부품,창틀ASSY(우-2),교환,창틀ASSY(우-2) 교환
CAN-002401,기능정비,엔진 부품,창틀ASSY(우-2),탈착,창틀ASSY(우-2) 탈착
CAN-002402,판금/도장정비,판금(탈부착),창틀ASSY(우-슬라이딩도어),교환,창틀ASSY(우-슬라이딩도어) 교환
CAN-002403,판금/도장정비,판금(탈부착),창틀ASSY(우-슬라이딩도어),탈착,창틀ASSY(우-슬라이딩도어) 탈착
CAN-002404,기능정비,엔진 부품,창틀ASSY(좌-1),교환,창틀ASSY(좌-1) 교환
CAN-002405,기능정비,엔진 부품,창틀ASSY(좌-1),탈착,창틀ASSY(좌-1) 탈착
CAN-002406,기능정비,엔진 부품,창틀ASSY(좌-2),교환,창틀ASSY(좌-2) 교환
CAN-002407,기능정비,엔진 부품,창틀ASSY(좌-2),탈착,창틀ASSY(좌-2) 탈착
CAN-002408,판금/도장정비,판금(탈부착),창틀ASSY(좌-슬라이딩도어),교환,창틀ASSY(좌-슬라이딩도어) 교환
CAN-002409,판금/도장정비,판금(탈부착),창틀ASSY(좌-슬라이딩도어),탈착,창틀ASSY(좌-슬라이딩도어) 탈착
CAN-002410,기능정비,엔진 부품,창틀(대)-1개,교환,창틀(대)-1개 교환
CAN-002411,기능정비,엔진 부품,창틀(대)-2개,교환,창틀(대)-2개 교환
CAN-002412,기능정비,엔진 부품,창틀(대)-4개,교환,창틀(대)-4개 교환
CAN-002413,기능정비,엔진 부품,창틀(대)-8개,교환,창틀(대)-8개 교환
CAN-002414,기능정비,엔진 부품,창틀(소)-1개,교환,창틀(소)-1개 교환
CAN-002415,기능정비,엔진 부품,창틀(소)-1개,탈착,창틀(소)-1개 탈착
CAN-002416,기능정비,엔진 부품,창틀(소)-2개,교환,창틀(소)-2개 교환
CAN-002417,기능정비,엔진 부품,창틀(소)-2개,탈착,창틀(소)-2개 탈착
CAN-002418,기능정비,엔진 부품,창틀(소)-4개,교환,창틀(소)-4개 교환
CAN-002419,기능정비,엔진 부품,창틀(소)-4개,탈착,창틀(소)-4개 탈착
CAN-002420,기능정비,엔진 부품,창틀(소)-8개,교환,창틀(소)-8개 교환
CAN-002421,기능정비,엔진 부품,창틀(소)-8개,탈착,창틀(소)-8개 탈착
CAN-002422,기능정비,엔진 부품,체인지 레바,교환,체인지 레바 교환
CAN-002423,기능정비,엔진 부품,체인지 레바,탈착,체인지 레바 탈착
CAN-002424,기능정비,엔진 부품,체인지레버(A/T),교환,체인지레버(A/T) 교환
CAN-002425,기능정비,엔진 부품,체인지레버(A/T),탈착,체인지레버(A/T) 탈착
CAN-002426,기능정비,엔진 부품,체인지레버(M/T),교환,체인지레버(M/T) 교환
CAN-002427,기능정비,엔진 부품,체인지레버(M/T),탈착,체인지레버(M/T) 탈착
CAN-002428,기능정비,엔진 부품,체인지레버,교환,체인지레버 교환
CAN-002429,기능정비,엔진 부품,체인지레버,탈착,체인지레버 탈착
CAN-002430,기능정비,엔진 부품,체인지레버로드,교환,체인지레버로드 교환
CAN-002431,기능정비,엔진 부품,체인지레버로드,탈착,체인지레버로드 탈착
CAN-002432,기능정비,엔진 부품,체인지레버 케이블,교환,체인지레버 케이블 교환
CAN-002433,기능정비,엔진 부품,체인지레버 케이블,탈착,체인지레버 케이블 탈착
CAN-002434,기능정비,엔진 부품,체인지레버 케이블 및 로드,교환,체인지레버 케이블 및 로드 교환
CAN-002435,기능정비,엔진 부품,체인지레버 케이블 및 로드,탈착,체인지레버 케이블 및 로드 탈착
CAN-002436,기능정비,엔진 부품,카울그릴,교환,카울그릴 교환
CAN-002437,기능정비,엔진 부품,카울그릴,탈착,카울그릴 탈착
CAN-002438,판금/도장정비,판금(탈부착),카울로워 및 대쉬패널,교환,카울로워 및 대쉬패널 교환
CAN-002439,판금/도장정비,판금(탈부착),카울 및 대쉬패널,교환,카울 및 대쉬패널 교환
CAN-002440,판금/도장정비,판금(탈부착),카울사이드패널(우측),교환,카울사이드패널(우측) 교환
CAN-002441,판금/도장정비,판금(탈부착),카울사이드패널(좌측),교환,카울사이드패널(좌측) 교환
CAN-002442,기능정비,엔진 부품,카울언더커버,교환,카울언더커버 교환
CAN-002443,기능정비,엔진 부품,카울언더커버,탈착,카울언더커버 탈착
CAN-002444,기능정비,엔진 부품,카울언더커버(조립식),교환,카울언더커버(조립식) 교환
CAN-002445,기능정비,엔진 부품,카울언더커버(조립식),탈착,카울언더커버(조립식) 탈착
CAN-002446,판금/도장정비,판금(탈부착),카울언더패널,교환,카울언더패널 교환
CAN-002447,판금/도장정비,판금(탈부착),카울언더패널,탈착,카울언더패널 탈착
CAN-002448,소모품 및 하체정비,하체 부품,카울크로스멤버,교환,카울크로스멤버 교환
CAN-002449,소모품 및 하체정비,하체 부품,카울크로스멤버,탈착,카울크로스멤버 탈착
CAN-002450,소모품 및 하체정비,하체 부품,카울 크로스멤버(용접식),교환,카울 크로스멤버(용접식) 교환
CAN-002451,소모품 및 하체정비,브레이크/타이어,카울 탑 커버 및 패드 어셈블리,교환/정비,카울 탑 커버 및 패드 어셈블리 교환/정비
CAN-002452,판금/도장정비,판금(탈부착),카울톱패널,교환,카울톱패널 교환
CAN-002453,판금/도장정비,판금(탈부착),카울톱패널,탈착,카울톱패널 탈착
CAN-002454,판금/도장정비,판금(탈부착),카울패널,교환,카울패널 교환
CAN-002455,판금/도장정비,판금(탈부착),카울패널(내측 또는 일체형),교환,카울패널(내측 또는 일체형) 교환
CAN-002456,판금/도장정비,판금(탈부착),카울패널(로워),교환,카울패널(로워) 교환
CAN-002457,판금/도장정비,판금(탈부착),카울패널(어퍼),교환,카울패널(어퍼) 교환
CAN-002458,판금/도장정비,판금(탈부착),카울패널(어퍼),탈착,카울패널(어퍼) 탈착
CAN-002459,판금/도장정비,판금(탈부착),카울 프론트 패널,교환,카울 프론트 패널 교환
CAN-002460,기능정비,엔진 부품,카탈리스트 컨버터(V형 NO.1),교환,카탈리스트 컨버터(V형 NO.1) 교환
CAN-002461,기능정비,엔진 부품,카탈리스트 컨버터(V형 NO.1),탈착,카탈리스트 컨버터(V형 NO.1) 탈착
CAN-002462,기능정비,엔진 부품,카탈리스트 컨버터(V형 NO.2),교환,카탈리스트 컨버터(V형 NO.2) 교환
CAN-002463,기능정비,엔진 부품,카탈리스트 컨버터(V형 NO.2),탈착,카탈리스트 컨버터(V형 NO.2) 탈착
CAN-002464,기능정비,엔진 부품,카탈리스트 컨버터,교환,카탈리스트 컨버터 교환
CAN-002465,기능정비,엔진 부품,카탈리스트 컨버터,탈착,카탈리스트 컨버터 탈착
CAN-002466,기능정비,엔진 부품,카탈리스틱 컨버터(촉매),교환,카탈리스틱 컨버터(촉매) 교환
CAN-002467,기능정비,엔진 부품,카탈리스틱 컨버터(촉매),탈착,카탈리스틱 컨버터(촉매) 탈착
CAN-002468,기능정비,엔진 부품,카탈리틱 컨버터,교환,카탈리틱 컨버터 교환
CAN-002469,기능정비,엔진 부품,카탈리틱 컨버터,탈착,카탈리틱 컨버터 탈착
CAN-002470,기능정비,엔진 부품,캐니스터,교환,캐니스터 교환
CAN-002471,기능정비,엔진 부품,캐니스터,탈착,캐니스터 탈착
CAN-002472,기능정비,엔진 부품,캐빈ASSY(ONLY),교환,캐빈ASSY(ONLY) 교환
CAN-002473,기능정비,엔진 부품,캐빈ASSY(ONLY),탈착,캐빈ASSY(ONLY) 탈착
CAN-002474,기능정비,엔진 부품,캐빈ASSY(컴플리트),교환,캐빈ASSY(컴플리트) 교환
CAN-002475,기능정비,엔진 부품,캐빈ASSY(컴플리트),탈착,캐빈ASSY(컴플리트) 탈착
CAN-002476,기능정비,엔진 부품,캐빈로크장치 ASSY,교환,캐빈로크장치 ASSY 교환
CAN-002477,기능정비,엔진 부품,캐빈로크장치 ASSY,탈착,캐빈로크장치 ASSY 탈착
CAN-002478,소모품 및 하체정비,하체 부품,캐빈 리어마운팅 멤버,교환,캐빈 리어마운팅 멤버 교환
CAN-002479,소모품 및 하체정비,하체 부품,캐빈 리어마운팅 멤버,탈착,캐빈 리어마운팅 멤버 탈착
CAN-002480,기능정비,엔진 부품,"캐빈마운팅볼트(1번,우)",교환,"캐빈마운팅볼트(1번,우) 교환"
CAN-002481,기능정비,엔진 부품,"캐빈마운팅볼트(1번,우)",탈착,"캐빈마운팅볼트(1번,우) 탈착"
CAN-002482,기능정비,엔진 부품,"캐빈마운팅볼트(1번,좌)",교환,"캐빈마운팅볼트(1번,좌) 교환"
CAN-002483,기능정비,엔진 부품,"캐빈마운팅볼트(1번,좌)",탈착,"캐빈마운팅볼트(1번,좌) 탈착"
CAN-002484,기능정비,엔진 부품,캐빈마운팅브라켓 ASSY,교환,캐빈마운팅브라켓 ASSY 교환
CAN-002485,기능정비,엔진 부품,캐빈마운팅브라켓 ASSY,탈착,캐빈마운팅브라켓 ASSY 탈착
CAN-002486,기능정비,엔진 부품,캐빈스테이 ASSY,교환,캐빈스테이 ASSY 교환
CAN-002487,기능정비,엔진 부품,캐빈스테이 ASSY,탈착,캐빈스테이 ASSY 탈착
CAN-002488,기능정비,엔진 부품,캐빈(운전대)온리,교환,캐빈(운전대)온리 교환
CAN-002489,기능정비,엔진 부품,캐빈(운전대)온리,탈착,캐빈(운전대)온리 탈착
CAN-002490,기능정비,엔진 부품,캐빈(운전대)온리(더블캡),교환,캐빈(운전대)온리(더블캡) 교환
CAN-002491,기능정비,엔진 부품,캐빈(운전대)온리(더블캡),탈착,캐빈(운전대)온리(더블캡) 탈착
CAN-002492,기능정비,엔진 부품,캐빈(운전대)컴플리트,교환,캐빈(운전대)컴플리트 교환
CAN-002493,기능정비,엔진 부품,캐빈(운전대)컴플리트,탈착,캐빈(운전대)컴플리트 탈착
CAN-002494,기능정비,엔진 부품,캐빈(운전대)컴플리트(더블캡),교환,캐빈(운전대)컴플리트(더블캡) 교환
CAN-002495,기능정비,엔진 부품,캐빈(운전대)컴플리트(더블캡),탈착,캐빈(운전대)컴플리트(더블캡) 탈착
CAN-002496,기능정비,엔진 부품,"캐빈 컴플리트(승합,VAN)",교환,"캐빈 컴플리트(승합,VAN) 교환"
CAN-002497,기능정비,엔진 부품,"캐빈 컴플리트(승합,VAN)",탈착,"캐빈 컴플리트(승합,VAN) 탈착"
CAN-002498,기능정비,엔진 부품,캐빈 컴플리트(승합),교환,캐빈 컴플리트(승합) 교환
CAN-002499,기능정비,엔진 부품,캐빈 컴플리트(승합),탈착,캐빈 컴플리트(승합) 탈착
CAN-002500,기능정비,엔진 부품,캔버스,교환,캔버스 교환
CAN-002501,기능정비,엔진 부품,캔버스,탈착,캔버스 탈착
CAN-002502,판금/도장정비,판금(탈부착),캔버스형 도어(우측),교환,캔버스형 도어(우측) 교환
CAN-002503,판금/도장정비,판금(탈부착),캔버스형 도어(우측),오버홀,캔버스형 도어(우측) 오버홀
CAN-002504,판금/도장정비,판금(탈부착),캔버스형 도어(우측),탈착,캔버스형 도어(우측) 탈착
CAN-002505,판금/도장정비,판금(탈부착),캔버스형 도어(좌측),교환,캔버스형 도어(좌측) 교환
CAN-002506,판금/도장정비,판금(탈부착),캔버스형 도어(좌측),오버홀,캔버스형 도어(좌측) 오버홀
CAN-002507,판금/도장정비,판금(탈부착),캔버스형 도어(좌측),탈착,캔버스형 도어(좌측) 탈착
CAN-002508,기능정비,엔진 부품,캬부레터 ASSY,교환,캬부레터 ASSY 교환
CAN-002509,기능정비,엔진 부품,캬부레터 ASSY,탈착,캬부레터 ASSY 탈착
CAN-002510,기능정비,전기 및 램프,커튼에어백(우측),교환,커튼에어백(우측) 교환
CAN-002511,기능정비,전기 및 램프,커튼에어백(우측),탈착,커튼에어백(우측) 탈착
CAN-002512,기능정비,전기 및 램프,커튼에어백(좌측),교환,커튼에어백(좌측) 교환
CAN-002513,기능정비,전기 및 램프,커튼에어백(좌측),탈착,커튼에어백(좌측) 탈착
CAN-002514,기능정비,전기 및 램프,컴비네이션 램프 가니쉬(우측),교환,컴비네이션 램프 가니쉬(우측) 교환
CAN-002515,기능정비,전기 및 램프,컴비네이션 램프 가니쉬(우측),탈착,컴비네이션 램프 가니쉬(우측) 탈착
CAN-002516,기능정비,전기 및 램프,컴비네이션 램프 가니쉬(좌측),교환,컴비네이션 램프 가니쉬(좌측) 교환
CAN-002517,기능정비,전기 및 램프,컴비네이션 램프 가니쉬(좌측),탈착,컴비네이션 램프 가니쉬(좌측) 탈착
CAN-002518,기능정비,전기 및 램프,컴비네이션 스위치,교환,컴비네이션 스위치 교환
CAN-002519,기능정비,전기 및 램프,컴비네이션 스위치,탈착,컴비네이션 스위치 탈착
CAN-002520,판금/도장정비,판금(탈부착),컴비네이션패널(우측),교환,컴비네이션패널(우측) 교환
CAN-002521,판금/도장정비,판금(탈부착),컴비네이션패널(우측),탈착,컴비네이션패널(우측) 탈착
CAN-002522,판금/도장정비,판금(탈부착),컴비네이션패널(좌측),교환,컴비네이션패널(좌측) 교환
CAN-002523,판금/도장정비,판금(탈부착),컴비네이션패널(좌측),탈착,컴비네이션패널(좌측) 탈착
CAN-002524,기능정비,엔진 부품,컴비네이션 피니셔(우측),교환,컴비네이션 피니셔(우측) 교환
CAN-002525,기능정비,엔진 부품,컴비네이션 피니셔(우측),탈착,컴비네이션 피니셔(우측) 탈착
CAN-002526,기능정비,엔진 부품,컴비네이션 피니셔(좌측),교환,컴비네이션 피니셔(좌측) 교환
CAN-002527,기능정비,엔진 부품,컴비네이션 피니셔(좌측),탈착,컴비네이션 피니셔(좌측) 탈착
CAN-002528,기능정비,엔진 부품,컴비네이션휘니셔(우측),교환,컴비네이션휘니셔(우측) 교환
CAN-002529,기능정비,엔진 부품,컴비네이션휘니셔(우측),탈착,컴비네이션휘니셔(우측) 탈착
CAN-002530,기능정비,엔진 부품,컴비네이션휘니셔(좌측),교환,컴비네이션휘니셔(좌측) 교환
CAN-002531,기능정비,엔진 부품,컴비네이션휘니셔(좌측),탈착,컴비네이션휘니셔(좌측) 탈착
CAN-002532,판금/도장정비,판금(탈부착),"컴비램프(백도어 부착,우)",교환,"컴비램프(백도어 부착,우) 교환"
CAN-002533,판금/도장정비,판금(탈부착),"컴비램프(백도어 부착,우)",탈착,"컴비램프(백도어 부착,우) 탈착"
CAN-002534,판금/도장정비,판금(탈부착),"컴비램프(백도어 부착,좌)",교환,"컴비램프(백도어 부착,좌) 교환"
CAN-002535,판금/도장정비,판금(탈부착),"컴비램프(백도어 부착,좌)",탈착,"컴비램프(백도어 부착,좌) 탈착"
CAN-002536,기능정비,전기 및 램프,"컴비램프(부착형,우)",교환,"컴비램프(부착형,우) 교환"
CAN-002537,기능정비,전기 및 램프,"컴비램프(부착형,우)",탈착,"컴비램프(부착형,우) 탈착"
CAN-002538,기능정비,전기 및 램프,"컴비램프(부착형,좌)",교환,"컴비램프(부착형,좌) 교환"
CAN-002539,기능정비,전기 및 램프,"컴비램프(부착형,좌)",탈착,"컴비램프(부착형,좌) 탈착"
CAN-002540,판금/도장정비,판금(탈부착),컴비램프 브라켓패널(우측),교환,컴비램프 브라켓패널(우측) 교환
CAN-002541,판금/도장정비,판금(탈부착),컴비램프 브라켓패널(우측),탈착,컴비램프 브라켓패널(우측) 탈착
CAN-002542,판금/도장정비,판금(탈부착),컴비램프 브라켓패널(좌측),교환,컴비램프 브라켓패널(좌측) 교환
CAN-002543,판금/도장정비,판금(탈부착),컴비램프 브라켓패널(좌측),탈착,컴비램프 브라켓패널(좌측) 탈착
CAN-002544,판금/도장정비,판금(탈부착),"컴비램프(트렁크리드부착형,우)",교환,"컴비램프(트렁크리드부착형,우) 교환"
CAN-002545,판금/도장정비,판금(탈부착),"컴비램프(트렁크리드부착형,우)",탈착,"컴비램프(트렁크리드부착형,우) 탈착"
CAN-002546,판금/도장정비,판금(탈부착),"컴비램프(트렁크리드부착형,좌)",교환,"컴비램프(트렁크리드부착형,좌) 교환"
CAN-002547,판금/도장정비,판금(탈부착),"컴비램프(트렁크리드부착형,좌)",탈착,"컴비램프(트렁크리드부착형,좌) 탈착"
CAN-002548,기능정비,전기 및 램프,컴퓨터(ABS),교환,컴퓨터(ABS) 교환
CAN-002549,기능정비,전기 및 램프,컴퓨터(ABS),탈착,컴퓨터(ABS) 탈착
CAN-002550,기능정비,엔진 부품,"컴퓨터(HCU,HEV)",교환,"컴퓨터(HCU,HEV) 교환"
CAN-002551,기능정비,엔진 부품,"컴퓨터(HCU,HEV)",탈착,"컴퓨터(HCU,HEV) 탈착"
CAN-002552,기능정비,전기 및 램프,컴퓨터(에어백),교환,컴퓨터(에어백) 교환
CAN-002553,기능정비,전기 및 램프,컴퓨터(에어백),탈착,컴퓨터(에어백) 탈착
CAN-002554,기능정비,엔진 부품,컴퓨터(엔진),교환,컴퓨터(엔진) 교환
CAN-002555,기능정비,엔진 부품,컴퓨터(엔진),탈착,컴퓨터(엔진) 탈착
CAN-002556,기능정비,엔진 부품,컴퓨터(엔진)리프로그래밍,교환,컴퓨터(엔진)리프로그래밍 교환
CAN-002557,기능정비,엔진 부품,컴퓨터(엔진)리프로그래밍,조정,컴퓨터(엔진)리프로그래밍 조정
CAN-002558,기능정비,엔진 부품,컴퓨터(엔진)리프로그래밍,탈착,컴퓨터(엔진)리프로그래밍 탈착
CAN-002559,기능정비,엔진 부품,컴퓨터(자동밋션),교환,컴퓨터(자동밋션) 교환
CAN-002560,기능정비,엔진 부품,컴퓨터(자동밋션),탈착,컴퓨터(자동밋션) 탈착
CAN-002561,기능정비,엔진 부품,컴프레셔 어셈블리(**),교환/정비,컴프레셔 어셈블리(**) 교환/정비
CAN-002562,판금/도장정비,판금(탈부착),코너패널(우측),교환,코너패널(우측) 교환
CAN-002563,판금/도장정비,판금(탈부착),코너패널(우측),탈착,코너패널(우측) 탈착
CAN-002564,판금/도장정비,판금(탈부착),코너패널(좌측),교환,코너패널(좌측) 교환
CAN-002565,판금/도장정비,판금(탈부착),코너패널(좌측),탈착,코너패널(좌측) 탈착
CAN-002566,기능정비,에어컨,콘덴서 어셈블리 (**),교환/정비,콘덴서 어셈블리 (**) 교환/정비
CAN-002567,기능정비,엔진 부품,콘솔박스 ASSY,교환,콘솔박스 ASSY 교환
CAN-002568,기능정비,엔진 부품,콘솔박스 ASSY,탈착,콘솔박스 ASSY 탈착
CAN-002569,기능정비,엔진 부품,콘솔박스,교환,콘솔박스 교환
CAN-002570,기능정비,엔진 부품,콘솔박스,탈착,콘솔박스 탈착
CAN-002571,기능정비,엔진 부품,콘솔박스(뒤),교환,콘솔박스(뒤) 교환
CAN-002572,기능정비,엔진 부품,콘솔박스(뒤),탈착,콘솔박스(뒤) 탈착
CAN-002573,기능정비,엔진 부품,콘솔박스(모니터부착형),교환,콘솔박스(모니터부착형) 교환
CAN-002574,기능정비,엔진 부품,콘솔박스(모니터부착형),탈착,콘솔박스(모니터부착형) 탈착
CAN-002575,기능정비,엔진 부품,콘솔박스(앞),교환,콘솔박스(앞) 교환
CAN-002576,기능정비,엔진 부품,콘솔박스(앞),탈착,콘솔박스(앞) 탈착
CAN-002577,기능정비,전기 및 램프,콤비네이션램프(우측),교환,콤비네이션램프(우측) 교환
CAN-002578,기능정비,전기 및 램프,콤비네이션램프(우측),탈착,콤비네이션램프(우측) 탈착
CAN-002579,기능정비,전기 및 램프,콤비네이션램프(좌측),교환,콤비네이션램프(좌측) 교환
CAN-002580,기능정비,전기 및 램프,콤비네이션램프(좌측),탈착,콤비네이션램프(좌측) 탈착
CAN-002581,판금/도장정비,판금(탈부착),쿨러유니트(루프부착형),교환,쿨러유니트(루프부착형) 교환
CAN-002582,판금/도장정비,판금(탈부착),쿨러유니트(루프부착형),탈착,쿨러유니트(루프부착형) 탈착
CAN-002583,판금/도장정비,판금(탈부착),"쿼터리어내측패널(우,승합)",교환,"쿼터리어내측패널(우,승합) 교환"
CAN-002584,판금/도장정비,판금(탈부착),"쿼터리어내측패널(좌,승합)",교환,"쿼터리어내측패널(좌,승합) 교환"
CAN-002585,판금/도장정비,판금(탈부착),"쿼터리어내측패널(좌,초장축)",교환,"쿼터리어내측패널(좌,초장축) 교환"
CAN-002586,판금/도장정비,판금(탈부착),"쿼터리어외측패널(우,승합)",교환,"쿼터리어외측패널(우,승합) 교환"
CAN-002587,판금/도장정비,판금(탈부착),"쿼터리어외측패널(우,승합,롱바",교환,"쿼터리어외측패널(우,승합,롱바 교환"
CAN-002588,판금/도장정비,판금(탈부착),"쿼터리어외측패널(좌,승합)",교환,"쿼터리어외측패널(좌,승합) 교환"
CAN-002589,판금/도장정비,판금(탈부착),"쿼터리어외측패널(좌,초장축)",교환,"쿼터리어외측패널(좌,초장축) 교환"
CAN-002590,판금/도장정비,판금(탈부착),"쿼터사이드 로워패널(내측,우,소",교환,"쿼터사이드 로워패널(내측,우,소 교환"
CAN-002591,판금/도장정비,판금(탈부착),"쿼터사이드 로워패널(내측,좌,소",교환,"쿼터사이드 로워패널(내측,좌,소 교환"
CAN-002592,판금/도장정비,판금(탈부착),"쿼터사이드 로워패널(외측,우,소",교환,"쿼터사이드 로워패널(외측,우,소 교환"
CAN-002593,판금/도장정비,판금(탈부착),"쿼터사이드 로워패널(외측,좌,소",교환,"쿼터사이드 로워패널(외측,좌,소 교환"
CAN-002594,판금/도장정비,도장(색칠),쿼터 외측 패널(LH),도장,쿼터 외측 패널(LH) 도장
CAN-002595,판금/도장정비,판금(탈부착),"쿼터 외측 패널 어셈블리(RH,탈부착 미포함)",교환/정비,"쿼터 외측 패널 어셈블리(RH,탈부착 미포함) 교환/정비"
CAN-002596,판금/도장정비,판금(탈부착),쿼터트림(우측),교환,쿼터트림(우측) 교환
CAN-002597,판금/도장정비,판금(탈부착),쿼터트림(우측),탈착,쿼터트림(우측) 탈착
CAN-002598,판금/도장정비,판금(탈부착),쿼터트림(좌측),교환,쿼터트림(좌측) 교환
CAN-002599,판금/도장정비,판금(탈부착),쿼터트림(좌측),탈착,쿼터트림(좌측) 탈착
CAN-002600,판금/도장정비,판금(탈부착),"쿼터프론트내측패널(좌,초장축)",교환,"쿼터프론트내측패널(좌,초장축) 교환"
CAN-002601,판금/도장정비,판금(탈부착),"쿼터프론트외측패널(좌,초장축)",교환,"쿼터프론트외측패널(좌,초장축) 교환"
CAN-002602,기능정비,전기 및 램프,크랭크 풀리,교환,크랭크 풀리 교환
CAN-002603,기능정비,전기 및 램프,크랭크 풀리,탈착,크랭크 풀리 탈착
CAN-002604,소모품 및 하체정비,브레이크/타이어,크러쉬로워패드,교환,크러쉬로워패드 교환
CAN-002605,소모품 및 하체정비,브레이크/타이어,크러쉬로워패드,탈착,크러쉬로워패드 탈착
CAN-002606,소모품 및 하체정비,브레이크/타이어,크러쉬로워패드(운전석측),교환,크러쉬로워패드(운전석측) 교환
CAN-002607,소모품 및 하체정비,브레이크/타이어,크러쉬로워패드(운전석측),탈착,크러쉬로워패드(운전석측) 탈착
CAN-002608,소모품 및 하체정비,브레이크/타이어,크러쉬패드,교환,크러쉬패드 교환
CAN-002609,소모품 및 하체정비,브레이크/타이어,크러쉬패드,탈착,크러쉬패드 탈착
CAN-002610,기능정비,전기 및 램프,크러쉬패드 배선,교환,크러쉬패드 배선 교환
CAN-002611,기능정비,전기 및 램프,크러쉬패드 배선,탈착,크러쉬패드 배선 탈착
CAN-002612,소모품 및 하체정비,브레이크/타이어,크러시패드,교환,크러시패드 교환
CAN-002613,소모품 및 하체정비,브레이크/타이어,크러시패드,탈착,크러시패드 탈착
CAN-002614,소모품 및 하체정비,브레이크/타이어,크러시패드분리형덮개,교환,크러시패드분리형덮개 교환
CAN-002615,소모품 및 하체정비,브레이크/타이어,크러시패드분리형덮개,탈착,크러시패드분리형덮개 탈착
CAN-002616,소모품 및 하체정비,하체 부품,크로스멤버 ASSY No.2,교환,크로스멤버 ASSY No.2 교환
CAN-002617,판금/도장정비,판금(탈부착),크로스멤버 어셈블리,교환/정비,크로스멤버 어셈블리 교환/정비
CAN-002618,소모품 및 하체정비,하체 부품,크로스멤버 어셈블리(엔진미장착상태),교환/정비,크로스멤버 어셈블리(엔진미장착상태) 교환/정비
CAN-002619,기능정비,전기 및 램프,크루즈컨트롤 모듈,교환,크루즈컨트롤 모듈 교환
CAN-002620,기능정비,전기 및 램프,크루즈컨트롤 모듈,탈착,크루즈컨트롤 모듈 탈착
CAN-002621,기능정비,전기 및 램프,크루즈컨트롤 모듈 정렬,조정,크루즈컨트롤 모듈 정렬 조정
CAN-002622,기능정비,전기 및 램프,클락 스프링 어셈블리(에어백 포함),교환/정비,클락 스프링 어셈블리(에어백 포함) 교환/정비
CAN-002623,기능정비,엔진 부품,클러치 릴리스 실린더 어셈블리,교환/정비,클러치 릴리스 실린더 어셈블리 교환/정비
CAN-002624,기능정비,엔진 부품,클러치 마스타 실린더,교환,클러치 마스타 실린더 교환
CAN-002625,기능정비,엔진 부품,클러치 마스타 실린더,탈착,클러치 마스타 실린더 탈착
CAN-002626,기능정비,엔진 부품,클러치 마스터 실린더,교환,클러치 마스터 실린더 교환
CAN-002627,기능정비,엔진 부품,클러치 마스터 실린더,탈착,클러치 마스터 실린더 탈착
CAN-002628,소모품 및 하체정비,브레이크/타이어,클러치 및 브레이크패달 브라,교환,클러치 및 브레이크패달 브라 교환
CAN-002629,소모품 및 하체정비,브레이크/타이어,클러치 및 브레이크패달 브라,탈착,클러치 및 브레이크패달 브라 탈착
CAN-002630,소모품 및 하체정비,브레이크/타이어,클러치 및 브레이크패달 브라켓,교환,클러치 및 브레이크패달 브라켓 교환
CAN-002631,소모품 및 하체정비,브레이크/타이어,클러치 및 브레이크패달 브라켓,탈착,클러치 및 브레이크패달 브라켓 탈착
CAN-002632,기능정비,엔진 부품,클러치 케이블,교환,클러치 케이블 교환
CAN-002633,기능정비,엔진 부품,클러치 케이블,탈착,클러치 케이블 탈착
CAN-002634,기능정비,엔진 부품,클러치 페달,교환,클러치 페달 교환
CAN-002635,기능정비,엔진 부품,클러치 페달,탈착,클러치 페달 탈착
CAN-002636,기능정비,엔진 부품,클러치페달 및 브라켓,교환,클러치페달 및 브라켓 교환
CAN-002637,기능정비,엔진 부품,클러치페달 및 브라켓,탈착,클러치페달 및 브라켓 탈착
CAN-002638,기능정비,엔진 부품,클럭스프링,교환,클럭스프링 교환
CAN-002639,기능정비,엔진 부품,클럭스프링,탈착,클럭스프링 탈착
CAN-002640,기능정비,엔진 부품,키셋트,교환,키셋트 교환
CAN-002641,기능정비,엔진 부품,키셋트,탈착,키셋트 탈착
CAN-002642,기능정비,엔진 부품,키 셋트(전체),교환,키 셋트(전체) 교환
CAN-002643,기능정비,엔진 부품,키 셋트(전체),탈착,키 셋트(전체) 탈착
CAN-002644,소모품 및 하체정비,하체 부품,타이로드엔드(우측),교환,타이로드엔드(우측) 교환
CAN-002645,소모품 및 하체정비,하체 부품,타이로드엔드(우측),탈착,타이로드엔드(우측) 탈착
CAN-002646,소모품 및 하체정비,하체 부품,타이로드엔드(좌측),교환,타이로드엔드(좌측) 교환
CAN-002647,소모품 및 하체정비,하체 부품,타이로드엔드(좌측),탈착,타이로드엔드(좌측) 탈착
CAN-002648,기능정비,엔진 부품,타이밍 기어,교환,타이밍 기어 교환
CAN-002649,기능정비,엔진 부품,타이밍 기어,탈착,타이밍 기어 탈착
CAN-002650,기능정비,엔진 부품,타이밍 밸트,교환,타이밍 밸트 교환
CAN-002651,기능정비,엔진 부품,타이밍 밸트,탈착,타이밍 밸트 탈착
CAN-002652,기능정비,엔진 부품,타이밍벨트,교환,타이밍벨트 교환
CAN-002653,기능정비,엔진 부품,타이밍벨트,탈착,타이밍벨트 탈착
CAN-002654,기능정비,엔진 부품,타이밍벨트(벨트식),교환,타이밍벨트(벨트식) 교환
CAN-002655,기능정비,엔진 부품,타이밍벨트(벨트식),탈착,타이밍벨트(벨트식) 탈착
CAN-002656,기능정비,엔진 부품,타이밍벨트(체인식),교환,타이밍벨트(체인식) 교환
CAN-002657,기능정비,엔진 부품,타이밍벨트(체인식),탈착,타이밍벨트(체인식) 탈착
CAN-002658,기능정비,엔진 부품,타이밍벨트커버,교환,타이밍벨트커버 교환
CAN-002659,기능정비,엔진 부품,타이밍벨트커버,탈착,타이밍벨트커버 탈착
CAN-002660,기능정비,엔진 부품,타이밍벨트 커버(디젤),교환,타이밍벨트 커버(디젤) 교환
CAN-002661,기능정비,엔진 부품,타이밍벨트 커버(디젤),탈착,타이밍벨트 커버(디젤) 탈착
CAN-002662,기능정비,엔진 부품,타이밍 체인 리어 케이스,교환,타이밍 체인 리어 케이스 교환
CAN-002663,기능정비,엔진 부품,타이밍 체인 리어 케이스,탈착,타이밍 체인 리어 케이스 탈착
CAN-002664,기능정비,엔진 부품,타이밍 체인 프론트 케이스(V형),교환,타이밍 체인 프론트 케이스(V형) 교환
CAN-002665,기능정비,엔진 부품,타이밍 체인 프론트 케이스(V형),탈착,타이밍 체인 프론트 케이스(V형) 탈착
CAN-002666,기능정비,엔진 부품,타이밍체인 프론트 케이스,교환,타이밍체인 프론트 케이스 교환
CAN-002667,기능정비,엔진 부품,타이밍체인 프론트 케이스,탈착,타이밍체인 프론트 케이스 탈착
CAN-002668,기능정비,엔진 부품,타이밍 카바,교환,타이밍 카바 교환
CAN-002669,기능정비,엔진 부품,타이밍 카바,탈착,타이밍 카바 탈착
CAN-002670,기능정비,엔진 부품,타이밍커버(V형엔진),교환,타이밍커버(V형엔진) 교환
CAN-002671,기능정비,엔진 부품,타이밍커버(V형엔진),탈착,타이밍커버(V형엔진) 탈착
CAN-002672,기능정비,엔진 부품,타이밍커버,교환,타이밍커버 교환
CAN-002673,기능정비,엔진 부품,타이밍커버,탈착,타이밍커버 탈착
CAN-002674,기능정비,엔진 부품,타이밍커버(가솔린),교환,타이밍커버(가솔린) 교환
CAN-002675,기능정비,엔진 부품,타이밍커버(가솔린),탈착,타이밍커버(가솔린) 탈착
CAN-002676,기능정비,엔진 부품,타이밍커버(디젤),교환,타이밍커버(디젤) 교환
CAN-002677,기능정비,엔진 부품,타이밍커버(디젤),탈착,타이밍커버(디젤) 탈착
CAN-002678,기능정비,엔진 부품,타이밍커버(알루미늄),교환,타이밍커버(알루미늄) 교환
CAN-002679,기능정비,엔진 부품,타이밍커버(알루미늄),탈착,타이밍커버(알루미늄) 탈착
CAN-002680,소모품 및 하체정비,브레이크/타이어,타이어#10,교환,타이어#10 교환
CAN-002681,소모품 및 하체정비,브레이크/타이어,타이어#1,교환,타이어#1 교환
CAN-002682,소모품 및 하체정비,브레이크/타이어,타이어#2,교환,타이어#2 교환
CAN-002683,소모품 및 하체정비,브레이크/타이어,타이어#3,교환,타이어#3 교환
CAN-002684,소모품 및 하체정비,브레이크/타이어,타이어#4,교환,타이어#4 교환
CAN-002685,소모품 및 하체정비,브레이크/타이어,타이어#5,교환,타이어#5 교환
CAN-002686,소모품 및 하체정비,브레이크/타이어,타이어#6,교환,타이어#6 교환
CAN-002687,소모품 및 하체정비,브레이크/타이어,타이어#7,교환,타이어#7 교환
CAN-002688,소모품 및 하체정비,브레이크/타이어,타이어#8,교환,타이어#8 교환
CAN-002689,소모품 및 하체정비,브레이크/타이어,타이어#9,교환,타이어#9 교환
CAN-002690,소모품 및 하체정비,브레이크/타이어,"타이어(뒤,우)",교환,"타이어(뒤,우) 교환"
CAN-002691,소모품 및 하체정비,브레이크/타이어,"타이어(뒤,좌)",교환,"타이어(뒤,좌) 교환"
CAN-002692,소모품 및 하체정비,브레이크/타이어,타이어 및 휠 어셈블리 (1휠),교환/정비,타이어 및 휠 어셈블리 (1휠) 교환/정비
CAN-002693,소모품 및 하체정비,브레이크/타이어,"타이어(앞,우)",교환,"타이어(앞,우) 교환"
CAN-002694,소모품 및 하체정비,브레이크/타이어,"타이어(앞,좌)",교환,"타이어(앞,좌) 교환"
CAN-002695,소모품 및 하체정비,브레이크/타이어,타이어 어셈블리 및 휠 어셈블리 (2휠),교환/정비,타이어 어셈블리 및 휠 어셈블리 (2휠) 교환/정비
CAN-002696,소모품 및 하체정비,브레이크/타이어,타이어 펑크 수리,교환/정비,타이어 펑크 수리 교환/정비
CAN-002697,기능정비,엔진 부품,탑,교환,탑 교환
CAN-002698,기능정비,엔진 부품,탑,탈착,탑 탈착
CAN-002699,기능정비,엔진 부품,탑바우,교환,탑바우 교환
CAN-002700,기능정비,엔진 부품,탑바우,탈착,탑바우 탈착
CAN-002701,판금/도장정비,판금(탈부착),터널패널,교환,터널패널 교환
CAN-002702,기능정비,엔진 부품,터보차져,교환,터보차져 교환
CAN-002703,기능정비,엔진 부품,터보차져,탈착,터보차져 탈착
CAN-002704,기능정비,엔진 부품,터보챠져(과급기),교환,터보챠져(과급기) 교환
CAN-002705,기능정비,엔진 부품,터보챠져(과급기),탈착,터보챠져(과급기) 탈착
CAN-002706,판금/도장정비,판금(탈부착),테일게이트(적재함 뒤),교환,테일게이트(적재함 뒤) 교환
CAN-002707,판금/도장정비,판금(탈부착),테일게이트(적재함 뒤),오버홀,테일게이트(적재함 뒤) 오버홀
CAN-002708,판금/도장정비,판금(탈부착),테일게이트(적재함 뒤),탈착,테일게이트(적재함 뒤) 탈착
CAN-002709,판금/도장정비,판금(탈부착),테일게이트 판넬 어셈블리,교환/정비,테일게이트 판넬 어셈블리 교환/정비
CAN-002710,판금/도장정비,도장(색칠),테일 게이트 패널,도장,테일 게이트 패널 도장
CAN-002711,판금/도장정비,판금(탈부착),테일게이트 힌지(우측),교환,테일게이트 힌지(우측) 교환
CAN-002712,판금/도장정비,판금(탈부착),테일게이트 힌지(우측),탈착,테일게이트 힌지(우측) 탈착
CAN-002713,판금/도장정비,판금(탈부착),테일게이트 힌지(좌측),교환,테일게이트 힌지(좌측) 교환
CAN-002714,판금/도장정비,판금(탈부착),테일게이트 힌지(좌측),탈착,테일게이트 힌지(좌측) 탈착
CAN-002715,판금/도장정비,판금(탈부착),테일스커트 아우터패널,교환,테일스커트 아우터패널 교환
CAN-002716,판금/도장정비,판금(탈부착),테일스커트 인너패널,교환,테일스커트 인너패널 교환
CAN-002717,기능정비,엔진 부품,테일파이프,교환,테일파이프 교환
CAN-002718,기능정비,엔진 부품,테일파이프,탈착,테일파이프 탈착
CAN-002719,기능정비,전기 및 램프,통합팩키지모듈(HEV),교환,통합팩키지모듈(HEV) 교환
CAN-002720,기능정비,전기 및 램프,통합팩키지모듈(HEV),탈착,통합팩키지모듈(HEV) 탈착
CAN-002721,기능정비,엔진 부품,트랙션모터(HEV),교환,트랙션모터(HEV) 교환
CAN-002722,기능정비,엔진 부품,트랙션모터(HEV),탈착,트랙션모터(HEV) 탈착
CAN-002723,기능정비,엔진 부품,트랜스미션(A/T),교환,트랜스미션(A/T) 교환
CAN-002724,기능정비,엔진 부품,트랜스미션(A/T),오버홀,트랜스미션(A/T) 오버홀
CAN-002725,기능정비,엔진 부품,트랜스미션(A/T),탈착,트랜스미션(A/T) 탈착
CAN-002726,기능정비,엔진 부품,트랜스미션(A/T)밸브 바디,교환,트랜스미션(A/T)밸브 바디 교환
CAN-002727,기능정비,엔진 부품,트랜스미션(A/T)밸브 바디,탈착,트랜스미션(A/T)밸브 바디 탈착
CAN-002728,소모품 및 하체정비,오일류,트랜스미션(A/T)오일팬,교환,트랜스미션(A/T)오일팬 교환
CAN-002729,소모품 및 하체정비,오일류,트랜스미션(A/T)오일팬,탈착,트랜스미션(A/T)오일팬 탈착
CAN-002730,기능정비,엔진 부품,트랜스미션(M/T),교환,트랜스미션(M/T) 교환
CAN-002731,기능정비,엔진 부품,트랜스미션(M/T),오버홀,트랜스미션(M/T) 오버홀
CAN-002732,기능정비,엔진 부품,트랜스미션(M/T),탈착,트랜스미션(M/T) 탈착
CAN-002733,기능정비,엔진 부품,트랜스밋션(4WD),교환,트랜스밋션(4WD) 교환
CAN-002734,기능정비,엔진 부품,트랜스밋션(4WD),오버홀,트랜스밋션(4WD) 오버홀
CAN-002735,기능정비,엔진 부품,트랜스밋션(4WD),탈착,트랜스밋션(4WD) 탈착
CAN-002736,기능정비,엔진 부품,트랜스밋션,교환,트랜스밋션 교환
CAN-002737,기능정비,엔진 부품,트랜스밋션,오버홀,트랜스밋션 오버홀
CAN-002738,기능정비,엔진 부품,트랜스밋션,탈착,트랜스밋션 탈착
CAN-002739,기능정비,엔진 부품,트랜스밋션 언더커버,교환,트랜스밋션 언더커버 교환
CAN-002740,기능정비,엔진 부품,트랜스밋션 언더커버,탈착,트랜스밋션 언더커버 탈착
CAN-002741,소모품 및 하체정비,오일류,트랜스밋션 오일 워머,교환,트랜스밋션 오일 워머 교환
CAN-002742,소모품 및 하체정비,오일류,트랜스밋션 오일 워머,탈착,트랜스밋션 오일 워머 탈착
CAN-002743,소모품 및 하체정비,오일류,트랜스밋션 오일 펌프,교환,트랜스밋션 오일 펌프 교환
CAN-002744,소모품 및 하체정비,오일류,트랜스밋션 오일 펌프,탈착,트랜스밋션 오일 펌프 탈착
CAN-002745,소모품 및 하체정비,오일류,트랜스밋션 오일펌프 컨트롤유닛,교환,트랜스밋션 오일펌프 컨트롤유닛 교환
CAN-002746,소모품 및 하체정비,오일류,트랜스밋션 오일펌프 컨트롤유닛,탈착,트랜스밋션 오일펌프 컨트롤유닛 탈착
CAN-002747,기능정비,엔진 부품,트랜스퍼ASSY,교환,트랜스퍼ASSY 교환
CAN-002748,기능정비,엔진 부품,트랜스퍼ASSY,오버홀,트랜스퍼ASSY 오버홀
CAN-002749,기능정비,엔진 부품,트랜스퍼ASSY,탈착,트랜스퍼ASSY 탈착
CAN-002750,기능정비,엔진 부품,트랜스퍼케이스,교환,트랜스퍼케이스 교환
CAN-002751,기능정비,엔진 부품,트랜스퍼케이스,오버홀,트랜스퍼케이스 오버홀
CAN-002752,기능정비,엔진 부품,트랜스퍼케이스,탈착,트랜스퍼케이스 탈착
CAN-002753,판금/도장정비,판금(탈부착),트렁크룸내 매트(뒤범퍼탈착시),탈착,트렁크룸내 매트(뒤범퍼탈착시) 탈착
CAN-002754,판금/도장정비,판금(탈부착),트렁크룸내 바닥트림,교환,트렁크룸내 바닥트림 교환
CAN-002755,판금/도장정비,판금(탈부착),트렁크룸내 바닥트림,탈착,트렁크룸내 바닥트림 탈착
CAN-002756,판금/도장정비,판금(탈부착),트렁크룸내 트림(뒤),교환,트렁크룸내 트림(뒤) 교환
CAN-002757,판금/도장정비,판금(탈부착),트렁크룸내 트림(뒤),탈착,트렁크룸내 트림(뒤) 탈착
CAN-002758,판금/도장정비,판금(탈부착),트렁크룸내 트림(상),교환,트렁크룸내 트림(상) 교환
CAN-002759,판금/도장정비,판금(탈부착),트렁크룸내 트림(상),탈착,트렁크룸내 트림(상) 탈착
CAN-002760,판금/도장정비,판금(탈부착),트렁크룸내 트림(앞),교환,트렁크룸내 트림(앞) 교환
CAN-002761,판금/도장정비,판금(탈부착),트렁크룸내 트림(앞),탈착,트렁크룸내 트림(앞) 탈착
CAN-002762,판금/도장정비,판금(탈부착),트렁크룸내 트림(우측),교환,트렁크룸내 트림(우측) 교환
CAN-002763,판금/도장정비,판금(탈부착),트렁크룸내 트림(우측),탈착,트렁크룸내 트림(우측) 탈착
CAN-002764,판금/도장정비,판금(탈부착),트렁크룸내 트림(좌측),교환,트렁크룸내 트림(좌측) 교환
CAN-002765,판금/도장정비,판금(탈부착),트렁크룸내 트림(좌측),탈착,트렁크룸내 트림(좌측) 탈착
CAN-002766,판금/도장정비,판금(탈부착),트렁크리드,교환,트렁크리드 교환
CAN-002767,판금/도장정비,판금(탈부착),트렁크리드,오버홀,트렁크리드 오버홀
CAN-002768,판금/도장정비,판금(탈부착),트렁크리드,탈착,트렁크리드 탈착
CAN-002769,판금/도장정비,판금(탈부착),트렁크리드 가니쉬,교환,트렁크리드 가니쉬 교환
CAN-002770,판금/도장정비,판금(탈부착),트렁크리드 가니쉬,탈착,트렁크리드 가니쉬 탈착
CAN-002771,판금/도장정비,판금(탈부착),트렁크리드램프형백피니셔,교환,트렁크리드램프형백피니셔 교환
CAN-002772,판금/도장정비,판금(탈부착),트렁크리드램프형백피니셔,탈착,트렁크리드램프형백피니셔 탈착
CAN-002773,판금/도장정비,판금(탈부착),트렁크리드 록크,교환,트렁크리드 록크 교환
CAN-002774,판금/도장정비,판금(탈부착),트렁크리드 록크,탈착,트렁크리드 록크 탈착
CAN-002775,판금/도장정비,판금(탈부착),트렁크리드 마그네트,교환,트렁크리드 마그네트 교환
CAN-002776,판금/도장정비,판금(탈부착),트렁크리드 마그네트,탈착,트렁크리드 마그네트 탈착
CAN-002777,판금/도장정비,판금(탈부착),트렁크리드백피니셔,교환,트렁크리드백피니셔 교환
CAN-002778,판금/도장정비,판금(탈부착),트렁크리드백피니셔,탈착,트렁크리드백피니셔 탈착
CAN-002779,판금/도장정비,판금(탈부착),트렁크리드 부착형 컴비램프(우측),교환,트렁크리드 부착형 컴비램프(우측) 교환
CAN-002780,판금/도장정비,판금(탈부착),트렁크리드 부착형 컴비램프(우측),탈착,트렁크리드 부착형 컴비램프(우측) 탈착
CAN-002781,판금/도장정비,판금(탈부착),트렁크리드 부착형 컴비램프(좌측),교환,트렁크리드 부착형 컴비램프(좌측) 교환
CAN-002782,판금/도장정비,판금(탈부착),트렁크리드 부착형 컴비램프(좌측),탈착,트렁크리드 부착형 컴비램프(좌측) 탈착
CAN-002783,판금/도장정비,판금(탈부착),트렁크리드 쇼버(우측),교환,트렁크리드 쇼버(우측) 교환
CAN-002784,판금/도장정비,판금(탈부착),트렁크리드 쇼버(우측),탈착,트렁크리드 쇼버(우측) 탈착
CAN-002785,판금/도장정비,판금(탈부착),트렁크리드 쇼버(좌측),교환,트렁크리드 쇼버(좌측) 교환
CAN-002786,판금/도장정비,판금(탈부착),트렁크리드 쇼버(좌측),탈착,트렁크리드 쇼버(좌측) 탈착
CAN-002787,판금/도장정비,판금(탈부착),트렁크리드 스트라이커(우측),교환,트렁크리드 스트라이커(우측) 교환
CAN-002788,판금/도장정비,판금(탈부착),트렁크리드 스트라이커(우측),탈착,트렁크리드 스트라이커(우측) 탈착
CAN-002789,판금/도장정비,판금(탈부착),트렁크리드 스트라이커(좌측),교환,트렁크리드 스트라이커(좌측) 교환
CAN-002790,판금/도장정비,판금(탈부착),트렁크리드 스트라이커(좌측),탈착,트렁크리드 스트라이커(좌측) 탈착
CAN-002791,판금/도장정비,판금(탈부착),트렁크리드스프링,교환,트렁크리드스프링 교환
CAN-002792,판금/도장정비,판금(탈부착),트렁크리드스프링,탈착,트렁크리드스프링 탈착
CAN-002793,판금/도장정비,판금(탈부착),트렁크리드 스프링(막대형),교환,트렁크리드 스프링(막대형) 교환
CAN-002794,판금/도장정비,판금(탈부착),트렁크리드 스프링(막대형),탈착,트렁크리드 스프링(막대형) 탈착
CAN-002795,판금/도장정비,판금(탈부착),트렁크리드스프링(우측),교환,트렁크리드스프링(우측) 교환
CAN-002796,판금/도장정비,판금(탈부착),트렁크리드스프링(우측),탈착,트렁크리드스프링(우측) 탈착
CAN-002797,판금/도장정비,판금(탈부착),"트렁크리드 스프링(우,코일형)",교환,"트렁크리드 스프링(우,코일형) 교환"
CAN-002798,판금/도장정비,판금(탈부착),"트렁크리드 스프링(우,코일형)",탈착,"트렁크리드 스프링(우,코일형) 탈착"
CAN-002799,판금/도장정비,판금(탈부착),트렁크리드스프링(좌측),교환,트렁크리드스프링(좌측) 교환
CAN-002800,판금/도장정비,판금(탈부착),트렁크리드스프링(좌측),탈착,트렁크리드스프링(좌측) 탈착
CAN-002801,판금/도장정비,판금(탈부착),"트렁크리드 스프링(좌,코일형)",교환,"트렁크리드 스프링(좌,코일형) 교환"
CAN-002802,판금/도장정비,판금(탈부착),"트렁크리드 스프링(좌,코일형)",탈착,"트렁크리드 스프링(좌,코일형) 탈착"
CAN-002803,판금/도장정비,판금(탈부착),트렁크리드 케이블,교환,트렁크리드 케이블 교환
CAN-002804,판금/도장정비,판금(탈부착),트렁크리드 케이블,탈착,트렁크리드 케이블 탈착
CAN-002805,판금/도장정비,판금(탈부착),트렁크 리드 패널(사상작업포함),교환/정비,트렁크 리드 패널(사상작업포함) 교환/정비
CAN-002806,판금/도장정비,도장(색칠),트렁크 리드 패널 (판금후),도장,트렁크 리드 패널 (판금후) 도장
CAN-002807,판금/도장정비,판금(탈부착),트렁크리드 피니셔,교환,트렁크리드 피니셔 교환
CAN-002808,판금/도장정비,판금(탈부착),트렁크리드 피니셔,탈착,트렁크리드 피니셔 탈착
CAN-002809,판금/도장정비,판금(탈부착),트렁크리드 힌지(우측),교환,트렁크리드 힌지(우측) 교환
CAN-002810,판금/도장정비,판금(탈부착),트렁크리드 힌지(우측),탈착,트렁크리드 힌지(우측) 탈착
CAN-002811,판금/도장정비,판금(탈부착),트렁크리드 힌지(좌측),교환,트렁크리드 힌지(좌측) 교환
CAN-002812,판금/도장정비,판금(탈부착),트렁크리드 힌지(좌측),탈착,트렁크리드 힌지(좌측) 탈착
CAN-002813,판금/도장정비,판금(탈부착),트렁크바닥 및 실내바닥(뒤),교환,트렁크바닥 및 실내바닥(뒤) 교환
CAN-002814,판금/도장정비,판금(탈부착),"트렁크바닥, 실내바닥 및 사이드",교환,"트렁크바닥, 실내바닥 및 사이드 교환"
CAN-002815,판금/도장정비,판금(탈부착),트렁크바닥패널,교환,트렁크바닥패널 교환
CAN-002816,판금/도장정비,판금(탈부착),트렁크 플로워 사이드패널(우측),교환,트렁크 플로워 사이드패널(우측) 교환
CAN-002817,판금/도장정비,판금(탈부착),트렁크 플로워 사이드패널(좌측),교환,트렁크 플로워 사이드패널(좌측) 교환
CAN-002818,판금/도장정비,판금(탈부착),트렁크플로워 패널,교환,트렁크플로워 패널 교환
CAN-002819,판금/도장정비,판금(탈부착),파노라마 사이드 몰딩(우측),교환,파노라마 사이드 몰딩(우측) 교환
CAN-002820,판금/도장정비,판금(탈부착),파노라마 사이드 몰딩(우측),탈착,파노라마 사이드 몰딩(우측) 탈착
CAN-002821,판금/도장정비,판금(탈부착),파노라마 사이드 몰딩(좌측),교환,파노라마 사이드 몰딩(좌측) 교환
CAN-002822,판금/도장정비,판금(탈부착),파노라마 사이드 몰딩(좌측),탈착,파노라마 사이드 몰딩(좌측) 탈착
CAN-002823,판금/도장정비,판금(탈부착),파노라마 선루프,교환,파노라마 선루프 교환
CAN-002824,판금/도장정비,판금(탈부착),파노라마 선루프,탈착,파노라마 선루프 탈착
CAN-002825,기능정비,엔진 부품,파노라마 프론트 글래스,교환,파노라마 프론트 글래스 교환
CAN-002826,기능정비,엔진 부품,파노라마 프론트 글래스,탈착,파노라마 프론트 글래스 탈착
CAN-002827,판금/도장정비,판금(탈부착),파셀셀프 사이드패널(우측),교환,파셀셀프 사이드패널(우측) 교환
CAN-002828,판금/도장정비,판금(탈부착),파셀셀프 사이드패널(좌측),교환,파셀셀프 사이드패널(좌측) 교환
CAN-002829,소모품 및 하체정비,하체 부품,파워스티어링기어(EPS),교환,파워스티어링기어(EPS) 교환
CAN-002830,소모품 및 하체정비,하체 부품,파워스티어링기어(EPS),탈착,파워스티어링기어(EPS) 탈착
CAN-002831,소모품 및 하체정비,하체 부품,파워스티어링 기어(MDPS),교환,파워스티어링 기어(MDPS) 교환
CAN-002832,소모품 및 하체정비,하체 부품,파워스티어링 기어(MDPS),탈착,파워스티어링 기어(MDPS) 탈착
CAN-002833,소모품 및 하체정비,하체 부품,파워스티어링기어,교환,파워스티어링기어 교환
CAN-002834,소모품 및 하체정비,하체 부품,파워스티어링기어,탈착,파워스티어링기어 탈착
CAN-002835,기능정비,조향 및 현가,파워 스티어링 기어 및 링키지 어셈블리,교환/정비,파워 스티어링 기어 및 링키지 어셈블리 교환/정비
CAN-002836,소모품 및 하체정비,하체 부품,파워스티어링 리저브탱크,교환,파워스티어링 리저브탱크 교환
CAN-002837,소모품 및 하체정비,하체 부품,파워스티어링 리저브탱크,탈착,파워스티어링 리저브탱크 탈착
CAN-002838,소모품 및 하체정비,하체 부품,파워스티어링 리져브 탱크,교환,파워스티어링 리져브 탱크 교환
CAN-002839,소모품 및 하체정비,하체 부품,파워스티어링 리져브 탱크,탈착,파워스티어링 리져브 탱크 탈착
CAN-002840,기능정비,조향 및 현가,파워 스티어링 및 링키지(크로스멤버 탈착후),교환/정비,파워 스티어링 및 링키지(크로스멤버 탈착후) 교환/정비
CAN-002841,소모품 및 하체정비,하체 부품,파워 스티어링 부스터,교환,파워 스티어링 부스터 교환
CAN-002842,소모품 및 하체정비,하체 부품,파워 스티어링 부스터,탈착,파워 스티어링 부스터 탈착
CAN-002843,소모품 및 하체정비,오일류,파워 스티어링 오일 및 공기빼기,교환/정비,파워 스티어링 오일 및 공기빼기 교환/정비
CAN-002844,기능정비,조향 및 현가,파워 스티어링 오일 압력 호스 어셈블리,교환/정비,파워 스티어링 오일 압력 호스 어셈블리 교환/정비
CAN-002845,소모품 및 하체정비,오일류,파워 스티어링 오일 (장비사용),교환/정비,파워 스티어링 오일 (장비사용) 교환/정비
CAN-002846,소모품 및 하체정비,하체 부품,파워스티어링 오일 쿨러,교환,파워스티어링 오일 쿨러 교환
CAN-002847,소모품 및 하체정비,하체 부품,파워스티어링 오일 쿨러,탈착,파워스티어링 오일 쿨러 탈착
CAN-002848,소모품 및 하체정비,하체 부품,파워 스티어링 오일탱크,교환,파워 스티어링 오일탱크 교환
CAN-002849,소모품 및 하체정비,하체 부품,파워 스티어링 오일탱크,탈착,파워 스티어링 오일탱크 탈착
CAN-002850,기능정비,조향 및 현가,파워 스티어링 오일 펌프 어셈블리,교환/정비,파워 스티어링 오일 펌프 어셈블리 교환/정비
CAN-002851,소모품 및 하체정비,하체 부품,파워스티어링 펌프,교환,파워스티어링 펌프 교환
CAN-002852,소모품 및 하체정비,하체 부품,파워스티어링 펌프,탈착,파워스티어링 펌프 탈착
CAN-002853,소모품 및 하체정비,하체 부품,파워스티어링 펌프(전기유압식),교환,파워스티어링 펌프(전기유압식) 교환
CAN-002854,소모품 및 하체정비,하체 부품,파워스티어링 펌프(전기유압식),탈착,파워스티어링 펌프(전기유압식) 탈착
CAN-002855,기능정비,엔진 부품,파워케이블(HEV),교환,파워케이블(HEV) 교환
CAN-002856,기능정비,엔진 부품,파워케이블(HEV),탈착,파워케이블(HEV) 탈착
CAN-002857,판금/도장정비,판금(탈부착),파워트렁크 모듈,교환,파워트렁크 모듈 교환
CAN-002858,판금/도장정비,판금(탈부착),파워트렁크 모듈,탈착,파워트렁크 모듈 탈착
CAN-002859,판금/도장정비,판금(탈부착),파워트렁크 모터&링키지(우측),교환,파워트렁크 모터&링키지(우측) 교환
CAN-002860,판금/도장정비,판금(탈부착),파워트렁크 모터&링키지(우측),탈착,파워트렁크 모터&링키지(우측) 탈착
CAN-002861,판금/도장정비,판금(탈부착),파워트렁크 콘트롤러,교환,파워트렁크 콘트롤러 교환
CAN-002862,판금/도장정비,판금(탈부착),파워트렁크 콘트롤러,탈착,파워트렁크 콘트롤러 탈착
CAN-002863,기능정비,엔진 부품,파이프류,교환,파이프류 교환
CAN-002864,기능정비,엔진 부품,파이프류,탈착,파이프류 탈착
CAN-002865,기능정비,엔진 부품,파킹엑츄에이터,교환,파킹엑츄에이터 교환
CAN-002866,기능정비,엔진 부품,파킹엑츄에이터,탈착,파킹엑츄에이터 탈착
CAN-002867,기능정비,엔진 부품,파킹케이블 컨트롤유니트,교환,파킹케이블 컨트롤유니트 교환
CAN-002868,기능정비,엔진 부품,파킹케이블 컨트롤유니트,탈착,파킹케이블 컨트롤유니트 탈착
CAN-002869,기능정비,엔진 부품,파티션 바,교환,파티션 바 교환
CAN-002870,기능정비,엔진 부품,파티션 바,탈착,파티션 바 탈착
CAN-002871,기능정비,엔진 부품,파티션 사이드트림(우측),교환,파티션 사이드트림(우측) 교환
CAN-002872,기능정비,엔진 부품,파티션 사이드트림(우측),탈착,파티션 사이드트림(우측) 탈착
CAN-002873,기능정비,엔진 부품,파티션 사이드트림(좌측),교환,파티션 사이드트림(좌측) 교환
CAN-002874,기능정비,엔진 부품,파티션 사이드트림(좌측),탈착,파티션 사이드트림(좌측) 탈착
CAN-002875,판금/도장정비,판금(탈부착),파티션패널(실내칸막이),교환,파티션패널(실내칸막이) 교환
CAN-002876,판금/도장정비,판금(탈부착),파티션패널(실내칸막이),탈착,파티션패널(실내칸막이) 탈착
CAN-002877,기능정비,엔진 부품,판스프링(뒤우),교환,판스프링(뒤우) 교환
CAN-002878,기능정비,엔진 부품,판스프링(뒤우),오버홀,판스프링(뒤우) 오버홀
CAN-002879,기능정비,엔진 부품,판스프링(뒤우),탈착,판스프링(뒤우) 탈착
CAN-002880,기능정비,엔진 부품,판스프링(뒤좌),교환,판스프링(뒤좌) 교환
CAN-002881,기능정비,엔진 부품,판스프링(뒤좌),오버홀,판스프링(뒤좌) 오버홀
CAN-002882,기능정비,엔진 부품,판스프링(뒤좌),탈착,판스프링(뒤좌) 탈착
CAN-002883,기능정비,엔진 부품,판스프링(앞우),교환,판스프링(앞우) 교환
CAN-002884,기능정비,엔진 부품,판스프링(앞우),오버홀,판스프링(앞우) 오버홀
CAN-002885,기능정비,엔진 부품,판스프링(앞우),탈착,판스프링(앞우) 탈착
CAN-002886,기능정비,엔진 부품,판스프링(앞좌),교환,판스프링(앞좌) 교환
CAN-002887,기능정비,엔진 부품,판스프링(앞좌),오버홀,판스프링(앞좌) 오버홀
CAN-002888,기능정비,엔진 부품,판스프링(앞좌),탈착,판스프링(앞좌) 탈착
CAN-002889,기능정비,엔진 부품,판스프링(우측),교환,판스프링(우측) 교환
CAN-002890,기능정비,엔진 부품,판스프링(우측),탈착,판스프링(우측) 탈착
CAN-002891,기능정비,엔진 부품,판스프링(좌측),교환,판스프링(좌측) 교환
CAN-002892,기능정비,엔진 부품,판스프링(좌측),탈착,판스프링(좌측) 탈착
CAN-002893,기능정비,엔진 부품,패달ASSY(M/T),교환,패달ASSY(M/T) 교환
CAN-002894,기능정비,엔진 부품,패달ASSY(M/T),탈착,패달ASSY(M/T) 탈착
CAN-002895,기능정비,엔진 부품,패달 ASSY,교환,패달 ASSY 교환
CAN-002896,기능정비,엔진 부품,패달 ASSY,탈착,패달 ASSY 탈착
CAN-002897,기능정비,엔진 부품,패키지 트레이 트림,교환,패키지 트레이 트림 교환
CAN-002898,기능정비,엔진 부품,패키지 트레이 트림,탈착,패키지 트레이 트림 탈착
CAN-002899,판금/도장정비,판금(탈부착),팩키지 트레이 사이드패널(우측),교환,팩키지 트레이 사이드패널(우측) 교환
CAN-002900,판금/도장정비,판금(탈부착),팩키지 트레이 사이드패널(좌측),교환,팩키지 트레이 사이드패널(좌측) 교환
CAN-002901,기능정비,엔진 부품,팩키지 트레이 트림,교환,팩키지 트레이 트림 교환
CAN-002902,기능정비,엔진 부품,팩키지 트레이 트림,탈착,팩키지 트레이 트림 탈착
CAN-002903,판금/도장정비,판금(탈부착),팩키지 트레이 패널(용접식),교환,팩키지 트레이 패널(용접식) 교환
CAN-002904,판금/도장정비,판금(탈부착),팩키지 트레이 패널(조립식),교환,팩키지 트레이 패널(조립식) 교환
CAN-002905,판금/도장정비,판금(탈부착),팩키지 트레이 패널(조립식),탈착,팩키지 트레이 패널(조립식) 탈착
CAN-002906,기능정비,엔진 부품,페달&브라켓,교환,페달&브라켓 교환
CAN-002907,기능정비,엔진 부품,페달&브라켓,탈착,페달&브라켓 탈착
CAN-002908,기능정비,전기 및 램프,포그램프(우측),교환,포그램프(우측) 교환
CAN-002909,기능정비,전기 및 램프,포그램프(우측),탈착,포그램프(우측) 탈착
CAN-002910,기능정비,전기 및 램프,포그램프(좌측),교환,포그램프(좌측) 교환
CAN-002911,기능정비,전기 및 램프,포그램프(좌측),탈착,포그램프(좌측) 탈착
CAN-002912,기능정비,엔진 부품,프런트 휠 가드 어셈블리 (양쪽),교환/정비,프런트 휠 가드 어셈블리 (양쪽) 교환/정비
CAN-002913,기능정비,엔진 부품,프레임ASSY,교환,프레임ASSY 교환
CAN-002914,기능정비,엔진 부품,프레임ASSY,탈착,프레임ASSY 탈착
CAN-002915,소모품 및 하체정비,하체 부품,프레임리어크로스멤버,교환,프레임리어크로스멤버 교환
CAN-002916,소모품 및 하체정비,하체 부품,프레임리어크로스멤버,탈착,프레임리어크로스멤버 탈착
CAN-002917,기능정비,엔진 부품,프레임(지프),교환,프레임(지프) 교환
CAN-002918,기능정비,엔진 부품,프레임(지프),탈착,프레임(지프) 탈착
CAN-002919,소모품 및 하체정비,하체 부품,프레임프론트크로스멤버,교환,프레임프론트크로스멤버 교환
CAN-002920,소모품 및 하체정비,하체 부품,프레임프론트크로스멤버,탈착,프레임프론트크로스멤버 탈착
CAN-002921,기능정비,엔진 부품,프로펠라 샤프트#2,교환,프로펠라 샤프트#2 교환
CAN-002922,기능정비,엔진 부품,프로펠라 샤프트#2,탈착,프로펠라 샤프트#2 탈착
CAN-002923,기능정비,엔진 부품,프로펠라 샤프트#3,교환,프로펠라 샤프트#3 교환
CAN-002924,기능정비,엔진 부품,프로펠라 샤프트#3,탈착,프로펠라 샤프트#3 탈착
CAN-002925,기능정비,엔진 부품,프로펠라샤프트ASSY,교환,프로펠라샤프트ASSY 교환
CAN-002926,기능정비,엔진 부품,프로펠라샤프트ASSY,탈착,프로펠라샤프트ASSY 탈착
CAN-002927,기능정비,엔진 부품,프로펠라 샤프트,교환,프로펠라 샤프트 교환
CAN-002928,기능정비,엔진 부품,프로펠라 샤프트,탈착,프로펠라 샤프트 탈착
CAN-002929,기능정비,엔진 부품,프로펠라샤프트(뒤),교환,프로펠라샤프트(뒤) 교환
CAN-002930,기능정비,엔진 부품,프로펠라샤프트(뒤),탈착,프로펠라샤프트(뒤) 탈착
CAN-002931,기능정비,엔진 부품,프로펠라샤프트(앞),교환,프로펠라샤프트(앞) 교환
CAN-002932,기능정비,엔진 부품,프로펠라샤프트(앞),탈착,프로펠라샤프트(앞) 탈착
CAN-002933,기능정비,엔진 부품,프로펠러 샤프트,교환,프로펠러 샤프트 교환
CAN-002934,기능정비,엔진 부품,프로펠러 샤프트,탈착,프로펠러 샤프트 탈착
CAN-002935,판금/도장정비,판금(탈부착),프론트 도어 가니쉬(우측),탈착,프론트 도어 가니쉬(우측) 탈착
CAN-002936,판금/도장정비,판금(탈부착),프론트 도어 가니쉬(좌측),탈착,프론트 도어 가니쉬(좌측) 탈착
CAN-002937,소모품 및 하체정비,하체 부품,프론트 도어 래취 어셈블리 (LH),교환/정비,프론트 도어 래취 어셈블리 (LH) 교환/정비
CAN-002938,판금/도장정비,판금(탈부착),프론트 도어 몰딩(우측),교환,프론트 도어 몰딩(우측) 교환
CAN-002939,판금/도장정비,판금(탈부착),프론트 도어 몰딩(우측),탈착,프론트 도어 몰딩(우측) 탈착
CAN-002940,판금/도장정비,판금(탈부착),프론트 도어 몰딩(좌측),교환,프론트 도어 몰딩(좌측) 교환
CAN-002941,판금/도장정비,판금(탈부착),프론트 도어 몰딩(좌측),탈착,프론트 도어 몰딩(좌측) 탈착
CAN-002942,판금/도장정비,판금(탈부착),프론트 도어 아웃사이드 핸들 어셈블리(LH),교환/정비,프론트 도어 아웃사이드 핸들 어셈블리(LH) 교환/정비
CAN-002943,소모품 및 하체정비,하체 부품,프론트 도어 아웃트사이드 핸들 어셈블리 (양쪽),교환/정비,프론트 도어 아웃트사이드 핸들 어셈블리 (양쪽) 교환/정비
CAN-002944,판금/도장정비,판금(탈부착),프론트도어 오프닝 프레임(우측),교환,프론트도어 오프닝 프레임(우측) 교환
CAN-002945,판금/도장정비,판금(탈부착),프론트도어 오프닝 프레임(좌측),교환,프론트도어 오프닝 프레임(좌측) 교환
CAN-002946,판금/도장정비,판금(탈부착),"프론트 도어(우,사각감지)",교환,"프론트 도어(우,사각감지) 교환"
CAN-002947,판금/도장정비,판금(탈부착),"프론트 도어(우,사각감지)",오버홀,"프론트 도어(우,사각감지) 오버홀"
CAN-002948,판금/도장정비,판금(탈부착),"프론트 도어(우,사각감지)",탈착,"프론트 도어(우,사각감지) 탈착"
CAN-002949,판금/도장정비,판금(탈부착),"프론트 도어(우,전동)",교환,"프론트 도어(우,전동) 교환"
CAN-002950,판금/도장정비,판금(탈부착),"프론트 도어(우,전동)",오버홀,"프론트 도어(우,전동) 오버홀"
CAN-002951,판금/도장정비,판금(탈부착),"프론트 도어(우,전동)",탈착,"프론트 도어(우,전동) 탈착"
CAN-002952,판금/도장정비,판금(탈부착),프론트 도어(우측),교환,프론트 도어(우측) 교환
CAN-002953,판금/도장정비,판금(탈부착),프론트 도어(우측),오버홀,프론트 도어(우측) 오버홀
CAN-002954,판금/도장정비,판금(탈부착),프론트 도어(우측),탈착,프론트 도어(우측) 탈착
CAN-002955,판금/도장정비,판금(탈부착),프론트 도어(우측)-자동문,교환,프론트 도어(우측)-자동문 교환
CAN-002956,판금/도장정비,판금(탈부착),프론트 도어(우측)-자동문,오버홀,프론트 도어(우측)-자동문 오버홀
CAN-002957,판금/도장정비,판금(탈부착),프론트 도어(우측)-자동문,탈착,프론트 도어(우측)-자동문 탈착
CAN-002958,판금/도장정비,판금(탈부착),"프론트 도어(우,파워)",교환,"프론트 도어(우,파워) 교환"
CAN-002959,판금/도장정비,판금(탈부착),"프론트 도어(우,파워)",오버홀,"프론트 도어(우,파워) 오버홀"
CAN-002960,판금/도장정비,판금(탈부착),"프론트 도어(우,파워)",탈착,"프론트 도어(우,파워) 탈착"
CAN-002961,소모품 및 하체정비,하체 부품,프론트 도어 인사이드 핸들 어셈블리,교환/정비,프론트 도어 인사이드 핸들 어셈블리 교환/정비
CAN-002962,판금/도장정비,판금(탈부착),"프론트 도어(좌,사각감지)",교환,"프론트 도어(좌,사각감지) 교환"
CAN-002963,판금/도장정비,판금(탈부착),"프론트 도어(좌,사각감지)",오버홀,"프론트 도어(좌,사각감지) 오버홀"
CAN-002964,판금/도장정비,판금(탈부착),"프론트 도어(좌,사각감지)",탈착,"프론트 도어(좌,사각감지) 탈착"
CAN-002965,판금/도장정비,판금(탈부착),"프론트 도어(좌,전동)",교환,"프론트 도어(좌,전동) 교환"
CAN-002966,판금/도장정비,판금(탈부착),"프론트 도어(좌,전동)",오버홀,"프론트 도어(좌,전동) 오버홀"
CAN-002967,판금/도장정비,판금(탈부착),"프론트 도어(좌,전동)",탈착,"프론트 도어(좌,전동) 탈착"
CAN-002968,판금/도장정비,판금(탈부착),프론트 도어(좌측),교환,프론트 도어(좌측) 교환
CAN-002969,판금/도장정비,판금(탈부착),프론트도어(좌측),오버홀,프론트도어(좌측) 오버홀
CAN-002970,판금/도장정비,판금(탈부착),프론트 도어(좌측),탈착,프론트 도어(좌측) 탈착
CAN-002971,판금/도장정비,판금(탈부착),프론트 도어(좌측)-자동문,교환,프론트 도어(좌측)-자동문 교환
CAN-002972,판금/도장정비,판금(탈부착),프론트 도어(좌측)-자동문,오버홀,프론트 도어(좌측)-자동문 오버홀
CAN-002973,판금/도장정비,판금(탈부착),프론트 도어(좌측)-자동문,탈착,프론트 도어(좌측)-자동문 탈착
CAN-002974,판금/도장정비,판금(탈부착),"프론트 도어(좌,파워)",교환,"프론트 도어(좌,파워) 교환"
CAN-002975,판금/도장정비,판금(탈부착),"프론트 도어(좌,파워)",오버홀,"프론트 도어(좌,파워) 오버홀"
CAN-002976,판금/도장정비,판금(탈부착),"프론트 도어(좌,파워)",탈착,"프론트 도어(좌,파워) 탈착"
CAN-002977,판금/도장정비,판금(탈부착),프론트도어판넬어셈블리(LH),교환/정비,프론트도어판넬어셈블리(LH) 교환/정비
CAN-002978,판금/도장정비,판금(탈부착),프론트도어판넬어셈블리(RH),교환/정비,프론트도어판넬어셈블리(RH) 교환/정비
CAN-002979,판금/도장정비,도장(색칠),프론트 도어 패널 어셈블리(LH/탈거된상태）,도장,프론트 도어 패널 어셈블리(LH/탈거된상태） 도장
CAN-002980,판금/도장정비,도장(색칠),프론트 도어 패널 어셈블리(RH/탈거된상태),도장,프론트 도어 패널 어셈블리(RH/탈거된상태) 도장
CAN-002981,소모품 및 하체정비,브레이크/타이어,프론트 디스크 브레이크 패드 키드(양쪽),교환/정비,프론트 디스크 브레이크 패드 키드(양쪽) 교환/정비
CAN-002982,소모품 및 하체정비,브레이크/타이어,프론트 디스크 브레이크 패드 키트(LH),교환/정비,프론트 디스크 브레이크 패드 키트(LH) 교환/정비
CAN-002983,판금/도장정비,판금(탈부착),프론트 로워패널(볼트식),교환,프론트 로워패널(볼트식) 교환
CAN-002984,판금/도장정비,판금(탈부착),프론트 로워패널(볼트식),탈착,프론트 로워패널(볼트식) 탈착
CAN-002985,기능정비,엔진 부품,프론트 리어플로워(리어바닥),교환,프론트 리어플로워(리어바닥) 교환
CAN-002986,소모품 및 하체정비,하체 부품,프론트 마운팅멤버#1,교환,프론트 마운팅멤버#1 교환
CAN-002987,소모품 및 하체정비,하체 부품,프론트 마운팅멤버#1,탈착,프론트 마운팅멤버#1 탈착
CAN-002988,소모품 및 하체정비,하체 부품,프론트 마운팅멤버#2,교환,프론트 마운팅멤버#2 교환
CAN-002989,소모품 및 하체정비,하체 부품,프론트 마운팅멤버#2,탈착,프론트 마운팅멤버#2 탈착
CAN-002990,기능정비,엔진 부품,프론트 머드 가드,교환/정비,프론트 머드 가드 교환/정비
CAN-002991,기능정비,전기 및 램프,프론트 배선,교환,프론트 배선 교환
CAN-002992,기능정비,전기 및 램프,프론트 배선,탈착,프론트 배선 탈착
CAN-002993,판금/도장정비,판금(탈부착),프론트 범퍼(ASSY공급시),교환,프론트 범퍼(ASSY공급시) 교환
CAN-002994,판금/도장정비,판금(탈부착),프론트 범퍼(ASSY공급시),탈착,프론트 범퍼(ASSY공급시) 탈착
CAN-002995,판금/도장정비,판금(탈부착),프론트 범퍼,교환,프론트 범퍼 교환
CAN-002996,판금/도장정비,판금(탈부착),프론트 범퍼,오버홀,프론트 범퍼 오버홀
CAN-002997,판금/도장정비,판금(탈부착),프론트 범퍼,탈착,프론트 범퍼 탈착
CAN-002998,판금/도장정비,판금(탈부착),프론트 범퍼 레일,교환,프론트 범퍼 레일 교환
CAN-002999,판금/도장정비,판금(탈부착),프론트 범퍼 레일,탈착,프론트 범퍼 레일 탈착
CAN-003000,판금/도장정비,판금(탈부착),프론트 범퍼 레일 스테이(우측),교환,프론트 범퍼 레일 스테이(우측) 교환
CAN-003001,판금/도장정비,판금(탈부착),프론트 범퍼 레일 스테이(우측),탈착,프론트 범퍼 레일 스테이(우측) 탈착
CAN-003002,판금/도장정비,판금(탈부착),프론트 범퍼 레일 스테이(좌측),교환,프론트 범퍼 레일 스테이(좌측) 교환
CAN-003003,판금/도장정비,판금(탈부착),프론트 범퍼 레일 스테이(좌측),탈착,프론트 범퍼 레일 스테이(좌측) 탈착
CAN-003004,판금/도장정비,판금(탈부착),프론트 범퍼 립,교환,프론트 범퍼 립 교환
CAN-003005,판금/도장정비,판금(탈부착),프론트 범퍼 립,탈착,프론트 범퍼 립 탈착
CAN-003006,판금/도장정비,판금(탈부착),프론트 범퍼 립(로워몰딩),교환,프론트 범퍼 립(로워몰딩) 교환
CAN-003007,판금/도장정비,판금(탈부착),프론트 범퍼 립(로워몰딩),탈착,프론트 범퍼 립(로워몰딩) 탈착
CAN-003008,판금/도장정비,판금(탈부착),프론트 범퍼(분할공급시),교환,프론트 범퍼(분할공급시) 교환
CAN-003009,판금/도장정비,판금(탈부착),프론트 범퍼(분할공급시),오버홀,프론트 범퍼(분할공급시) 오버홀
CAN-003010,판금/도장정비,판금(탈부착),프론트 범퍼(분할공급시),탈착,프론트 범퍼(분할공급시) 탈착
CAN-003011,판금/도장정비,판금(탈부착),프론트범퍼 사이드브라켓(우측),교환,프론트범퍼 사이드브라켓(우측) 교환
CAN-003012,판금/도장정비,판금(탈부착),프론트범퍼 사이드브라켓(우측),탈착,프론트범퍼 사이드브라켓(우측) 탈착
CAN-003013,판금/도장정비,판금(탈부착),프론트범퍼 사이드브라켓(좌측),교환,프론트범퍼 사이드브라켓(좌측) 교환
CAN-003014,판금/도장정비,판금(탈부착),프론트범퍼 사이드브라켓(좌측),탈착,프론트범퍼 사이드브라켓(좌측) 탈착
CAN-003015,판금/도장정비,판금(탈부착),프론트 범퍼(에너지업소바),교환,프론트 범퍼(에너지업소바) 교환
CAN-003016,판금/도장정비,판금(탈부착),프론트 범퍼(에너지업소바),오버홀,프론트 범퍼(에너지업소바) 오버홀
CAN-003017,판금/도장정비,판금(탈부착),프론트 범퍼(에너지업소바),탈착,프론트 범퍼(에너지업소바) 탈착
CAN-003018,판금/도장정비,판금(탈부착),프론트 범퍼(우레탄),교환,프론트 범퍼(우레탄) 교환
CAN-003019,판금/도장정비,판금(탈부착),프론트 범퍼(우레탄),오버홀,프론트 범퍼(우레탄) 오버홀
CAN-003020,판금/도장정비,판금(탈부착),프론트 범퍼(우레탄),탈착,프론트 범퍼(우레탄) 탈착
CAN-003021,판금/도장정비,판금(탈부착),프론트 범퍼 전방 센서,교환,프론트 범퍼 전방 센서 교환
CAN-003022,판금/도장정비,판금(탈부착),프론트 범퍼 전방 센서,탈착,프론트 범퍼 전방 센서 탈착
CAN-003023,판금/도장정비,판금(탈부착),프론트 범퍼 커버,교환,프론트 범퍼 커버 교환
CAN-003024,판금/도장정비,판금(탈부착),프론트 범퍼 커버,오버홀,프론트 범퍼 커버 오버홀
CAN-003025,판금/도장정비,판금(탈부착),프론트 범퍼 커버,탈착,프론트 범퍼 커버 탈착
CAN-003026,판금/도장정비,판금(탈부착),프론트 범퍼 커버 어퍼서포트,교환,프론트 범퍼 커버 어퍼서포트 교환
CAN-003027,판금/도장정비,판금(탈부착),프론트 범퍼 커버 어퍼서포트,탈착,프론트 범퍼 커버 어퍼서포트 탈착
CAN-003028,판금/도장정비,도장(색칠),프론트 범퍼 （탈거된상태),도장,프론트 범퍼 （탈거된상태) 도장
CAN-003029,판금/도장정비,판금(탈부착),프론트 보디패널 ASSY,교환,프론트 보디패널 ASSY 교환
CAN-003030,소모품 및 하체정비,브레이크/타이어,프론트브레이크디스크(LH),교환/정비,프론트브레이크디스크(LH) 교환/정비
CAN-003031,소모품 및 하체정비,브레이크/타이어,프론트브레이크디스크(RH),교환/정비,프론트브레이크디스크(RH) 교환/정비
CAN-003032,소모품 및 하체정비,브레이크/타이어,프론트 브레이크 디스크(양쪽),교환/정비,프론트 브레이크 디스크(양쪽) 교환/정비
CAN-003033,소모품 및 하체정비,하체 부품,프론트사이드멤버ASSY(우측),교환,프론트사이드멤버ASSY(우측) 교환
CAN-003034,소모품 및 하체정비,하체 부품,프론트 사이드멤버 ASSY(좌측),교환,프론트 사이드멤버 ASSY(좌측) 교환
CAN-003035,소모품 및 하체정비,하체 부품,"프론트사이드멤버(내측,우)",교환,"프론트사이드멤버(내측,우) 교환"
CAN-003036,소모품 및 하체정비,하체 부품,"프론트사이드멤버(내측,좌)",교환,"프론트사이드멤버(내측,좌) 교환"
CAN-003037,소모품 및 하체정비,하체 부품,"프론트사이드멤버(단독,우)",교환,"프론트사이드멤버(단독,우) 교환"
CAN-003038,소모품 및 하체정비,하체 부품,"프론트사이드멤버(단독,좌)",교환,"프론트사이드멤버(단독,좌) 교환"
CAN-003039,소모품 및 하체정비,하체 부품,"프론트사이드멤버(대쉬,우)",교환,"프론트사이드멤버(대쉬,우) 교환"
CAN-003040,소모품 및 하체정비,하체 부품,"프론트사이드멤버(대쉬,좌)",교환,"프론트사이드멤버(대쉬,좌) 교환"
CAN-003041,소모품 및 하체정비,하체 부품,"프론트사이드멤버선단(우,볼트식",교환,"프론트사이드멤버선단(우,볼트식 교환"
CAN-003042,소모품 및 하체정비,하체 부품,"프론트사이드멤버선단(우,볼트식",탈착,"프론트사이드멤버선단(우,볼트식 탈착"
CAN-003043,소모품 및 하체정비,하체 부품,"프론트사이드멤버선단(좌,볼트식",교환,"프론트사이드멤버선단(좌,볼트식 교환"
CAN-003044,소모품 및 하체정비,하체 부품,"프론트사이드멤버선단(좌,볼트식",탈착,"프론트사이드멤버선단(좌,볼트식 탈착"
CAN-003045,소모품 및 하체정비,하체 부품,"프론트사이드멤버(센터,우)",교환,"프론트사이드멤버(센터,우) 교환"
CAN-003046,소모품 및 하체정비,하체 부품,"프론트사이드멤버(센터,좌)",교환,"프론트사이드멤버(센터,좌) 교환"
CAN-003047,소모품 및 하체정비,하체 부품,"프론트사이드멤버(앞부분,우)",교환,"프론트사이드멤버(앞부분,우) 교환"
CAN-003048,소모품 및 하체정비,하체 부품,"프론트사이드멤버(앞부분,우)",탈착,"프론트사이드멤버(앞부분,우) 탈착"
CAN-003049,소모품 및 하체정비,하체 부품,"프론트사이드멤버(앞부분,좌)",교환,"프론트사이드멤버(앞부분,좌) 교환"
CAN-003050,소모품 및 하체정비,하체 부품,"프론트사이드멤버(앞부분,좌)",탈착,"프론트사이드멤버(앞부분,좌) 탈착"
CAN-003051,소모품 및 하체정비,하체 부품,"프론트사이드멤버(외측,우)",교환,"프론트사이드멤버(외측,우) 교환"
CAN-003052,소모품 및 하체정비,하체 부품,"프론트사이드멤버(외측,좌)",교환,"프론트사이드멤버(외측,좌) 교환"
CAN-003053,기능정비,엔진 부품,프론트 사이드프레임 서브(우측),교환,프론트 사이드프레임 서브(우측) 교환
CAN-003054,기능정비,엔진 부품,프론트 사이드프레임 서브(좌측),교환,프론트 사이드프레임 서브(좌측) 교환
CAN-003055,기능정비,엔진 부품,프론트 사이드 프레임(우측),교환,프론트 사이드 프레임(우측) 교환
CAN-003056,기능정비,엔진 부품,프론트 사이드 프레임(좌측),교환,프론트 사이드 프레임(좌측) 교환
CAN-003057,기능정비,엔진 부품,프론트서스팬션ASSY(우측),교환,프론트서스팬션ASSY(우측) 교환
CAN-003058,기능정비,엔진 부품,프론트서스팬션ASSY(우측),오버홀,프론트서스팬션ASSY(우측) 오버홀
CAN-003059,기능정비,엔진 부품,프론트서스팬션ASSY(우측),탈착,프론트서스팬션ASSY(우측) 탈착
CAN-003060,기능정비,엔진 부품,프론트서스팬션ASSY(좌측),교환,프론트서스팬션ASSY(좌측) 교환
CAN-003061,기능정비,엔진 부품,프론트서스팬션ASSY(좌측),오버홀,프론트서스팬션ASSY(좌측) 오버홀
CAN-003062,기능정비,엔진 부품,프론트서스팬션ASSY(좌측),탈착,프론트서스팬션ASSY(좌측) 탈착
CAN-003063,소모품 및 하체정비,하체 부품,프론트 서스펜션ASSY(우측),교환,프론트 서스펜션ASSY(우측) 교환
CAN-003064,소모품 및 하체정비,하체 부품,프론트 서스펜션ASSY(우측),오버홀,프론트 서스펜션ASSY(우측) 오버홀
CAN-003065,소모품 및 하체정비,하체 부품,프론트 서스펜션ASSY(우측),탈착,프론트 서스펜션ASSY(우측) 탈착
CAN-003066,소모품 및 하체정비,하체 부품,프론트 서스펜션ASSY(좌측),교환,프론트 서스펜션ASSY(좌측) 교환
CAN-003067,소모품 및 하체정비,하체 부품,프론트 서스펜션ASSY(좌측),오버홀,프론트 서스펜션ASSY(좌측) 오버홀
CAN-003068,소모품 및 하체정비,하체 부품,프론트 서스펜션ASSY(좌측),탈착,프론트 서스펜션ASSY(좌측) 탈착
CAN-003069,소모품 및 하체정비,하체 부품,"프론트 서스펜션(우,4WD)",교환,"프론트 서스펜션(우,4WD) 교환"
CAN-003070,소모품 및 하체정비,하체 부품,"프론트 서스펜션(우,4WD)",오버홀,"프론트 서스펜션(우,4WD) 오버홀"
CAN-003071,소모품 및 하체정비,하체 부품,"프론트 서스펜션(우,4WD)",탈착,"프론트 서스펜션(우,4WD) 탈착"
CAN-003072,소모품 및 하체정비,하체 부품,"프론트 서스펜션(좌,4WD)",교환,"프론트 서스펜션(좌,4WD) 교환"
CAN-003073,소모품 및 하체정비,하체 부품,"프론트 서스펜션(좌,4WD)",오버홀,"프론트 서스펜션(좌,4WD) 오버홀"
CAN-003074,소모품 및 하체정비,하체 부품,"프론트 서스펜션(좌,4WD)",탈착,"프론트 서스펜션(좌,4WD) 탈착"
CAN-003075,기능정비,엔진 부품,"프론트쇽업쇼버(킷트교환시,",교환,"프론트쇽업쇼버(킷트교환시, 교환"
CAN-003076,기능정비,엔진 부품,"프론트쇽업쇼버(킷트교환시,",오버홀,"프론트쇽업쇼버(킷트교환시, 오버홀"
CAN-003077,기능정비,엔진 부품,"프론트쇽업쇼버(킷트교환시,",탈착,"프론트쇽업쇼버(킷트교환시, 탈착"
CAN-003078,기능정비,엔진 부품,프론트 스테빌라이져,교환,프론트 스테빌라이져 교환
CAN-003079,기능정비,엔진 부품,프론트 스테빌라이져,탈착,프론트 스테빌라이져 탈착
CAN-003080,소모품 및 하체정비,하체 부품,프론트 시트 멤버,교환,프론트 시트 멤버 교환
CAN-003081,기능정비,전기 및 램프,"프론트 시트(우,사이드에어백)",교환,"프론트 시트(우,사이드에어백) 교환"
CAN-003082,기능정비,전기 및 램프,"프론트 시트(우,사이드에어백)",탈착,"프론트 시트(우,사이드에어백) 탈착"
CAN-003083,기능정비,엔진 부품,"프론트시트(우,전동)",교환,"프론트시트(우,전동) 교환"
CAN-003084,기능정비,엔진 부품,"프론트시트(우,전동)",탈착,"프론트시트(우,전동) 탈착"
CAN-003085,기능정비,엔진 부품,"프론트 시트(우,전동식)",교환,"프론트 시트(우,전동식) 교환"
CAN-003086,기능정비,엔진 부품,"프론트 시트(우,전동식)",탈착,"프론트 시트(우,전동식) 탈착"
CAN-003087,기능정비,전기 및 램프,프론트시트(우측)_사이드에어백,교환,프론트시트(우측)_사이드에어백 교환
CAN-003088,기능정비,전기 및 램프,프론트시트(우측)_사이드에어백,탈착,프론트시트(우측)_사이드에어백 탈착
CAN-003089,기능정비,엔진 부품,프론트 시트(우측),교환,프론트 시트(우측) 교환
CAN-003090,기능정비,엔진 부품,프론트 시트(우측),탈착,프론트 시트(우측) 탈착
CAN-003091,기능정비,전기 및 램프,"프론트 시트(좌,사이드에어백)",교환,"프론트 시트(좌,사이드에어백) 교환"
CAN-003092,기능정비,전기 및 램프,"프론트 시트(좌,사이드에어백)",탈착,"프론트 시트(좌,사이드에어백) 탈착"
CAN-003093,기능정비,엔진 부품,"프론트시트(좌,전동)",교환,"프론트시트(좌,전동) 교환"
CAN-003094,기능정비,엔진 부품,"프론트시트(좌,전동)",탈착,"프론트시트(좌,전동) 탈착"
CAN-003095,기능정비,엔진 부품,"프론트 시트(좌,전동식)",교환,"프론트 시트(좌,전동식) 교환"
CAN-003096,기능정비,엔진 부품,"프론트 시트(좌,전동식)",탈착,"프론트 시트(좌,전동식) 탈착"
CAN-003097,기능정비,전기 및 램프,프론트시트(좌측)_사이드에어백,교환,프론트시트(좌측)_사이드에어백 교환
CAN-003098,기능정비,전기 및 램프,프론트시트(좌측)_사이드에어백,탈착,프론트시트(좌측)_사이드에어백 탈착
CAN-003099,기능정비,엔진 부품,프론트시트(좌측),교환,프론트시트(좌측) 교환
CAN-003100,기능정비,엔진 부품,프론트시트(좌측),탈착,프론트시트(좌측) 탈착
CAN-003101,기능정비,엔진 부품,프론트 액슬,교환,프론트 액슬 교환
CAN-003102,기능정비,엔진 부품,프론트 액슬,오버홀,프론트 액슬 오버홀
CAN-003103,기능정비,엔진 부품,프론트 액슬,탈착,프론트 액슬 탈착
CAN-003104,소모품 및 하체정비,하체 부품,프론트 액슬 너클(LH),교환/정비,프론트 액슬 너클(LH) 교환/정비
CAN-003105,소모품 및 하체정비,하체 부품,프론트 액슬 너클(RH),교환/정비,프론트 액슬 너클(RH) 교환/정비
CAN-003106,소모품 및 하체정비,하체 부품,프론트액슬너클(양쪽),교환/정비,프론트액슬너클(양쪽) 교환/정비
CAN-003107,판금/도장정비,판금(탈부착),프론트 어퍼 및 사이드 서포트,교환,프론트 어퍼 및 사이드 서포트 교환
CAN-003108,판금/도장정비,판금(탈부착),프론트 어퍼 패널,교환,프론트 어퍼 패널 교환
CAN-003109,판금/도장정비,판금(탈부착),프론트어퍼패널,탈착,프론트어퍼패널 탈착
CAN-003110,판금/도장정비,판금(탈부착),프론트어퍼패널(단독),교환,프론트어퍼패널(단독) 교환
CAN-003111,판금/도장정비,판금(탈부착),프론트어퍼패널(단독),탈착,프론트어퍼패널(단독) 탈착
CAN-003112,판금/도장정비,판금(탈부착),프론트 어퍼 패널(볼트),교환,프론트 어퍼 패널(볼트) 교환
CAN-003113,판금/도장정비,판금(탈부착),프론트 어퍼 패널(볼트),탈착,프론트 어퍼 패널(볼트) 탈착
CAN-003114,소모품 및 하체정비,하체 부품,프론트 엔드 크로스멤버,교환,프론트 엔드 크로스멤버 교환
CAN-003115,소모품 및 하체정비,하체 부품,프론트 엔드 크로스멤버,탈착,프론트 엔드 크로스멤버 탈착
CAN-003116,소모품 및 하체정비,하체 부품,프론트 엔드 크로스멤버(외측),교환,프론트 엔드 크로스멤버(외측) 교환
CAN-003117,판금/도장정비,판금(탈부착),프론트 엔드판넬,교환,프론트 엔드판넬 교환
CAN-003118,판금/도장정비,판금(탈부착),프론트 윈도우 패널 ASSY,교환,프론트 윈도우 패널 ASSY 교환
CAN-003119,소모품 및 하체정비,하체 부품,프론트 크로스멤버(#1),교환,프론트 크로스멤버(#1) 교환
CAN-003120,소모품 및 하체정비,하체 부품,프론트 크로스멤버(#1),탈착,프론트 크로스멤버(#1) 탈착
CAN-003121,소모품 및 하체정비,하체 부품,프론트 크로스멤버(#1)-리벳,교환,프론트 크로스멤버(#1)-리벳 교환
CAN-003122,소모품 및 하체정비,하체 부품,프론트 크로스멤버(#1)-리벳,탈착,프론트 크로스멤버(#1)-리벳 탈착
CAN-003123,소모품 및 하체정비,하체 부품,프론트 크로스멤버(#1)-리벳고,교환,프론트 크로스멤버(#1)-리벳고 교환
CAN-003124,소모품 및 하체정비,하체 부품,프론트 크로스멤버(#1)-리벳고,탈착,프론트 크로스멤버(#1)-리벳고 탈착
CAN-003125,소모품 및 하체정비,하체 부품,프론트 크로스멤버,교환,프론트 크로스멤버 교환
CAN-003126,소모품 및 하체정비,하체 부품,프론트 크로스멤버,탈착,프론트 크로스멤버 탈착
CAN-003127,소모품 및 하체정비,하체 부품,프론트 크로스멤버 서브ASSY,교환,프론트 크로스멤버 서브ASSY 교환
CAN-003128,판금/도장정비,판금(탈부착),프론트 패널 ASSY,교환,프론트 패널 ASSY 교환
CAN-003129,판금/도장정비,판금(탈부착),프론트 패널 ASSY,탈착,프론트 패널 ASSY 탈착
CAN-003130,판금/도장정비,판금(탈부착),프론트패널 ASSY(볼트식),교환,프론트패널 ASSY(볼트식) 교환
CAN-003131,판금/도장정비,판금(탈부착),프론트패널 ASSY(볼트식),탈착,프론트패널 ASSY(볼트식) 탈착
CAN-003132,판금/도장정비,판금(탈부착),프론트 패널 ASSY(조립식),교환,프론트 패널 ASSY(조립식) 교환
CAN-003133,판금/도장정비,판금(탈부착),프론트패널 ASSY(조립식),오버홀,프론트패널 ASSY(조립식) 오버홀
CAN-003134,판금/도장정비,판금(탈부착),프론트 패널 ASSY(조립식),탈착,프론트 패널 ASSY(조립식) 탈착
CAN-003135,판금/도장정비,판금(탈부착),프론트 패널 ASSY(코너패널 일,교환,프론트 패널 ASSY(코너패널 일 교환
CAN-003136,판금/도장정비,판금(탈부착),프론트패널그룹,교환,프론트패널그룹 교환
CAN-003137,판금/도장정비,판금(탈부착),프론트패널(라디에이터부착상태),교환,프론트패널(라디에이터부착상태) 교환
CAN-003138,판금/도장정비,판금(탈부착),프론트패널(라디에이터부착상태),탈착,프론트패널(라디에이터부착상태) 탈착
CAN-003139,판금/도장정비,판금(탈부착),프론트패널센타커버서브ASSY,교환,프론트패널센타커버서브ASSY 교환
CAN-003140,판금/도장정비,판금(탈부착),프론트 패널(조립식),교환,프론트 패널(조립식) 교환
CAN-003141,판금/도장정비,판금(탈부착),프론트 패널(조립식),탈착,프론트 패널(조립식) 탈착
CAN-003142,기능정비,전기 및 램프,프론트포그램프어셈블리 (LH),교환/정비,프론트포그램프어셈블리 (LH) 교환/정비
CAN-003143,기능정비,전기 및 램프,프론트포그램프어셈블리 (RH),교환/정비,프론트포그램프어셈블리 (RH) 교환/정비
CAN-003144,기능정비,전기 및 램프,프론트 포그 램프 어셈블리 (양쪽),교환/정비,프론트 포그 램프 어셈블리 (양쪽) 교환/정비
CAN-003145,기능정비,엔진 부품,프론트 플러워 보강대(세로),교환,프론트 플러워 보강대(세로) 교환
CAN-003146,기능정비,엔진 부품,프론트 플로어 프레임,교환,프론트 플로어 프레임 교환
CAN-003147,판금/도장정비,판금(탈부착),프론트플로워 센터패널(터널패널,교환,프론트플로워 센터패널(터널패널 교환
CAN-003148,기능정비,엔진 부품,프론트 플로워(우측),교환,프론트 플로워(우측) 교환
CAN-003149,기능정비,엔진 부품,프론트 플로워(좌측),교환,프론트 플로워(좌측) 교환
CAN-003150,소모품 및 하체정비,하체 부품,프론트플로워 크로스멤버#1,교환,프론트플로워 크로스멤버#1 교환
CAN-003151,소모품 및 하체정비,하체 부품,프론트플로워 크로스멤버#2,교환,프론트플로워 크로스멤버#2 교환
CAN-003152,소모품 및 하체정비,하체 부품,프론트플로워 크로스멤버#3,교환,프론트플로워 크로스멤버#3 교환
CAN-003153,소모품 및 하체정비,하체 부품,프론트플로워 크로스멤버#4,교환,프론트플로워 크로스멤버#4 교환
CAN-003154,판금/도장정비,판금(탈부착),프론트플로워패널,교환,프론트플로워패널 교환
CAN-003155,판금/도장정비,판금(탈부착),프론트 필라 외측 패널 어셈블리 (LH),교환/정비,프론트 필라 외측 패널 어셈블리 (LH) 교환/정비
CAN-003156,판금/도장정비,도장(색칠),프론트 필라 외측 패널 어셈블리(LH),도장,프론트 필라 외측 패널 어셈블리(LH) 도장
CAN-003157,판금/도장정비,판금(탈부착),프론트 필라 외측 패널 어셈블리 (RH),교환/정비,프론트 필라 외측 패널 어셈블리 (RH) 교환/정비
CAN-003158,판금/도장정비,도장(색칠),프론트 필라 외측 패널 어셈블리 (RH),도장,프론트 필라 외측 패널 어셈블리 (RH) 도장
CAN-003159,기능정비,엔진 부품,프론트 필러 ASSY(우측),교환,프론트 필러 ASSY(우측) 교환
CAN-003160,기능정비,엔진 부품,프론트 필러 ASSY(좌측),교환,프론트 필러 ASSY(좌측) 교환
CAN-003161,기능정비,엔진 부품,프론트필러 가니쉬(우측),교환,프론트필러 가니쉬(우측) 교환
CAN-003162,기능정비,엔진 부품,프론트필러 가니쉬(우측),탈착,프론트필러 가니쉬(우측) 탈착
CAN-003163,기능정비,엔진 부품,프론트필러 가니쉬(좌측),교환,프론트필러 가니쉬(좌측) 교환
CAN-003164,기능정비,엔진 부품,프론트필러 가니쉬(좌측),탈착,프론트필러 가니쉬(좌측) 탈착
CAN-003165,기능정비,엔진 부품,프론트필러 고정유리(우측),교환,프론트필러 고정유리(우측) 교환
CAN-003166,기능정비,엔진 부품,프론트필러 고정유리(우측),탈착,프론트필러 고정유리(우측) 탈착
CAN-003167,기능정비,엔진 부품,프론트필러 고정유리(좌측),교환,프론트필러 고정유리(좌측) 교환
CAN-003168,기능정비,엔진 부품,프론트필러 고정유리(좌측),탈착,프론트필러 고정유리(좌측) 탈착
CAN-003169,기능정비,엔진 부품,"프론트 필러(외측,우)",교환,"프론트 필러(외측,우) 교환"
CAN-003170,기능정비,엔진 부품,"프론트 필러(외측,좌)",교환,"프론트 필러(외측,좌) 교환"
CAN-003171,기능정비,엔진 부품,프론트 필러(우측) - 내외측 분,교환,프론트 필러(우측) - 내외측 분 교환
CAN-003172,기능정비,엔진 부품,프론트 필러(우측) - 내외측 분리,교환,프론트 필러(우측) - 내외측 분리 교환
CAN-003173,기능정비,엔진 부품,프론트 필러(좌측) - 내외측 분,교환,프론트 필러(좌측) - 내외측 분 교환
CAN-003174,기능정비,엔진 부품,프론트 필러(좌측) - 내외측 분리,교환,프론트 필러(좌측) - 내외측 분리 교환
CAN-003175,기능정비,엔진 부품,프론트 필러 트림(우측),교환,프론트 필러 트림(우측) 교환
CAN-003176,기능정비,엔진 부품,프론트 필러 트림(우측),탈착,프론트 필러 트림(우측) 탈착
CAN-003177,기능정비,엔진 부품,프론트필러트림(좌측),교환,프론트필러트림(좌측) 교환
CAN-003178,기능정비,엔진 부품,프론트필러트림(좌측),탈착,프론트필러트림(좌측) 탈착
CAN-003179,소모품 및 하체정비,하체 부품,프론트 허브베어링(우측),오버홀,프론트 허브베어링(우측) 오버홀
CAN-003180,소모품 및 하체정비,하체 부품,프론트 허브베어링(좌측),오버홀,프론트 허브베어링(좌측) 오버홀
CAN-003181,기능정비,엔진 부품,프론트휀다 가니쉬(우측),교환,프론트휀다 가니쉬(우측) 교환
CAN-003182,기능정비,엔진 부품,프론트휀다 가니쉬(우측),탈착,프론트휀다 가니쉬(우측) 탈착
CAN-003183,기능정비,엔진 부품,프론트휀다 가니쉬(좌측),교환,프론트휀다 가니쉬(좌측) 교환
CAN-003184,기능정비,엔진 부품,프론트휀다 가니쉬(좌측),탈착,프론트휀다 가니쉬(좌측) 탈착
CAN-003185,판금/도장정비,판금(탈부착),프론트 휀다 몰딩(우측),교환,프론트 휀다 몰딩(우측) 교환
CAN-003186,판금/도장정비,판금(탈부착),프론트 휀다 몰딩(우측),탈착,프론트 휀다 몰딩(우측) 탈착
CAN-003187,판금/도장정비,판금(탈부착),프론트 휀다 몰딩(좌측),교환,프론트 휀다 몰딩(좌측) 교환
CAN-003188,판금/도장정비,판금(탈부착),프론트 휀다 몰딩(좌측),탈착,프론트 휀다 몰딩(좌측) 탈착
CAN-003189,기능정비,엔진 부품,프론트 휀다(우측),교환,프론트 휀다(우측) 교환
CAN-003190,기능정비,엔진 부품,프론트 휀다(우측),탈착,프론트 휀다(우측) 탈착
CAN-003191,기능정비,엔진 부품,프론트 휀다(좌측),교환,프론트 휀다(좌측) 교환
CAN-003192,기능정비,엔진 부품,프론트 휀다(좌측),탈착,프론트 휀다(좌측) 탈착
CAN-003193,소모품 및 하체정비,브레이크/타이어,프론트휠가드(우측),교환,프론트휠가드(우측) 교환
CAN-003194,소모품 및 하체정비,브레이크/타이어,프론트휠가드(우측),탈착,프론트휠가드(우측) 탈착
CAN-003195,소모품 및 하체정비,브레이크/타이어,프론트휠가드(좌측),교환,프론트휠가드(좌측) 교환
CAN-003196,소모품 및 하체정비,브레이크/타이어,프론트휠가드(좌측),탈착,프론트휠가드(좌측) 탈착
CAN-003197,소모품 및 하체정비,브레이크/타이어,프론트 휠 하우스ASSY(우측),교환,프론트 휠 하우스ASSY(우측) 교환
CAN-003198,소모품 및 하체정비,브레이크/타이어,프론트 휠 하우스ASSY(좌측),교환,프론트 휠 하우스ASSY(좌측) 교환
CAN-003199,판금/도장정비,판금(탈부착),프론트 휠하우스아우터패널(우측),교환,프론트 휠하우스아우터패널(우측) 교환
CAN-003200,판금/도장정비,판금(탈부착),프론트 휠하우스아우터패널(좌측),교환,프론트 휠하우스아우터패널(좌측) 교환
CAN-003201,소모품 및 하체정비,브레이크/타이어,"프론트 휠 하우스(앞부분,우)",교환,"프론트 휠 하우스(앞부분,우) 교환"
CAN-003202,소모품 및 하체정비,브레이크/타이어,"프론트 휠 하우스(앞부분,좌)",교환,"프론트 휠 하우스(앞부분,좌) 교환"
CAN-003203,소모품 및 하체정비,브레이크/타이어,프론트휠하우스(우측),교환,프론트휠하우스(우측) 교환
CAN-003204,소모품 및 하체정비,브레이크/타이어,프론트휠하우스(좌측),교환,프론트휠하우스(좌측) 교환
CAN-003205,기능정비,엔진 부품,플로어 매트 - 16장,교환,플로어 매트 - 16장 교환
CAN-003206,기능정비,엔진 부품,플로어 매트 - 16장,탈착,플로어 매트 - 16장 탈착
CAN-003207,기능정비,엔진 부품,플로어 매트 - 1장,교환,플로어 매트 - 1장 교환
CAN-003208,기능정비,엔진 부품,플로어 매트 - 1장,탈착,플로어 매트 - 1장 탈착
CAN-003209,기능정비,엔진 부품,플로어 매트 - 2장,교환,플로어 매트 - 2장 교환
CAN-003210,기능정비,엔진 부품,플로어 매트 - 2장,탈착,플로어 매트 - 2장 탈착
CAN-003211,기능정비,엔진 부품,플로어 매트 - 32장,교환,플로어 매트 - 32장 교환
CAN-003212,기능정비,엔진 부품,플로어 매트 - 32장,탈착,플로어 매트 - 32장 탈착
CAN-003213,기능정비,엔진 부품,플로어 매트 - 4장,교환,플로어 매트 - 4장 교환
CAN-003214,기능정비,엔진 부품,플로어 매트 - 4장,탈착,플로어 매트 - 4장 탈착
CAN-003215,기능정비,엔진 부품,플로어 매트 - 8장,교환,플로어 매트 - 8장 교환
CAN-003216,기능정비,엔진 부품,플로어 매트 - 8장,탈착,플로어 매트 - 8장 탈착
CAN-003217,기능정비,엔진 부품,플로어 보드 - 16장,교환,플로어 보드 - 16장 교환
CAN-003218,기능정비,엔진 부품,플로어 보드 - 1장,교환,플로어 보드 - 1장 교환
CAN-003219,기능정비,엔진 부품,플로어 보드 - 2장,교환,플로어 보드 - 2장 교환
CAN-003220,기능정비,엔진 부품,플로어 보드 - 32장,교환,플로어 보드 - 32장 교환
CAN-003221,기능정비,엔진 부품,플로어 보드 - 4장,교환,플로어 보드 - 4장 교환
CAN-003222,기능정비,엔진 부품,플로어 보드 - 8장,교환,플로어 보드 - 8장 교환
CAN-003223,판금/도장정비,판금(탈부착),플로어 사이드패널(우측),교환,플로어 사이드패널(우측) 교환
CAN-003224,판금/도장정비,판금(탈부착),플로어 사이드패널(좌측),교환,플로어 사이드패널(좌측) 교환
CAN-003225,소모품 및 하체정비,하체 부품,플로어 센타크로스멤버,교환,플로어 센타크로스멤버 교환
CAN-003226,소모품 및 하체정비,하체 부품,플로어 센터 크로스 멤버,교환,플로어 센터 크로스 멤버 교환
CAN-003227,판금/도장정비,판금(탈부착),플로워익스텐션패널(프론트),교환,플로워익스텐션패널(프론트) 교환
CAN-003228,판금/도장정비,판금(탈부착),플로워패널 익스텐션,교환,플로워패널 익스텐션 교환
CAN-003229,판금/도장정비,판금(탈부착),필러 외측패널(우측),교환,필러 외측패널(우측) 교환
CAN-003230,판금/도장정비,판금(탈부착),필러 외측패널(좌측),교환,필러 외측패널(좌측) 교환
CAN-003231,기능정비,엔진 부품,필러트림(16개),교환,필러트림(16개) 교환
CAN-003232,기능정비,엔진 부품,필러트림(16개),탈착,필러트림(16개) 탈착
CAN-003233,기능정비,엔진 부품,필러트림(1개),교환,필러트림(1개) 교환
CAN-003234,기능정비,엔진 부품,필러트림(1개),탈착,필러트림(1개) 탈착
CAN-003235,기능정비,엔진 부품,필러트림(2개),교환,필러트림(2개) 교환
CAN-003236,기능정비,엔진 부품,필러트림(2개),탈착,필러트림(2개) 탈착
CAN-003237,기능정비,엔진 부품,필러트림(32개),교환,필러트림(32개) 교환
CAN-003238,기능정비,엔진 부품,필러트림(32개),탈착,필러트림(32개) 탈착
CAN-003239,기능정비,엔진 부품,필러트림(4개),교환,필러트림(4개) 교환
CAN-003240,기능정비,엔진 부품,필러트림(4개),탈착,필러트림(4개) 탈착
CAN-003241,기능정비,엔진 부품,필러트림(8개),교환,필러트림(8개) 교환
CAN-003242,기능정비,엔진 부품,필러트림(8개),탈착,필러트림(8개) 탈착
CAN-003243,기능정비,엔진 부품,하이드로릭 파워 유닛,교환,하이드로릭 파워 유닛 교환
CAN-003244,기능정비,엔진 부품,하이드로릭 파워 유닛,탈착,하이드로릭 파워 유닛 탈착
CAN-003245,기능정비,전기 및 램프,하이마운팅 스톱램프,교환,하이마운팅 스톱램프 교환
CAN-003246,기능정비,전기 및 램프,하이마운팅 스톱램프,탈착,하이마운팅 스톱램프 탈착
CAN-003247,기능정비,엔진 부품,하이브리드 스타터 제너레이터,교환,하이브리드 스타터 제너레이터 교환
CAN-003248,기능정비,엔진 부품,하이브리드 스타터 제너레이터,탈착,하이브리드 스타터 제너레이터 탈착
CAN-003249,기능정비,엔진 부품,하이브리드 파워 컨트롤 유닛,교환,하이브리드 파워 컨트롤 유닛 교환
CAN-003250,기능정비,엔진 부품,하이브리드 파워 컨트롤 유닛,탈착,하이브리드 파워 컨트롤 유닛 탈착
CAN-003251,기능정비,전기 및 램프,해드램프 밸러스트(우측),교환,해드램프 밸러스트(우측) 교환
CAN-003252,기능정비,전기 및 램프,해드램프 밸러스트(우측),탈착,해드램프 밸러스트(우측) 탈착
CAN-003253,기능정비,전기 및 램프,해드램프 밸러스트(좌측),교환,해드램프 밸러스트(좌측) 교환
CAN-003254,기능정비,전기 및 램프,해드램프 밸러스트(좌측),탈착,해드램프 밸러스트(좌측) 탈착
CAN-003255,기능정비,전기 및 램프,해드 램프 벌브 (한쪽),교환/정비,해드 램프 벌브 (한쪽) 교환/정비
CAN-003256,소모품 및 하체정비,브레이크/타이어,핸드브레이크레바,교환,핸드브레이크레바 교환
CAN-003257,소모품 및 하체정비,브레이크/타이어,핸드브레이크레바,탈착,핸드브레이크레바 탈착
CAN-003258,소모품 및 하체정비,하체 부품,허브(뒤우),교환,허브(뒤우) 교환
CAN-003259,소모품 및 하체정비,하체 부품,허브(뒤우),오버홀,허브(뒤우) 오버홀
CAN-003260,소모품 및 하체정비,하체 부품,허브(뒤좌),교환,허브(뒤좌) 교환
CAN-003261,소모품 및 하체정비,하체 부품,허브(뒤좌),오버홀,허브(뒤좌) 오버홀
CAN-003262,소모품 및 하체정비,하체 부품,허브(앞우),교환,허브(앞우) 교환
CAN-003263,소모품 및 하체정비,하체 부품,허브(앞우),오버홀,허브(앞우) 오버홀
CAN-003264,소모품 및 하체정비,하체 부품,허브(앞좌),교환,허브(앞좌) 교환
CAN-003265,소모품 및 하체정비,하체 부품,허브(앞좌),오버홀,허브(앞좌) 오버홀
CAN-003266,판금/도장정비,판금(탈부착),헤더패널,교환,헤더패널 교환
CAN-003267,판금/도장정비,판금(탈부착),헤더패널,탈착,헤더패널 탈착
CAN-003268,판금/도장정비,판금(탈부착),헤드라이닝 어셈블리,교환/정비,헤드라이닝 어셈블리 교환/정비
CAN-003269,기능정비,전기 및 램프,헤드램프 가니쉬(우측),교환,헤드램프 가니쉬(우측) 교환
CAN-003270,기능정비,전기 및 램프,헤드램프 가니쉬(우측),탈착,헤드램프 가니쉬(우측) 탈착
CAN-003271,기능정비,전기 및 램프,헤드램프 가니쉬(일체형),교환,헤드램프 가니쉬(일체형) 교환
CAN-003272,기능정비,전기 및 램프,헤드램프 가니쉬(일체형),탈착,헤드램프 가니쉬(일체형) 탈착
CAN-003273,기능정비,전기 및 램프,헤드램프 가니쉬(좌측),교환,헤드램프 가니쉬(좌측) 교환
CAN-003274,기능정비,전기 및 램프,헤드램프 가니쉬(좌측),탈착,헤드램프 가니쉬(좌측) 탈착
CAN-003275,기능정비,전기 및 램프,헤드램프 레벨링 엑츄에이터(우측),교환,헤드램프 레벨링 엑츄에이터(우측) 교환
CAN-003276,기능정비,전기 및 램프,헤드램프 레벨링 엑츄에이터(우측),탈착,헤드램프 레벨링 엑츄에이터(우측) 탈착
CAN-003277,기능정비,전기 및 램프,헤드램프 레벨링 엑츄에이터(좌측),교환,헤드램프 레벨링 엑츄에이터(좌측) 교환
CAN-003278,기능정비,전기 및 램프,헤드램프 레벨링 엑츄에이터(좌측),탈착,헤드램프 레벨링 엑츄에이터(좌측) 탈착
CAN-003279,기능정비,전기 및 램프,"헤드램프브라켓(수리킷,우#1)",교환,"헤드램프브라켓(수리킷,우#1) 교환"
CAN-003280,기능정비,전기 및 램프,"헤드램프브라켓(수리킷,우#2)",교환,"헤드램프브라켓(수리킷,우#2) 교환"
CAN-003281,기능정비,전기 및 램프,"헤드램프브라켓(수리킷,우#3)",교환,"헤드램프브라켓(수리킷,우#3) 교환"
CAN-003282,기능정비,전기 및 램프,"헤드램프브라켓(수리킷,우#4)",교환,"헤드램프브라켓(수리킷,우#4) 교환"
CAN-003283,기능정비,전기 및 램프,"헤드램프브라켓(수리킷,좌#1)",교환,"헤드램프브라켓(수리킷,좌#1) 교환"
CAN-003284,기능정비,전기 및 램프,"헤드램프브라켓(수리킷,좌#2)",교환,"헤드램프브라켓(수리킷,좌#2) 교환"
CAN-003285,기능정비,전기 및 램프,"헤드램프브라켓(수리킷,좌#3)",교환,"헤드램프브라켓(수리킷,좌#3) 교환"
CAN-003286,기능정비,전기 및 램프,"헤드램프브라켓(수리킷,좌#4)",교환,"헤드램프브라켓(수리킷,좌#4) 교환"
CAN-003287,기능정비,전기 및 램프,헤드램프브라켓(우측),교환,헤드램프브라켓(우측) 교환
CAN-003288,기능정비,전기 및 램프,헤드램프브라켓(우측),탈착,헤드램프브라켓(우측) 탈착
CAN-003289,기능정비,전기 및 램프,헤드램프브라켓(좌측),교환,헤드램프브라켓(좌측) 교환
CAN-003290,기능정비,전기 및 램프,헤드램프브라켓(좌측),탈착,헤드램프브라켓(좌측) 탈착
CAN-003291,기능정비,전기 및 램프,헤드 램프 어셈블리(LH),교환/정비,헤드 램프 어셈블리(LH) 교환/정비
CAN-003292,기능정비,전기 및 램프,헤드 램프 어셈블리(RH),교환/정비,헤드 램프 어셈블리(RH) 교환/정비
CAN-003293,기능정비,전기 및 램프,헤드 램프 어셈블리 (양쪽),교환/정비,헤드 램프 어셈블리 (양쪽) 교환/정비
CAN-003294,기능정비,전기 및 램프,헤드램프 와셔(우측),교환,헤드램프 와셔(우측) 교환
CAN-003295,기능정비,전기 및 램프,헤드램프 와셔(우측),탈착,헤드램프 와셔(우측) 탈착
CAN-003296,기능정비,전기 및 램프,헤드램프 와셔(좌측),교환,헤드램프 와셔(좌측) 교환
CAN-003297,기능정비,전기 및 램프,헤드램프 와셔(좌측),탈착,헤드램프 와셔(좌측) 탈착
CAN-003298,기능정비,전기 및 램프,헤드램프(우측),교환,헤드램프(우측) 교환
CAN-003299,기능정비,전기 및 램프,헤드램프(우측),탈착,헤드램프(우측) 탈착
CAN-003300,기능정비,전기 및 램프,헤드램프(좌측),교환,헤드램프(좌측) 교환
CAN-003301,기능정비,전기 및 램프,헤드램프(좌측),탈착,헤드램프(좌측) 탈착
CAN-003302,판금/도장정비,판금(탈부착),헤드램프 패널(우측),교환,헤드램프 패널(우측) 교환
CAN-003303,판금/도장정비,판금(탈부착),헤드램프 패널(우측),탈착,헤드램프 패널(우측) 탈착
CAN-003304,판금/도장정비,판금(탈부착),헤드램프 패널(좌측),교환,헤드램프 패널(좌측) 교환
CAN-003305,판금/도장정비,판금(탈부착),헤드램프 패널(좌측),탈착,헤드램프 패널(좌측) 탈착
CAN-003306,기능정비,엔진 부품,호이스트실린더,교환,호이스트실린더 교환
CAN-003307,기능정비,엔진 부품,호이스트실린더,오버홀,호이스트실린더 오버홀
CAN-003308,기능정비,엔진 부품,호이스트실린더,탈착,호이스트실린더 탈착
CAN-003309,기능정비,전기 및 램프,혼,교환,혼 교환
CAN-003310,기능정비,전기 및 램프,혼,탈착,혼 탈착
CAN-003311,기능정비,전기 및 램프,혼(로우),교환,혼(로우) 교환
CAN-003312,기능정비,전기 및 램프,혼(로우),탈착,혼(로우) 탈착
CAN-003313,기능정비,전기 및 램프,혼 어셈블리 (LH),교환/정비,혼 어셈블리 (LH) 교환/정비
CAN-003314,기능정비,전기 및 램프,혼(하이),교환,혼(하이) 교환
CAN-003315,기능정비,전기 및 램프,혼(하이),탈착,혼(하이) 탈착
CAN-003316,판금/도장정비,판금(탈부착),후드,교환,후드 교환
CAN-003317,판금/도장정비,판금(탈부착),후드,오버홀,후드 오버홀
CAN-003318,판금/도장정비,판금(탈부착),후드,탈착,후드 탈착
CAN-003319,소모품 및 하체정비,하체 부품,후드 래취 어셈블리,교환/정비,후드 래취 어셈블리 교환/정비
CAN-003320,판금/도장정비,판금(탈부착),후드록크,교환,후드록크 교환
CAN-003321,판금/도장정비,판금(탈부착),후드록크,탈착,후드록크 탈착
CAN-003322,판금/도장정비,판금(탈부착),후드리지 로워 ASSY(우측),교환,후드리지 로워 ASSY(우측) 교환
CAN-003323,판금/도장정비,판금(탈부착),후드리지 로워 ASSY(좌측),교환,후드리지 로워 ASSY(좌측) 교환
CAN-003324,판금/도장정비,판금(탈부착),후드리지 로워 프론트(우측),교환,후드리지 로워 프론트(우측) 교환
CAN-003325,판금/도장정비,판금(탈부착),후드리지 로워 프론트(좌측),교환,후드리지 로워 프론트(좌측) 교환
CAN-003326,판금/도장정비,판금(탈부착),"후드리지 리인포스먼트(뒤,우)",교환,"후드리지 리인포스먼트(뒤,우) 교환"
CAN-003327,판금/도장정비,판금(탈부착),"후드리지 리인포스먼트(뒤,좌)",교환,"후드리지 리인포스먼트(뒤,좌) 교환"
CAN-003328,판금/도장정비,판금(탈부착),"후드리지 리인포스먼트(앞,우)",교환,"후드리지 리인포스먼트(앞,우) 교환"
CAN-003329,판금/도장정비,판금(탈부착),"후드리지 리인포스먼트(앞,좌)",교환,"후드리지 리인포스먼트(앞,좌) 교환"
CAN-003330,판금/도장정비,판금(탈부착),후드리지 어퍼 ASSY(우측),교환,후드리지 어퍼 ASSY(우측) 교환
CAN-003331,판금/도장정비,판금(탈부착),후드리지 어퍼 ASSY(좌측),교환,후드리지 어퍼 ASSY(좌측) 교환
CAN-003332,판금/도장정비,판금(탈부착),후드리지 어퍼 프론트(우측),교환,후드리지 어퍼 프론트(우측) 교환
CAN-003333,판금/도장정비,판금(탈부착),후드리지 어퍼 프론트(좌측),교환,후드리지 어퍼 프론트(좌측) 교환
CAN-003334,판금/도장정비,판금(탈부착),후드리지(우측),교환,후드리지(우측) 교환
CAN-003335,판금/도장정비,판금(탈부착),후드리지 인너 리어(우측),교환,후드리지 인너 리어(우측) 교환
CAN-003336,판금/도장정비,판금(탈부착),후드리지 인너 리어(좌측),교환,후드리지 인너 리어(좌측) 교환
CAN-003337,판금/도장정비,판금(탈부착),후드리지 인너 프론트(우측),교환,후드리지 인너 프론트(우측) 교환
CAN-003338,판금/도장정비,판금(탈부착),후드리지 인너 프론트(좌측),교환,후드리지 인너 프론트(좌측) 교환
CAN-003339,판금/도장정비,판금(탈부착),후드리지(좌측),교환,후드리지(좌측) 교환
CAN-003340,판금/도장정비,판금(탈부착),후드리지 콘넥터 패널(우측),교환,후드리지 콘넥터 패널(우측) 교환
CAN-003341,판금/도장정비,판금(탈부착),후드리지 콘넥터 패널(좌측),교환,후드리지 콘넥터 패널(좌측) 교환
CAN-003342,판금/도장정비,판금(탈부착),후드쇼바(우측),교환,후드쇼바(우측) 교환
CAN-003343,판금/도장정비,판금(탈부착),후드쇼바(우측),탈착,후드쇼바(우측) 탈착
CAN-003344,판금/도장정비,판금(탈부착),후드쇼바(좌측),교환,후드쇼바(좌측) 교환
CAN-003345,판금/도장정비,판금(탈부착),후드쇼바(좌측),탈착,후드쇼바(좌측) 탈착
CAN-003346,판금/도장정비,판금(탈부착),후드 쇼버(우측),교환,후드 쇼버(우측) 교환
CAN-003347,판금/도장정비,판금(탈부착),후드 쇼버(우측),탈착,후드 쇼버(우측) 탈착
CAN-003348,판금/도장정비,판금(탈부착),후드 쇼버(좌측),교환,후드 쇼버(좌측) 교환
CAN-003349,판금/도장정비,판금(탈부착),후드 쇼버(좌측),탈착,후드 쇼버(좌측) 탈착
CAN-003350,판금/도장정비,판금(탈부착),후드인슈레이션패드,교환,후드인슈레이션패드 교환
CAN-003351,판금/도장정비,판금(탈부착),후드인슈레이션패드,탈착,후드인슈레이션패드 탈착
CAN-003352,판금/도장정비,판금(탈부착),후드 인슐레이션,교환,후드 인슐레이션 교환
CAN-003353,판금/도장정비,판금(탈부착),후드 인슐레이션,탈착,후드 인슐레이션 탈착
CAN-003354,판금/도장정비,판금(탈부착),후드 인슐레이션 패드,교환,후드 인슐레이션 패드 교환
CAN-003355,판금/도장정비,판금(탈부착),후드 인슐레이션 패드,탈착,후드 인슐레이션 패드 탈착
CAN-003356,판금/도장정비,판금(탈부착),후드케이블,교환,후드케이블 교환
CAN-003357,판금/도장정비,판금(탈부착),후드케이블,탈착,후드케이블 탈착
CAN-003358,판금/도장정비,판금(탈부착),후드 판넬 어셈블리,교환/정비,후드 판넬 어셈블리 교환/정비
CAN-003359,판금/도장정비,도장(색칠),후드 패널,도장,후드 패널 도장
CAN-003360,판금/도장정비,판금(탈부착),후드힌지(우측),교환,후드힌지(우측) 교환
CAN-003361,판금/도장정비,판금(탈부착),후드힌지(우측),탈착,후드힌지(우측) 탈착
CAN-003362,판금/도장정비,판금(탈부착),후드힌지(좌측),교환,후드힌지(좌측) 교환
CAN-003363,판금/도장정비,판금(탈부착),후드힌지(좌측),탈착,후드힌지(좌측) 탈착
CAN-003364,기능정비,엔진 부품,"후면유리(버스,끼움식)",교환,"후면유리(버스,끼움식) 교환"
CAN-003365,기능정비,엔진 부품,"후면유리(버스,끼움식)",탈착,"후면유리(버스,끼움식) 탈착"
CAN-003366,기능정비,엔진 부품,"후면유리(버스,접착식)",교환,"후면유리(버스,접착식) 교환"
CAN-003367,기능정비,엔진 부품,"후면유리(버스,접착식)",탈착,"후면유리(버스,접착식) 탈착"
CAN-003368,기능정비,전기 및 램프,후방 감지 센서(SPAS),교환,후방 감지 센서(SPAS) 교환
CAN-003369,기능정비,전기 및 램프,후방 감지 센서(SPAS),탈착,후방 감지 센서(SPAS) 탈착
CAN-003370,기능정비,전기 및 램프,후방감지센서,교환,후방감지센서 교환
CAN-003371,기능정비,전기 및 램프,후방감지센서,탈착,후방감지센서 탈착
CAN-003372,기능정비,전기 및 램프,후방 사각 감지센서(1대분),교환,후방 사각 감지센서(1대분) 교환
CAN-003373,기능정비,전기 및 램프,후방 사각 감지센서(1대분),탈착,후방 사각 감지센서(1대분) 탈착
CAN-003374,기능정비,전기 및 램프,후방카메라,교환,후방카메라 교환
CAN-003375,기능정비,전기 및 램프,후방카메라,탈착,후방카메라 탈착
CAN-003376,기능정비,엔진 부품,후측방경보유닛(우측),교환,후측방경보유닛(우측) 교환
CAN-003377,기능정비,엔진 부품,후측방경보유닛(우측),탈착,후측방경보유닛(우측) 탈착
CAN-003378,기능정비,엔진 부품,후측방경보유닛(좌측),교환,후측방경보유닛(좌측) 교환
CAN-003379,기능정비,엔진 부품,후측방경보유닛(좌측),탈착,후측방경보유닛(좌측) 탈착
CAN-003380,기능정비,엔진 부품,휀다 브라켓(우측),교환,휀다 브라켓(우측) 교환
CAN-003381,기능정비,엔진 부품,휀다 브라켓(좌측),교환,휀다 브라켓(좌측) 교환
CAN-003382,판금/도장정비,판금(탈부착),"휀다패널(뒤,우)",교환,"휀다패널(뒤,우) 교환"
CAN-003383,판금/도장정비,판금(탈부착),"휀다패널(뒤,우)",탈착,"휀다패널(뒤,우) 탈착"
CAN-003384,판금/도장정비,판금(탈부착),"휀다패널(뒤,좌)",교환,"휀다패널(뒤,좌) 교환"
CAN-003385,판금/도장정비,판금(탈부착),"휀다패널(뒤,좌)",탈착,"휀다패널(뒤,좌) 탈착"
CAN-003386,판금/도장정비,판금(탈부착),"휀다패널(앞,우)",교환,"휀다패널(앞,우) 교환"
CAN-003387,판금/도장정비,판금(탈부착),"휀다패널(앞,우)",탈착,"휀다패널(앞,우) 탈착"
CAN-003388,판금/도장정비,판금(탈부착),"휀다패널(앞,좌)",교환,"휀다패널(앞,좌) 교환"
CAN-003389,판금/도장정비,판금(탈부착),"휀다패널(앞,좌)",탈착,"휀다패널(앞,좌) 탈착"
CAN-003390,판금/도장정비,도장(색칠),휀더 패널 (LH),도장,휀더 패널 (LH) 도장
CAN-003391,판금/도장정비,판금(탈부착),"휀더패널어셈블리(LH,범퍼탈부착미포함)",교환/정비,"휀더패널어셈블리(LH,범퍼탈부착미포함) 교환/정비"
CAN-003392,소모품 및 하체정비,브레이크/타이어,"휠(뒤,우)",교환,"휠(뒤,우) 교환"
CAN-003393,소모품 및 하체정비,브레이크/타이어,"휠(뒤,좌)",교환,"휠(뒤,좌) 교환"
CAN-003394,소모품 및 하체정비,브레이크/타이어,휠 밸런스(2휠),교환/정비,휠 밸런스(2휠) 교환/정비
CAN-003395,판금/도장정비,판금(탈부착),휠사이드패널(우측),교환,휠사이드패널(우측) 교환
CAN-003396,판금/도장정비,판금(탈부착),휠사이드패널(좌측),교환,휠사이드패널(좌측) 교환
CAN-003397,소모품 및 하체정비,브레이크/타이어,"휠(앞,우)",교환,"휠(앞,우) 교환"
CAN-003398,소모품 및 하체정비,브레이크/타이어,"휠(앞,좌)",교환,"휠(앞,좌) 교환"
CAN-003399,소모품 및 하체정비,브레이크/타이어,휠 얼라인먼트(기계식),조정,휠 얼라인먼트(기계식) 조정
CAN-003400,소모품 및 하체정비,브레이크/타이어,휠 얼라인먼트 인스펙션,교환/정비,휠 얼라인먼트 인스펙션 교환/정비
CAN-003401,소모품 및 하체정비,브레이크/타이어,휠얼라인먼트(전자식),조정,휠얼라인먼트(전자식) 조정
CAN-003402,소모품 및 하체정비,브레이크/타이어,휠 얼라인먼트 조정(2휠),교환/정비,휠 얼라인먼트 조정(2휠) 교환/정비
CAN-003403,소모품 및 하체정비,브레이크/타이어,휠 얼라인먼트 조정(4휠),교환/정비,휠 얼라인먼트 조정(4휠) 교환/정비
CAN-003404,소모품 및 하체정비,하체 부품,휠하우스및사이드멤버 ASSY(우측),교환,휠하우스및사이드멤버 ASSY(우측) 교환
CAN-003405,소모품 및 하체정비,하체 부품,휠하우스및사이드멤버ASSY(좌측),교환,휠하우스및사이드멤버ASSY(좌측) 교환
CAN-003406,소모품 및 하체정비,하체 부품,"휠하우스 및 사이드멤버(우,대쉬",교환,"휠하우스 및 사이드멤버(우,대쉬 교환"
CAN-003407,소모품 및 하체정비,하체 부품,"휠하우스 및 사이드멤버(우,전체",교환,"휠하우스 및 사이드멤버(우,전체 교환"
CAN-003408,소모품 및 하체정비,하체 부품,휠하우스 및 사이드멤버(우측),교환,휠하우스 및 사이드멤버(우측) 교환
CAN-003409,소모품 및 하체정비,하체 부품,휠하우스및사이드멤버(우측)대쉬앞,교환,휠하우스및사이드멤버(우측)대쉬앞 교환
CAN-003410,소모품 및 하체정비,하체 부품,"휠하우스 및 사이드멤버(좌,대쉬",교환,"휠하우스 및 사이드멤버(좌,대쉬 교환"
CAN-003411,소모품 및 하체정비,하체 부품,"휠하우스 및 사이드멤버(좌,전체",교환,"휠하우스 및 사이드멤버(좌,전체 교환"
CAN-003412,소모품 및 하체정비,하체 부품,휠하우스 및 사이드멤버(좌측),교환,휠하우스 및 사이드멤버(좌측) 교환
CAN-003413,소모품 및 하체정비,하체 부품,휠하우스및사이드멤버(좌측)대쉬앞,교환,휠하우스및사이드멤버(좌측)대쉬앞 교환
CAN-003414,소모품 및 하체정비,브레이크/타이어,"휠하우스 브레이스(우,앞부분)",교환,"휠하우스 브레이스(우,앞부분) 교환"
CAN-003415,소모품 및 하체정비,브레이크/타이어,휠하우스 브레이스(우측),교환,휠하우스 브레이스(우측) 교환
CAN-003416,소모품 및 하체정비,브레이크/타이어,"휠하우스 브레이스(좌,앞부분)",교환,"휠하우스 브레이스(좌,앞부분) 교환"
CAN-003417,소모품 및 하체정비,브레이크/타이어,휠하우스 브레이스(좌측),교환,휠하우스 브레이스(좌측) 교환
CAN-003418,판금/도장정비,판금(탈부착),휠하우스 아우터 패널(우측),교환,휠하우스 아우터 패널(우측) 교환
CAN-003419,판금/도장정비,판금(탈부착),휠하우스 아우터 패널(좌측),교환,휠하우스 아우터 패널(좌측) 교환
CAN-003420,판금/도장정비,판금(탈부착),휠하우스 엔진마운팅 패널(우측),교환,휠하우스 엔진마운팅 패널(우측) 교환
CAN-003421,소모품 및 하체정비,브레이크/타이어,"휠하우스(화물,우)",교환,"휠하우스(화물,우) 교환"
CAN-003422,소모품 및 하체정비,브레이크/타이어,"휠하우스(화물,우)",탈착,"휠하우스(화물,우) 탈착"
CAN-003423,소모품 및 하체정비,브레이크/타이어,"휠하우스(화물,좌)",교환,"휠하우스(화물,좌) 교환"
CAN-003424,소모품 및 하체정비,브레이크/타이어,"휠하우스(화물,좌)",탈착,"휠하우스(화물,좌) 탈착"
CAN-003425,판금/도장정비,판금(탈부착),휠하우징패널(우측),교환,휠하우징패널(우측) 교환
CAN-003426,판금/도장정비,판금(탈부착),휠하우징패널(좌측),교환,휠하우징패널(좌측) 교환
CAN-003427,기능정비,엔진 부품,흡기매니홀드(V8),교환,흡기매니홀드(V8) 교환
CAN-003428,기능정비,엔진 부품,흡기매니홀드(V8),탈착,흡기매니홀드(V8) 탈착
CAN-003429,기능정비,엔진 부품,흡기매니홀드(V형),교환,흡기매니홀드(V형) 교환
CAN-003430,기능정비,엔진 부품,흡기매니홀드(V형),탈착,흡기매니홀드(V형) 탈착
CAN-003431,기능정비,엔진 부품,흡기매니홀드(V형엔진),교환,흡기매니홀드(V형엔진) 교환
CAN-003432,기능정비,엔진 부품,흡기매니홀드(V형엔진),탈착,흡기매니홀드(V형엔진) 탈착
CAN-003433,기능정비,엔진 부품,흡기매니홀드,교환,흡기매니홀드 교환
CAN-003434,기능정비,엔진 부품,흡기매니홀드,탈착,흡기매니홀드 탈착
CAN-003435,기능정비,엔진 부품,"흡기매니홀드(가솔린,LPG)",교환,"흡기매니홀드(가솔린,LPG) 교환"
CAN-003436,기능정비,엔진 부품,"흡기매니홀드(가솔린,LPG)",탈착,"흡기매니홀드(가솔린,LPG) 탈착"
CAN-003437,기능정비,엔진 부품,흡기매니홀드(디젤),교환,흡기매니홀드(디젤) 교환
CAN-003438,기능정비,엔진 부품,흡기매니홀드(디젤),탈착,흡기매니홀드(디젤) 탈착
CAN-003439,기능정비,에어컨,히터UNIT,교환,히터UNIT 교환
CAN-003440,기능정비,에어컨,히터UNIT,탈착,히터UNIT 탈착
CAN-003441,기능정비,에어컨,히터모터(분리식),교환,히터모터(분리식) 교환
CAN-003442,기능정비,에어컨,히터모터(분리식),탈착,히터모터(분리식) 탈착
CAN-003443,기능정비,에어컨,히터및에버포레이터,교환,히터및에버포레이터 교환
CAN-003444,기능정비,에어컨,히터및에버포레이터,탈착,히터및에버포레이터 탈착
CAN-003445,기능정비,에어컨,히터및에버포레이터(동시작업,교환,히터및에버포레이터(동시작업 교환
CAN-003446,기능정비,에어컨,히터및에버포레이터(동시작업,탈착,히터및에버포레이터(동시작업 탈착
CAN-003447,기능정비,에어컨,히터 및 에어컨 에버포레이터,교환,히터 및 에어컨 에버포레이터 교환
CAN-003448,기능정비,에어컨,히터 및 에어컨 에버포레이터,탈착,히터 및 에어컨 에버포레이터 탈착
CAN-003449,기능정비,에어컨,히터유니트&에어컨 에버포레이터,교환,히터유니트&에어컨 에버포레이터 교환
CAN-003450,기능정비,에어컨,히터유니트&에어컨 에버포레이터,탈착,히터유니트&에어컨 에버포레이터 탈착
CAN-003451,기능정비,에어컨,히터 유니트,교환,히터 유니트 교환
CAN-003452,기능정비,에어컨,히터 유니트,탈착,히터 유니트 탈착
CAN-003453,기능정비,에어컨,히터 유니트 및 에어컨 에버포레,교환,히터 유니트 및 에어컨 에버포레 교환
CAN-003454,기능정비,에어컨,히터 유니트 및 에어컨 에버포레,탈착,히터 유니트 및 에어컨 에버포레 탈착
CAN-003455,기능정비,에어컨,히터유니트 및 에어컨에버포레이,교환,히터유니트 및 에어컨에버포레이 교환
CAN-003456,기능정비,에어컨,히터유니트 및 에어컨에버포레이,탈착,히터유니트 및 에어컨에버포레이 탈착
CAN-003457,기능정비,에어컨,히터 유니트(앞),교환,히터 유니트(앞) 교환
CAN-003458,기능정비,에어컨,히터 유니트(앞),오버홀,히터 유니트(앞) 오버홀
CAN-003459,기능정비,에어컨,히터 유니트(앞),탈착,히터 유니트(앞) 탈착
