source,source_code,source_sheet,대분류,중분류,source_item_text,source_operation_type,canonical_id
bluehands,BH-M-001,,기능정비,엔진 부품,워터펌프어셈블리 및 가스켓(텐션조정포함),교환/정비,CAN-002235
bluehands,BH-M-002,,기능정비,엔진 부품,라디에이터 어셈블리,교환/정비,CAN-000344
bluehands,BH-M-003,,기능정비,에어컨,블로워 어셈블리,교환/정비,CAN-001129
bluehands,BH-M-004,,기능정비,엔진 부품,라디에이터 상부 호스,교환/정비,CAN-000342
bluehands,BH-M-005,,기능정비,엔진 부품,라디에이터 하부 호스,교환/정비,CAN-000353
bluehands,BH-M-006,,기능정비,엔진 부품,리어 머플러 어셈블리(LH),교환/정비,CAN-000529
bluehands,BH-M-007,,기능정비,엔진 부품,엔진 언더 커버(LH OR 한개),교환/정비,CAN-001987
bluehands,BH-M-008,,기능정비,엔진 부품,프론트 머드 가드,교환/정비,CAN-002990
bluehands,BH-M-009,,기능정비,엔진 부품,연료 탱크 어셈블리,교환/정비,CAN-002035
bluehands,BH-M-010,,기능정비,엔진 부품,스로틀 바디 카본 청소,청소,CAN-001353
bluehands,BH-M-011,,기능정비,엔진 부품,클러치 릴리스 실린더 어셈블리,교환/정비,CAN-002623
bluehands,BH-M-012,,기능정비,조향 및 현가,파워 스티어링 오일 펌프 어셈블리,교환/정비,CAN-002850
bluehands,BH-M-013,,기능정비,조향 및 현가,파워 스티어링 오일 압력 호스 어셈블리,교환/정비,CAN-002844
bluehands,BH-M-014,,기능정비,조향 및 현가,파워 스티어링 기어 및 링키지 어셈블리,교환/정비,CAN-002835
bluehands,BH-M-015,,기능정비,조향 및 현가,파워 스티어링 및 링키지(크로스멤버 탈착후),교환/정비,CAN-002840
bluehands,BH-M-016,,기능정비,에어컨,라디에이터 및 콘덴서,교환/정비,CAN-000341
bluehands,BH-M-017,,기능정비,엔진 부품,라디에이터 그릴 어셈블리,교환/정비,CAN-000330
bluehands,BH-M-018,,기능정비,엔진 부품,프런트 휠 가드 어셈블리 (양쪽),교환/정비,CAN-002912
bluehands,BH-M-019,,기능정비,엔진 부품,백 패널 몰딩 어셈블리 - - - -,교환/정비,CAN-001014
bluehands,BH-M-020,,기능정비,전기 및 램프,아웃사이드리어뷰미러어셈블리(LH) - -,교환/정비,CAN-001602
bluehands,BH-M-021,,기능정비,전기 및 램프,아웃사이드리어뷰미러어셈블리(RH) - -,교환/정비,CAN-001603
bluehands,BH-M-022,,기능정비,전기 및 램프,아웃사이드 리어 뷰 리모트 컨트롤 미러 어셈블리,교환/정비,CAN-001598
bluehands,BH-M-023,,기능정비,전기 및 램프,아웃사이드 리어 뷰 리모트 컨트롤 미러(RH),교환/정비,CAN-001597
bluehands,BH-M-024,,기능정비,전기 및 램프,아웃사이드 리어 뷰 미러 및 홀더 어셈블리 (LH),교환/정비,CAN-001600
bluehands,BH-M-025,,기능정비,전기 및 램프,아웃사이드 리어 뷰 미러 및 홀더 어셈블리 (RH),교환/정비,CAN-001601
bluehands,BH-M-026,,기능정비,전기 및 램프,헤드 램프 어셈블리(LH),교환/정비,CAN-003291
bluehands,BH-M-027,,기능정비,전기 및 램프,헤드 램프 어셈블리 (양쪽),교환/정비,CAN-003293
bluehands,BH-M-028,,기능정비,전기 및 램프,헤드 램프 어셈블리(RH),교환/정비,CAN-003292
bluehands,BH-M-029,,기능정비,전기 및 램프,프론트포그램프어셈블리 (LH),교환/정비,CAN-003142
bluehands,BH-M-030,,기능정비,전기 및 램프,프론트 포그 램프 어셈블리 (양쪽),교환/정비,CAN-003144
bluehands,BH-M-031,,기능정비,전기 및 램프,프론트포그램프어셈블리 (RH),교환/정비,CAN-003143
bluehands,BH-M-032,,기능정비,전기 및 램프,리어컴비네이션램프어셈블리 (LH),교환/정비,CAN-000715
bluehands,BH-M-033,,기능정비,전기 및 램프,리어 콤비네이션 램프 어셈블리 (양쪽),교환/정비,CAN-000731
bluehands,BH-M-034,,기능정비,전기 및 램프,리어컴비네이션램프어셈블리 (RH),교환/정비,CAN-000716
bluehands,BH-M-035,,기능정비,전기 및 램프,리어컴비네이션램프어셈블리 (LH) - -,교환/정비,CAN-000715
bluehands,BH-M-036,,기능정비,전기 및 램프,리어 콤비네이션 인사이드 램프 어셈블리 (양쪽) -,교환/정비,CAN-000732
bluehands,BH-M-037,,기능정비,전기 및 램프,리어컴비네이션아웃사이드램프어셈블리 (RH) -,교환/정비,CAN-000721
bluehands,BH-M-038,,기능정비,전기 및 램프,클락 스프링 어셈블리(에어백 포함),교환/정비,CAN-002622
bluehands,BH-M-039,,기능정비,전기 및 램프,스톱 램프 스위치 어셈블리,교환/정비,CAN-001374
bluehands,BH-M-040,,기능정비,전기 및 램프,밧데리-트랜스미터,교환/정비,CAN-000881
bluehands,BH-M-041,,기능정비,전기 및 램프,PIC TX 어셈블리,교환/정비,CAN-000088
bluehands,BH-M-042,,기능정비,전기 및 램프,에어백 컨트롤 모듈,교환/정비,CAN-001784
bluehands,BH-M-043,,기능정비,전기 및 램프,혼 어셈블리 (LH),교환/정비,CAN-003313
bluehands,BH-M-044,,기능정비,에어컨,콘덴서 어셈블리 (**),교환/정비,CAN-002566
bluehands,BH-M-045,,기능정비,엔진 부품,컴프레셔 어셈블리(**),교환/정비,CAN-002561
bluehands,BH-M-046,,기능정비,에어컨,디스차지 호스 및 O-링(**),교환/정비,CAN-000289
bluehands,BH-M-047,,기능정비,전기 및 램프,윈드실드 와셔 모터 및 펌프 어셈블리,교환/정비,CAN-002244
bluehands,BH-M-048,,기능정비,전기 및 램프,윈드실드 와셔 리저버 어셈블리,교환/정비,CAN-002243
bluehands,BH-M-049,,기능정비,조향 및 현가,리어쇼크업소버어셈블리(LH),교환/정비,CAN-000614
bluehands,BH-M-050,,기능정비,조향 및 현가,리어쇼크업소버어셈블리(RH),교환/정비,CAN-000615
bluehands,BH-M-051,,기능정비,에어컨,에어컨 배출 및 충전,충전/정비,CAN-001817
bluehands,BH-M-052,,기능정비,에어컨,"에어컨 가스 충전(신냉매,완충)",충전/정비,CAN-001812
bluehands,BH-M-053,,기능정비,엔진 부품,수동 변속기 오일,교환/정비,CAN-001350
bluehands,BH-M-054,,기능정비,전기 및 램프,전구,교환/정비,CAN-002328
bluehands,BH-M-055,,기능정비,전기 및 램프,해드 램프 벌브 (한쪽),교환/정비,CAN-003255
bluehands,BH-M-056,,기능정비,엔진 부품,스파크 플러그 어셈블리 (전체),교환/정비,CAN-001416
bluehands,BH-M-057,,소모품 및 하체정비,오일류,엔진 오일/휠터,교환/정비,CAN-002001
bluehands,BH-M-058,,소모품 및 하체정비,오일류,엔진오일/필터/에어크리너,교환/정비,CAN-002000
bluehands,BH-M-059,,소모품 및 하체정비,오일류,부동액 (냉각수),교환/정비,CAN-001073
bluehands,BH-M-060,,소모품 및 하체정비,소모품,에어 클리너 필터,교환/정비,CAN-001872
bluehands,BH-M-061,,소모품 및 하체정비,소모품,LPI 필터 -,교환/정비,CAN-000085
bluehands,BH-M-062,,소모품 및 하체정비,하체 부품,베터리 어셈블리,교환/정비,CAN-001032
bluehands,BH-M-063,,소모품 및 하체정비,오일류,오토 트랜스액슬 오일,교환/정비,CAN-002178
bluehands,BH-M-064,,소모품 및 하체정비,오일류,오토미션 오일 (장비 사용),교환/정비,CAN-002175
bluehands,BH-M-065,,소모품 및 하체정비,브레이크/타이어,프론트브레이크디스크(LH),교환/정비,CAN-003030
bluehands,BH-M-066,,소모품 및 하체정비,브레이크/타이어,프론트 브레이크 디스크(양쪽),교환/정비,CAN-003032
bluehands,BH-M-067,,소모품 및 하체정비,브레이크/타이어,프론트브레이크디스크(RH),교환/정비,CAN-003031
bluehands,BH-M-068,,소모품 및 하체정비,오일류,파워 스티어링 오일 및 공기빼기,교환/정비,CAN-002843
bluehands,BH-M-069,,소모품 및 하체정비,오일류,파워 스티어링 오일 (장비사용),교환/정비,CAN-002845
bluehands,BH-M-070,,소모품 및 하체정비,브레이크/타이어,프론트 디스크 브레이크 패드 키트(LH),교환/정비,CAN-002982
bluehands,BH-M-071,,소모품 및 하체정비,브레이크/타이어,프론트 디스크 브레이크 패드 키드(양쪽),교환/정비,CAN-002981
bluehands,BH-M-072,,소모품 및 하체정비,브레이크/타이어,리어 디스크브레이크패드 어셈블리 (양쪽),교환/정비,CAN-000525
bluehands,BH-M-073,,소모품 및 하체정비,오일류,브레이크 오일 및 공기 빼기,교환/정비,CAN-001092
bluehands,BH-M-074,,소모품 및 하체정비,브레이크/타이어,에어컨휠터,교환/정비,CAN-001856
bluehands,BH-M-075,,소모품 및 하체정비,하체 부품,연료 필러 도어 어셈블리,교환/정비,CAN-002042
bluehands,BH-M-076,,소모품 및 하체정비,브레이크/타이어,휠 밸런스(2휠),교환/정비,CAN-003394
bluehands,BH-M-077,,소모품 및 하체정비,브레이크/타이어,휠 얼라인먼트 조정(2휠),교환/정비,CAN-003402
bluehands,BH-M-078,,소모품 및 하체정비,브레이크/타이어,휠 얼라인먼트 조정(4휠),교환/정비,CAN-003403
bluehands,BH-M-079,,소모품 및 하체정비,브레이크/타이어,휠 얼라인먼트 인스펙션,교환/정비,CAN-003400
bluehands,BH-M-080,,소모품 및 하체정비,브레이크/타이어,타이어 펑크 수리,교환/정비,CAN-002696
bluehands,BH-M-081,,소모품 및 하체정비,브레이크/타이어,타이어 및 휠 어셈블리 (1휠),교환/정비,CAN-002692
bluehands,BH-M-082,,소모품 및 하체정비,브레이크/타이어,타이어 어셈블리 및 휠 어셈블리 (2휠),교환/정비,CAN-002695
bluehands,BH-M-083,,소모품 및 하체정비,하체 부품,후드 래취 어셈블리,교환/정비,CAN-003319
bluehands,BH-M-084,,소모품 및 하체정비,하체 부품,프론트 도어 래취 어셈블리 (LH),교환/정비,CAN-002937
bluehands,BH-M-085,,소모품 및 하체정비,하체 부품,프론트 도어 인사이드 핸들 어셈블리,교환/정비,CAN-002961
bluehands,BH-M-086,,소모품 및 하체정비,하체 부품,프론트 도어 아웃트사이드 핸들 어셈블리 (양쪽),교환/정비,CAN-002943
bluehands,BH-M-087,,소모품 및 하체정비,하체 부품,리어 도어 아웃사이드 핸들 어셈블리,교환/정비,CAN-000498
bluehands,BH-M-088,,소모품 및 하체정비,브레이크/타이어,메인 크래쉬 패드 어셈블리,교환/정비,CAN-000838
bluehands,BH-M-089,,소모품 및 하체정비,하체 부품,리어 패키지 트레이 트림 어셈블리,교환/정비,CAN-000749
bluehands,BH-M-090,,소모품 및 하체정비,오일류,리어 트랜스버스 트림 어셈블리,교환/정비,CAN-000746
bluehands,BH-M-091,,소모품 및 하체정비,브레이크/타이어,카울 탑 커버 및 패드 어셈블리,교환/정비,CAN-002451
bluehands,BH-M-092,,소모품 및 하체정비,하체 부품,프론트 액슬 너클(LH),교환/정비,CAN-003104
bluehands,BH-M-093,,소모품 및 하체정비,하체 부품,프론트액슬너클(양쪽),교환/정비,CAN-003106
bluehands,BH-M-094,,소모품 및 하체정비,하체 부품,프론트 액슬 너클(RH),교환/정비,CAN-003105
bluehands,BH-M-095,,소모품 및 하체정비,하체 부품,로워 암 어셈블리 (LH),교환/정비,CAN-000382
bluehands,BH-M-096,,소모품 및 하체정비,하체 부품,로워 암 어셈블리 (양쪽),교환/정비,CAN-000384
bluehands,BH-M-097,,소모품 및 하체정비,하체 부품,로워 암 어셈블리 (RH),교환/정비,CAN-000383
bluehands,BH-M-098,,소모품 및 하체정비,하체 부품,스트러트 인슐레이터 어셈블리 (LH),교환/정비,CAN-001378
bluehands,BH-M-099,,소모품 및 하체정비,하체 부품,스트러트 인슐레이터 어셈블리 (RH),교환/정비,CAN-001379
bluehands,BH-M-100,,소모품 및 하체정비,하체 부품,스트러트 어셈블리,교환/정비,CAN-001376
bluehands,BH-M-101,,소모품 및 하체정비,하체 부품,스트러트 어셈블리 (양쪽),교환/정비,CAN-001377
bluehands,BH-M-102,,소모품 및 하체정비,하체 부품,"스트러트 어셈블리(RH,프론트쇽업소버)",교환/정비,CAN-001375
bluehands,BH-M-103,,소모품 및 하체정비,하체 부품,스테이빌라이저 바,교환/정비,CAN-001368
bluehands,BH-M-104,,소모품 및 하체정비,하체 부품,스테이빌라이저 바 부싱(양쪽),교환/정비,CAN-001369
bluehands,BH-M-105,,소모품 및 하체정비,하체 부품,스테이빌라이저링크어셈블리 (LH),교환/정비,CAN-001365
bluehands,BH-M-106,,소모품 및 하체정비,하체 부품,스테이빌라이저 링크 어셈블리 (양쪽),교환/정비,CAN-001367
bluehands,BH-M-107,,소모품 및 하체정비,하체 부품,스테이빌라이저링크어셈블리 (RH),교환/정비,CAN-001366
bluehands,BH-M-108,,소모품 및 하체정비,하체 부품,리어 크로스멤버 컴플리트,교환/정비,CAN-000743
bluehands,BH-M-109,,소모품 및 하체정비,하체 부품,크로스멤버 어셈블리,교환/정비,CAN-002617
bluehands,BH-M-110,,소모품 및 하체정비,하체 부품,크로스멤버 어셈블리(엔진미장착상태),교환/정비,CAN-002618
bluehands,BH-B-001,,판금/도장정비,판금(탈부착),프론트 범퍼 오버홀,오버홀,CAN-002996
bluehands,BH-B-002,,판금/도장정비,판금(탈부착),"휀더패널어셈블리(LH,범퍼탈부착미포함)",교환/정비,CAN-003391
bluehands,BH-B-003,,판금/도장정비,판금(탈부착),"쿼터 외측 패널 어셈블리(RH,탈부착 미포함)",교환/정비,CAN-002595
bluehands,BH-B-004,,판금/도장정비,판금(탈부착),"라디에이터서포트패널어셈블리(범퍼,라디에이터,콘덴셔 미포함)",교환/정비,CAN-000343
bluehands,BH-B-005,,판금/도장정비,판금(탈부착),후드 판넬 어셈블리,교환/정비,CAN-003358
bluehands,BH-B-006,,판금/도장정비,판금(탈부착),크로스멤버 어셈블리,교환/정비,CAN-002617
bluehands,BH-B-007,,판금/도장정비,판금(탈부착),엔진 어셈블리(탈부착),교환/정비,CAN-001986
bluehands,BH-B-008,,판금/도장정비,판금(탈부착),루프 패널(탈부착 미포함),교환/정비,CAN-000470
bluehands,BH-B-009,,판금/도장정비,판금(탈부착),선루프 어셈블리,교환/정비,CAN-001274
bluehands,BH-B-010,,판금/도장정비,판금(탈부착),헤드라이닝 어셈블리,교환/정비,CAN-003268
bluehands,BH-B-011,,판금/도장정비,판금(탈부착),테일게이트 판넬 어셈블리,교환/정비,CAN-002709
bluehands,BH-B-012,,판금/도장정비,판금(탈부착),트렁크 리드 패널(사상작업포함),교환/정비,CAN-002805
bluehands,BH-B-013,,판금/도장정비,판금(탈부착),프론트도어판넬어셈블리(LH),교환/정비,CAN-002977
bluehands,BH-B-014,,판금/도장정비,판금(탈부착),프론트도어판넬어셈블리(RH),교환/정비,CAN-002978
bluehands,BH-B-015,,판금/도장정비,판금(탈부착),리어도어판넬어셈블리(LH),교환/정비,CAN-000517
bluehands,BH-B-016,,판금/도장정비,판금(탈부착),리어도어판넬어셈블리(RH),교환/정비,CAN-000518
bluehands,BH-B-017,,판금/도장정비,판금(탈부착),프론트 도어 아웃사이드 핸들 어셈블리(LH),교환/정비,CAN-002942
bluehands,BH-B-018,,판금/도장정비,판금(탈부착),아웃사이드 리어 뷰 리모트 컨트롤 미러 어셈블리,교환/정비,CAN-001598
bluehands,BH-B-019,,판금/도장정비,판금(탈부착),"센터외측필라어셈블리(LH,탈부착미포함)",교환/정비,CAN-001297
bluehands,BH-B-020,,판금/도장정비,판금(탈부착),"센터외측필라어셈블리(RH,탈부착미포함)",교환/정비,CAN-001299
bluehands,BH-B-021,,판금/도장정비,판금(탈부착),메인 크래쉬 패드 어셈블리,교환/정비,CAN-000838
bluehands,BH-B-022,,판금/도장정비,판금(탈부착),리어 범퍼 어셈블리(오버홀),오버홀,CAN-000549
bluehands,BH-B-023,,판금/도장정비,판금(탈부착),백 패널(탈부착 미포함),교환/정비,CAN-001016
bluehands,BH-B-024,,판금/도장정비,판금(탈부착),"사이드실 내측 패널(LH,탈부착 미포함)",교환/정비,CAN-001210
bluehands,BH-B-025,,판금/도장정비,판금(탈부착),"사이드실 내측 패널(RH,탈부착 미포함)",교환/정비,CAN-001211
bluehands,BH-B-026,,판금/도장정비,판금(탈부착),"사이드실외측패널(LH,탈부착미포함)",교환/정비,CAN-001213
bluehands,BH-B-027,,판금/도장정비,판금(탈부착),"사이드실외측패널(RH,탈부착미포함)",교환/정비,CAN-001215
bluehands,BH-B-028,,판금/도장정비,판금(탈부착),프론트 필라 외측 패널 어셈블리 (LH),교환/정비,CAN-003155
bluehands,BH-B-029,,판금/도장정비,판금(탈부착),프론트 필라 외측 패널 어셈블리 (RH),교환/정비,CAN-003157
bluehands,BH-B-030,,판금/도장정비,도장(색칠),프론트 범퍼 도장（탈거된상태),도장,CAN-003028
bluehands,BH-B-031,,판금/도장정비,도장(색칠),휀더 패널 도장(LH),도장,CAN-003390
bluehands,BH-B-032,,판금/도장정비,도장(색칠),쿼터 외측 패널도장(LH),도장,CAN-002594
bluehands,BH-B-033,,판금/도장정비,도장(색칠),후드 패널 도장,도장,CAN-003359
bluehands,BH-B-034,,판금/도장정비,도장(색칠),루프 패널 도장,도장,CAN-000459
bluehands,BH-B-035,,판금/도장정비,도장(색칠),루프 사이드 외측 패널도장(LH),도장,CAN-000412
bluehands,BH-B-036,,판금/도장정비,도장(색칠),테일 게이트 패널 도장,도장,CAN-002710
bluehands,BH-B-037,,판금/도장정비,도장(색칠),트렁크 리드 패널 도장(판금후),도장,CAN-002806
bluehands,BH-B-038,,판금/도장정비,도장(색칠),프론트 도어 패널 어셈블리도장(LH/탈거된상태）,도장,CAN-002979
bluehands,BH-B-039,,판금/도장정비,도장(색칠),프론트 도어 패널 어셈블리도장(RH/탈거된상태),도장,CAN-002980
bluehands,BH-B-040,,판금/도장정비,도장(색칠),리어도어패널도장(LH),도장,CAN-000519
bluehands,BH-B-041,,판금/도장정비,도장(색칠),리어도어패널도장(RH),도장,CAN-000520
bluehands,BH-B-042,,판금/도장정비,도장(색칠),"아웃사이드 리어 뷰 미러 도장(LH,탈거된상태)",도장,CAN-001599
bluehands,BH-B-043,,판금/도장정비,도장(색칠),프론트 필라 외측 패널 어셈블리도장(LH),도장,CAN-003156
bluehands,BH-B-044,,판금/도장정비,도장(색칠),프론트 필라 외측 패널 어셈블리 도장(RH),도장,CAN-003158
bluehands,BH-B-045,,판금/도장정비,도장(색칠),"센터 외측 필라 어셈블리도장(LH,판금후)",도장,CAN-001298
bluehands,BH-B-046,,판금/도장정비,도장(색칠),"센터 외측 필라 어셈블리도장(RH,판금후)",도장,CAN-001300
bluehands,BH-B-047,,판금/도장정비,도장(색칠),리어범퍼 도장 (탈거된 상태),도장,CAN-000557
bluehands,BH-B-048,,판금/도장정비,도장(색칠),백 패널 도장(판금후),도장,CAN-001019
bluehands,BH-B-049,,판금/도장정비,도장(색칠),사이드실 외측 패널도장(LH),도장,CAN-001212
bluehands,BH-B-050,,판금/도장정비,도장(색칠),사이드실 외측 패널도장(RH),도장,CAN-001214
union_standard_time,1018101,승용-경형,판금/도장정비,판금(탈부착),프론트 범퍼,탈착,CAN-002997
union_standard_time,1018101,승용-경형,판금/도장정비,판금(탈부착),프론트 범퍼,교환,CAN-002995
union_standard_time,1018101,승용-경형,판금/도장정비,판금(탈부착),프론트 범퍼,오버홀,CAN-002996
union_standard_time,1018113,승용-경형,판금/도장정비,판금(탈부착),프론트 범퍼 커버,탈착,CAN-003025
union_standard_time,1018113,승용-경형,판금/도장정비,판금(탈부착),프론트 범퍼 커버,교환,CAN-003023
union_standard_time,1018113,승용-경형,판금/도장정비,판금(탈부착),프론트 범퍼 커버,오버홀,CAN-003024
union_standard_time,1018114,승용-경형,판금/도장정비,판금(탈부착),프론트 범퍼 레일,탈착,CAN-002999
union_standard_time,1018114,승용-경형,판금/도장정비,판금(탈부착),프론트 범퍼 레일,교환,CAN-002998
union_standard_time,1019321,승용-경형,판금/도장정비,판금(탈부착),프론트범퍼 사이드브라켓(좌측),탈착,CAN-003014
union_standard_time,1019321,승용-경형,판금/도장정비,판금(탈부착),프론트범퍼 사이드브라켓(좌측),교환,CAN-003013
union_standard_time,1019422,승용-경형,판금/도장정비,판금(탈부착),프론트범퍼 사이드브라켓(우측),탈착,CAN-003012
union_standard_time,1019422,승용-경형,판금/도장정비,판금(탈부착),프론트범퍼 사이드브라켓(우측),교환,CAN-003011
union_standard_time,1028101,승용-경형,기능정비,엔진 부품,라디에이터그릴,탈착,CAN-000320
union_standard_time,1028101,승용-경형,기능정비,엔진 부품,라디에이터그릴,교환,CAN-000318
union_standard_time,1038101,승용-경형,판금/도장정비,판금(탈부착),후드,탈착,CAN-003318
union_standard_time,1038101,승용-경형,판금/도장정비,판금(탈부착),후드,교환,CAN-003316
union_standard_time,1038101,승용-경형,판금/도장정비,판금(탈부착),후드,오버홀,CAN-003317
union_standard_time,1039106,승용-경형,판금/도장정비,판금(탈부착),후드 록크,탈착,CAN-003321
union_standard_time,1039106,승용-경형,판금/도장정비,판금(탈부착),후드 록크,교환,CAN-003320
union_standard_time,1039107,승용-경형,판금/도장정비,판금(탈부착),후드 케이블,탈착,CAN-003357
union_standard_time,1039107,승용-경형,판금/도장정비,판금(탈부착),후드 케이블,교환,CAN-003356
union_standard_time,1039108,승용-경형,판금/도장정비,판금(탈부착),후드 인슐레이션,탈착,CAN-003353
union_standard_time,1039108,승용-경형,판금/도장정비,판금(탈부착),후드 인슐레이션,교환,CAN-003352
union_standard_time,1039302,승용-경형,판금/도장정비,판금(탈부착),후드 힌지(좌측),탈착,CAN-003363
union_standard_time,1039302,승용-경형,판금/도장정비,판금(탈부착),후드 힌지(좌측),교환,CAN-003362
union_standard_time,1039403,승용-경형,판금/도장정비,판금(탈부착),후드 힌지(우측),탈착,CAN-003361
union_standard_time,1039403,승용-경형,판금/도장정비,판금(탈부착),후드 힌지(우측),교환,CAN-003360
union_standard_time,1048101,승용-경형,판금/도장정비,판금(탈부착),프론트 패널 ASSY,탈착,CAN-003129
union_standard_time,1048101,승용-경형,판금/도장정비,판금(탈부착),프론트 패널 ASSY,교환,CAN-003128
union_standard_time,1048102,승용-경형,판금/도장정비,판금(탈부착),프론트 패널 ASSY(조립식),탈착,CAN-003134
union_standard_time,1048102,승용-경형,판금/도장정비,판금(탈부착),프론트 패널 ASSY(조립식),교환,CAN-003132
union_standard_time,1048103,승용-경형,판금/도장정비,판금(탈부착),프론트 어퍼 및 사이드 서포트,교환,CAN-003107
union_standard_time,1048104,승용-경형,판금/도장정비,판금(탈부착),프론트 어퍼 패널(볼트),탈착,CAN-003113
union_standard_time,1048104,승용-경형,판금/도장정비,판금(탈부착),프론트 어퍼 패널(볼트),교환,CAN-003112
union_standard_time,1048105,승용-경형,판금/도장정비,판금(탈부착),프론트 어퍼 패널,교환,CAN-003108
union_standard_time,1048108,승용-경형,판금/도장정비,판금(탈부착),프론트 패널 그룹,교환,CAN-003136
union_standard_time,1048117,승용-경형,기능정비,엔진 부품,스티프너 ASSY,탈착,CAN-001409
union_standard_time,1048117,승용-경형,기능정비,엔진 부품,스티프너 ASSY,교환,CAN-001408
union_standard_time,1048132,승용-경형,소모품 및 하체정비,하체 부품,라디에이터멤버,탈착,CAN-000340
union_standard_time,1048132,승용-경형,소모품 및 하체정비,하체 부품,라디에이터멤버,교환,CAN-000339
union_standard_time,1048141,승용-경형,판금/도장정비,판금(탈부착),프론트 로워패널(볼트식),탈착,CAN-002984
union_standard_time,1048141,승용-경형,판금/도장정비,판금(탈부착),프론트 로워패널(볼트식),교환,CAN-002983
union_standard_time,1048306,승용-경형,판금/도장정비,판금(탈부착),사이드 서포트 패널 (헤드램프패,탈착,CAN-001179
union_standard_time,1048306,승용-경형,판금/도장정비,판금(탈부착),사이드 서포트 패널 (헤드램프패,교환,CAN-001178
union_standard_time,1048407,승용-경형,판금/도장정비,판금(탈부착),사이드 서포트 패널 (헤드램프패,탈착,CAN-001179
union_standard_time,1048407,승용-경형,판금/도장정비,판금(탈부착),사이드 서포트 패널 (헤드램프패,교환,CAN-001178
union_standard_time,1058301,승용-경형,기능정비,전기 및 램프,헤드램프(좌측),탈착,CAN-003301
union_standard_time,1058301,승용-경형,기능정비,전기 및 램프,헤드램프(좌측),교환,CAN-003300
union_standard_time,1058402,승용-경형,기능정비,전기 및 램프,헤드램프(우측),탈착,CAN-003299
union_standard_time,1058402,승용-경형,기능정비,전기 및 램프,헤드램프(우측),교환,CAN-003298
union_standard_time,1059119,승용-경형,기능정비,전기 및 램프,헤드램프 가니쉬(일체형),탈착,CAN-003272
union_standard_time,1059119,승용-경형,기능정비,전기 및 램프,헤드램프 가니쉬(일체형),교환,CAN-003271
union_standard_time,1059305,승용-경형,기능정비,전기 및 램프,"헤드램프브라켓(수리킷,좌#1)",교환,CAN-003283
union_standard_time,1059306,승용-경형,기능정비,전기 및 램프,"헤드램프브라켓(수리킷,좌#2)",교환,CAN-003284
union_standard_time,1059317,승용-경형,기능정비,전기 및 램프,헤드램프 가니쉬(좌측),탈착,CAN-003274
union_standard_time,1059317,승용-경형,기능정비,전기 및 램프,헤드램프 가니쉬(좌측),교환,CAN-003273
union_standard_time,1059326,승용-경형,기능정비,전기 및 램프,포그램프(좌측),탈착,CAN-002911
union_standard_time,1059326,승용-경형,기능정비,전기 및 램프,포그램프(좌측),교환,CAN-002910
union_standard_time,1059409,승용-경형,기능정비,전기 및 램프,"헤드램프브라켓(수리킷,우#1)",교환,CAN-003279
union_standard_time,1059410,승용-경형,기능정비,전기 및 램프,"헤드램프브라켓(수리킷,우#2)",교환,CAN-003280
union_standard_time,1059418,승용-경형,기능정비,전기 및 램프,헤드램프 가니쉬(우측),탈착,CAN-003270
union_standard_time,1059418,승용-경형,기능정비,전기 및 램프,헤드램프 가니쉬(우측),교환,CAN-003269
union_standard_time,1059427,승용-경형,기능정비,전기 및 램프,포그램프(우측),탈착,CAN-002909
union_standard_time,1059427,승용-경형,기능정비,전기 및 램프,포그램프(우측),교환,CAN-002908
union_standard_time,1068301,승용-경형,기능정비,엔진 부품,프론트 휀다(좌측),탈착,CAN-003192
union_standard_time,1068301,승용-경형,기능정비,엔진 부품,프론트 휀다(좌측),교환,CAN-003191
union_standard_time,1068325,승용-경형,소모품 및 하체정비,브레이크/타이어,프론트 휠 하우스ASSY(좌측),교환,CAN-003198
union_standard_time,1068343,승용-경형,소모품 및 하체정비,브레이크/타이어,휠하우스 브레이스(좌측),교환,CAN-003417
union_standard_time,1068357,승용-경형,소모품 및 하체정비,하체 부품,프론트 사이드 멤버ASSY(좌측),교환,CAN-003034
union_standard_time,1068371,승용-경형,소모품 및 하체정비,하체 부품,휠하우스 및 사이드멤버(좌측),교환,CAN-003412
union_standard_time,1068379,승용-경형,소모품 및 하체정비,하체 부품,"프론트사이드멤버(앞부분,좌)",교환,CAN-003049
union_standard_time,1068403,승용-경형,기능정비,엔진 부품,프론트 휀다(우측),탈착,CAN-003190
union_standard_time,1068403,승용-경형,기능정비,엔진 부품,프론트 휀다(우측),교환,CAN-003189
union_standard_time,1068434,승용-경형,소모품 및 하체정비,브레이크/타이어,프론트 휠 하우스ASSY(우측),교환,CAN-003197
union_standard_time,1068449,승용-경형,소모품 및 하체정비,브레이크/타이어,휠하우스 브레이스(우측),교환,CAN-003415
union_standard_time,1068463,승용-경형,소모품 및 하체정비,하체 부품,프론트 사이드 멤버ASSY(우측),교환,CAN-003033
union_standard_time,1068473,승용-경형,소모품 및 하체정비,하체 부품,휠하우스 및 사이드멤버(우측),교환,CAN-003408
union_standard_time,1068480,승용-경형,소모품 및 하체정비,하체 부품,"프론트사이드멤버(앞부분,우)",교환,CAN-003047
union_standard_time,1068527,승용-경형,소모품 및 하체정비,브레이크/타이어,"프론트 휠 하우스(앞부분,좌)",교환,CAN-003202
union_standard_time,1068558,승용-경형,소모품 및 하체정비,하체 부품,"프론트사이드 멤버(앞부분,좌)",교환,CAN-003049
union_standard_time,1068636,승용-경형,소모품 및 하체정비,브레이크/타이어,"프론트 휠 하우스(앞부분,우)",교환,CAN-003201
union_standard_time,1068664,승용-경형,소모품 및 하체정비,하체 부품,"프론트사이드 멤버(앞부분,우)",교환,CAN-003047
union_standard_time,1069309,승용-경형,소모품 및 하체정비,브레이크/타이어,프론트 휠 가드(좌측),탈착,CAN-003196
union_standard_time,1069309,승용-경형,소모품 및 하체정비,브레이크/타이어,프론트 휠 가드(좌측),교환,CAN-003195
union_standard_time,1069311,승용-경형,소모품 및 하체정비,브레이크/타이어,리어 휠가드(좌측),탈착,CAN-000805
union_standard_time,1069311,승용-경형,소모품 및 하체정비,브레이크/타이어,리어 휠가드(좌측),교환,CAN-000804
union_standard_time,1069410,승용-경형,소모품 및 하체정비,브레이크/타이어,프론트 휠 가드(우측),탈착,CAN-003194
union_standard_time,1069410,승용-경형,소모품 및 하체정비,브레이크/타이어,프론트 휠 가드(우측),교환,CAN-003193
union_standard_time,1069412,승용-경형,소모품 및 하체정비,브레이크/타이어,리어 휠가드(우측),탈착,CAN-000803
union_standard_time,1069412,승용-경형,소모품 및 하체정비,브레이크/타이어,리어 휠가드(우측),교환,CAN-000802
union_standard_time,1078001,승용-경형,기능정비,엔진 부품,카울그릴,탈착,CAN-002437
union_standard_time,1078001,승용-경형,기능정비,엔진 부품,카울그릴,교환,CAN-002436
union_standard_time,1078002,승용-경형,판금/도장정비,판금(탈부착),카울패널,교환,CAN-002454
union_standard_time,1078004,승용-경형,판금/도장정비,판금(탈부착),카울언더패널,탈착,CAN-002447
union_standard_time,1078004,승용-경형,판금/도장정비,판금(탈부착),카울언더패널,교환,CAN-002446
union_standard_time,1078012,승용-경형,판금/도장정비,판금(탈부착),카울톱패널,탈착,CAN-002453
union_standard_time,1078012,승용-경형,판금/도장정비,판금(탈부착),카울톱패널,교환,CAN-002452
union_standard_time,1078014,승용-경형,판금/도장정비,판금(탈부착),대쉬패널,교환,CAN-000144
union_standard_time,1078024,승용-경형,소모품 및 하체정비,하체 부품,카울크로스멤버,탈착,CAN-002449
union_standard_time,1078024,승용-경형,소모품 및 하체정비,하체 부품,카울크로스멤버,교환,CAN-002448
union_standard_time,1078028,승용-경형,기능정비,엔진 부품,카울언더커버(조립식),탈착,CAN-002445
union_standard_time,1078028,승용-경형,기능정비,엔진 부품,카울언더커버(조립식),교환,CAN-002444
union_standard_time,1078306,승용-경형,판금/도장정비,판금(탈부착),카울사이드패널(좌측),교환,CAN-002441
union_standard_time,1078409,승용-경형,판금/도장정비,판금(탈부착),카울사이드패널(우측),교환,CAN-002440
union_standard_time,1088301,승용-경형,기능정비,엔진 부품,프론트 필러 ASSY(좌측),교환,CAN-003160
union_standard_time,1088302,승용-경형,기능정비,엔진 부품,"프론트 필러(외측,좌)",교환,CAN-003170
union_standard_time,1088307,승용-경형,기능정비,엔진 부품,윈도우필러(좌측),교환,CAN-002239
union_standard_time,1088410,승용-경형,기능정비,엔진 부품,프론트 필러 ASSY(우측),교환,CAN-003159
union_standard_time,1088411,승용-경형,기능정비,엔진 부품,"프론트 필러(외측,우)",교환,CAN-003169
union_standard_time,1088416,승용-경형,기능정비,엔진 부품,윈도우필러(우측),교환,CAN-002237
union_standard_time,1128301,승용-경형,판금/도장정비,판금(탈부착),프론트 도어(좌측),탈착,CAN-002970
union_standard_time,1128301,승용-경형,판금/도장정비,판금(탈부착),프론트 도어(좌측),교환,CAN-002968
union_standard_time,1128301,승용-경형,판금/도장정비,판금(탈부착),프론트 도어(좌측),오버홀,CAN-002969
union_standard_time,1128406,승용-경형,판금/도장정비,판금(탈부착),프론트 도어(우측),탈착,CAN-002954
union_standard_time,1128406,승용-경형,판금/도장정비,판금(탈부착),프론트 도어(우측),교환,CAN-002952
union_standard_time,1128406,승용-경형,판금/도장정비,판금(탈부착),프론트 도어(우측),오버홀,CAN-002953
union_standard_time,1138301,승용-경형,판금/도장정비,판금(탈부착),리어 도어(좌측),탈착,CAN-000513
union_standard_time,1138301,승용-경형,판금/도장정비,판금(탈부착),리어 도어(좌측),교환,CAN-000511
union_standard_time,1138301,승용-경형,판금/도장정비,판금(탈부착),리어 도어(좌측),오버홀,CAN-000512
union_standard_time,1138302,승용-경형,판금/도장정비,판금(탈부착),"리어 도어(좌,전동)",탈착,CAN-000510
union_standard_time,1138302,승용-경형,판금/도장정비,판금(탈부착),"리어 도어(좌,전동)",교환,CAN-000508
union_standard_time,1138302,승용-경형,판금/도장정비,판금(탈부착),"리어 도어(좌,전동)",오버홀,CAN-000509
union_standard_time,1138407,승용-경형,판금/도장정비,판금(탈부착),리어 도어(우측),탈착,CAN-000504
union_standard_time,1138407,승용-경형,판금/도장정비,판금(탈부착),리어 도어(우측),교환,CAN-000502
union_standard_time,1138407,승용-경형,판금/도장정비,판금(탈부착),리어 도어(우측),오버홀,CAN-000503
union_standard_time,1138408,승용-경형,판금/도장정비,판금(탈부착),"리어 도어(우,전동)",탈착,CAN-000501
union_standard_time,1138408,승용-경형,판금/도장정비,판금(탈부착),"리어 도어(우,전동)",교환,CAN-000499
union_standard_time,1138408,승용-경형,판금/도장정비,판금(탈부착),"리어 도어(우,전동)",오버홀,CAN-000500
union_standard_time,1148402,승용-경형,판금/도장정비,판금(탈부착),슬라이딩 도어(우측),탈착,CAN-001449
union_standard_time,1148402,승용-경형,판금/도장정비,판금(탈부착),슬라이딩 도어(우측),교환,CAN-001447
union_standard_time,1148402,승용-경형,판금/도장정비,판금(탈부착),슬라이딩 도어(우측),오버홀,CAN-001448
union_standard_time,1148405,승용-경형,판금/도장정비,판금(탈부착),슬라이딩 도어레일(우측),탈착,CAN-001440
union_standard_time,1148405,승용-경형,판금/도장정비,판금(탈부착),슬라이딩 도어레일(우측),교환,CAN-001439
union_standard_time,1149416,승용-경형,판금/도장정비,판금(탈부착),슬라이딩 도어레일 커버(우측),탈착,CAN-001444
union_standard_time,1149416,승용-경형,판금/도장정비,판금(탈부착),슬라이딩 도어레일 커버(우측),교환,CAN-001443
union_standard_time,1169301,승용-경형,기능정비,엔진 부품,사이드 미러(좌측),탈착,CAN-001156
union_standard_time,1169301,승용-경형,기능정비,엔진 부품,사이드 미러(좌측),교환,CAN-001154
union_standard_time,1169307,승용-경형,기능정비,엔진 부품,사이드미러(좌측),오버홀,CAN-001155
union_standard_time,1169404,승용-경형,기능정비,엔진 부품,사이드 미러(우측),탈착,CAN-001144
union_standard_time,1169404,승용-경형,기능정비,엔진 부품,사이드 미러(우측),교환,CAN-001142
union_standard_time,1169408,승용-경형,기능정비,엔진 부품,사이드미러(우측),오버홀,CAN-001143
union_standard_time,1178301,승용-경형,기능정비,엔진 부품,센터필러ASSY(좌측),교환,CAN-001304
union_standard_time,1178303,승용-경형,기능정비,엔진 부품,"센터 필러(외측,좌)",교환,CAN-001309
union_standard_time,1178405,승용-경형,기능정비,엔진 부품,센터 필러 ASSY(우측),교환,CAN-001303
union_standard_time,1178407,승용-경형,기능정비,엔진 부품,"센터 필러(외측,우)",교환,CAN-001307
union_standard_time,1188301,승용-경형,판금/도장정비,판금(탈부착),사이드스텝패널ASSY(좌측),교환,CAN-001193
union_standard_time,1188302,승용-경형,판금/도장정비,판금(탈부착),"사이드스텝패널(외측,좌)",교환,CAN-001200
union_standard_time,1188304,승용-경형,판금/도장정비,판금(탈부착),"사이드스텝패널(부분,외측,좌)",교환,CAN-001197
union_standard_time,1188405,승용-경형,판금/도장정비,판금(탈부착),사이드스텝패널ASSY(우측),교환,CAN-001192
union_standard_time,1188406,승용-경형,판금/도장정비,판금(탈부착),"사이드스텝패널(외측,우)",교환,CAN-001198
union_standard_time,1188408,승용-경형,판금/도장정비,판금(탈부착),"사이드스텝패널(부분,외측,우)",교환,CAN-001196
union_standard_time,1198311,승용-경형,판금/도장정비,판금(탈부착),사이드스텝몰딩(좌측),탈착,CAN-001185
union_standard_time,1198311,승용-경형,판금/도장정비,판금(탈부착),사이드스텝몰딩(좌측),교환,CAN-001184
union_standard_time,1198412,승용-경형,판금/도장정비,판금(탈부착),사이드스텝몰딩(우측),탈착,CAN-001183
union_standard_time,1198412,승용-경형,판금/도장정비,판금(탈부착),사이드스텝몰딩(우측),교환,CAN-001182
union_standard_time,1208303,승용-경형,기능정비,엔진 부품,"사이드 프레임ASSY(외측,좌)",교환,CAN-001238
union_standard_time,1208305,승용-경형,기능정비,엔진 부품,"사이드 프레임ASSY(일체,좌)",교환,CAN-001240
union_standard_time,1208307,승용-경형,기능정비,엔진 부품,"사이드 프레임(외측,좌) I",교환,CAN-001247
union_standard_time,1208309,승용-경형,기능정비,엔진 부품,"사이드 프레임(일체,좌) I",교환,CAN-001252
union_standard_time,1208311,승용-경형,기능정비,엔진 부품,"사이드 프레임(외측,좌) II",교환,CAN-001246
union_standard_time,1208313,승용-경형,기능정비,엔진 부품,"사이드 프레임(일체,좌) II",교환,CAN-001251
union_standard_time,1208404,승용-경형,기능정비,엔진 부품,"사이드 프레임ASSY(외측,우)",교환,CAN-001237
union_standard_time,1208406,승용-경형,기능정비,엔진 부품,"사이드 프레임ASSY(일체,우)",교환,CAN-001239
union_standard_time,1208408,승용-경형,기능정비,엔진 부품,"사이드 프레임(외측,우) I",교환,CAN-001245
union_standard_time,1208410,승용-경형,기능정비,엔진 부품,"사이드 프레임(일체,우) I",교환,CAN-001250
union_standard_time,1208412,승용-경형,기능정비,엔진 부품,"사이드 프레임(외측,우) II",교환,CAN-001244
union_standard_time,1208414,승용-경형,기능정비,엔진 부품,"사이드 프레임(일체,우) II",교환,CAN-001249
union_standard_time,1218001,승용-경형,판금/도장정비,판금(탈부착),루프패널,교환,CAN-000458
union_standard_time,1218035,승용-경형,기능정비,엔진 부품,인사이드 미러(룸미러),탈착,CAN-002256
union_standard_time,1218035,승용-경형,기능정비,엔진 부품,인사이드 미러(룸미러),교환,CAN-002255
union_standard_time,1219009,승용-경형,판금/도장정비,판금(탈부착),루프 헤더 패널,교환,CAN-000473
union_standard_time,1219010,승용-경형,판금/도장정비,판금(탈부착),루프 리어 헤더패널,교환,CAN-000398
union_standard_time,1219016,승용-경형,판금/도장정비,판금(탈부착),루프 크로스 레일 NO.1,교환,CAN-000425
union_standard_time,1219017,승용-경형,판금/도장정비,판금(탈부착),루프 크로스 레일 NO.2,교환,CAN-000427
union_standard_time,1219018,승용-경형,판금/도장정비,판금(탈부착),루프 크로스 레일 NO.3,교환,CAN-000429
union_standard_time,1219019,승용-경형,판금/도장정비,판금(탈부착),루프 크로스 레일 NO.4,교환,CAN-000431
union_standard_time,1219020,승용-경형,판금/도장정비,판금(탈부착),루프 크로스 레일 NO.5,교환,CAN-000433
union_standard_time,1219027,승용-경형,판금/도장정비,판금(탈부착),루프톱실링,탈착,CAN-000437
union_standard_time,1219027,승용-경형,판금/도장정비,판금(탈부착),루프톱실링,교환,CAN-000436
union_standard_time,1219322,승용-경형,판금/도장정비,판금(탈부착),루프랙(좌측),탈착,CAN-000396
union_standard_time,1219322,승용-경형,판금/도장정비,판금(탈부착),루프랙(좌측),교환,CAN-000395
union_standard_time,1219323,승용-경형,판금/도장정비,판금(탈부착),루프 사이드 몰딩(좌측),탈착,CAN-000411
union_standard_time,1219323,승용-경형,판금/도장정비,판금(탈부착),루프 사이드 몰딩(좌측),교환,CAN-000410
union_standard_time,1219424,승용-경형,판금/도장정비,판금(탈부착),루프랙(우측),탈착,CAN-000394
union_standard_time,1219424,승용-경형,판금/도장정비,판금(탈부착),루프랙(우측),교환,CAN-000393
union_standard_time,1219425,승용-경형,판금/도장정비,판금(탈부착),루프 사이드 몰딩(우측),탈착,CAN-000409
union_standard_time,1219425,승용-경형,판금/도장정비,판금(탈부착),루프 사이드 몰딩(우측),교환,CAN-000408
union_standard_time,1228201,승용-경형,판금/도장정비,판금(탈부착),리어 범퍼,탈착,CAN-000536
union_standard_time,1228201,승용-경형,판금/도장정비,판금(탈부착),리어 범퍼,교환,CAN-000534
union_standard_time,1228201,승용-경형,판금/도장정비,판금(탈부착),리어 범퍼,오버홀,CAN-000535
union_standard_time,1228213,승용-경형,판금/도장정비,판금(탈부착),리어 범퍼 커버,탈착,CAN-000556
union_standard_time,1228213,승용-경형,판금/도장정비,판금(탈부착),리어 범퍼 커버,교환,CAN-000554
union_standard_time,1228213,승용-경형,판금/도장정비,판금(탈부착),리어 범퍼 커버,오버홀,CAN-000555
union_standard_time,1228217,승용-경형,판금/도장정비,판금(탈부착),리어 범퍼 레일,탈착,CAN-000538
union_standard_time,1228217,승용-경형,판금/도장정비,판금(탈부착),리어 범퍼 레일,교환,CAN-000537
union_standard_time,1229216,승용-경형,기능정비,전기 및 램프,후방 감지 센서,탈착,CAN-003371
union_standard_time,1229216,승용-경형,기능정비,전기 및 램프,후방 감지 센서,교환,CAN-003370
union_standard_time,1229320,승용-경형,판금/도장정비,판금(탈부착),리어범퍼 사이드브라켓(좌측),탈착,CAN-000548
union_standard_time,1229320,승용-경형,판금/도장정비,판금(탈부착),리어범퍼 사이드브라켓(좌측),교환,CAN-000547
union_standard_time,1229421,승용-경형,판금/도장정비,판금(탈부착),리어범퍼 사이드브라켓(우측),탈착,CAN-000546
union_standard_time,1229421,승용-경형,판금/도장정비,판금(탈부착),리어범퍼 사이드브라켓(우측),교환,CAN-000545
union_standard_time,1248201,승용-경형,판금/도장정비,판금(탈부착),백도어,탈착,CAN-000960
union_standard_time,1248201,승용-경형,판금/도장정비,판금(탈부착),백도어,교환,CAN-000958
union_standard_time,1248201,승용-경형,판금/도장정비,판금(탈부착),백도어,오버홀,CAN-000959
union_standard_time,1248202,승용-경형,판금/도장정비,판금(탈부착),백도어(와이퍼 부착형),탈착,CAN-000983
union_standard_time,1248202,승용-경형,판금/도장정비,판금(탈부착),백도어(와이퍼 부착형),교환,CAN-000981
union_standard_time,1248202,승용-경형,판금/도장정비,판금(탈부착),백도어(와이퍼 부착형),오버홀,CAN-000982
union_standard_time,1249210,승용-경형,판금/도장정비,판금(탈부착),백도어 록크,탈착,CAN-000964
union_standard_time,1249210,승용-경형,판금/도장정비,판금(탈부착),백도어 록크,교환,CAN-000963
union_standard_time,1249212,승용-경형,판금/도장정비,판금(탈부착),백도어 케이블,탈착,CAN-000995
union_standard_time,1249212,승용-경형,판금/도장정비,판금(탈부착),백도어 케이블,교환,CAN-000994
union_standard_time,1249306,승용-경형,판금/도장정비,판금(탈부착),백도어 쇼버(좌측),탈착,CAN-000975
union_standard_time,1249306,승용-경형,판금/도장정비,판금(탈부착),백도어 쇼버(좌측),교환,CAN-000974
union_standard_time,1249313,승용-경형,판금/도장정비,판금(탈부착),백도어 힌지(좌측),탈착,CAN-001007
union_standard_time,1249313,승용-경형,판금/도장정비,판금(탈부착),백도어 힌지(좌측),교환,CAN-001006
union_standard_time,1249408,승용-경형,판금/도장정비,판금(탈부착),백도어 쇼버(우측),탈착,CAN-000971
union_standard_time,1249408,승용-경형,판금/도장정비,판금(탈부착),백도어 쇼버(우측),교환,CAN-000970
union_standard_time,1249416,승용-경형,판금/도장정비,판금(탈부착),백도어 힌지(우측),탈착,CAN-001001
union_standard_time,1249416,승용-경형,판금/도장정비,판금(탈부착),백도어 힌지(우측),교환,CAN-001000
union_standard_time,1258205,승용-경형,판금/도장정비,판금(탈부착),백도어 가니쉬,탈착,CAN-000962
union_standard_time,1258205,승용-경형,판금/도장정비,판금(탈부착),백도어 가니쉬,교환,CAN-000961
union_standard_time,1258206,승용-경형,판금/도장정비,판금(탈부착),백패널(리어 패널),탈착,CAN-001013
union_standard_time,1258206,승용-경형,판금/도장정비,판금(탈부착),백패널(리어 패널),교환,CAN-001012
union_standard_time,1259214,승용-경형,기능정비,엔진 부품,스포일러,탈착,CAN-001424
union_standard_time,1259214,승용-경형,기능정비,엔진 부품,스포일러,교환,CAN-001423
union_standard_time,1259215,승용-경형,기능정비,전기 및 램프,하이마운팅 스톱램프,탈착,CAN-003246
union_standard_time,1259215,승용-경형,기능정비,전기 및 램프,하이마운팅 스톱램프,교환,CAN-003245
union_standard_time,1268301,승용-경형,기능정비,전기 및 램프,리어 컴비네이션램프(좌측),탈착,CAN-000720
union_standard_time,1268301,승용-경형,기능정비,전기 및 램프,리어 컴비네이션램프(좌측),교환,CAN-000719
union_standard_time,1268312,승용-경형,판금/도장정비,판금(탈부착),컴비네이션패널(좌측),교환,CAN-002522
union_standard_time,1268402,승용-경형,기능정비,전기 및 램프,리어 컴비네이션램프(우측),탈착,CAN-000718
union_standard_time,1268402,승용-경형,기능정비,전기 및 램프,리어 컴비네이션램프(우측),교환,CAN-000717
union_standard_time,1268413,승용-경형,판금/도장정비,판금(탈부착),컴비네이션패널(우측),교환,CAN-002520
union_standard_time,1269303,승용-경형,기능정비,엔진 부품,컴비네이션 피니셔(좌측),탈착,CAN-002527
union_standard_time,1269303,승용-경형,기능정비,엔진 부품,컴비네이션 피니셔(좌측),교환,CAN-002526
union_standard_time,1269404,승용-경형,기능정비,엔진 부품,컴비네이션 피니셔(우측),탈착,CAN-002525
union_standard_time,1269404,승용-경형,기능정비,엔진 부품,컴비네이션 피니셔(우측),교환,CAN-002524
union_standard_time,1288301,승용-경형,기능정비,엔진 부품,리어 휀다(좌측),교환,CAN-000787
union_standard_time,1288302,승용-경형,기능정비,엔진 부품,리어 휀다(좌측)(연료주입구측),탈착,CAN-000789
union_standard_time,1288302,승용-경형,기능정비,엔진 부품,리어 휀다(좌측)(연료주입구측),교환,CAN-000788
union_standard_time,1288309,승용-경형,소모품 및 하체정비,브레이크/타이어,리어휀다 및 리어휠하우스(좌측),교환,CAN-000778
union_standard_time,1288411,승용-경형,기능정비,엔진 부품,리어 휀다(우측),탈착,CAN-000786
union_standard_time,1288411,승용-경형,기능정비,엔진 부품,리어 휀다(우측),교환,CAN-000785
union_standard_time,1288419,승용-경형,소모품 및 하체정비,브레이크/타이어,리어휀다 및 리어휠하우스(우측),교환,CAN-000777
union_standard_time,1289321,승용-경형,판금/도장정비,판금(탈부착),"리어휀다패널(내측,좌)",탈착,CAN-000797
union_standard_time,1289321,승용-경형,판금/도장정비,판금(탈부착),"리어휀다패널(내측,좌)",교환,CAN-000796
union_standard_time,1289422,승용-경형,판금/도장정비,판금(탈부착),"리어휀다패널(내측,우)",탈착,CAN-000795
union_standard_time,1289422,승용-경형,판금/도장정비,판금(탈부착),"리어휀다패널(내측,우)",교환,CAN-000794
union_standard_time,1358301,승용-경형,판금/도장정비,판금(탈부착),"D 필러패널(외측,좌)",교환,CAN-000046
union_standard_time,1358305,승용-경형,판금/도장정비,판금(탈부착),D필러 익스텐션패널(좌측),교환,CAN-000038
union_standard_time,1358402,승용-경형,판금/도장정비,판금(탈부착),"D 필러패널(외측,우)",교환,CAN-000045
union_standard_time,1358406,승용-경형,판금/도장정비,판금(탈부착),D필러 익스텐션패널(우측),교환,CAN-000037
union_standard_time,1388004,승용-경형,판금/도장정비,판금(탈부착),팩키지 트레이 패널(조립식),탈착,CAN-002905
union_standard_time,1388004,승용-경형,판금/도장정비,판금(탈부착),팩키지 트레이 패널(조립식),교환,CAN-002904
union_standard_time,1388005,승용-경형,기능정비,엔진 부품,패키지 트레이 트림,탈착,CAN-002898
union_standard_time,1388005,승용-경형,기능정비,엔진 부품,패키지 트레이 트림,교환,CAN-002897
union_standard_time,1408006,승용-경형,기능정비,엔진 부품,실내바닥(앞),교환,CAN-001539
union_standard_time,1408301,승용-경형,소모품 및 하체정비,하체 부품,리어 사이드 멤버 ASSY(좌측),교환,CAN-000562
union_standard_time,1408302,승용-경형,소모품 및 하체정비,하체 부품,"리어 사이드 멤버(앞부분,좌)",교환,CAN-000568
union_standard_time,1408403,승용-경형,소모품 및 하체정비,하체 부품,리어 사이드 멤버 ASSY(우측),교환,CAN-000561
union_standard_time,1408404,승용-경형,소모품 및 하체정비,하체 부품,"리어 사이드 멤버(앞부분,우)",교환,CAN-000567
union_standard_time,1428013,승용-경형,기능정비,엔진 부품,실내바닥(뒤),교환,CAN-001538
union_standard_time,1428015,승용-경형,판금/도장정비,판금(탈부착),트렁크바닥 패널,교환,CAN-002815
union_standard_time,1428226,승용-경형,판금/도장정비,판금(탈부착),트렁크바닥 및 실내바닥(뒤),교환,CAN-002813
union_standard_time,3478001,승용-경형,소모품 및 하체정비,브레이크/타이어,크러쉬패드,탈착,CAN-002609
union_standard_time,3478001,승용-경형,소모품 및 하체정비,브레이크/타이어,크러쉬패드,교환,CAN-002608
union_standard_time,3478009,승용-경형,기능정비,엔진 부품,콘솔박스,탈착,CAN-002570
union_standard_time,3478009,승용-경형,기능정비,엔진 부품,콘솔박스,교환,CAN-002569
union_standard_time,3478020,승용-경형,기능정비,에어컨,히터모터(분리식),탈착,CAN-003442
union_standard_time,3478020,승용-경형,기능정비,에어컨,히터모터(분리식),교환,CAN-003441
union_standard_time,3478023,승용-경형,기능정비,에어컨,히터유니트&에어컨 에버포레이터,탈착,CAN-003450
union_standard_time,3478023,승용-경형,기능정비,에어컨,히터유니트&에어컨 에버포레이터,교환,CAN-003449
union_standard_time,3478028,승용-경형,기능정비,에어컨,히터및에버포레이터,탈착,CAN-003444
union_standard_time,3478028,승용-경형,기능정비,에어컨,히터및에버포레이터,교환,CAN-003443
union_standard_time,3478032,승용-경형,기능정비,엔진 부품,블로어모터,탈착,CAN-001124
union_standard_time,3478032,승용-경형,기능정비,엔진 부품,블로어모터,교환,CAN-001123
union_standard_time,3478402,승용-경형,기능정비,엔진 부품,프론트 시트(우측),탈착,CAN-003090
union_standard_time,3478402,승용-경형,기능정비,엔진 부품,프론트 시트(우측),교환,CAN-003089
union_standard_time,3479013,승용-경형,기능정비,엔진 부품,종합계기판,탈착,CAN-002390
union_standard_time,3479013,승용-경형,기능정비,엔진 부품,종합계기판,교환,CAN-002389
union_standard_time,3479016,승용-경형,기능정비,엔진 부품,AV(네비게이션)시스템,탈착,CAN-000020
union_standard_time,3479016,승용-경형,기능정비,엔진 부품,AV(네비게이션)시스템,교환,CAN-000019
union_standard_time,3479019,승용-경형,기능정비,에어컨,히터 유니트,탈착,CAN-003452
union_standard_time,3479019,승용-경형,기능정비,에어컨,히터 유니트,교환,CAN-003451
union_standard_time,3488008,승용-경형,기능정비,엔진 부품,리어 시트,탈착,CAN-000641
union_standard_time,3488008,승용-경형,기능정비,엔진 부품,리어 시트,교환,CAN-000640
union_standard_time,3488021,승용-경형,기능정비,엔진 부품,리어시트 분리형 #1,탈착,CAN-000645
union_standard_time,3488021,승용-경형,기능정비,엔진 부품,리어시트 분리형 #1,교환,CAN-000644
union_standard_time,3488022,승용-경형,기능정비,엔진 부품,리어시트 분리형 #2,탈착,CAN-000647
union_standard_time,3488022,승용-경형,기능정비,엔진 부품,리어시트 분리형 #2,교환,CAN-000646
union_standard_time,3488301,승용-경형,기능정비,엔진 부품,프론트 시트(좌측),탈착,CAN-003100
union_standard_time,3488301,승용-경형,기능정비,엔진 부품,프론트 시트(좌측),교환,CAN-003099
union_standard_time,3499008,승용-경형,기능정비,엔진 부품,"안전벨트(뒤,중앙)",탈착,CAN-001659
union_standard_time,3499008,승용-경형,기능정비,엔진 부품,"안전벨트(뒤,중앙)",교환,CAN-001658
union_standard_time,3499017,승용-경형,기능정비,엔진 부품,안전밸트(2점식)NO.1,탈착,CAN-001619
union_standard_time,3499017,승용-경형,기능정비,엔진 부품,안전밸트(2점식)NO.1,교환,CAN-001618
union_standard_time,3499501,승용-경형,기능정비,엔진 부품,"안전벨트(앞,좌)",탈착,CAN-001665
union_standard_time,3499501,승용-경형,기능정비,엔진 부품,"안전벨트(앞,좌)",교환,CAN-001664
union_standard_time,3499502,승용-경형,기능정비,엔진 부품,"안전벨트(앞,좌,프리텐셔너)",탈착,CAN-001667
union_standard_time,3499502,승용-경형,기능정비,엔진 부품,"안전벨트(앞,좌,프리텐셔너)",교환,CAN-001666
union_standard_time,3499604,승용-경형,기능정비,엔진 부품,"안전벨트(앞,우)",탈착,CAN-001661
union_standard_time,3499604,승용-경형,기능정비,엔진 부품,"안전벨트(앞,우)",교환,CAN-001660
union_standard_time,3499605,승용-경형,기능정비,엔진 부품,"안전벨트(앞,우,프리텐셔너)",탈착,CAN-001663
union_standard_time,3499605,승용-경형,기능정비,엔진 부품,"안전벨트(앞,우,프리텐셔너)",교환,CAN-001662
union_standard_time,3499706,승용-경형,기능정비,엔진 부품,"안전벨트(뒤,좌)",탈착,CAN-001657
union_standard_time,3499706,승용-경형,기능정비,엔진 부품,"안전벨트(뒤,좌)",교환,CAN-001656
union_standard_time,3499807,승용-경형,기능정비,엔진 부품,"안전벨트(뒤,우)",탈착,CAN-001655
union_standard_time,3499807,승용-경형,기능정비,엔진 부품,"안전벨트(뒤,우)",교환,CAN-001654
union_standard_time,3508001,승용-경형,기능정비,엔진 부품,키셋트,탈착,CAN-002641
union_standard_time,3508001,승용-경형,기능정비,엔진 부품,키셋트,교환,CAN-002640
union_standard_time,3508004,승용-경형,기능정비,전기 및 램프,크러쉬패드 배선,탈착,CAN-002611
union_standard_time,3508004,승용-경형,기능정비,전기 및 램프,크러쉬패드 배선,교환,CAN-002610
union_standard_time,3508006,승용-경형,기능정비,전기 및 램프,엔진룸배선,탈착,CAN-001923
union_standard_time,3508006,승용-경형,기능정비,전기 및 램프,엔진룸배선,교환,CAN-001922
union_standard_time,3508007,승용-경형,기능정비,전기 및 램프,엔진룸 휴즈박스 배선,탈착,CAN-001948
union_standard_time,3508007,승용-경형,기능정비,전기 및 램프,엔진룸 휴즈박스 배선,교환,CAN-001947
union_standard_time,3508008,승용-경형,기능정비,전기 및 램프,엔진 컨트롤 배선,탈착,CAN-002006
union_standard_time,3508008,승용-경형,기능정비,전기 및 램프,엔진 컨트롤 배선,교환,CAN-002005
union_standard_time,3508010,승용-경형,기능정비,전기 및 램프,엔진룸 휴즈박스 배선,탈착,CAN-001948
union_standard_time,3508010,승용-경형,기능정비,전기 및 램프,엔진룸 휴즈박스 배선,교환,CAN-001947
union_standard_time,3508011,승용-경형,기능정비,전기 및 램프,뒷배선,탈착,CAN-000252
union_standard_time,3508011,승용-경형,기능정비,전기 및 램프,뒷배선,교환,CAN-000251
union_standard_time,3508015,승용-경형,기능정비,전기 및 램프,전체배선,탈착,CAN-002382
union_standard_time,3508015,승용-경형,기능정비,전기 및 램프,전체배선,교환,CAN-002381
union_standard_time,3508018,승용-경형,기능정비,엔진 부품,정션박스,탈착,CAN-002384
union_standard_time,3508018,승용-경형,기능정비,엔진 부품,정션박스,교환,CAN-002383
union_standard_time,3508023,승용-경형,기능정비,엔진 부품,캐니스터,탈착,CAN-002471
union_standard_time,3508023,승용-경형,기능정비,엔진 부품,캐니스터,교환,CAN-002470
union_standard_time,3508024,승용-경형,소모품 및 하체정비,소모품,밧데리,탈착,CAN-000878
union_standard_time,3508024,승용-경형,소모품 및 하체정비,소모품,밧데리,교환,CAN-000877
union_standard_time,3509019,승용-경형,기능정비,전기 및 램프,컴비네이션스위치,탈착,CAN-002519
union_standard_time,3509019,승용-경형,기능정비,전기 및 램프,컴비네이션스위치,교환,CAN-002518
union_standard_time,3509021,승용-경형,기능정비,엔진 부품,와이퍼 모터,탈착,CAN-002190
union_standard_time,3509021,승용-경형,기능정비,엔진 부품,와이퍼 모터,교환,CAN-002189
union_standard_time,3509022,승용-경형,기능정비,엔진 부품,와이퍼 링케이지,탈착,CAN-002188
union_standard_time,3509022,승용-경형,기능정비,엔진 부품,와이퍼 링케이지,교환,CAN-002187
union_standard_time,3518001,승용-경형,기능정비,에어컨,에어컨 컨덴샤,탈착,CAN-001823
union_standard_time,3518001,승용-경형,기능정비,에어컨,에어컨 컨덴샤,교환,CAN-001822
union_standard_time,3518013,승용-경형,기능정비,에어컨,에어컨 컴프레샤,탈착,CAN-001825
union_standard_time,3518013,승용-경형,기능정비,에어컨,에어컨 컴프레샤,교환,CAN-001824
union_standard_time,3518016,승용-경형,기능정비,엔진 부품,라디에이터(M/T),탈착,CAN-000313
union_standard_time,3518016,승용-경형,기능정비,엔진 부품,라디에이터(M/T),교환,CAN-000312
union_standard_time,3518017,승용-경형,기능정비,엔진 부품,라디에이터(A/T),탈착,CAN-000311
union_standard_time,3518017,승용-경형,기능정비,엔진 부품,라디에이터(A/T),교환,CAN-000310
union_standard_time,3518025,승용-경형,소모품 및 하체정비,오일류,오일쿨러(미션),탈착,CAN-002164
union_standard_time,3518025,승용-경형,소모품 및 하체정비,오일류,오일쿨러(미션),교환,CAN-002163
union_standard_time,3518029,승용-경형,기능정비,엔진 부품,라디에이터 리저브탱크,탈착,CAN-000336
union_standard_time,3518029,승용-경형,기능정비,엔진 부품,라디에이터 리저브탱크,교환,CAN-000335
union_standard_time,3518030,승용-경형,기능정비,전기 및 램프,와셔탱크(앞),탈착,CAN-002186
union_standard_time,3518030,승용-경형,기능정비,전기 및 램프,와셔탱크(앞),교환,CAN-002185
union_standard_time,3518032,승용-경형,기능정비,엔진 부품,알터네이터,탈착,CAN-001675
union_standard_time,3518032,승용-경형,기능정비,엔진 부품,알터네이터,교환,CAN-001674
union_standard_time,3518033,승용-경형,기능정비,엔진 부품,스타팅모터,탈착,CAN-001360
union_standard_time,3518033,승용-경형,기능정비,엔진 부품,스타팅모터,교환,CAN-001359
union_standard_time,3518034,승용-경형,기능정비,엔진 부품,디스트리뷰터,탈착,CAN-000291
union_standard_time,3518034,승용-경형,기능정비,엔진 부품,디스트리뷰터,교환,CAN-000290
union_standard_time,3519003,승용-경형,기능정비,에어컨,에어컨 파이프 NO.1,탈착,CAN-001833
union_standard_time,3519003,승용-경형,기능정비,에어컨,에어컨 파이프 NO.1,교환,CAN-001832
union_standard_time,3519004,승용-경형,기능정비,에어컨,에어컨 파이프 NO.2,탈착,CAN-001837
union_standard_time,3519004,승용-경형,기능정비,에어컨,에어컨 파이프 NO.2,교환,CAN-001836
union_standard_time,3519005,승용-경형,기능정비,에어컨,에어컨 파이프 NO.3,탈착,CAN-001841
union_standard_time,3519005,승용-경형,기능정비,에어컨,에어컨 파이프 NO.3,교환,CAN-001840
union_standard_time,3519006,승용-경형,기능정비,에어컨,에어컨 파이프 NO.4,탈착,CAN-001845
union_standard_time,3519006,승용-경형,기능정비,에어컨,에어컨 파이프 NO.4,교환,CAN-001844
union_standard_time,3519008,승용-경형,기능정비,에어컨,에어컨 개스,교환,CAN-001813
union_standard_time,3519012,승용-경형,기능정비,엔진 부품,리시버 드라이탱크,탈착,CAN-000487
union_standard_time,3519012,승용-경형,기능정비,엔진 부품,리시버 드라이탱크,교환,CAN-000486
union_standard_time,3519018,승용-경형,기능정비,엔진 부품,라디에이터 휀,탈착,CAN-000355
union_standard_time,3519018,승용-경형,기능정비,엔진 부품,라디에이터 휀,교환,CAN-000354
union_standard_time,3519021,승용-경형,기능정비,엔진 부품,라디에이터핀(수리킷#1),교환,CAN-000349
union_standard_time,3519022,승용-경형,기능정비,엔진 부품,라디에이터핀(수리킷#2),교환,CAN-000350
union_standard_time,3528001,승용-경형,기능정비,전기 및 램프,에어백모듈(운전석),탈착,CAN-001775
union_standard_time,3528001,승용-경형,기능정비,전기 및 램프,에어백모듈(운전석),교환,CAN-001774
union_standard_time,3528002,승용-경형,기능정비,전기 및 램프,에어백모듈(조수석),탈착,CAN-001777
union_standard_time,3528002,승용-경형,기능정비,전기 및 램프,에어백모듈(조수석),교환,CAN-001776
union_standard_time,3528309,승용-경형,기능정비,전기 및 램프,커튼에어백(좌측),탈착,CAN-002513
union_standard_time,3528309,승용-경형,기능정비,전기 및 램프,커튼에어백(좌측),교환,CAN-002512
union_standard_time,3528410,승용-경형,기능정비,전기 및 램프,커튼에어백(우측),탈착,CAN-002511
union_standard_time,3528410,승용-경형,기능정비,전기 및 램프,커튼에어백(우측),교환,CAN-002510
union_standard_time,3538001,승용-경형,기능정비,엔진 부품,컴퓨터(엔진),탈착,CAN-002555
union_standard_time,3538001,승용-경형,기능정비,엔진 부품,컴퓨터(엔진),교환,CAN-002554
union_standard_time,3538003,승용-경형,기능정비,엔진 부품,컴퓨터(자동밋션),탈착,CAN-002560
union_standard_time,3538003,승용-경형,기능정비,엔진 부품,컴퓨터(자동밋션),교환,CAN-002559
union_standard_time,3538005,승용-경형,기능정비,전기 및 램프,컴퓨터(ABS),탈착,CAN-002549
union_standard_time,3538005,승용-경형,기능정비,전기 및 램프,컴퓨터(ABS),교환,CAN-002548
union_standard_time,3538006,승용-경형,기능정비,전기 및 램프,컴퓨터(에어백),탈착,CAN-002553
union_standard_time,3538006,승용-경형,기능정비,전기 및 램프,컴퓨터(에어백),교환,CAN-002552
union_standard_time,3538011,승용-경형,판금/도장정비,판금(탈부착),선루프기구(전동식),탈착,CAN-001271
union_standard_time,3538011,승용-경형,판금/도장정비,판금(탈부착),선루프기구(전동식),교환,CAN-001270
union_standard_time,3549009,승용-경형,판금/도장정비,판금(탈부착),트렁크룸내 트림(앞),탈착,CAN-002761
union_standard_time,3549009,승용-경형,판금/도장정비,판금(탈부착),트렁크룸내 트림(앞),교환,CAN-002760
union_standard_time,3549010,승용-경형,판금/도장정비,판금(탈부착),트렁크룸내 트림(뒤),탈착,CAN-002757
union_standard_time,3549010,승용-경형,판금/도장정비,판금(탈부착),트렁크룸내 트림(뒤),교환,CAN-002756
union_standard_time,3549016,승용-경형,판금/도장정비,판금(탈부착),백패널 트림,탈착,CAN-001018
union_standard_time,3549016,승용-경형,판금/도장정비,판금(탈부착),백패널 트림,교환,CAN-001017
union_standard_time,3549301,승용-경형,기능정비,엔진 부품,프론트 필러 트림(좌측),탈착,CAN-003178
union_standard_time,3549301,승용-경형,기능정비,엔진 부품,프론트 필러 트림(좌측),교환,CAN-003177
union_standard_time,3549303,승용-경형,기능정비,엔진 부품,센터 필러 트림(좌측),탈착,CAN-001316
union_standard_time,3549303,승용-경형,기능정비,엔진 부품,센터 필러 트림(좌측),교환,CAN-001315
union_standard_time,3549305,승용-경형,기능정비,엔진 부품,리어 필러 트림(좌측),탈착,CAN-000764
union_standard_time,3549305,승용-경형,기능정비,엔진 부품,리어 필러 트림(좌측),교환,CAN-000763
union_standard_time,3549307,승용-경형,판금/도장정비,판금(탈부착),트렁크룸내트림(좌측),탈착,CAN-002765
union_standard_time,3549307,승용-경형,판금/도장정비,판금(탈부착),트렁크룸내트림(좌측),교환,CAN-002764
union_standard_time,3549313,승용-경형,판금/도장정비,판금(탈부착),쿼터트림(좌측),탈착,CAN-002599
union_standard_time,3549313,승용-경형,판금/도장정비,판금(탈부착),쿼터트림(좌측),교환,CAN-002598
union_standard_time,3549402,승용-경형,기능정비,엔진 부품,프론트 필러 트림(우측),탈착,CAN-003176
union_standard_time,3549402,승용-경형,기능정비,엔진 부품,프론트 필러 트림(우측),교환,CAN-003175
union_standard_time,3549404,승용-경형,기능정비,엔진 부품,센터 필러 트림(우측),탈착,CAN-001314
union_standard_time,3549404,승용-경형,기능정비,엔진 부품,센터 필러 트림(우측),교환,CAN-001313
union_standard_time,3549406,승용-경형,기능정비,엔진 부품,리어 필러 트림(우측),탈착,CAN-000762
union_standard_time,3549406,승용-경형,기능정비,엔진 부품,리어 필러 트림(우측),교환,CAN-000761
union_standard_time,3549408,승용-경형,판금/도장정비,판금(탈부착),트렁크룸내트림(우측),탈착,CAN-002763
union_standard_time,3549408,승용-경형,판금/도장정비,판금(탈부착),트렁크룸내트림(우측),교환,CAN-002762
union_standard_time,3549414,승용-경형,판금/도장정비,판금(탈부착),쿼터트림(우측),탈착,CAN-002597
union_standard_time,3549414,승용-경형,판금/도장정비,판금(탈부착),쿼터트림(우측),교환,CAN-002596
union_standard_time,3558005,승용-경형,기능정비,엔진 부품,언더커버(좌측),탈착,CAN-001755
union_standard_time,3558005,승용-경형,기능정비,엔진 부품,언더커버(좌측),교환,CAN-001754
union_standard_time,3558006,승용-경형,기능정비,엔진 부품,엔진룸사이드언더커버(좌측),탈착,CAN-001933
union_standard_time,3558006,승용-경형,기능정비,엔진 부품,엔진룸사이드언더커버(좌측),교환,CAN-001932
union_standard_time,3558007,승용-경형,기능정비,엔진 부품,언더커버(우측),탈착,CAN-001753
union_standard_time,3558007,승용-경형,기능정비,엔진 부품,언더커버(우측),교환,CAN-001752
union_standard_time,3558008,승용-경형,기능정비,엔진 부품,엔진룸사이드언더커버(우측),탈착,CAN-001931
union_standard_time,3558008,승용-경형,기능정비,엔진 부품,엔진룸사이드언더커버(우측),교환,CAN-001930
union_standard_time,3558009,승용-경형,기능정비,엔진 부품,언더커버,탈착,CAN-001741
union_standard_time,3558009,승용-경형,기능정비,엔진 부품,언더커버,교환,CAN-001740
union_standard_time,3558024,승용-경형,기능정비,엔진 부품,바닥메트,탈착,CAN-000872
union_standard_time,3558024,승용-경형,기능정비,엔진 부품,바닥메트,교환,CAN-000871
union_standard_time,3568001,승용-경형,기능정비,엔진 부품,안테나,탈착,CAN-001673
union_standard_time,3568001,승용-경형,기능정비,엔진 부품,안테나,교환,CAN-001672
union_standard_time,3568002,승용-경형,기능정비,엔진 부품,샤크 안테나,탈착,CAN-001262
union_standard_time,3568002,승용-경형,기능정비,엔진 부품,샤크 안테나,교환,CAN-001261
union_standard_time,3568005,승용-경형,기능정비,엔진 부품,라디오 안테나(필러 부착형),탈착,CAN-000367
union_standard_time,3568005,승용-경형,기능정비,엔진 부품,라디오 안테나(필러 부착형),교환,CAN-000366
union_standard_time,3578101,승용-경형,기능정비,엔진 부품,앞유리(접착식),탈착,CAN-001717
union_standard_time,3578101,승용-경형,기능정비,엔진 부품,앞유리(접착식),교환,CAN-001716
union_standard_time,3578202,승용-경형,기능정비,엔진 부품,뒷유리(접착식),탈착,CAN-000258
union_standard_time,3578202,승용-경형,기능정비,엔진 부품,뒷유리(접착식),교환,CAN-000257
union_standard_time,3578309,승용-경형,기능정비,엔진 부품,"뒤휀다고정유리(접착식,좌)",탈착,CAN-000236
union_standard_time,3578309,승용-경형,기능정비,엔진 부품,"뒤휀다고정유리(접착식,좌)",교환,CAN-000235
union_standard_time,3578410,승용-경형,기능정비,엔진 부품,"뒤휀다고정유리(접착식,우)",탈착,CAN-000228
union_standard_time,3578410,승용-경형,기능정비,엔진 부품,"뒤휀다고정유리(접착식,우)",교환,CAN-000227
union_standard_time,3578503,승용-경형,판금/도장정비,판금(탈부착),문짝사각유리(앞좌),탈착,CAN-000852
union_standard_time,3578503,승용-경형,판금/도장정비,판금(탈부착),문짝사각유리(앞좌),교환,CAN-000851
union_standard_time,3578517,승용-경형,판금/도장정비,판금(탈부착),문짝삼각유리(앞좌),탈착,CAN-000860
union_standard_time,3578517,승용-경형,판금/도장정비,판금(탈부착),문짝삼각유리(앞좌),교환,CAN-000859
union_standard_time,3578523,승용-경형,기능정비,엔진 부품,프론트필러 고정유리(좌측),탈착,CAN-003168
union_standard_time,3578523,승용-경형,기능정비,엔진 부품,프론트필러 고정유리(좌측),교환,CAN-003167
union_standard_time,3578604,승용-경형,판금/도장정비,판금(탈부착),문짝사각유리(앞우),탈착,CAN-000850
union_standard_time,3578604,승용-경형,판금/도장정비,판금(탈부착),문짝사각유리(앞우),교환,CAN-000849
union_standard_time,3578618,승용-경형,판금/도장정비,판금(탈부착),문짝삼각유리(앞우),탈착,CAN-000858
union_standard_time,3578618,승용-경형,판금/도장정비,판금(탈부착),문짝삼각유리(앞우),교환,CAN-000857
union_standard_time,3578624,승용-경형,기능정비,엔진 부품,프론트필러 고정유리(우측),탈착,CAN-003166
union_standard_time,3578624,승용-경형,기능정비,엔진 부품,프론트필러 고정유리(우측),교환,CAN-003165
union_standard_time,3578705,승용-경형,판금/도장정비,판금(탈부착),문짝사각유리(뒤좌),탈착,CAN-000848
union_standard_time,3578705,승용-경형,판금/도장정비,판금(탈부착),문짝사각유리(뒤좌),교환,CAN-000847
union_standard_time,3578707,승용-경형,판금/도장정비,판금(탈부착),문짝삼각유리(뒤도어)(좌측),탈착,CAN-000856
union_standard_time,3578707,승용-경형,판금/도장정비,판금(탈부착),문짝삼각유리(뒤도어)(좌측),교환,CAN-000855
union_standard_time,3578806,승용-경형,판금/도장정비,판금(탈부착),문짝사각유리(뒤우),탈착,CAN-000846
union_standard_time,3578806,승용-경형,판금/도장정비,판금(탈부착),문짝사각유리(뒤우),교환,CAN-000845
union_standard_time,3578808,승용-경형,판금/도장정비,판금(탈부착),문짝삼각유리(뒤도어)(우측),탈착,CAN-000854
union_standard_time,3578808,승용-경형,판금/도장정비,판금(탈부착),문짝삼각유리(뒤도어)(우측),교환,CAN-000853
union_standard_time,5588002,승용-경형,기능정비,엔진 부품,엔진 ASSY(SOHC),탈착,CAN-001897
union_standard_time,5588002,승용-경형,기능정비,엔진 부품,엔진 ASSY(SOHC),교환,CAN-001895
union_standard_time,5588002,승용-경형,기능정비,엔진 부품,엔진 ASSY(SOHC),오버홀,CAN-001896
union_standard_time,5588003,승용-경형,기능정비,엔진 부품,엔진 ASSY(DOHC),탈착,CAN-001889
union_standard_time,5588003,승용-경형,기능정비,엔진 부품,엔진 ASSY(DOHC),교환,CAN-001887
union_standard_time,5588003,승용-경형,기능정비,엔진 부품,엔진 ASSY(DOHC),오버홀,CAN-001888
union_standard_time,5588011,승용-경형,기능정비,엔진 부품,"엔진 ASSY(SOHC,쇼트엔진)",탈착,CAN-001900
union_standard_time,5588011,승용-경형,기능정비,엔진 부품,"엔진 ASSY(SOHC,쇼트엔진)",교환,CAN-001898
union_standard_time,5588011,승용-경형,기능정비,엔진 부품,"엔진 ASSY(SOHC,쇼트엔진)",오버홀,CAN-001899
union_standard_time,5588012,승용-경형,기능정비,엔진 부품,"엔진 ASSY(DOHC,쇼트엔진)",교환,CAN-001890
union_standard_time,5588012,승용-경형,기능정비,엔진 부품,"엔진 ASSY(DOHC,쇼트엔진)",오버홀,CAN-001891
union_standard_time,5598001,승용-경형,기능정비,엔진 부품,실린더헤드(SOHC),탈착,CAN-001557
union_standard_time,5598001,승용-경형,기능정비,엔진 부품,실린더헤드(SOHC),교환,CAN-001555
union_standard_time,5598001,승용-경형,기능정비,엔진 부품,실린더헤드(SOHC),오버홀,CAN-001556
union_standard_time,5598002,승용-경형,기능정비,엔진 부품,실린더헤드(DOHC),탈착,CAN-001554
union_standard_time,5598002,승용-경형,기능정비,엔진 부품,실린더헤드(DOHC),교환,CAN-001552
union_standard_time,5599015,승용-경형,기능정비,엔진 부품,엔진 마운틴 및 브라켓(앞),탈착,CAN-001970
union_standard_time,5599015,승용-경형,기능정비,엔진 부품,엔진 마운틴 및 브라켓(앞),교환,CAN-001969
union_standard_time,5599016,승용-경형,기능정비,엔진 부품,엔진 마운틴 및 브라켓(뒤),탈착,CAN-001958
union_standard_time,5599016,승용-경형,기능정비,엔진 부품,엔진 마운틴 및 브라켓(뒤),교환,CAN-001957
union_standard_time,5599311,승용-경형,기능정비,엔진 부품,엔진 마운틴 및 브라켓(좌측),탈착,CAN-001980
union_standard_time,5599311,승용-경형,기능정비,엔진 부품,엔진 마운틴 및 브라켓(좌측),교환,CAN-001979
union_standard_time,5599413,승용-경형,기능정비,엔진 부품,엔진 마운틴 및 브라켓(우측),탈착,CAN-001976
union_standard_time,5599413,승용-경형,기능정비,엔진 부품,엔진 마운틴 및 브라켓(우측),교환,CAN-001975
union_standard_time,5608001,승용-경형,기능정비,엔진 부품,타이밍커버,탈착,CAN-002673
union_standard_time,5608001,승용-경형,기능정비,엔진 부품,타이밍커버,교환,CAN-002672
union_standard_time,5618001,승용-경형,소모품 및 하체정비,소모품,에어크리너,탈착,CAN-001867
union_standard_time,5618001,승용-경형,소모품 및 하체정비,소모품,에어크리너,교환,CAN-001866
union_standard_time,5618005,승용-경형,기능정비,엔진 부품,레죠네이터,탈착,CAN-000377
union_standard_time,5618005,승용-경형,기능정비,엔진 부품,레죠네이터,교환,CAN-000376
union_standard_time,5618010,승용-경형,기능정비,엔진 부품,드로틀바디,탈착,CAN-000262
union_standard_time,5618010,승용-경형,기능정비,엔진 부품,드로틀바디,교환,CAN-000261
union_standard_time,5628002,승용-경형,기능정비,엔진 부품,인젝터NO1,탈착,CAN-002281
union_standard_time,5628002,승용-경형,기능정비,엔진 부품,인젝터NO1,교환,CAN-002280
union_standard_time,5628003,승용-경형,기능정비,전기 및 램프,인젝터NO2,탈착,CAN-002283
union_standard_time,5628003,승용-경형,기능정비,전기 및 램프,인젝터NO2,교환,CAN-002282
union_standard_time,5628004,승용-경형,기능정비,엔진 부품,인젝터NO3,탈착,CAN-002285
union_standard_time,5628004,승용-경형,기능정비,엔진 부품,인젝터NO3,교환,CAN-002284
union_standard_time,5628005,승용-경형,기능정비,엔진 부품,인젝터NO4,탈착,CAN-002287
union_standard_time,5628005,승용-경형,기능정비,엔진 부품,인젝터NO4,교환,CAN-002286
union_standard_time,5638001,승용-경형,소모품 및 하체정비,오일류,엔진오일팬,탈착,CAN-001993
union_standard_time,5638001,승용-경형,소모품 및 하체정비,오일류,엔진오일팬,교환,CAN-001992
union_standard_time,5638006,승용-경형,소모품 및 하체정비,오일류,엔진오일 펌프,탈착,CAN-001999
union_standard_time,5638006,승용-경형,소모품 및 하체정비,오일류,엔진오일 펌프,교환,CAN-001998
union_standard_time,5638009,승용-경형,기능정비,엔진 부품,워터펌프,탈착,CAN-002230
union_standard_time,5638009,승용-경형,기능정비,엔진 부품,워터펌프,교환,CAN-002229
union_standard_time,5638017,승용-경형,기능정비,엔진 부품,딜리버리 파이프,탈착,CAN-000307
union_standard_time,5638017,승용-경형,기능정비,엔진 부품,딜리버리 파이프,교환,CAN-000306
union_standard_time,5638019,승용-경형,소모품 및 하체정비,하체 부품,파워스티어링 펌프,탈착,CAN-002852
union_standard_time,5638019,승용-경형,소모품 및 하체정비,하체 부품,파워스티어링 펌프,교환,CAN-002851
union_standard_time,5638020,승용-경형,소모품 및 하체정비,하체 부품,파워스티어링 리저브탱크,탈착,CAN-002837
union_standard_time,5638020,승용-경형,소모품 및 하체정비,하체 부품,파워스티어링 리저브탱크,교환,CAN-002836
union_standard_time,5648001,승용-경형,기능정비,엔진 부품,흡기매니홀드,탈착,CAN-003434
union_standard_time,5648001,승용-경형,기능정비,엔진 부품,흡기매니홀드,교환,CAN-003433
union_standard_time,5648006,승용-경형,기능정비,엔진 부품,배기매니홀드,탈착,CAN-000903
union_standard_time,5648006,승용-경형,기능정비,엔진 부품,배기매니홀드,교환,CAN-000902
union_standard_time,5658003,승용-경형,기능정비,엔진 부품,배기파이프1번(프론트),탈착,CAN-000929
union_standard_time,5658003,승용-경형,기능정비,엔진 부품,배기파이프1번(프론트),교환,CAN-000928
union_standard_time,5658008,승용-경형,기능정비,엔진 부품,배기파이프2번(미들),탈착,CAN-000933
union_standard_time,5658008,승용-경형,기능정비,엔진 부품,배기파이프2번(미들),교환,CAN-000932
union_standard_time,5658010,승용-경형,기능정비,엔진 부품,배기파이프3번(머플러),탈착,CAN-000939
union_standard_time,5658010,승용-경형,기능정비,엔진 부품,배기파이프3번(머플러),교환,CAN-000938
union_standard_time,5658018,승용-경형,기능정비,엔진 부품,카탈리스트 컨버터,탈착,CAN-002465
union_standard_time,5658018,승용-경형,기능정비,엔진 부품,카탈리스트 컨버터,교환,CAN-002464
union_standard_time,5668001,승용-경형,기능정비,엔진 부품,연료탱크,탈착,CAN-002034
union_standard_time,5668001,승용-경형,기능정비,엔진 부품,연료탱크,교환,CAN-002032
union_standard_time,5668001,승용-경형,기능정비,엔진 부품,연료탱크,오버홀,CAN-002033
union_standard_time,5668016,승용-경형,기능정비,엔진 부품,LPG봄베,탈착,CAN-000082
union_standard_time,5668016,승용-경형,기능정비,엔진 부품,LPG봄베,교환,CAN-000081
union_standard_time,5668017,승용-경형,기능정비,엔진 부품,LPG 믹서,탈착,CAN-000080
union_standard_time,5668017,승용-경형,기능정비,엔진 부품,LPG 믹서,교환,CAN-000079
union_standard_time,5668018,승용-경형,기능정비,엔진 부품,베이퍼라이져,탈착,CAN-001031
union_standard_time,5668018,승용-경형,기능정비,엔진 부품,베이퍼라이져,교환,CAN-001030
union_standard_time,5678006,승용-경형,기능정비,엔진 부품,인터쿨러,탈착,CAN-002299
union_standard_time,5678006,승용-경형,기능정비,엔진 부품,인터쿨러,교환,CAN-002298
union_standard_time,7688001,승용-경형,기능정비,엔진 부품,트랜스미션(M/T),탈착,CAN-002732
union_standard_time,7688001,승용-경형,기능정비,엔진 부품,트랜스미션(M/T),교환,CAN-002730
union_standard_time,7688001,승용-경형,기능정비,엔진 부품,트랜스미션(M/T),오버홀,CAN-002731
union_standard_time,7688002,승용-경형,기능정비,엔진 부품,트랜스미션(A/T),탈착,CAN-002725
union_standard_time,7688002,승용-경형,기능정비,엔진 부품,트랜스미션(A/T),교환,CAN-002723
union_standard_time,7688002,승용-경형,기능정비,엔진 부품,트랜스미션(A/T),오버홀,CAN-002724
union_standard_time,7688007,승용-경형,소모품 및 하체정비,오일류,자동변속기오일팬,탈착,CAN-002305
union_standard_time,7688007,승용-경형,소모품 및 하체정비,오일류,자동변속기오일팬,교환,CAN-002304
union_standard_time,7688011,승용-경형,소모품 및 하체정비,오일류,트랜스미션(A/T)오일팬,탈착,CAN-002729
union_standard_time,7688011,승용-경형,소모품 및 하체정비,오일류,트랜스미션(A/T)오일팬,교환,CAN-002728
union_standard_time,7689017,승용-경형,기능정비,엔진 부품,체인지레버(M/T),탈착,CAN-002427
union_standard_time,7689017,승용-경형,기능정비,엔진 부품,체인지레버(M/T),교환,CAN-002426
union_standard_time,7689018,승용-경형,기능정비,엔진 부품,체인지레버(A/T),탈착,CAN-002425
union_standard_time,7689018,승용-경형,기능정비,엔진 부품,체인지레버(A/T),교환,CAN-002424
union_standard_time,7689021,승용-경형,기능정비,엔진 부품,체인지레버 케이블 및 로드,탈착,CAN-002435
union_standard_time,7689021,승용-경형,기능정비,엔진 부품,체인지레버 케이블 및 로드,교환,CAN-002434
union_standard_time,7698310,승용-경형,소모품 및 하체정비,하체 부품,프론트 서스펜션ASSY(좌측),탈착,CAN-003068
union_standard_time,7698310,승용-경형,소모품 및 하체정비,하체 부품,프론트 서스펜션ASSY(좌측),교환,CAN-003066
union_standard_time,7698310,승용-경형,소모품 및 하체정비,하체 부품,프론트 서스펜션ASSY(좌측),오버홀,CAN-003067
union_standard_time,7698411,승용-경형,소모품 및 하체정비,하체 부품,프론트 서스펜션ASSY(우측),탈착,CAN-003065
union_standard_time,7698411,승용-경형,소모품 및 하체정비,하체 부품,프론트 서스펜션ASSY(우측),교환,CAN-003063
union_standard_time,7698411,승용-경형,소모품 및 하체정비,하체 부품,프론트 서스펜션ASSY(우측),오버홀,CAN-003064
union_standard_time,7698501,승용-경형,기능정비,엔진 부품,"등속조인트(앞,좌)",탈착,CAN-000276
union_standard_time,7698501,승용-경형,기능정비,엔진 부품,"등속조인트(앞,좌)",교환,CAN-000275
union_standard_time,7698602,승용-경형,기능정비,엔진 부품,"등속조인트(앞,우)",탈착,CAN-000274
union_standard_time,7698602,승용-경형,기능정비,엔진 부품,"등속조인트(앞,우)",교환,CAN-000273
union_standard_time,7709501,승용-경형,기능정비,엔진 부품,쇽업쇼버(앞좌),오버홀,CAN-001348
union_standard_time,7709602,승용-경형,기능정비,엔진 부품,쇽업쇼버(앞우),오버홀,CAN-001345
union_standard_time,7718002,승용-경형,소모품 및 하체정비,하체 부품,엔진 크로스멤버,탈착,CAN-002008
union_standard_time,7718002,승용-경형,소모품 및 하체정비,하체 부품,엔진 크로스멤버,교환,CAN-002007
union_standard_time,7718018,승용-경형,기능정비,엔진 부품,서브 프레임ASSY,탈착,CAN-001264
union_standard_time,7718018,승용-경형,기능정비,엔진 부품,서브 프레임ASSY,교환,CAN-001263
union_standard_time,7718019,승용-경형,소모품 및 하체정비,하체 부품,센터멤버,탈착,CAN-001292
union_standard_time,7718019,승용-경형,소모품 및 하체정비,하체 부품,센터멤버,교환,CAN-001291
union_standard_time,7718020,승용-경형,기능정비,엔진 부품,리어 액슬빔(FF형),탈착,CAN-000693
union_standard_time,7718020,승용-경형,기능정비,엔진 부품,리어 액슬빔(FF형),교환,CAN-000691
union_standard_time,7718020,승용-경형,기능정비,엔진 부품,리어 액슬빔(FF형),오버홀,CAN-000692
union_standard_time,7718134,승용-경형,기능정비,엔진 부품,스테빌라이져(앞),탈착,CAN-001364
union_standard_time,7718134,승용-경형,기능정비,엔진 부품,스테빌라이져(앞),교환,CAN-001363
union_standard_time,7718303,승용-경형,소모품 및 하체정비,하체 부품,엔진크로스멤버(좌측),탈착,CAN-002012
union_standard_time,7718303,승용-경형,소모품 및 하체정비,하체 부품,엔진크로스멤버(좌측),교환,CAN-002011
union_standard_time,7718404,승용-경형,소모품 및 하체정비,하체 부품,엔진크로스멤버(우측),탈착,CAN-002010
union_standard_time,7718404,승용-경형,소모품 및 하체정비,하체 부품,엔진크로스멤버(우측),교환,CAN-002009
union_standard_time,7719510,승용-경형,소모품 및 하체정비,하체 부품,허브(앞좌),오버홀,CAN-003265
union_standard_time,7719611,승용-경형,소모품 및 하체정비,하체 부품,허브(앞우),오버홀,CAN-003263
union_standard_time,7719712,승용-경형,소모품 및 하체정비,하체 부품,허브(뒤좌),오버홀,CAN-003261
union_standard_time,7719813,승용-경형,소모품 및 하체정비,하체 부품,허브(뒤우),오버홀,CAN-003259
union_standard_time,7728027,승용-경형,소모품 및 하체정비,하체 부품,스티어링 컬럼ASSY,탈착,CAN-001401
union_standard_time,7728027,승용-경형,소모품 및 하체정비,하체 부품,스티어링 컬럼ASSY,교환,CAN-001400
union_standard_time,7728031,승용-경형,소모품 및 하체정비,하체 부품,파워스티어링기어,탈착,CAN-002834
union_standard_time,7728031,승용-경형,소모품 및 하체정비,하체 부품,파워스티어링기어,교환,CAN-002833
union_standard_time,7728033,승용-경형,소모품 및 하체정비,하체 부품,메뉴얼스티어링기어,탈착,CAN-000833
union_standard_time,7728033,승용-경형,소모품 및 하체정비,하체 부품,메뉴얼스티어링기어,교환,CAN-000832
union_standard_time,7728045,승용-경형,기능정비,전기 및 램프,ABS 하이드로릭 유니트,탈착,CAN-000010
union_standard_time,7728045,승용-경형,기능정비,전기 및 램프,ABS 하이드로릭 유니트,교환,CAN-000009
union_standard_time,7728051,승용-경형,소모품 및 하체정비,브레이크/타이어,브레이크부스터&마스터 실린더,탈착,CAN-001085
union_standard_time,7728051,승용-경형,소모품 및 하체정비,브레이크/타이어,브레이크부스터&마스터 실린더,교환,CAN-001084
union_standard_time,7728052,승용-경형,소모품 및 하체정비,브레이크/타이어,브레이크마스터실린더,탈착,CAN-001081
union_standard_time,7728052,승용-경형,소모품 및 하체정비,브레이크/타이어,브레이크마스터실린더,교환,CAN-001080
union_standard_time,7728054,승용-경형,소모품 및 하체정비,브레이크/타이어,브레이크 및 클러치페달,탈착,CAN-001083
union_standard_time,7728054,승용-경형,소모품 및 하체정비,브레이크/타이어,브레이크 및 클러치페달,교환,CAN-001082
union_standard_time,7728055,승용-경형,소모품 및 하체정비,브레이크/타이어,브레이크&엑셀페달 ASSY,탈착,CAN-001075
union_standard_time,7728055,승용-경형,소모품 및 하체정비,브레이크/타이어,브레이크&엑셀페달 ASSY,교환,CAN-001074
union_standard_time,7728056,승용-경형,기능정비,엔진 부품,악셀레이터 패달,탈착,CAN-001605
union_standard_time,7728056,승용-경형,기능정비,엔진 부품,악셀레이터 패달,교환,CAN-001604
union_standard_time,7728057,승용-경형,소모품 및 하체정비,브레이크/타이어,브레이크페달 및 브라켓,탈착,CAN-001122
union_standard_time,7728057,승용-경형,소모품 및 하체정비,브레이크/타이어,브레이크페달 및 브라켓,교환,CAN-001121
union_standard_time,7728058,승용-경형,기능정비,엔진 부품,클러치페달 및 브라켓,탈착,CAN-002637
union_standard_time,7728058,승용-경형,기능정비,엔진 부품,클러치페달 및 브라켓,교환,CAN-002636
union_standard_time,7728066,승용-경형,기능정비,엔진 부품,클러치 마스터 실린더,탈착,CAN-002627
union_standard_time,7728066,승용-경형,기능정비,엔진 부품,클러치 마스터 실린더,교환,CAN-002626
union_standard_time,7728067,승용-경형,기능정비,엔진 부품,클러치 케이블,탈착,CAN-002633
union_standard_time,7728067,승용-경형,기능정비,엔진 부품,클러치 케이블,교환,CAN-002632
union_standard_time,7728070,승용-경형,기능정비,엔진 부품,패달ASSY(M/T),탈착,CAN-002894
union_standard_time,7728070,승용-경형,기능정비,엔진 부품,패달ASSY(M/T),교환,CAN-002893
union_standard_time,7728343,승용-경형,소모품 및 하체정비,하체 부품,타이로드엔드(좌측),탈착,CAN-002647
union_standard_time,7728343,승용-경형,소모품 및 하체정비,하체 부품,타이로드엔드(좌측),교환,CAN-002646
union_standard_time,7728444,승용-경형,소모품 및 하체정비,하체 부품,타이로드엔드(우측),탈착,CAN-002645
union_standard_time,7728444,승용-경형,소모품 및 하체정비,하체 부품,타이로드엔드(우측),교환,CAN-002644
union_standard_time,7728508,승용-경형,소모품 및 하체정비,브레이크/타이어,"타이어(앞,좌)",교환,CAN-002694
union_standard_time,7728609,승용-경형,소모품 및 하체정비,브레이크/타이어,"타이어(앞,우)",교환,CAN-002693
union_standard_time,7728710,승용-경형,소모품 및 하체정비,브레이크/타이어,"타이어(뒤,좌)",교환,CAN-002691
union_standard_time,7728811,승용-경형,소모품 및 하체정비,브레이크/타이어,"타이어(뒤,우)",교환,CAN-002690
union_standard_time,7729026,승용-경형,소모품 및 하체정비,하체 부품,스티어링 휠,탈착,CAN-001407
union_standard_time,7729026,승용-경형,소모품 및 하체정비,하체 부품,스티어링 휠,교환,CAN-001406
union_standard_time,7729060,승용-경형,소모품 및 하체정비,브레이크/타이어,사이드 브레이크(핸드식),탈착,CAN-001173
union_standard_time,7729060,승용-경형,소모품 및 하체정비,브레이크/타이어,사이드 브레이크(핸드식),교환,CAN-001172
union_standard_time,7729061,승용-경형,소모품 및 하체정비,브레이크/타이어,사이드 브레이크(족동식),탈착,CAN-001171
union_standard_time,7729061,승용-경형,소모품 및 하체정비,브레이크/타이어,사이드 브레이크(족동식),교환,CAN-001170
union_standard_time,7729546,승용-경형,기능정비,전기 및 램프,"ABS 센서(앞,좌)",탈착,CAN-000008
union_standard_time,7729546,승용-경형,기능정비,전기 및 램프,"ABS 센서(앞,좌)",교환,CAN-000007
union_standard_time,7729647,승용-경형,기능정비,전기 및 램프,"ABS 센서(앞,우)",탈착,CAN-000006
union_standard_time,7729647,승용-경형,기능정비,전기 및 램프,"ABS 센서(앞,우)",교환,CAN-000005
union_standard_time,7729748,승용-경형,기능정비,전기 및 램프,"ABS 센서(뒤,좌)",탈착,CAN-000004
union_standard_time,7729748,승용-경형,기능정비,전기 및 램프,"ABS 센서(뒤,좌)",교환,CAN-000003
union_standard_time,7729849,승용-경형,기능정비,전기 및 램프,"ABS 센서(뒤,우)",탈착,CAN-000002
union_standard_time,7729849,승용-경형,기능정비,전기 및 램프,"ABS 센서(뒤,우)",교환,CAN-000001
union_standard_time,7738003,승용-경형,소모품 및 하체정비,브레이크/타이어,휠 얼라인먼트(전자식),조정,CAN-003401
union_standard_time,7738004,승용-경형,소모품 및 하체정비,브레이크/타이어,휠 얼라인먼트(기계식),조정,CAN-003399
union_standard_time,7738516,승용-경형,소모품 및 하체정비,브레이크/타이어,"브레이크 캘리퍼(앞,좌측)",탈착,CAN-001112
union_standard_time,7738617,승용-경형,소모품 및 하체정비,브레이크/타이어,"브레이크 캘리퍼(앞,우측)",탈착,CAN-001109
union_standard_time,7738718,승용-경형,소모품 및 하체정비,브레이크/타이어,"브레이크 캘리퍼(뒤,좌측)",탈착,CAN-001106
union_standard_time,7738819,승용-경형,소모품 및 하체정비,브레이크/타이어,"브레이크 캘리퍼(뒤,우측)",탈착,CAN-001103
union_standard_time,3568029,승용-경형,소모품 및 하체정비,브레이크/타이어,예비타이어 공구함탈착,탈착,CAN-002152
union_standard_time,7748001,승용-경형,기능정비,엔진 부품,차량크리닝(도장작업시),탈착,CAN-002395
union_standard_time,7738021,승용-경형,소모품 및 하체정비,브레이크/타이어,브레이크 에어빼기,조정,CAN-001091
union_standard_time,7738022,승용-경형,기능정비,전기 및 램프,브레이크 에어빼기(ABS),조정,CAN-001090
union_standard_time,1028109,승용-경형,기능정비,엔진 부품,라디에이터그릴(상부커버),탈착,CAN-000329
union_standard_time,1069321,승용-경형,기능정비,엔진 부품,프론트 휀다 가니쉬(좌측),탈착,CAN-003184
union_standard_time,1069422,승용-경형,기능정비,엔진 부품,프론트 휀다 가니쉬(우측),탈착,CAN-003182
union_standard_time,1069387,승용-경형,기능정비,엔진 부품,리어 휀다 가니쉬(좌측),탈착,CAN-000772
union_standard_time,1069488,승용-경형,기능정비,엔진 부품,리어 휀다 가니쉬(우측),탈착,CAN-000771
union_standard_time,1129321,승용-경형,판금/도장정비,판금(탈부착),프론트 도어 가니쉬(좌측),탈착,CAN-002936
union_standard_time,1129422,승용-경형,판금/도장정비,판금(탈부착),프론트 도어 가니쉬(우측),탈착,CAN-002935
union_standard_time,1139321,승용-경형,판금/도장정비,판금(탈부착),리어 도어 가니쉬(좌측),탈착,CAN-000493
union_standard_time,1139422,승용-경형,판금/도장정비,판금(탈부착),리어 도어 가니쉬(우측),탈착,CAN-000492
union_standard_time,3569030,승용-경형,판금/도장정비,판금(탈부착),에어덕트(범퍼탈착시),탈착,CAN-001763
union_standard_time,3559234,승용-경형,판금/도장정비,판금(탈부착),트렁크룸내 매트(뒤범퍼탈착시),탈착,CAN-002753
union_standard_time,5678010,승용-경형,기능정비,엔진 부품,엔진룸 커버,탈착,CAN-001941
union_standard_time,5679015,승용-경형,기능정비,엔진 부품,엔진룸 커버(볼트형),탈착,CAN-001942
union_standard_time,1018101,승용-소형,판금/도장정비,판금(탈부착),프론트 범퍼,탈착,CAN-002997
union_standard_time,1018101,승용-소형,판금/도장정비,판금(탈부착),프론트 범퍼,교환,CAN-002995
union_standard_time,1018101,승용-소형,판금/도장정비,판금(탈부착),프론트 범퍼,오버홀,CAN-002996
union_standard_time,1018113,승용-소형,판금/도장정비,판금(탈부착),프론트 범퍼 커버,탈착,CAN-003025
union_standard_time,1018113,승용-소형,판금/도장정비,판금(탈부착),프론트 범퍼 커버,교환,CAN-003023
union_standard_time,1018113,승용-소형,판금/도장정비,판금(탈부착),프론트 범퍼 커버,오버홀,CAN-003024
union_standard_time,1018114,승용-소형,판금/도장정비,판금(탈부착),프론트 범퍼 레일,탈착,CAN-002999
union_standard_time,1018114,승용-소형,판금/도장정비,판금(탈부착),프론트 범퍼 레일,교환,CAN-002998
union_standard_time,1019321,승용-소형,판금/도장정비,판금(탈부착),프론트범퍼 사이드브라켓(좌측),탈착,CAN-003014
union_standard_time,1019321,승용-소형,판금/도장정비,판금(탈부착),프론트범퍼 사이드브라켓(좌측),교환,CAN-003013
union_standard_time,1019422,승용-소형,판금/도장정비,판금(탈부착),프론트범퍼 사이드브라켓(우측),탈착,CAN-003012
union_standard_time,1019422,승용-소형,판금/도장정비,판금(탈부착),프론트범퍼 사이드브라켓(우측),교환,CAN-003011
union_standard_time,1028101,승용-소형,기능정비,엔진 부품,라디에이터그릴,탈착,CAN-000320
union_standard_time,1028101,승용-소형,기능정비,엔진 부품,라디에이터그릴,교환,CAN-000318
union_standard_time,1028101,승용-소형,기능정비,엔진 부품,라디에이터그릴,오버홀,CAN-000319
union_standard_time,1038101,승용-소형,판금/도장정비,판금(탈부착),후드,탈착,CAN-003318
union_standard_time,1038101,승용-소형,판금/도장정비,판금(탈부착),후드,교환,CAN-003316
union_standard_time,1038101,승용-소형,판금/도장정비,판금(탈부착),후드,오버홀,CAN-003317
union_standard_time,1039106,승용-소형,판금/도장정비,판금(탈부착),후드 록크,탈착,CAN-003321
union_standard_time,1039106,승용-소형,판금/도장정비,판금(탈부착),후드 록크,교환,CAN-003320
union_standard_time,1039107,승용-소형,판금/도장정비,판금(탈부착),후드 케이블,탈착,CAN-003357
union_standard_time,1039107,승용-소형,판금/도장정비,판금(탈부착),후드 케이블,교환,CAN-003356
union_standard_time,1039108,승용-소형,판금/도장정비,판금(탈부착),후드 인슐레이션,탈착,CAN-003353
union_standard_time,1039108,승용-소형,판금/도장정비,판금(탈부착),후드 인슐레이션,교환,CAN-003352
union_standard_time,1039302,승용-소형,판금/도장정비,판금(탈부착),후드 힌지(좌측),탈착,CAN-003363
union_standard_time,1039302,승용-소형,판금/도장정비,판금(탈부착),후드 힌지(좌측),교환,CAN-003362
union_standard_time,1039403,승용-소형,판금/도장정비,판금(탈부착),후드 힌지(우측),탈착,CAN-003361
union_standard_time,1039403,승용-소형,판금/도장정비,판금(탈부착),후드 힌지(우측),교환,CAN-003360
union_standard_time,1048101,승용-소형,판금/도장정비,판금(탈부착),프론트 패널 ASSY,탈착,CAN-003129
union_standard_time,1048101,승용-소형,판금/도장정비,판금(탈부착),프론트 패널 ASSY,교환,CAN-003128
union_standard_time,1048102,승용-소형,판금/도장정비,판금(탈부착),프론트 패널 ASSY(조립식),탈착,CAN-003134
union_standard_time,1048102,승용-소형,판금/도장정비,판금(탈부착),프론트 패널 ASSY(조립식),교환,CAN-003132
union_standard_time,1048103,승용-소형,판금/도장정비,판금(탈부착),프론트 어퍼 및 사이드 서포트,교환,CAN-003107
union_standard_time,1048108,승용-소형,판금/도장정비,판금(탈부착),프론트패널 그룹,교환,CAN-003136
union_standard_time,1048117,승용-소형,기능정비,엔진 부품,스티프너 ASSY,탈착,CAN-001409
union_standard_time,1048117,승용-소형,기능정비,엔진 부품,스티프너 ASSY,교환,CAN-001408
union_standard_time,1048132,승용-소형,소모품 및 하체정비,하체 부품,라디에이터멤버,교환,CAN-000339
union_standard_time,1048135,승용-소형,소모품 및 하체정비,하체 부품,프론트 엔드 크로스멤버,교환,CAN-003114
union_standard_time,1048137,승용-소형,판금/도장정비,판금(탈부착),스커트패널,교환,CAN-001356
union_standard_time,1058301,승용-소형,기능정비,전기 및 램프,헤드램프(좌측),탈착,CAN-003301
union_standard_time,1058301,승용-소형,기능정비,전기 및 램프,헤드램프(좌측),교환,CAN-003300
union_standard_time,1058320,승용-소형,기능정비,전기 및 램프,시그널램프(좌측),탈착,CAN-001503
union_standard_time,1058320,승용-소형,기능정비,전기 및 램프,시그널램프(좌측),교환,CAN-001502
union_standard_time,1058402,승용-소형,기능정비,전기 및 램프,헤드램프(우측),탈착,CAN-003299
union_standard_time,1058402,승용-소형,기능정비,전기 및 램프,헤드램프(우측),교환,CAN-003298
union_standard_time,1058421,승용-소형,기능정비,전기 및 램프,시그널램프(우측),탈착,CAN-001501
union_standard_time,1058421,승용-소형,기능정비,전기 및 램프,시그널램프(우측),교환,CAN-001500
union_standard_time,1059119,승용-소형,기능정비,전기 및 램프,헤드램프 가니쉬(일체형),탈착,CAN-003272
union_standard_time,1059119,승용-소형,기능정비,전기 및 램프,헤드램프 가니쉬(일체형),교환,CAN-003271
union_standard_time,1059305,승용-소형,기능정비,전기 및 램프,"헤드램프브라켓(수리킷,좌#1)",교환,CAN-003283
union_standard_time,1059317,승용-소형,기능정비,전기 및 램프,헤드램프 가니쉬(좌측),탈착,CAN-003274
union_standard_time,1059317,승용-소형,기능정비,전기 및 램프,헤드램프 가니쉬(좌측),교환,CAN-003273
union_standard_time,1059326,승용-소형,기능정비,전기 및 램프,포그램프(좌측),탈착,CAN-002911
union_standard_time,1059326,승용-소형,기능정비,전기 및 램프,포그램프(좌측),교환,CAN-002910
union_standard_time,1059409,승용-소형,기능정비,전기 및 램프,"헤드램프브라켓(수리킷,우#1)",교환,CAN-003279
union_standard_time,1059418,승용-소형,기능정비,전기 및 램프,헤드램프 가니쉬(우측),탈착,CAN-003270
union_standard_time,1059418,승용-소형,기능정비,전기 및 램프,헤드램프 가니쉬(우측),교환,CAN-003269
union_standard_time,1059427,승용-소형,기능정비,전기 및 램프,포그램프(우측),탈착,CAN-002909
union_standard_time,1059427,승용-소형,기능정비,전기 및 램프,포그램프(우측),교환,CAN-002908
union_standard_time,1068301,승용-소형,기능정비,엔진 부품,프론트 휀다(좌측),탈착,CAN-003192
union_standard_time,1068301,승용-소형,기능정비,엔진 부품,프론트 휀다(좌측),교환,CAN-003191
union_standard_time,1068325,승용-소형,소모품 및 하체정비,브레이크/타이어,프론트 휠 하우스ASSY(좌측),교환,CAN-003198
union_standard_time,1068343,승용-소형,소모품 및 하체정비,브레이크/타이어,휠하우스 브레이스(좌측),교환,CAN-003417
union_standard_time,1068357,승용-소형,소모품 및 하체정비,하체 부품,프론트 사이드 멤버ASSY(좌측),교환,CAN-003034
union_standard_time,1068403,승용-소형,기능정비,엔진 부품,프론트 휀다(우측),탈착,CAN-003190
union_standard_time,1068403,승용-소형,기능정비,엔진 부품,프론트 휀다(우측),교환,CAN-003189
union_standard_time,1068434,승용-소형,소모품 및 하체정비,브레이크/타이어,프론트 휠 하우스ASSY(우측),교환,CAN-003197
union_standard_time,1068449,승용-소형,소모품 및 하체정비,브레이크/타이어,휠하우스 브레이스(우측),교환,CAN-003415
union_standard_time,1068463,승용-소형,소모품 및 하체정비,하체 부품,프론트 사이드 멤버ASSY(우측),교환,CAN-003033
union_standard_time,1068527,승용-소형,소모품 및 하체정비,브레이크/타이어,"프론트 휠 하우스(앞부분,좌)",교환,CAN-003202
union_standard_time,1068558,승용-소형,소모품 및 하체정비,하체 부품,"프론트사이드 멤버(앞부분,좌)",교환,CAN-003049
union_standard_time,1068636,승용-소형,소모품 및 하체정비,브레이크/타이어,"프론트 휠 하우스(앞부분,우)",교환,CAN-003201
union_standard_time,1068664,승용-소형,소모품 및 하체정비,하체 부품,"프론트사이드 멤버(앞부분,우)",교환,CAN-003047
union_standard_time,1069309,승용-소형,소모품 및 하체정비,브레이크/타이어,프론트 휠 가드(좌측),탈착,CAN-003196
union_standard_time,1069309,승용-소형,소모품 및 하체정비,브레이크/타이어,프론트 휠 가드(좌측),교환,CAN-003195
union_standard_time,1069311,승용-소형,소모품 및 하체정비,브레이크/타이어,리어 휠가드(좌측),탈착,CAN-000805
union_standard_time,1069311,승용-소형,소모품 및 하체정비,브레이크/타이어,리어 휠가드(좌측),교환,CAN-000804
union_standard_time,1069410,승용-소형,소모품 및 하체정비,브레이크/타이어,프론트 휠 가드(우측),탈착,CAN-003194
union_standard_time,1069410,승용-소형,소모품 및 하체정비,브레이크/타이어,프론트 휠 가드(우측),교환,CAN-003193
union_standard_time,1069412,승용-소형,소모품 및 하체정비,브레이크/타이어,리어 휠가드(우측),탈착,CAN-000803
union_standard_time,1069412,승용-소형,소모품 및 하체정비,브레이크/타이어,리어 휠가드(우측),교환,CAN-000802
union_standard_time,1078001,승용-소형,기능정비,엔진 부품,카울그릴,탈착,CAN-002437
union_standard_time,1078001,승용-소형,기능정비,엔진 부품,카울그릴,교환,CAN-002436
union_standard_time,1078002,승용-소형,판금/도장정비,판금(탈부착),카울패널,교환,CAN-002454
union_standard_time,1078004,승용-소형,판금/도장정비,판금(탈부착),카울언더패널,탈착,CAN-002447
union_standard_time,1078004,승용-소형,판금/도장정비,판금(탈부착),카울언더패널,교환,CAN-002446
union_standard_time,1078011,승용-소형,기능정비,엔진 부품,카울언더커버,탈착,CAN-002443
union_standard_time,1078011,승용-소형,기능정비,엔진 부품,카울언더커버,교환,CAN-002442
union_standard_time,1078014,승용-소형,판금/도장정비,판금(탈부착),대쉬패널,교환,CAN-000144
union_standard_time,1078024,승용-소형,소모품 및 하체정비,하체 부품,카울 크로스멤버,탈착,CAN-002449
union_standard_time,1078024,승용-소형,소모품 및 하체정비,하체 부품,카울 크로스멤버,교환,CAN-002448
union_standard_time,1078026,승용-소형,소모품 및 하체정비,하체 부품,카울 크로스멤버(용접식),교환,CAN-002450
union_standard_time,1078306,승용-소형,판금/도장정비,판금(탈부착),카울사이드패널(좌측),교환,CAN-002441
union_standard_time,1078409,승용-소형,판금/도장정비,판금(탈부착),카울사이드패널(우측),교환,CAN-002440
union_standard_time,1088301,승용-소형,기능정비,엔진 부품,프론트 필러 ASSY(좌측),교환,CAN-003160
union_standard_time,1088302,승용-소형,기능정비,엔진 부품,"프론트 필러(외측,좌)",교환,CAN-003170
union_standard_time,1088307,승용-소형,기능정비,엔진 부품,윈도우 필러(좌측),교환,CAN-002239
union_standard_time,1088410,승용-소형,기능정비,엔진 부품,프론트 필러 ASSY(우측),교환,CAN-003159
union_standard_time,1088411,승용-소형,기능정비,엔진 부품,"프론트 필러(외측,우)",교환,CAN-003169
union_standard_time,1088416,승용-소형,기능정비,엔진 부품,윈도우 필러(우측),교환,CAN-002237
union_standard_time,1128301,승용-소형,판금/도장정비,판금(탈부착),프론트 도어(좌측),탈착,CAN-002970
union_standard_time,1128301,승용-소형,판금/도장정비,판금(탈부착),프론트 도어(좌측),교환,CAN-002968
union_standard_time,1128301,승용-소형,판금/도장정비,판금(탈부착),프론트 도어(좌측),오버홀,CAN-002969
union_standard_time,1128406,승용-소형,판금/도장정비,판금(탈부착),프론트 도어(우측),탈착,CAN-002954
union_standard_time,1128406,승용-소형,판금/도장정비,판금(탈부착),프론트 도어(우측),교환,CAN-002952
union_standard_time,1128406,승용-소형,판금/도장정비,판금(탈부착),프론트 도어(우측),오버홀,CAN-002953
union_standard_time,1138301,승용-소형,판금/도장정비,판금(탈부착),리어 도어(좌측),탈착,CAN-000513
union_standard_time,1138301,승용-소형,판금/도장정비,판금(탈부착),리어 도어(좌측),교환,CAN-000511
union_standard_time,1138301,승용-소형,판금/도장정비,판금(탈부착),리어 도어(좌측),오버홀,CAN-000512
union_standard_time,1138407,승용-소형,판금/도장정비,판금(탈부착),리어 도어(우측),탈착,CAN-000504
union_standard_time,1138407,승용-소형,판금/도장정비,판금(탈부착),리어 도어(우측),교환,CAN-000502
union_standard_time,1138407,승용-소형,판금/도장정비,판금(탈부착),리어 도어(우측),오버홀,CAN-000503
union_standard_time,1169301,승용-소형,기능정비,엔진 부품,사이드미러(좌측),탈착,CAN-001156
union_standard_time,1169301,승용-소형,기능정비,엔진 부품,사이드미러(좌측),교환,CAN-001154
union_standard_time,1169404,승용-소형,기능정비,엔진 부품,사이드미러(우측),탈착,CAN-001144
union_standard_time,1169404,승용-소형,기능정비,엔진 부품,사이드미러(우측),교환,CAN-001142
union_standard_time,1178301,승용-소형,기능정비,엔진 부품,센터 필러 ASSY(좌측),교환,CAN-001304
union_standard_time,1178303,승용-소형,기능정비,엔진 부품,"센터 필러(외측,좌)",교환,CAN-001309
union_standard_time,1178405,승용-소형,기능정비,엔진 부품,센터 필러 ASSY(우측),교환,CAN-001303
union_standard_time,1178407,승용-소형,기능정비,엔진 부품,"센터 필러(외측,우)",교환,CAN-001307
union_standard_time,1188301,승용-소형,판금/도장정비,판금(탈부착),사이드스텝패널ASSY(좌측),교환,CAN-001193
union_standard_time,1188302,승용-소형,판금/도장정비,판금(탈부착),"사이드 스텝 패널(외측,좌)",교환,CAN-001200
union_standard_time,1188304,승용-소형,판금/도장정비,판금(탈부착),"사이드스텝패널(부분,외측,좌)",교환,CAN-001197
union_standard_time,1188405,승용-소형,판금/도장정비,판금(탈부착),사이드스텝패널ASSY(우측),교환,CAN-001192
union_standard_time,1188406,승용-소형,판금/도장정비,판금(탈부착),"사이드 스텝 패널(외측,우)",교환,CAN-001198
union_standard_time,1188408,승용-소형,판금/도장정비,판금(탈부착),"사이드스텝패널(부분,외측,우)",교환,CAN-001196
union_standard_time,1208303,승용-소형,기능정비,엔진 부품,"사이드 프레임ASSY(외측,좌)",교환,CAN-001238
union_standard_time,1208305,승용-소형,기능정비,엔진 부품,"사이드 프레임ASSY(일체,좌)",교환,CAN-001240
union_standard_time,1208307,승용-소형,기능정비,엔진 부품,"사이드 프레임(외측,좌) I",교환,CAN-001247
union_standard_time,1208309,승용-소형,기능정비,엔진 부품,"사이드 프레임(일체,좌) I",교환,CAN-001252
union_standard_time,1208311,승용-소형,기능정비,엔진 부품,"사이드 프레임(외측,좌) II",교환,CAN-001246
union_standard_time,1208313,승용-소형,기능정비,엔진 부품,"사이드 프레임(일체,좌) II",교환,CAN-001251
union_standard_time,1208404,승용-소형,기능정비,엔진 부품,"사이드 프레임ASSY(외측,우)",교환,CAN-001237
union_standard_time,1208406,승용-소형,기능정비,엔진 부품,"사이드 프레임ASSY(일체,우)",교환,CAN-001239
union_standard_time,1208408,승용-소형,기능정비,엔진 부품,"사이드 프레임(외측,우) I",교환,CAN-001245
union_standard_time,1208410,승용-소형,기능정비,엔진 부품,"사이드 프레임(일체,우) I",교환,CAN-001250
union_standard_time,1208412,승용-소형,기능정비,엔진 부품,"사이드 프레임(외측,우) II",교환,CAN-001244
union_standard_time,1208414,승용-소형,기능정비,엔진 부품,"사이드 프레임(일체,우) II",교환,CAN-001249
union_standard_time,1218001,승용-소형,판금/도장정비,판금(탈부착),루프패널,교환,CAN-000458
union_standard_time,1218035,승용-소형,기능정비,엔진 부품,인사이드 미러(룸미러),탈착,CAN-002256
union_standard_time,1218035,승용-소형,기능정비,엔진 부품,인사이드 미러(룸미러),교환,CAN-002255
union_standard_time,1219009,승용-소형,판금/도장정비,판금(탈부착),루프 헤더 패널,교환,CAN-000473
union_standard_time,1219010,승용-소형,판금/도장정비,판금(탈부착),루프리어헤더패널,교환,CAN-000398
union_standard_time,1219016,승용-소형,판금/도장정비,판금(탈부착),루프 크로스 레일 NO.1,교환,CAN-000425
union_standard_time,1219017,승용-소형,판금/도장정비,판금(탈부착),루프 크로스 레일 NO.2,교환,CAN-000427
union_standard_time,1219018,승용-소형,판금/도장정비,판금(탈부착),루프 크로스 레일 NO.3,교환,CAN-000429
union_standard_time,1219019,승용-소형,판금/도장정비,판금(탈부착),루프 크로스 레일 NO.4,교환,CAN-000431
union_standard_time,1219027,승용-소형,판금/도장정비,판금(탈부착),루프톱실링,탈착,CAN-000437
union_standard_time,1219027,승용-소형,판금/도장정비,판금(탈부착),루프톱실링,교환,CAN-000436
union_standard_time,1219314,승용-소형,판금/도장정비,판금(탈부착),루프 사이드 레일(좌측),교환,CAN-000407
union_standard_time,1219323,승용-소형,판금/도장정비,판금(탈부착),루프 사이드 몰딩(좌측),탈착,CAN-000411
union_standard_time,1219323,승용-소형,판금/도장정비,판금(탈부착),루프 사이드 몰딩(좌측),교환,CAN-000410
union_standard_time,1219415,승용-소형,판금/도장정비,판금(탈부착),루프 사이드 레일(우측),교환,CAN-000406
union_standard_time,1219425,승용-소형,판금/도장정비,판금(탈부착),루프 사이드 몰딩(우측),탈착,CAN-000409
union_standard_time,1219425,승용-소형,판금/도장정비,판금(탈부착),루프 사이드 몰딩(우측),교환,CAN-000408
union_standard_time,1228201,승용-소형,판금/도장정비,판금(탈부착),리어범퍼,탈착,CAN-000536
union_standard_time,1228201,승용-소형,판금/도장정비,판금(탈부착),리어범퍼,교환,CAN-000534
union_standard_time,1228201,승용-소형,판금/도장정비,판금(탈부착),리어범퍼,오버홀,CAN-000535
union_standard_time,1228213,승용-소형,판금/도장정비,판금(탈부착),리어 범퍼 커버,탈착,CAN-000556
union_standard_time,1228213,승용-소형,판금/도장정비,판금(탈부착),리어 범퍼 커버,교환,CAN-000554
union_standard_time,1228217,승용-소형,판금/도장정비,판금(탈부착),리어 범퍼 레일,탈착,CAN-000538
union_standard_time,1228217,승용-소형,판금/도장정비,판금(탈부착),리어 범퍼 레일,교환,CAN-000537
union_standard_time,1229216,승용-소형,기능정비,전기 및 램프,후방감지센서,탈착,CAN-003371
union_standard_time,1229216,승용-소형,기능정비,전기 및 램프,후방감지센서,교환,CAN-003370
union_standard_time,1229320,승용-소형,판금/도장정비,판금(탈부착),리어범퍼 사이드브라켓(좌측),탈착,CAN-000548
union_standard_time,1229320,승용-소형,판금/도장정비,판금(탈부착),리어범퍼 사이드브라켓(좌측),교환,CAN-000547
union_standard_time,1229421,승용-소형,판금/도장정비,판금(탈부착),리어범퍼 사이드브라켓(우측),탈착,CAN-000546
union_standard_time,1229421,승용-소형,판금/도장정비,판금(탈부착),리어범퍼 사이드브라켓(우측),교환,CAN-000545
union_standard_time,1238201,승용-소형,판금/도장정비,판금(탈부착),트렁크리드,탈착,CAN-002768
union_standard_time,1238201,승용-소형,판금/도장정비,판금(탈부착),트렁크리드,교환,CAN-002766
union_standard_time,1238201,승용-소형,판금/도장정비,판금(탈부착),트렁크리드,오버홀,CAN-002767
union_standard_time,1239204,승용-소형,판금/도장정비,판금(탈부착),트렁크리드 스프링(막대형),탈착,CAN-002794
union_standard_time,1239204,승용-소형,판금/도장정비,판금(탈부착),트렁크리드 스프링(막대형),교환,CAN-002793
union_standard_time,1239207,승용-소형,판금/도장정비,판금(탈부착),트렁크리드 마그네트,탈착,CAN-002776
union_standard_time,1239207,승용-소형,판금/도장정비,판금(탈부착),트렁크리드 마그네트,교환,CAN-002775
union_standard_time,1239210,승용-소형,판금/도장정비,판금(탈부착),트렁크리드 록크,탈착,CAN-002774
union_standard_time,1239210,승용-소형,판금/도장정비,판금(탈부착),트렁크리드 록크,교환,CAN-002773
union_standard_time,1239213,승용-소형,판금/도장정비,판금(탈부착),트렁크리드 케이블,탈착,CAN-002804
union_standard_time,1239213,승용-소형,판금/도장정비,판금(탈부착),트렁크리드 케이블,교환,CAN-002803
union_standard_time,1239219,승용-소형,판금/도장정비,판금(탈부착),트렁크리드램프형백피니셔,탈착,CAN-002772
union_standard_time,1239219,승용-소형,판금/도장정비,판금(탈부착),트렁크리드램프형백피니셔,교환,CAN-002771
union_standard_time,1239302,승용-소형,판금/도장정비,판금(탈부착),"트렁크리드 스프링(좌,코일형)",탈착,CAN-002802
union_standard_time,1239302,승용-소형,판금/도장정비,판금(탈부착),"트렁크리드 스프링(좌,코일형)",교환,CAN-002801
union_standard_time,1239314,승용-소형,판금/도장정비,판금(탈부착),트렁크리드 힌지(좌측),탈착,CAN-002812
union_standard_time,1239314,승용-소형,판금/도장정비,판금(탈부착),트렁크리드 힌지(좌측),교환,CAN-002811
union_standard_time,1239403,승용-소형,판금/도장정비,판금(탈부착),"트렁크리드 스프링(우,코일형)",탈착,CAN-002798
union_standard_time,1239403,승용-소형,판금/도장정비,판금(탈부착),"트렁크리드 스프링(우,코일형)",교환,CAN-002797
union_standard_time,1239415,승용-소형,판금/도장정비,판금(탈부착),트렁크리드 힌지(우측),탈착,CAN-002810
union_standard_time,1239415,승용-소형,판금/도장정비,판금(탈부착),트렁크리드 힌지(우측),교환,CAN-002809
union_standard_time,1248201,승용-소형,판금/도장정비,판금(탈부착),백도어,탈착,CAN-000960
union_standard_time,1248201,승용-소형,판금/도장정비,판금(탈부착),백도어,교환,CAN-000958
union_standard_time,1248201,승용-소형,판금/도장정비,판금(탈부착),백도어,오버홀,CAN-000959
union_standard_time,1248202,승용-소형,판금/도장정비,판금(탈부착),백도어(와이퍼 부착형),탈착,CAN-000983
union_standard_time,1248202,승용-소형,판금/도장정비,판금(탈부착),백도어(와이퍼 부착형),교환,CAN-000981
union_standard_time,1248202,승용-소형,판금/도장정비,판금(탈부착),백도어(와이퍼 부착형),오버홀,CAN-000982
union_standard_time,1249210,승용-소형,판금/도장정비,판금(탈부착),백도어 록크,탈착,CAN-000964
union_standard_time,1249210,승용-소형,판금/도장정비,판금(탈부착),백도어 록크,교환,CAN-000963
union_standard_time,1249212,승용-소형,판금/도장정비,판금(탈부착),백도어 케이블,탈착,CAN-000995
union_standard_time,1249212,승용-소형,판금/도장정비,판금(탈부착),백도어 케이블,교환,CAN-000994
union_standard_time,1249306,승용-소형,판금/도장정비,판금(탈부착),백도어 쇼버(좌측),탈착,CAN-000975
union_standard_time,1249306,승용-소형,판금/도장정비,판금(탈부착),백도어 쇼버(좌측),교환,CAN-000974
union_standard_time,1249313,승용-소형,판금/도장정비,판금(탈부착),백도어 힌지(좌측),탈착,CAN-001007
union_standard_time,1249313,승용-소형,판금/도장정비,판금(탈부착),백도어 힌지(좌측),교환,CAN-001006
union_standard_time,1249408,승용-소형,판금/도장정비,판금(탈부착),백도어 쇼버(우측),탈착,CAN-000971
union_standard_time,1249408,승용-소형,판금/도장정비,판금(탈부착),백도어 쇼버(우측),교환,CAN-000970
union_standard_time,1249416,승용-소형,판금/도장정비,판금(탈부착),백도어 힌지(우측),탈착,CAN-001001
union_standard_time,1249416,승용-소형,판금/도장정비,판금(탈부착),백도어 힌지(우측),교환,CAN-001000
union_standard_time,1258202,승용-소형,기능정비,전기 및 램프,후방카메라,탈착,CAN-003375
union_standard_time,1258202,승용-소형,기능정비,전기 및 램프,후방카메라,교환,CAN-003374
union_standard_time,1258206,승용-소형,판금/도장정비,판금(탈부착),백패널(리어 패널),탈착,CAN-001013
union_standard_time,1258206,승용-소형,판금/도장정비,판금(탈부착),백패널(리어 패널),교환,CAN-001012
union_standard_time,1258213,승용-소형,기능정비,엔진 부품,백피니셔,탈착,CAN-001021
union_standard_time,1258213,승용-소형,기능정비,엔진 부품,백피니셔,교환,CAN-001020
union_standard_time,1259214,승용-소형,기능정비,엔진 부품,스포일러,탈착,CAN-001424
union_standard_time,1259214,승용-소형,기능정비,엔진 부품,스포일러,교환,CAN-001423
union_standard_time,1259215,승용-소형,기능정비,전기 및 램프,하이마운팅 스톱램프,탈착,CAN-003246
union_standard_time,1259215,승용-소형,기능정비,전기 및 램프,하이마운팅 스톱램프,교환,CAN-003245
union_standard_time,1268301,승용-소형,기능정비,전기 및 램프,리어 컴비네이션램프(좌측),탈착,CAN-000720
union_standard_time,1268301,승용-소형,기능정비,전기 및 램프,리어 컴비네이션램프(좌측),교환,CAN-000719
union_standard_time,1268306,승용-소형,판금/도장정비,판금(탈부착),"컴비램프(트렁크리드부착형,좌)",탈착,CAN-002547
union_standard_time,1268306,승용-소형,판금/도장정비,판금(탈부착),"컴비램프(트렁크리드부착형,좌)",교환,CAN-002546
union_standard_time,1268309,승용-소형,기능정비,전기 및 램프,"컴비램프(부착형,좌)",탈착,CAN-002539
union_standard_time,1268309,승용-소형,기능정비,전기 및 램프,"컴비램프(부착형,좌)",교환,CAN-002538
union_standard_time,1268312,승용-소형,판금/도장정비,판금(탈부착),컴비네이션패널(좌측),교환,CAN-002522
union_standard_time,1268402,승용-소형,기능정비,전기 및 램프,리어 컴비네이션램프(우측),탈착,CAN-000718
union_standard_time,1268402,승용-소형,기능정비,전기 및 램프,리어 컴비네이션램프(우측),교환,CAN-000717
union_standard_time,1268407,승용-소형,판금/도장정비,판금(탈부착),"컴비램프(트렁크리드부착형,우)",탈착,CAN-002545
union_standard_time,1268407,승용-소형,판금/도장정비,판금(탈부착),"컴비램프(트렁크리드부착형,우)",교환,CAN-002544
union_standard_time,1268410,승용-소형,기능정비,전기 및 램프,"컴비램프(부착형,우)",탈착,CAN-002537
union_standard_time,1268410,승용-소형,기능정비,전기 및 램프,"컴비램프(부착형,우)",교환,CAN-002536
union_standard_time,1268413,승용-소형,판금/도장정비,판금(탈부착),컴비네이션패널(우측),교환,CAN-002520
union_standard_time,1269303,승용-소형,기능정비,엔진 부품,컴비네이션휘니셔(좌측),탈착,CAN-002531
union_standard_time,1269303,승용-소형,기능정비,엔진 부품,컴비네이션휘니셔(좌측),교환,CAN-002530
union_standard_time,1269404,승용-소형,기능정비,엔진 부품,컴비네이션휘니셔(우측),탈착,CAN-002529
union_standard_time,1269404,승용-소형,기능정비,엔진 부품,컴비네이션휘니셔(우측),교환,CAN-002528
union_standard_time,1288301,승용-소형,기능정비,엔진 부품,리어 휀다(좌측),교환,CAN-000787
union_standard_time,1288302,승용-소형,기능정비,엔진 부품,리어 휀다(좌측)(연료주입구측),탈착,CAN-000789
union_standard_time,1288302,승용-소형,기능정비,엔진 부품,리어 휀다(좌측)(연료주입구측),교환,CAN-000788
union_standard_time,1288309,승용-소형,소모품 및 하체정비,브레이크/타이어,리어휀다 및 리어휠하우스(좌측),교환,CAN-000778
union_standard_time,1288411,승용-소형,기능정비,엔진 부품,리어 휀다(우측),탈착,CAN-000786
union_standard_time,1288411,승용-소형,기능정비,엔진 부품,리어 휀다(우측),교환,CAN-000785
union_standard_time,1288419,승용-소형,소모품 및 하체정비,브레이크/타이어,리어휀다 및 리어휠하우스(우측),교환,CAN-000777
union_standard_time,1289321,승용-소형,판금/도장정비,판금(탈부착),"리어휀다패널(내측,좌)",탈착,CAN-000797
union_standard_time,1289321,승용-소형,판금/도장정비,판금(탈부착),"리어휀다패널(내측,좌)",교환,CAN-000796
union_standard_time,1289422,승용-소형,판금/도장정비,판금(탈부착),"리어휀다패널(내측,우)",탈착,CAN-000795
union_standard_time,1289422,승용-소형,판금/도장정비,판금(탈부착),"리어휀다패널(내측,우)",교환,CAN-000794
union_standard_time,1358301,승용-소형,판금/도장정비,판금(탈부착),"D 필러패널(외측,좌)",교환,CAN-000046
union_standard_time,1358402,승용-소형,판금/도장정비,판금(탈부착),"D 필러패널(외측,우)",교환,CAN-000045
union_standard_time,1368301,승용-소형,판금/도장정비,판금(탈부착),리어필러패널(좌측),교환,CAN-000766
union_standard_time,1368405,승용-소형,판금/도장정비,판금(탈부착),리어필러패널(우측),교환,CAN-000765
union_standard_time,1388001,승용-소형,판금/도장정비,판금(탈부착),팩키지 트레이 패널(용접식),교환,CAN-002903
union_standard_time,1388004,승용-소형,판금/도장정비,판금(탈부착),팩키지 트레이 패널(조립식),탈착,CAN-002905
union_standard_time,1388004,승용-소형,판금/도장정비,판금(탈부착),팩키지 트레이 패널(조립식),교환,CAN-002904
union_standard_time,1388005,승용-소형,기능정비,엔진 부품,패키지 트레이 트림,탈착,CAN-002898
union_standard_time,1388005,승용-소형,기능정비,엔진 부품,패키지 트레이 트림,교환,CAN-002897
union_standard_time,1408006,승용-소형,기능정비,엔진 부품,실내바닥(앞),교환,CAN-001539
union_standard_time,1408301,승용-소형,소모품 및 하체정비,하체 부품,리어 사이드 멤버 ASSY(좌측),교환,CAN-000562
union_standard_time,1408302,승용-소형,소모품 및 하체정비,하체 부품,"리어 사이드 멤버(앞부분,좌)",교환,CAN-000568
union_standard_time,1408403,승용-소형,소모품 및 하체정비,하체 부품,리어 사이드 멤버 ASSY(우측),교환,CAN-000561
union_standard_time,1408404,승용-소형,소모품 및 하체정비,하체 부품,"리어 사이드 멤버(앞부분,우)",교환,CAN-000567
union_standard_time,1428013,승용-소형,기능정비,엔진 부품,실내바닥(뒤),교환,CAN-001538
union_standard_time,1428015,승용-소형,판금/도장정비,판금(탈부착),트렁크바닥 패널,교환,CAN-002815
union_standard_time,1428226,승용-소형,판금/도장정비,판금(탈부착),트렁크바닥 및 실내바닥(뒤),교환,CAN-002813
union_standard_time,3478001,승용-소형,소모품 및 하체정비,브레이크/타이어,크러시패드,탈착,CAN-002613
union_standard_time,3478001,승용-소형,소모품 및 하체정비,브레이크/타이어,크러시패드,교환,CAN-002612
union_standard_time,3478009,승용-소형,기능정비,엔진 부품,콘솔박스,탈착,CAN-002570
union_standard_time,3478009,승용-소형,기능정비,엔진 부품,콘솔박스,교환,CAN-002569
union_standard_time,3478020,승용-소형,기능정비,에어컨,히터모터(분리식),탈착,CAN-003442
union_standard_time,3478020,승용-소형,기능정비,에어컨,히터모터(분리식),교환,CAN-003441
union_standard_time,3478023,승용-소형,기능정비,에어컨,히터유니트 및 에어컨에버포레이,탈착,CAN-003456
union_standard_time,3478023,승용-소형,기능정비,에어컨,히터유니트 및 에어컨에버포레이,교환,CAN-003455
union_standard_time,3478028,승용-소형,기능정비,에어컨,히터및에버포레이터,탈착,CAN-003444
union_standard_time,3478028,승용-소형,기능정비,에어컨,히터및에버포레이터,교환,CAN-003443
union_standard_time,3478402,승용-소형,기능정비,엔진 부품,프론트시트(우측),탈착,CAN-003090
union_standard_time,3478402,승용-소형,기능정비,엔진 부품,프론트시트(우측),교환,CAN-003089
union_standard_time,3479013,승용-소형,기능정비,엔진 부품,종합계기판,탈착,CAN-002390
union_standard_time,3479013,승용-소형,기능정비,엔진 부품,종합계기판,교환,CAN-002389
union_standard_time,3479016,승용-소형,기능정비,엔진 부품,AV(네비게이션)시스템,탈착,CAN-000020
union_standard_time,3479016,승용-소형,기능정비,엔진 부품,AV(네비게이션)시스템,교환,CAN-000019
union_standard_time,3479019,승용-소형,기능정비,에어컨,히터 유니트,탈착,CAN-003452
union_standard_time,3479019,승용-소형,기능정비,에어컨,히터 유니트,교환,CAN-003451
union_standard_time,3488008,승용-소형,기능정비,엔진 부품,리어시트,탈착,CAN-000641
union_standard_time,3488008,승용-소형,기능정비,엔진 부품,리어시트,교환,CAN-000640
union_standard_time,3488301,승용-소형,기능정비,엔진 부품,프론트시트(좌측),탈착,CAN-003100
union_standard_time,3488301,승용-소형,기능정비,엔진 부품,프론트시트(좌측),교환,CAN-003099
union_standard_time,3499008,승용-소형,기능정비,엔진 부품,"안전벨트(뒤,중앙)",탈착,CAN-001659
union_standard_time,3499008,승용-소형,기능정비,엔진 부품,"안전벨트(뒤,중앙)",교환,CAN-001658
union_standard_time,3499017,승용-소형,기능정비,엔진 부품,안전밸트(2점식)NO.1,탈착,CAN-001619
union_standard_time,3499017,승용-소형,기능정비,엔진 부품,안전밸트(2점식)NO.1,교환,CAN-001618
union_standard_time,3499018,승용-소형,기능정비,엔진 부품,안전밸트(2점식)NO.2,탈착,CAN-001621
union_standard_time,3499018,승용-소형,기능정비,엔진 부품,안전밸트(2점식)NO.2,교환,CAN-001620
union_standard_time,3499019,승용-소형,기능정비,엔진 부품,안전밸트(2점식)NO.3,탈착,CAN-001623
union_standard_time,3499019,승용-소형,기능정비,엔진 부품,안전밸트(2점식)NO.3,교환,CAN-001622
union_standard_time,3499501,승용-소형,기능정비,엔진 부품,"안전벨트(앞,좌)",탈착,CAN-001665
union_standard_time,3499501,승용-소형,기능정비,엔진 부품,"안전벨트(앞,좌)",교환,CAN-001664
union_standard_time,3499502,승용-소형,기능정비,엔진 부품,"안전벨트(앞,좌,프리텐셔너)",탈착,CAN-001667
union_standard_time,3499502,승용-소형,기능정비,엔진 부품,"안전벨트(앞,좌,프리텐셔너)",교환,CAN-001666
union_standard_time,3499604,승용-소형,기능정비,엔진 부품,"안전벨트(앞,우)",탈착,CAN-001661
union_standard_time,3499604,승용-소형,기능정비,엔진 부품,"안전벨트(앞,우)",교환,CAN-001660
union_standard_time,3499605,승용-소형,기능정비,엔진 부품,"안전벨트(앞,우,프리텐셔너)",탈착,CAN-001663
union_standard_time,3499605,승용-소형,기능정비,엔진 부품,"안전벨트(앞,우,프리텐셔너)",교환,CAN-001662
union_standard_time,3499706,승용-소형,기능정비,엔진 부품,"안전벨트(뒤,좌)",탈착,CAN-001657
union_standard_time,3499706,승용-소형,기능정비,엔진 부품,"안전벨트(뒤,좌)",교환,CAN-001656
union_standard_time,3499807,승용-소형,기능정비,엔진 부품,"안전벨트(뒤,우)",탈착,CAN-001655
union_standard_time,3499807,승용-소형,기능정비,엔진 부품,"안전벨트(뒤,우)",교환,CAN-001654
union_standard_time,3508001,승용-소형,기능정비,엔진 부품,키셋트,탈착,CAN-002641
union_standard_time,3508001,승용-소형,기능정비,엔진 부품,키셋트,교환,CAN-002640
union_standard_time,3508004,승용-소형,기능정비,전기 및 램프,크러쉬패드 배선,탈착,CAN-002611
union_standard_time,3508004,승용-소형,기능정비,전기 및 램프,크러쉬패드 배선,교환,CAN-002610
union_standard_time,3508006,승용-소형,기능정비,전기 및 램프,엔진룸배선,탈착,CAN-001923
union_standard_time,3508006,승용-소형,기능정비,전기 및 램프,엔진룸배선,교환,CAN-001922
union_standard_time,3508007,승용-소형,기능정비,전기 및 램프,엔진룸 정션박스 배선,탈착,CAN-001939
union_standard_time,3508007,승용-소형,기능정비,전기 및 램프,엔진룸 정션박스 배선,교환,CAN-001938
union_standard_time,3508011,승용-소형,기능정비,전기 및 램프,뒷배선,탈착,CAN-000252
union_standard_time,3508011,승용-소형,기능정비,전기 및 램프,뒷배선,교환,CAN-000251
union_standard_time,3508015,승용-소형,기능정비,전기 및 램프,전체배선,탈착,CAN-002382
union_standard_time,3508015,승용-소형,기능정비,전기 및 램프,전체배선,교환,CAN-002381
union_standard_time,3508023,승용-소형,기능정비,엔진 부품,캐니스터,탈착,CAN-002471
union_standard_time,3508023,승용-소형,기능정비,엔진 부품,캐니스터,교환,CAN-002470
union_standard_time,3508024,승용-소형,소모품 및 하체정비,소모품,밧데리,탈착,CAN-000878
union_standard_time,3508024,승용-소형,소모품 및 하체정비,소모품,밧데리,교환,CAN-000877
union_standard_time,3509019,승용-소형,기능정비,전기 및 램프,컴비네이션 스위치,탈착,CAN-002519
union_standard_time,3509019,승용-소형,기능정비,전기 및 램프,컴비네이션 스위치,교환,CAN-002518
union_standard_time,3509021,승용-소형,기능정비,엔진 부품,와이퍼 모터,탈착,CAN-002190
union_standard_time,3509021,승용-소형,기능정비,엔진 부품,와이퍼 모터,교환,CAN-002189
union_standard_time,3509022,승용-소형,기능정비,엔진 부품,와이퍼 링케이지,탈착,CAN-002188
union_standard_time,3509022,승용-소형,기능정비,엔진 부품,와이퍼 링케이지,교환,CAN-002187
union_standard_time,3518001,승용-소형,기능정비,에어컨,에어컨 컨덴샤,탈착,CAN-001823
union_standard_time,3518001,승용-소형,기능정비,에어컨,에어컨 컨덴샤,교환,CAN-001822
union_standard_time,3518013,승용-소형,기능정비,에어컨,에어컨 컴프레샤,탈착,CAN-001825
union_standard_time,3518013,승용-소형,기능정비,에어컨,에어컨 컴프레샤,교환,CAN-001824
union_standard_time,3518016,승용-소형,기능정비,엔진 부품,라디에이터(M/T),탈착,CAN-000313
union_standard_time,3518016,승용-소형,기능정비,엔진 부품,라디에이터(M/T),교환,CAN-000312
union_standard_time,3518017,승용-소형,기능정비,엔진 부품,라디에이터(A/T),탈착,CAN-000311
union_standard_time,3518017,승용-소형,기능정비,엔진 부품,라디에이터(A/T),교환,CAN-000310
union_standard_time,3518025,승용-소형,소모품 및 하체정비,오일류,오일쿨러(미션),탈착,CAN-002164
union_standard_time,3518025,승용-소형,소모품 및 하체정비,오일류,오일쿨러(미션),교환,CAN-002163
union_standard_time,3518029,승용-소형,기능정비,엔진 부품,라디에이터 리저브탱크,탈착,CAN-000336
union_standard_time,3518029,승용-소형,기능정비,엔진 부품,라디에이터 리저브탱크,교환,CAN-000335
union_standard_time,3518030,승용-소형,기능정비,전기 및 램프,와셔탱크(앞),탈착,CAN-002186
union_standard_time,3518030,승용-소형,기능정비,전기 및 램프,와셔탱크(앞),교환,CAN-002185
union_standard_time,3518031,승용-소형,기능정비,전기 및 램프,와셔탱크(뒤),탈착,CAN-002184
union_standard_time,3518031,승용-소형,기능정비,전기 및 램프,와셔탱크(뒤),교환,CAN-002183
union_standard_time,3518032,승용-소형,기능정비,엔진 부품,알터네이터,탈착,CAN-001675
union_standard_time,3518032,승용-소형,기능정비,엔진 부품,알터네이터,교환,CAN-001674
union_standard_time,3518033,승용-소형,기능정비,엔진 부품,스타팅모터,탈착,CAN-001360
union_standard_time,3518033,승용-소형,기능정비,엔진 부품,스타팅모터,교환,CAN-001359
union_standard_time,3518034,승용-소형,기능정비,엔진 부품,디스트리뷰터,탈착,CAN-000291
union_standard_time,3518034,승용-소형,기능정비,엔진 부품,디스트리뷰터,교환,CAN-000290
union_standard_time,3519003,승용-소형,기능정비,에어컨,에어컨 파이프 NO.1,탈착,CAN-001833
union_standard_time,3519003,승용-소형,기능정비,에어컨,에어컨 파이프 NO.1,교환,CAN-001832
union_standard_time,3519004,승용-소형,기능정비,에어컨,에어컨 파이프 NO.2,탈착,CAN-001837
union_standard_time,3519004,승용-소형,기능정비,에어컨,에어컨 파이프 NO.2,교환,CAN-001836
union_standard_time,3519005,승용-소형,기능정비,에어컨,에어컨 파이프 NO.3,탈착,CAN-001841
union_standard_time,3519005,승용-소형,기능정비,에어컨,에어컨 파이프 NO.3,교환,CAN-001840
union_standard_time,3519006,승용-소형,기능정비,에어컨,에어컨 파이프 NO.4,탈착,CAN-001845
union_standard_time,3519006,승용-소형,기능정비,에어컨,에어컨 파이프 NO.4,교환,CAN-001844
union_standard_time,3519008,승용-소형,기능정비,에어컨,에어컨 개스,교환,CAN-001813
union_standard_time,3519010,승용-소형,기능정비,에어컨,에어컨 휀,탈착,CAN-001855
union_standard_time,3519010,승용-소형,기능정비,에어컨,에어컨 휀,교환,CAN-001854
union_standard_time,3519012,승용-소형,기능정비,엔진 부품,리시버 드라이탱크,탈착,CAN-000487
union_standard_time,3519012,승용-소형,기능정비,엔진 부품,리시버 드라이탱크,교환,CAN-000486
union_standard_time,3519018,승용-소형,기능정비,엔진 부품,라디에이터 휀,탈착,CAN-000355
union_standard_time,3519018,승용-소형,기능정비,엔진 부품,라디에이터 휀,교환,CAN-000354
union_standard_time,3519021,승용-소형,기능정비,엔진 부품,라디에이터핀(수리킷#1),교환,CAN-000349
union_standard_time,3519022,승용-소형,기능정비,엔진 부품,라디에이터핀(수리킷#2),교환,CAN-000350
union_standard_time,3519023,승용-소형,기능정비,엔진 부품,라디에이터핀(수리킷#3),교환,CAN-000351
union_standard_time,3519024,승용-소형,기능정비,엔진 부품,라디에이터핀(수리킷#4),교환,CAN-000352
union_standard_time,3528001,승용-소형,기능정비,전기 및 램프,에어백모듈(운전석),탈착,CAN-001775
union_standard_time,3528001,승용-소형,기능정비,전기 및 램프,에어백모듈(운전석),교환,CAN-001774
union_standard_time,3528002,승용-소형,기능정비,전기 및 램프,에어백모듈(조수석),탈착,CAN-001777
union_standard_time,3528002,승용-소형,기능정비,전기 및 램프,에어백모듈(조수석),교환,CAN-001776
union_standard_time,3528309,승용-소형,기능정비,전기 및 램프,커튼에어백(좌측),탈착,CAN-002513
union_standard_time,3528309,승용-소형,기능정비,전기 및 램프,커튼에어백(좌측),교환,CAN-002512
union_standard_time,3528410,승용-소형,기능정비,전기 및 램프,커튼에어백(우측),탈착,CAN-002511
union_standard_time,3528410,승용-소형,기능정비,전기 및 램프,커튼에어백(우측),교환,CAN-002510
union_standard_time,3528503,승용-소형,기능정비,전기 및 램프,"에어백모듈(사이드,앞좌)",탈착,CAN-001773
union_standard_time,3528503,승용-소형,기능정비,전기 및 램프,"에어백모듈(사이드,앞좌)",교환,CAN-001772
union_standard_time,3528604,승용-소형,기능정비,전기 및 램프,"에어백모듈(사이드,앞우)",탈착,CAN-001771
union_standard_time,3528604,승용-소형,기능정비,전기 및 램프,"에어백모듈(사이드,앞우)",교환,CAN-001770
union_standard_time,3528705,승용-소형,기능정비,전기 및 램프,"에어백모듈(사이드,뒤좌)",탈착,CAN-001769
union_standard_time,3528705,승용-소형,기능정비,전기 및 램프,"에어백모듈(사이드,뒤좌)",교환,CAN-001768
union_standard_time,3528806,승용-소형,기능정비,전기 및 램프,"에어백모듈(사이드,뒤우)",탈착,CAN-001767
union_standard_time,3528806,승용-소형,기능정비,전기 및 램프,"에어백모듈(사이드,뒤우)",교환,CAN-001766
union_standard_time,3538001,승용-소형,기능정비,엔진 부품,컴퓨터(엔진),탈착,CAN-002555
union_standard_time,3538001,승용-소형,기능정비,엔진 부품,컴퓨터(엔진),교환,CAN-002554
union_standard_time,3538002,승용-소형,기능정비,엔진 부품,컴퓨터(엔진)리프로그래밍,조정,CAN-002557
union_standard_time,3538003,승용-소형,기능정비,엔진 부품,컴퓨터(자동밋션),탈착,CAN-002560
union_standard_time,3538003,승용-소형,기능정비,엔진 부품,컴퓨터(자동밋션),교환,CAN-002559
union_standard_time,3538005,승용-소형,기능정비,전기 및 램프,컴퓨터(ABS),탈착,CAN-002549
union_standard_time,3538005,승용-소형,기능정비,전기 및 램프,컴퓨터(ABS),교환,CAN-002548
union_standard_time,3538006,승용-소형,기능정비,전기 및 램프,컴퓨터(에어백),탈착,CAN-002553
union_standard_time,3538006,승용-소형,기능정비,전기 및 램프,컴퓨터(에어백),교환,CAN-002552
union_standard_time,3538011,승용-소형,판금/도장정비,판금(탈부착),선루프기구(전동식),탈착,CAN-001271
union_standard_time,3538011,승용-소형,판금/도장정비,판금(탈부착),선루프기구(전동식),교환,CAN-001270
union_standard_time,3549009,승용-소형,판금/도장정비,판금(탈부착),트렁크룸내 트림(앞),탈착,CAN-002761
union_standard_time,3549009,승용-소형,판금/도장정비,판금(탈부착),트렁크룸내 트림(앞),교환,CAN-002760
union_standard_time,3549010,승용-소형,판금/도장정비,판금(탈부착),트렁크룸내 트림(뒤),탈착,CAN-002757
union_standard_time,3549010,승용-소형,판금/도장정비,판금(탈부착),트렁크룸내 트림(뒤),교환,CAN-002756
union_standard_time,3549016,승용-소형,판금/도장정비,판금(탈부착),백패널 트림,탈착,CAN-001018
union_standard_time,3549016,승용-소형,판금/도장정비,판금(탈부착),백패널 트림,교환,CAN-001017
union_standard_time,3549301,승용-소형,기능정비,엔진 부품,프론트 필러 트림(좌측),탈착,CAN-003178
union_standard_time,3549301,승용-소형,기능정비,엔진 부품,프론트 필러 트림(좌측),교환,CAN-003177
union_standard_time,3549303,승용-소형,기능정비,엔진 부품,센터 필러 트림(좌측),탈착,CAN-001316
union_standard_time,3549303,승용-소형,기능정비,엔진 부품,센터 필러 트림(좌측),교환,CAN-001315
union_standard_time,3549305,승용-소형,기능정비,엔진 부품,리어 필러 트림(좌측),탈착,CAN-000764
union_standard_time,3549305,승용-소형,기능정비,엔진 부품,리어 필러 트림(좌측),교환,CAN-000763
union_standard_time,3549307,승용-소형,판금/도장정비,판금(탈부착),트렁크룸내 트림(좌측),탈착,CAN-002765
union_standard_time,3549307,승용-소형,판금/도장정비,판금(탈부착),트렁크룸내 트림(좌측),교환,CAN-002764
union_standard_time,3549402,승용-소형,기능정비,엔진 부품,프론트 필러 트림(우측),탈착,CAN-003176
union_standard_time,3549402,승용-소형,기능정비,엔진 부품,프론트 필러 트림(우측),교환,CAN-003175
union_standard_time,3549404,승용-소형,기능정비,엔진 부품,센터 필러 트림(우측),탈착,CAN-001314
union_standard_time,3549404,승용-소형,기능정비,엔진 부품,센터 필러 트림(우측),교환,CAN-001313
union_standard_time,3549406,승용-소형,기능정비,엔진 부품,리어 필러 트림(우측),탈착,CAN-000762
union_standard_time,3549406,승용-소형,기능정비,엔진 부품,리어 필러 트림(우측),교환,CAN-000761
union_standard_time,3549408,승용-소형,판금/도장정비,판금(탈부착),트렁크룸내 트림(우측),탈착,CAN-002763
union_standard_time,3549408,승용-소형,판금/도장정비,판금(탈부착),트렁크룸내 트림(우측),교환,CAN-002762
union_standard_time,3558005,승용-소형,기능정비,엔진 부품,언더커버(좌측),탈착,CAN-001755
union_standard_time,3558005,승용-소형,기능정비,엔진 부품,언더커버(좌측),교환,CAN-001754
union_standard_time,3558007,승용-소형,기능정비,엔진 부품,언더커버(우측),탈착,CAN-001753
union_standard_time,3558007,승용-소형,기능정비,엔진 부품,언더커버(우측),교환,CAN-001752
union_standard_time,3558009,승용-소형,기능정비,엔진 부품,언더커버,탈착,CAN-001741
union_standard_time,3558009,승용-소형,기능정비,엔진 부품,언더커버,교환,CAN-001740
union_standard_time,3558024,승용-소형,기능정비,엔진 부품,바닥메트,탈착,CAN-000872
union_standard_time,3558024,승용-소형,기능정비,엔진 부품,바닥메트,교환,CAN-000871
union_standard_time,3568001,승용-소형,기능정비,엔진 부품,안테나,탈착,CAN-001673
union_standard_time,3568001,승용-소형,기능정비,엔진 부품,안테나,교환,CAN-001672
union_standard_time,3568003,승용-소형,기능정비,엔진 부품,라디오 안테나(휀다 부착형),탈착,CAN-000369
union_standard_time,3568003,승용-소형,기능정비,엔진 부품,라디오 안테나(휀다 부착형),교환,CAN-000368
union_standard_time,3568004,승용-소형,판금/도장정비,판금(탈부착),라디오 안테나(루프 부착형),탈착,CAN-000361
union_standard_time,3568004,승용-소형,판금/도장정비,판금(탈부착),라디오 안테나(루프 부착형),교환,CAN-000360
union_standard_time,3568005,승용-소형,기능정비,엔진 부품,라디오 안테나(필러 부착형),탈착,CAN-000367
union_standard_time,3568005,승용-소형,기능정비,엔진 부품,라디오 안테나(필러 부착형),교환,CAN-000366
union_standard_time,3578101,승용-소형,기능정비,엔진 부품,앞유리(접착식),탈착,CAN-001717
union_standard_time,3578101,승용-소형,기능정비,엔진 부품,앞유리(접착식),교환,CAN-001716
union_standard_time,3578202,승용-소형,기능정비,엔진 부품,뒷유리(접착식),탈착,CAN-000258
union_standard_time,3578202,승용-소형,기능정비,엔진 부품,뒷유리(접착식),교환,CAN-000257
union_standard_time,3578214,승용-소형,기능정비,엔진 부품,뒷유리(끼움식),탈착,CAN-000254
union_standard_time,3578214,승용-소형,기능정비,엔진 부품,뒷유리(끼움식),교환,CAN-000253
union_standard_time,3578309,승용-소형,기능정비,엔진 부품,"뒤휀다고정유리(접착식,좌)",탈착,CAN-000236
union_standard_time,3578309,승용-소형,기능정비,엔진 부품,"뒤휀다고정유리(접착식,좌)",교환,CAN-000235
union_standard_time,3578410,승용-소형,기능정비,엔진 부품,"뒤휀다고정유리(접착식,우)",탈착,CAN-000228
union_standard_time,3578410,승용-소형,기능정비,엔진 부품,"뒤휀다고정유리(접착식,우)",교환,CAN-000227
union_standard_time,3578503,승용-소형,판금/도장정비,판금(탈부착),문짝사각유리(앞좌),탈착,CAN-000852
union_standard_time,3578503,승용-소형,판금/도장정비,판금(탈부착),문짝사각유리(앞좌),교환,CAN-000851
union_standard_time,3578523,승용-소형,기능정비,엔진 부품,프론트필러고정유리(좌측),탈착,CAN-003168
union_standard_time,3578523,승용-소형,기능정비,엔진 부품,프론트필러고정유리(좌측),교환,CAN-003167
union_standard_time,3578604,승용-소형,판금/도장정비,판금(탈부착),문짝사각유리(앞우),탈착,CAN-000850
union_standard_time,3578604,승용-소형,판금/도장정비,판금(탈부착),문짝사각유리(앞우),교환,CAN-000849
union_standard_time,3578624,승용-소형,기능정비,엔진 부품,프론트필러고정유리(우측),탈착,CAN-003166
union_standard_time,3578624,승용-소형,기능정비,엔진 부품,프론트필러고정유리(우측),교환,CAN-003165
union_standard_time,3578705,승용-소형,판금/도장정비,판금(탈부착),문짝사각유리(뒤좌),탈착,CAN-000848
union_standard_time,3578705,승용-소형,판금/도장정비,판금(탈부착),문짝사각유리(뒤좌),교환,CAN-000847
union_standard_time,3578707,승용-소형,판금/도장정비,판금(탈부착),문짝삼각유리(뒤도어)(좌측),탈착,CAN-000856
union_standard_time,3578707,승용-소형,판금/도장정비,판금(탈부착),문짝삼각유리(뒤도어)(좌측),교환,CAN-000855
union_standard_time,3578715,승용-소형,기능정비,엔진 부품,"뒤휀다고정유리(힌지식,좌)",탈착,CAN-000244
union_standard_time,3578715,승용-소형,기능정비,엔진 부품,"뒤휀다고정유리(힌지식,좌)",교환,CAN-000243
union_standard_time,3578806,승용-소형,판금/도장정비,판금(탈부착),문짝사각유리(뒤우),탈착,CAN-000846
union_standard_time,3578806,승용-소형,판금/도장정비,판금(탈부착),문짝사각유리(뒤우),교환,CAN-000845
union_standard_time,3578808,승용-소형,판금/도장정비,판금(탈부착),문짝삼각유리(뒤도어)(우측),탈착,CAN-000854
union_standard_time,3578808,승용-소형,판금/도장정비,판금(탈부착),문짝삼각유리(뒤도어)(우측),교환,CAN-000853
union_standard_time,3578816,승용-소형,기능정비,엔진 부품,"뒤휀다고정유리(힌지식,우)",탈착,CAN-000242
union_standard_time,3578816,승용-소형,기능정비,엔진 부품,"뒤휀다고정유리(힌지식,우)",교환,CAN-000241
union_standard_time,5588002,승용-소형,기능정비,엔진 부품,엔진 ASSY(SOHC),탈착,CAN-001897
union_standard_time,5588002,승용-소형,기능정비,엔진 부품,엔진 ASSY(SOHC),교환,CAN-001895
union_standard_time,5588002,승용-소형,기능정비,엔진 부품,엔진 ASSY(SOHC),오버홀,CAN-001896
union_standard_time,5588003,승용-소형,기능정비,엔진 부품,엔진 ASSY(DOHC),탈착,CAN-001889
union_standard_time,5588003,승용-소형,기능정비,엔진 부품,엔진 ASSY(DOHC),교환,CAN-001887
union_standard_time,5588003,승용-소형,기능정비,엔진 부품,엔진 ASSY(DOHC),오버홀,CAN-001888
union_standard_time,5588009,승용-소형,기능정비,엔진 부품,"엔진ASSY(가솔린,LPG)",탈착,CAN-001916
union_standard_time,5588009,승용-소형,기능정비,엔진 부품,"엔진ASSY(가솔린,LPG)",교환,CAN-001914
union_standard_time,5588009,승용-소형,기능정비,엔진 부품,"엔진ASSY(가솔린,LPG)",오버홀,CAN-001915
union_standard_time,5588010,승용-소형,기능정비,엔진 부품,엔진ASSY(디젤),탈착,CAN-001919
union_standard_time,5588010,승용-소형,기능정비,엔진 부품,엔진ASSY(디젤),교환,CAN-001917
union_standard_time,5588010,승용-소형,기능정비,엔진 부품,엔진ASSY(디젤),오버홀,CAN-001918
union_standard_time,5588011,승용-소형,기능정비,엔진 부품,"엔진 ASSY(SOHC,쇼트엔진)",교환,CAN-001898
union_standard_time,5588011,승용-소형,기능정비,엔진 부품,"엔진 ASSY(SOHC,쇼트엔진)",오버홀,CAN-001899
union_standard_time,5588012,승용-소형,기능정비,엔진 부품,"엔진 ASSY(DOHC,쇼트엔진)",교환,CAN-001890
union_standard_time,5588012,승용-소형,기능정비,엔진 부품,"엔진 ASSY(DOHC,쇼트엔진)",오버홀,CAN-001891
union_standard_time,5588016,승용-소형,기능정비,엔진 부품,"쇼트엔진(가솔린,LPG)",교환,CAN-001328
union_standard_time,5588016,승용-소형,기능정비,엔진 부품,"쇼트엔진(가솔린,LPG)",오버홀,CAN-001329
union_standard_time,5588017,승용-소형,기능정비,엔진 부품,쇼트엔진(디젤),교환,CAN-001330
union_standard_time,5588017,승용-소형,기능정비,엔진 부품,쇼트엔진(디젤),오버홀,CAN-001331
union_standard_time,5598001,승용-소형,기능정비,엔진 부품,실린더헤드(SOHC),탈착,CAN-001557
union_standard_time,5598001,승용-소형,기능정비,엔진 부품,실린더헤드(SOHC),교환,CAN-001555
union_standard_time,5598001,승용-소형,기능정비,엔진 부품,실린더헤드(SOHC),오버홀,CAN-001556
union_standard_time,5598002,승용-소형,기능정비,엔진 부품,실린더헤드(DOHC),탈착,CAN-001554
union_standard_time,5598002,승용-소형,기능정비,엔진 부품,실린더헤드(DOHC),교환,CAN-001552
union_standard_time,5598002,승용-소형,기능정비,엔진 부품,실린더헤드(DOHC),오버홀,CAN-001553
union_standard_time,5598008,승용-소형,기능정비,엔진 부품,실린더헤드(가솔린),탈착,CAN-001579
union_standard_time,5598008,승용-소형,기능정비,엔진 부품,실린더헤드(가솔린),교환,CAN-001577
union_standard_time,5598008,승용-소형,기능정비,엔진 부품,실린더헤드(가솔린),오버홀,CAN-001578
union_standard_time,5598009,승용-소형,기능정비,엔진 부품,실린더헤드(디젤),탈착,CAN-001582
union_standard_time,5598009,승용-소형,기능정비,엔진 부품,실린더헤드(디젤),교환,CAN-001580
union_standard_time,5598009,승용-소형,기능정비,엔진 부품,실린더헤드(디젤),오버홀,CAN-001581
union_standard_time,5599015,승용-소형,기능정비,엔진 부품,엔진 마운틴 및 브라켓(앞),탈착,CAN-001970
union_standard_time,5599015,승용-소형,기능정비,엔진 부품,엔진 마운틴 및 브라켓(앞),교환,CAN-001969
union_standard_time,5599016,승용-소형,기능정비,엔진 부품,엔진 마운틴 및 브라켓(뒤),탈착,CAN-001958
union_standard_time,5599016,승용-소형,기능정비,엔진 부품,엔진 마운틴 및 브라켓(뒤),교환,CAN-001957
union_standard_time,5599311,승용-소형,기능정비,엔진 부품,엔진 마운틴 및 브라켓(좌측),탈착,CAN-001980
union_standard_time,5599311,승용-소형,기능정비,엔진 부품,엔진 마운틴 및 브라켓(좌측),교환,CAN-001979
union_standard_time,5599413,승용-소형,기능정비,엔진 부품,엔진 마운틴 및 브라켓(우측),탈착,CAN-001976
union_standard_time,5599413,승용-소형,기능정비,엔진 부품,엔진 마운틴 및 브라켓(우측),교환,CAN-001975
union_standard_time,5608001,승용-소형,기능정비,엔진 부품,타이밍커버,탈착,CAN-002673
union_standard_time,5608001,승용-소형,기능정비,엔진 부품,타이밍커버,교환,CAN-002672
union_standard_time,5618001,승용-소형,소모품 및 하체정비,소모품,에어크리너,탈착,CAN-001867
union_standard_time,5618001,승용-소형,소모품 및 하체정비,소모품,에어크리너,교환,CAN-001866
union_standard_time,5618005,승용-소형,기능정비,엔진 부품,레죠네이터,탈착,CAN-000377
union_standard_time,5618005,승용-소형,기능정비,엔진 부품,레죠네이터,교환,CAN-000376
union_standard_time,5618010,승용-소형,기능정비,엔진 부품,드로틀바디,탈착,CAN-000262
union_standard_time,5618010,승용-소형,기능정비,엔진 부품,드로틀바디,교환,CAN-000261
union_standard_time,5628002,승용-소형,기능정비,엔진 부품,인젝터NO1,탈착,CAN-002281
union_standard_time,5628002,승용-소형,기능정비,엔진 부품,인젝터NO1,교환,CAN-002280
union_standard_time,5628003,승용-소형,기능정비,전기 및 램프,인젝터NO2,탈착,CAN-002283
union_standard_time,5628003,승용-소형,기능정비,전기 및 램프,인젝터NO2,교환,CAN-002282
union_standard_time,5628004,승용-소형,기능정비,엔진 부품,인젝터NO3,탈착,CAN-002285
union_standard_time,5628004,승용-소형,기능정비,엔진 부품,인젝터NO3,교환,CAN-002284
union_standard_time,5628005,승용-소형,기능정비,엔진 부품,인젝터NO4,탈착,CAN-002287
union_standard_time,5628005,승용-소형,기능정비,엔진 부품,인젝터NO4,교환,CAN-002286
union_standard_time,5638001,승용-소형,소모품 및 하체정비,오일류,엔진 오일팬,탈착,CAN-001993
union_standard_time,5638001,승용-소형,소모품 및 하체정비,오일류,엔진 오일팬,교환,CAN-001992
union_standard_time,5638006,승용-소형,소모품 및 하체정비,오일류,엔진오일 펌프,탈착,CAN-001999
union_standard_time,5638006,승용-소형,소모품 및 하체정비,오일류,엔진오일 펌프,교환,CAN-001998
union_standard_time,5638009,승용-소형,기능정비,엔진 부품,워터펌프,탈착,CAN-002230
union_standard_time,5638009,승용-소형,기능정비,엔진 부품,워터펌프,교환,CAN-002229
union_standard_time,5638015,승용-소형,기능정비,엔진 부품,고압펌프,탈착,CAN-000114
union_standard_time,5638015,승용-소형,기능정비,엔진 부품,고압펌프,교환,CAN-000113
union_standard_time,5638017,승용-소형,기능정비,엔진 부품,딜리버리 파이프,탈착,CAN-000307
union_standard_time,5638017,승용-소형,기능정비,엔진 부품,딜리버리 파이프,교환,CAN-000306
union_standard_time,5638019,승용-소형,소모품 및 하체정비,하체 부품,파워스티어링 펌프,탈착,CAN-002852
union_standard_time,5638019,승용-소형,소모품 및 하체정비,하체 부품,파워스티어링 펌프,교환,CAN-002851
union_standard_time,5648001,승용-소형,기능정비,엔진 부품,흡기매니홀드,탈착,CAN-003434
union_standard_time,5648001,승용-소형,기능정비,엔진 부품,흡기매니홀드,교환,CAN-003433
union_standard_time,5648006,승용-소형,기능정비,엔진 부품,배기매니홀드,탈착,CAN-000903
union_standard_time,5648006,승용-소형,기능정비,엔진 부품,배기매니홀드,교환,CAN-000902
union_standard_time,5658003,승용-소형,기능정비,엔진 부품,배기파이프1번(프론트),탈착,CAN-000929
union_standard_time,5658003,승용-소형,기능정비,엔진 부품,배기파이프1번(프론트),교환,CAN-000928
union_standard_time,5658008,승용-소형,기능정비,엔진 부품,배기파이프2번(미들),탈착,CAN-000933
union_standard_time,5658008,승용-소형,기능정비,엔진 부품,배기파이프2번(미들),교환,CAN-000932
union_standard_time,5658010,승용-소형,기능정비,엔진 부품,배기파이프번(머플러),탈착,CAN-000947
union_standard_time,5658010,승용-소형,기능정비,엔진 부품,배기파이프번(머플러),교환,CAN-000946
union_standard_time,5668001,승용-소형,기능정비,엔진 부품,연료탱크,탈착,CAN-002034
union_standard_time,5668001,승용-소형,기능정비,엔진 부품,연료탱크,교환,CAN-002032
union_standard_time,5668001,승용-소형,기능정비,엔진 부품,연료탱크,오버홀,CAN-002033
union_standard_time,5668003,승용-소형,기능정비,엔진 부품,인젝션(연료)펌프,탈착,CAN-002274
union_standard_time,5668003,승용-소형,기능정비,엔진 부품,인젝션(연료)펌프,교환,CAN-002272
union_standard_time,5668012,승용-소형,소모품 및 하체정비,소모품,연료 세디멘터 및 필터,탈착,CAN-002027
union_standard_time,5668012,승용-소형,소모품 및 하체정비,소모품,연료 세디멘터 및 필터,교환,CAN-002026
union_standard_time,5668016,승용-소형,기능정비,엔진 부품,LPG봄베,탈착,CAN-000082
union_standard_time,5668016,승용-소형,기능정비,엔진 부품,LPG봄베,교환,CAN-000081
union_standard_time,5668017,승용-소형,기능정비,엔진 부품,LPG 믹서,탈착,CAN-000080
union_standard_time,5668017,승용-소형,기능정비,엔진 부품,LPG 믹서,교환,CAN-000079
union_standard_time,5668018,승용-소형,기능정비,엔진 부품,베이퍼라이져,탈착,CAN-001031
union_standard_time,5668018,승용-소형,기능정비,엔진 부품,베이퍼라이져,교환,CAN-001030
union_standard_time,5678005,승용-소형,기능정비,엔진 부품,터보챠져(과급기),탈착,CAN-002705
union_standard_time,5678005,승용-소형,기능정비,엔진 부품,터보챠져(과급기),교환,CAN-002704
union_standard_time,5678006,승용-소형,기능정비,엔진 부품,인터쿨러,탈착,CAN-002299
union_standard_time,5678006,승용-소형,기능정비,엔진 부품,인터쿨러,교환,CAN-002298
union_standard_time,7688001,승용-소형,기능정비,엔진 부품,트랜스미션(M/T),탈착,CAN-002732
union_standard_time,7688001,승용-소형,기능정비,엔진 부품,트랜스미션(M/T),교환,CAN-002730
union_standard_time,7688001,승용-소형,기능정비,엔진 부품,트랜스미션(M/T),오버홀,CAN-002731
union_standard_time,7688002,승용-소형,기능정비,엔진 부품,트랜스미션(A/T),탈착,CAN-002725
union_standard_time,7688002,승용-소형,기능정비,엔진 부품,트랜스미션(A/T),교환,CAN-002723
union_standard_time,7688002,승용-소형,기능정비,엔진 부품,트랜스미션(A/T),오버홀,CAN-002724
union_standard_time,7688007,승용-소형,소모품 및 하체정비,오일류,자동변속기오일팬,탈착,CAN-002305
union_standard_time,7688007,승용-소형,소모품 및 하체정비,오일류,자동변속기오일팬,교환,CAN-002304
union_standard_time,7688011,승용-소형,소모품 및 하체정비,오일류,트랜스미션(A/T)오일팬,탈착,CAN-002729
union_standard_time,7688011,승용-소형,소모품 및 하체정비,오일류,트랜스미션(A/T)오일팬,교환,CAN-002728
union_standard_time,7689017,승용-소형,기능정비,엔진 부품,체인지레버(M/T),탈착,CAN-002427
union_standard_time,7689017,승용-소형,기능정비,엔진 부품,체인지레버(M/T),교환,CAN-002426
union_standard_time,7689018,승용-소형,기능정비,엔진 부품,체인지레버(A/T),탈착,CAN-002425
union_standard_time,7689018,승용-소형,기능정비,엔진 부품,체인지레버(A/T),교환,CAN-002424
union_standard_time,7689021,승용-소형,기능정비,엔진 부품,체인지레버 케이블 및 로드,탈착,CAN-002435
union_standard_time,7689021,승용-소형,기능정비,엔진 부품,체인지레버 케이블 및 로드,교환,CAN-002434
union_standard_time,7698310,승용-소형,소모품 및 하체정비,하체 부품,프론트 서스펜션ASSY(좌측),탈착,CAN-003068
union_standard_time,7698310,승용-소형,소모품 및 하체정비,하체 부품,프론트 서스펜션ASSY(좌측),교환,CAN-003066
union_standard_time,7698310,승용-소형,소모품 및 하체정비,하체 부품,프론트 서스펜션ASSY(좌측),오버홀,CAN-003067
union_standard_time,7698411,승용-소형,소모품 및 하체정비,하체 부품,프론트 서스펜션ASSY(우측),탈착,CAN-003065
union_standard_time,7698411,승용-소형,소모품 및 하체정비,하체 부품,프론트 서스펜션ASSY(우측),교환,CAN-003063
union_standard_time,7698411,승용-소형,소모품 및 하체정비,하체 부품,프론트 서스펜션ASSY(우측),오버홀,CAN-003064
union_standard_time,7698501,승용-소형,기능정비,엔진 부품,"등속조인트(앞,좌)",탈착,CAN-000276
union_standard_time,7698501,승용-소형,기능정비,엔진 부품,"등속조인트(앞,좌)",교환,CAN-000275
union_standard_time,7698602,승용-소형,기능정비,엔진 부품,"등속조인트(앞,우)",탈착,CAN-000274
union_standard_time,7698602,승용-소형,기능정비,엔진 부품,"등속조인트(앞,우)",교환,CAN-000273
union_standard_time,7709501,승용-소형,기능정비,엔진 부품,쇽업쇼버(앞좌),탈착,CAN-001349
union_standard_time,7709501,승용-소형,기능정비,엔진 부품,쇽업쇼버(앞좌),교환,CAN-001347
union_standard_time,7709501,승용-소형,기능정비,엔진 부품,쇽업쇼버(앞좌),오버홀,CAN-001348
union_standard_time,7709602,승용-소형,기능정비,엔진 부품,쇽업쇼버(앞우),탈착,CAN-001346
union_standard_time,7709602,승용-소형,기능정비,엔진 부품,쇽업쇼버(앞우),교환,CAN-001344
union_standard_time,7709602,승용-소형,기능정비,엔진 부품,쇽업쇼버(앞우),오버홀,CAN-001345
union_standard_time,7718002,승용-소형,소모품 및 하체정비,하체 부품,엔진 크로스멤버,탈착,CAN-002008
union_standard_time,7718002,승용-소형,소모품 및 하체정비,하체 부품,엔진 크로스멤버,교환,CAN-002007
union_standard_time,7718018,승용-소형,기능정비,엔진 부품,서브 프레임ASSY,탈착,CAN-001264
union_standard_time,7718018,승용-소형,기능정비,엔진 부품,서브 프레임ASSY,교환,CAN-001263
union_standard_time,7718019,승용-소형,소모품 및 하체정비,하체 부품,센터멤버,탈착,CAN-001292
union_standard_time,7718019,승용-소형,소모품 및 하체정비,하체 부품,센터멤버,교환,CAN-001291
union_standard_time,7718020,승용-소형,기능정비,엔진 부품,리어 액슬빔(FF형),탈착,CAN-000693
union_standard_time,7718020,승용-소형,기능정비,엔진 부품,리어 액슬빔(FF형),교환,CAN-000691
union_standard_time,7718020,승용-소형,기능정비,엔진 부품,리어 액슬빔(FF형),오버홀,CAN-000692
union_standard_time,7718032,승용-소형,소모품 및 하체정비,하체 부품,리어 서스펜션 크로스멤버,탈착,CAN-000613
union_standard_time,7718032,승용-소형,소모품 및 하체정비,하체 부품,리어 서스펜션 크로스멤버,교환,CAN-000611
union_standard_time,7718134,승용-소형,기능정비,엔진 부품,스테빌라이져(앞),탈착,CAN-001364
union_standard_time,7718134,승용-소형,기능정비,엔진 부품,스테빌라이져(앞),교환,CAN-001363
union_standard_time,7718323,승용-소형,소모품 및 하체정비,하체 부품,리어 서스펜션ASSY(좌측),탈착,CAN-000608
union_standard_time,7718323,승용-소형,소모품 및 하체정비,하체 부품,리어 서스펜션ASSY(좌측),교환,CAN-000606
union_standard_time,7718323,승용-소형,소모품 및 하체정비,하체 부품,리어 서스펜션ASSY(좌측),오버홀,CAN-000607
union_standard_time,7718424,승용-소형,소모품 및 하체정비,하체 부품,리어 서스펜션ASSY(우측),탈착,CAN-000599
union_standard_time,7718424,승용-소형,소모품 및 하체정비,하체 부품,리어 서스펜션ASSY(우측),교환,CAN-000597
union_standard_time,7718424,승용-소형,소모품 및 하체정비,하체 부품,리어 서스펜션ASSY(우측),오버홀,CAN-000598
union_standard_time,7719510,승용-소형,소모품 및 하체정비,하체 부품,허브(앞좌),오버홀,CAN-003265
union_standard_time,7719611,승용-소형,소모품 및 하체정비,하체 부품,허브(앞우),오버홀,CAN-003263
union_standard_time,7719712,승용-소형,소모품 및 하체정비,하체 부품,허브(뒤좌),오버홀,CAN-003261
union_standard_time,7719813,승용-소형,소모품 및 하체정비,하체 부품,허브(뒤우),오버홀,CAN-003259
union_standard_time,7728005,승용-소형,기능정비,엔진 부품,디퍼런셜 기어,탈착,CAN-000294
union_standard_time,7728005,승용-소형,기능정비,엔진 부품,디퍼런셜 기어,교환,CAN-000292
union_standard_time,7728005,승용-소형,기능정비,엔진 부품,디퍼런셜 기어,오버홀,CAN-000293
union_standard_time,7728027,승용-소형,소모품 및 하체정비,하체 부품,스티어링 컬럼ASSY,탈착,CAN-001401
union_standard_time,7728027,승용-소형,소모품 및 하체정비,하체 부품,스티어링 컬럼ASSY,교환,CAN-001400
union_standard_time,7728031,승용-소형,소모품 및 하체정비,하체 부품,파워스티어링기어,탈착,CAN-002834
union_standard_time,7728031,승용-소형,소모품 및 하체정비,하체 부품,파워스티어링기어,교환,CAN-002833
union_standard_time,7728033,승용-소형,소모품 및 하체정비,하체 부품,메뉴얼스티어링기어,탈착,CAN-000833
union_standard_time,7728033,승용-소형,소모품 및 하체정비,하체 부품,메뉴얼스티어링기어,교환,CAN-000832
union_standard_time,7728045,승용-소형,기능정비,전기 및 램프,ABS 하이드로릭 유니트,탈착,CAN-000010
union_standard_time,7728045,승용-소형,기능정비,전기 및 램프,ABS 하이드로릭 유니트,교환,CAN-000009
union_standard_time,7728051,승용-소형,소모품 및 하체정비,브레이크/타이어,브레이크부스터&마스터 실린더,탈착,CAN-001085
union_standard_time,7728051,승용-소형,소모품 및 하체정비,브레이크/타이어,브레이크부스터&마스터 실린더,교환,CAN-001084
union_standard_time,7728054,승용-소형,소모품 및 하체정비,브레이크/타이어,브레이크&클러치페달,탈착,CAN-001077
union_standard_time,7728054,승용-소형,소모품 및 하체정비,브레이크/타이어,브레이크&클러치페달,교환,CAN-001076
union_standard_time,7728056,승용-소형,기능정비,엔진 부품,악셀레이터 패달,탈착,CAN-001605
union_standard_time,7728056,승용-소형,기능정비,엔진 부품,악셀레이터 패달,교환,CAN-001604
union_standard_time,7728057,승용-소형,소모품 및 하체정비,브레이크/타이어,브레이크페달,탈착,CAN-001120
union_standard_time,7728057,승용-소형,소모품 및 하체정비,브레이크/타이어,브레이크페달,교환,CAN-001119
union_standard_time,7728058,승용-소형,기능정비,엔진 부품,클러치페달,탈착,CAN-002635
union_standard_time,7728058,승용-소형,기능정비,엔진 부품,클러치페달,교환,CAN-002634
union_standard_time,7728066,승용-소형,기능정비,엔진 부품,클러치 마스터 실린더,탈착,CAN-002627
union_standard_time,7728066,승용-소형,기능정비,엔진 부품,클러치 마스터 실린더,교환,CAN-002626
union_standard_time,7728067,승용-소형,기능정비,엔진 부품,클러치 케이블,탈착,CAN-002633
union_standard_time,7728067,승용-소형,기능정비,엔진 부품,클러치 케이블,교환,CAN-002632
union_standard_time,7728343,승용-소형,소모품 및 하체정비,하체 부품,타이로드엔드(좌측),탈착,CAN-002647
union_standard_time,7728343,승용-소형,소모품 및 하체정비,하체 부품,타이로드엔드(좌측),교환,CAN-002646
union_standard_time,7728444,승용-소형,소모품 및 하체정비,하체 부품,타이로드엔드(우측),탈착,CAN-002645
union_standard_time,7728444,승용-소형,소모품 및 하체정비,하체 부품,타이로드엔드(우측),교환,CAN-002644
union_standard_time,7728508,승용-소형,소모품 및 하체정비,브레이크/타이어,"타이어(앞,좌)",교환,CAN-002694
union_standard_time,7728522,승용-소형,소모품 및 하체정비,브레이크/타이어,"휠(앞,좌)",교환,CAN-003398
union_standard_time,7728609,승용-소형,소모품 및 하체정비,브레이크/타이어,"타이어(앞,우)",교환,CAN-002693
union_standard_time,7728623,승용-소형,소모품 및 하체정비,브레이크/타이어,"휠(앞,우)",교환,CAN-003397
union_standard_time,7728710,승용-소형,소모품 및 하체정비,브레이크/타이어,"타이어(뒤,좌)",교환,CAN-002691
union_standard_time,7728724,승용-소형,소모품 및 하체정비,브레이크/타이어,"휠(뒤,좌)",교환,CAN-003393
union_standard_time,7728811,승용-소형,소모품 및 하체정비,브레이크/타이어,"타이어(뒤,우)",교환,CAN-002690
union_standard_time,7728825,승용-소형,소모품 및 하체정비,브레이크/타이어,"휠(뒤,우)",교환,CAN-003392
union_standard_time,7729026,승용-소형,소모품 및 하체정비,하체 부품,스티어링 휠,탈착,CAN-001407
union_standard_time,7729026,승용-소형,소모품 및 하체정비,하체 부품,스티어링 휠,교환,CAN-001406
union_standard_time,7729060,승용-소형,소모품 및 하체정비,브레이크/타이어,사이드 브레이크(핸드식),탈착,CAN-001173
union_standard_time,7729060,승용-소형,소모품 및 하체정비,브레이크/타이어,사이드 브레이크(핸드식),교환,CAN-001172
union_standard_time,7729546,승용-소형,기능정비,전기 및 램프,"ABS 센서(앞,좌)",탈착,CAN-000008
union_standard_time,7729546,승용-소형,기능정비,전기 및 램프,"ABS 센서(앞,좌)",교환,CAN-000007
union_standard_time,7729647,승용-소형,기능정비,전기 및 램프,"ABS 센서(앞,우)",탈착,CAN-000006
union_standard_time,7729647,승용-소형,기능정비,전기 및 램프,"ABS 센서(앞,우)",교환,CAN-000005
union_standard_time,7729748,승용-소형,기능정비,전기 및 램프,"ABS 센서(뒤,좌)",탈착,CAN-000004
union_standard_time,7729748,승용-소형,기능정비,전기 및 램프,"ABS 센서(뒤,좌)",교환,CAN-000003
union_standard_time,7729849,승용-소형,기능정비,전기 및 램프,"ABS 센서(뒤,우)",탈착,CAN-000002
union_standard_time,7729849,승용-소형,기능정비,전기 및 램프,"ABS 센서(뒤,우)",교환,CAN-000001
union_standard_time,7738003,승용-소형,소모품 및 하체정비,브레이크/타이어,휠 얼라인먼트(전자식),조정,CAN-003401
union_standard_time,7738004,승용-소형,소모품 및 하체정비,브레이크/타이어,휠 얼라인먼트(기계식),조정,CAN-003399
union_standard_time,7738516,승용-소형,소모품 및 하체정비,브레이크/타이어,"브레이크 캘리퍼(앞,좌측)",탈착,CAN-001112
union_standard_time,7738617,승용-소형,소모품 및 하체정비,브레이크/타이어,"브레이크 캘리퍼(앞,우측)",탈착,CAN-001109
union_standard_time,7738718,승용-소형,소모품 및 하체정비,브레이크/타이어,"브레이크 캘리퍼(뒤,좌측)",탈착,CAN-001106
union_standard_time,7738819,승용-소형,소모품 및 하체정비,브레이크/타이어,"브레이크 캘리퍼(뒤,우측)",탈착,CAN-001103
union_standard_time,3568029,승용-소형,소모품 및 하체정비,브레이크/타이어,예비타이어 공구함탈착,탈착,CAN-002152
union_standard_time,7748001,승용-소형,기능정비,엔진 부품,차량크리닝(도장작업시),탈착,CAN-002395
union_standard_time,7738021,승용-소형,소모품 및 하체정비,브레이크/타이어,브레이크 에어빼기,조정,CAN-001091
union_standard_time,7738022,승용-소형,기능정비,전기 및 램프,브레이크 에어빼기(ABS),조정,CAN-001090
union_standard_time,1028109,승용-소형,기능정비,엔진 부품,라디에이터그릴(상부커버),탈착,CAN-000329
union_standard_time,1069321,승용-소형,기능정비,엔진 부품,프론트 휀다 가니쉬(좌측),탈착,CAN-003184
union_standard_time,1069422,승용-소형,기능정비,엔진 부품,프론트 휀다 가니쉬(우측),탈착,CAN-003182
union_standard_time,1069387,승용-소형,기능정비,엔진 부품,리어 휀다 가니쉬(좌측),탈착,CAN-000772
union_standard_time,1069488,승용-소형,기능정비,엔진 부품,리어 휀다 가니쉬(우측),탈착,CAN-000771
union_standard_time,1129321,승용-소형,판금/도장정비,판금(탈부착),프론트 도어 가니쉬(좌측),탈착,CAN-002936
union_standard_time,1129422,승용-소형,판금/도장정비,판금(탈부착),프론트 도어 가니쉬(우측),탈착,CAN-002935
union_standard_time,1139321,승용-소형,판금/도장정비,판금(탈부착),리어 도어 가니쉬(좌측),탈착,CAN-000493
union_standard_time,1139422,승용-소형,판금/도장정비,판금(탈부착),리어 도어 가니쉬(우측),탈착,CAN-000492
union_standard_time,3569030,승용-소형,판금/도장정비,판금(탈부착),에어덕트(범퍼탈착시),탈착,CAN-001763
union_standard_time,3559234,승용-소형,판금/도장정비,판금(탈부착),트렁크룸내 매트(뒤범퍼탈착시),탈착,CAN-002753
union_standard_time,5678010,승용-소형,기능정비,엔진 부품,엔진룸 커버,탈착,CAN-001941
union_standard_time,5679015,승용-소형,기능정비,엔진 부품,엔진룸 커버(볼트형),탈착,CAN-001942
union_standard_time,1018101,승용-중형,판금/도장정비,판금(탈부착),프론트 범퍼,탈착,CAN-002997
union_standard_time,1018101,승용-중형,판금/도장정비,판금(탈부착),프론트 범퍼,교환,CAN-002995
union_standard_time,1018101,승용-중형,판금/도장정비,판금(탈부착),프론트 범퍼,오버홀,CAN-002996
union_standard_time,1018113,승용-중형,판금/도장정비,판금(탈부착),프론트 범퍼 커버,탈착,CAN-003025
union_standard_time,1018113,승용-중형,판금/도장정비,판금(탈부착),프론트 범퍼 커버,교환,CAN-003023
union_standard_time,1018113,승용-중형,판금/도장정비,판금(탈부착),프론트 범퍼 커버,오버홀,CAN-003024
union_standard_time,1018114,승용-중형,판금/도장정비,판금(탈부착),프론트 범퍼 레일,탈착,CAN-002999
union_standard_time,1018114,승용-중형,판금/도장정비,판금(탈부착),프론트 범퍼 레일,교환,CAN-002998
union_standard_time,1019117,승용-중형,판금/도장정비,판금(탈부착),프론트 범퍼 립(로워몰딩),탈착,CAN-003007
union_standard_time,1019117,승용-중형,판금/도장정비,판금(탈부착),프론트 범퍼 립(로워몰딩),교환,CAN-003006
union_standard_time,1019321,승용-중형,판금/도장정비,판금(탈부착),프론트범퍼 사이드브라켓(좌측),탈착,CAN-003014
union_standard_time,1019321,승용-중형,판금/도장정비,판금(탈부착),프론트범퍼 사이드브라켓(좌측),교환,CAN-003013
union_standard_time,1019422,승용-중형,판금/도장정비,판금(탈부착),프론트범퍼 사이드브라켓(우측),탈착,CAN-003012
union_standard_time,1019422,승용-중형,판금/도장정비,판금(탈부착),프론트범퍼 사이드브라켓(우측),교환,CAN-003011
union_standard_time,1028101,승용-중형,기능정비,엔진 부품,라디에이터그릴,탈착,CAN-000320
union_standard_time,1028101,승용-중형,기능정비,엔진 부품,라디에이터그릴,교환,CAN-000318
union_standard_time,1028101,승용-중형,기능정비,엔진 부품,라디에이터그릴,오버홀,CAN-000319
union_standard_time,1028107,승용-중형,판금/도장정비,판금(탈부착),헤더패널,탈착,CAN-003267
union_standard_time,1028107,승용-중형,판금/도장정비,판금(탈부착),헤더패널,교환,CAN-003266
union_standard_time,1038101,승용-중형,판금/도장정비,판금(탈부착),후드,탈착,CAN-003318
union_standard_time,1038101,승용-중형,판금/도장정비,판금(탈부착),후드,교환,CAN-003316
union_standard_time,1038101,승용-중형,판금/도장정비,판금(탈부착),후드,오버홀,CAN-003317
union_standard_time,1039106,승용-중형,판금/도장정비,판금(탈부착),후드 록크,탈착,CAN-003321
union_standard_time,1039106,승용-중형,판금/도장정비,판금(탈부착),후드 록크,교환,CAN-003320
union_standard_time,1039107,승용-중형,판금/도장정비,판금(탈부착),후드 케이블,탈착,CAN-003357
union_standard_time,1039107,승용-중형,판금/도장정비,판금(탈부착),후드 케이블,교환,CAN-003356
union_standard_time,1039108,승용-중형,판금/도장정비,판금(탈부착),후드인슈레이션패드,탈착,CAN-003351
union_standard_time,1039108,승용-중형,판금/도장정비,판금(탈부착),후드인슈레이션패드,교환,CAN-003350
union_standard_time,1039302,승용-중형,판금/도장정비,판금(탈부착),후드 힌지(좌측),탈착,CAN-003363
union_standard_time,1039302,승용-중형,판금/도장정비,판금(탈부착),후드 힌지(좌측),교환,CAN-003362
union_standard_time,1039304,승용-중형,판금/도장정비,판금(탈부착),후드 쇼버(좌측),탈착,CAN-003349
union_standard_time,1039304,승용-중형,판금/도장정비,판금(탈부착),후드 쇼버(좌측),교환,CAN-003348
union_standard_time,1039403,승용-중형,판금/도장정비,판금(탈부착),후드 힌지(우측),탈착,CAN-003361
union_standard_time,1039403,승용-중형,판금/도장정비,판금(탈부착),후드 힌지(우측),교환,CAN-003360
union_standard_time,1039405,승용-중형,판금/도장정비,판금(탈부착),후드 쇼버(우측),탈착,CAN-003347
union_standard_time,1039405,승용-중형,판금/도장정비,판금(탈부착),후드 쇼버(우측),교환,CAN-003346
union_standard_time,1048101,승용-중형,판금/도장정비,판금(탈부착),프론트 패널 ASSY,탈착,CAN-003129
union_standard_time,1048101,승용-중형,판금/도장정비,판금(탈부착),프론트 패널 ASSY,교환,CAN-003128
union_standard_time,1048102,승용-중형,판금/도장정비,판금(탈부착),프론트 패널(조립식),탈착,CAN-003141
union_standard_time,1048102,승용-중형,판금/도장정비,판금(탈부착),프론트 패널(조립식),교환,CAN-003140
union_standard_time,1048103,승용-중형,판금/도장정비,판금(탈부착),프론트 어퍼 및 사이드 서포트,교환,CAN-003107
union_standard_time,1048104,승용-중형,판금/도장정비,판금(탈부착),프론트 어퍼 패널(볼트),탈착,CAN-003113
union_standard_time,1048104,승용-중형,판금/도장정비,판금(탈부착),프론트 어퍼 패널(볼트),교환,CAN-003112
union_standard_time,1048105,승용-중형,판금/도장정비,판금(탈부착),프론트 어퍼 패널,교환,CAN-003108
union_standard_time,1048108,승용-중형,판금/도장정비,판금(탈부착),프론트패널그룹,교환,CAN-003136
union_standard_time,1048117,승용-중형,기능정비,엔진 부품,스티프너 ASSY,탈착,CAN-001409
union_standard_time,1048117,승용-중형,기능정비,엔진 부품,스티프너 ASSY,교환,CAN-001408
union_standard_time,1048132,승용-중형,소모품 및 하체정비,하체 부품,라디에이터멤버,탈착,CAN-000340
union_standard_time,1048132,승용-중형,소모품 및 하체정비,하체 부품,라디에이터멤버,교환,CAN-000339
union_standard_time,1048135,승용-중형,소모품 및 하체정비,하체 부품,프론트 엔드 크로스멤버,교환,CAN-003114
union_standard_time,1048306,승용-중형,판금/도장정비,판금(탈부착),사이드 서포트 패널(헤드램프패,탈착,CAN-001179
union_standard_time,1048306,승용-중형,판금/도장정비,판금(탈부착),사이드 서포트 패널(헤드램프패,교환,CAN-001178
union_standard_time,1048407,승용-중형,판금/도장정비,판금(탈부착),사이드 서포트 패널(헤드램프패,탈착,CAN-001179
union_standard_time,1048407,승용-중형,판금/도장정비,판금(탈부착),사이드 서포트 패널(헤드램프패,교환,CAN-001178
union_standard_time,1049114,승용-중형,기능정비,엔진 부품,센터 스테이,교환,CAN-001295
union_standard_time,1049320,승용-중형,기능정비,엔진 부품,라디에이터 로워 브라켓(좌측),탈착,CAN-000334
union_standard_time,1049320,승용-중형,기능정비,엔진 부품,라디에이터 로워 브라켓(좌측),교환,CAN-000333
union_standard_time,1049421,승용-중형,기능정비,엔진 부품,라디에이터 로워 브라켓(우측),탈착,CAN-000332
union_standard_time,1049421,승용-중형,기능정비,엔진 부품,라디에이터 로워 브라켓(우측),교환,CAN-000331
union_standard_time,1058301,승용-중형,기능정비,전기 및 램프,헤드램프(좌측),탈착,CAN-003301
union_standard_time,1058301,승용-중형,기능정비,전기 및 램프,헤드램프(좌측),교환,CAN-003300
union_standard_time,1058313,승용-중형,기능정비,전기 및 램프,해드램프 밸러스트(좌측),탈착,CAN-003254
union_standard_time,1058313,승용-중형,기능정비,전기 및 램프,해드램프 밸러스트(좌측),교환,CAN-003253
union_standard_time,1058320,승용-중형,기능정비,전기 및 램프,시그널램프(좌측),탈착,CAN-001503
union_standard_time,1058320,승용-중형,기능정비,전기 및 램프,시그널램프(좌측),교환,CAN-001502
union_standard_time,1058402,승용-중형,기능정비,전기 및 램프,헤드램프(우측),탈착,CAN-003299
union_standard_time,1058402,승용-중형,기능정비,전기 및 램프,헤드램프(우측),교환,CAN-003298
union_standard_time,1058414,승용-중형,기능정비,전기 및 램프,해드램프 밸러스트(우측),탈착,CAN-003252
union_standard_time,1058414,승용-중형,기능정비,전기 및 램프,해드램프 밸러스트(우측),교환,CAN-003251
union_standard_time,1058421,승용-중형,기능정비,전기 및 램프,시그널램프(우측),탈착,CAN-001501
union_standard_time,1058421,승용-중형,기능정비,전기 및 램프,시그널램프(우측),교환,CAN-001500
union_standard_time,1059119,승용-중형,기능정비,전기 및 램프,헤드램프 가니쉬(일체형),탈착,CAN-003272
union_standard_time,1059119,승용-중형,기능정비,전기 및 램프,헤드램프 가니쉬(일체형),교환,CAN-003271
union_standard_time,1059303,승용-중형,기능정비,전기 및 램프,헤드램프 브라켓(좌측),탈착,CAN-003290
union_standard_time,1059303,승용-중형,기능정비,전기 및 램프,헤드램프 브라켓(좌측),교환,CAN-003289
union_standard_time,1059305,승용-중형,기능정비,전기 및 램프,"헤드램프브라켓(수리킷,좌#1)",교환,CAN-003283
union_standard_time,1059306,승용-중형,기능정비,전기 및 램프,"헤드램프브라켓(수리킷,좌#2)",교환,CAN-003284
union_standard_time,1059307,승용-중형,기능정비,전기 및 램프,"헤드램프브라켓(수리킷,좌#3)",교환,CAN-003285
union_standard_time,1059308,승용-중형,기능정비,전기 및 램프,"헤드램프브라켓(수리킷,좌#4)",교환,CAN-003286
union_standard_time,1059317,승용-중형,기능정비,전기 및 램프,헤드램프 가니쉬(좌측),탈착,CAN-003274
union_standard_time,1059317,승용-중형,기능정비,전기 및 램프,헤드램프 가니쉬(좌측),교환,CAN-003273
union_standard_time,1059326,승용-중형,기능정비,전기 및 램프,포그램프(좌측),탈착,CAN-002911
union_standard_time,1059326,승용-중형,기능정비,전기 및 램프,포그램프(좌측),교환,CAN-002910
union_standard_time,1059404,승용-중형,기능정비,전기 및 램프,헤드램프 브라켓(우측),탈착,CAN-003288
union_standard_time,1059404,승용-중형,기능정비,전기 및 램프,헤드램프 브라켓(우측),교환,CAN-003287
union_standard_time,1059409,승용-중형,기능정비,전기 및 램프,"헤드램프브라켓(수리킷,우#1)",교환,CAN-003279
union_standard_time,1059410,승용-중형,기능정비,전기 및 램프,"헤드램프브라켓(수리킷,우#2)",교환,CAN-003280
union_standard_time,1059411,승용-중형,기능정비,전기 및 램프,"헤드램프브라켓(수리킷,우#3)",교환,CAN-003281
union_standard_time,1059412,승용-중형,기능정비,전기 및 램프,"헤드램프브라켓(수리킷,우#4)",교환,CAN-003282
union_standard_time,1059418,승용-중형,기능정비,전기 및 램프,헤드램프 가니쉬(우측),탈착,CAN-003270
union_standard_time,1059418,승용-중형,기능정비,전기 및 램프,헤드램프 가니쉬(우측),교환,CAN-003269
union_standard_time,1059427,승용-중형,기능정비,전기 및 램프,포그램프(우측),탈착,CAN-002909
union_standard_time,1059427,승용-중형,기능정비,전기 및 램프,포그램프(우측),교환,CAN-002908
union_standard_time,1068301,승용-중형,기능정비,엔진 부품,프론트휀다(좌측),탈착,CAN-003192
union_standard_time,1068301,승용-중형,기능정비,엔진 부품,프론트휀다(좌측),교환,CAN-003191
union_standard_time,1068325,승용-중형,소모품 및 하체정비,브레이크/타이어,프론트휠하우스(좌측),교환,CAN-003204
union_standard_time,1068343,승용-중형,소모품 및 하체정비,브레이크/타이어,휠하우스 브레이스(좌측),교환,CAN-003417
union_standard_time,1068357,승용-중형,소모품 및 하체정비,하체 부품,프론트 사이드멤버 ASSY(좌측),교환,CAN-003034
union_standard_time,1068362,승용-중형,소모품 및 하체정비,하체 부품,"프론트사이드멤버(대쉬,좌)",교환,CAN-003040
union_standard_time,1068379,승용-중형,소모품 및 하체정비,하체 부품,"프론트사이드멤버(앞부분,좌)",교환,CAN-003049
union_standard_time,1068403,승용-중형,기능정비,엔진 부품,프론트휀다(우측),탈착,CAN-003190
union_standard_time,1068403,승용-중형,기능정비,엔진 부품,프론트휀다(우측),교환,CAN-003189
union_standard_time,1068426,승용-중형,판금/도장정비,판금(탈부착),휠하우스 아우터 패널(좌측),교환,CAN-003419
union_standard_time,1068434,승용-중형,소모품 및 하체정비,브레이크/타이어,프론트휠하우스(우측),교환,CAN-003203
union_standard_time,1068435,승용-중형,판금/도장정비,판금(탈부착),휠하우스 아우터 패널(우측),교환,CAN-003418
union_standard_time,1068449,승용-중형,소모품 및 하체정비,브레이크/타이어,휠하우스 브레이스(우측),교환,CAN-003415
union_standard_time,1068456,승용-중형,판금/도장정비,판금(탈부착),휠하우스 엔진마운팅 패널(우측),교환,CAN-003420
union_standard_time,1068463,승용-중형,소모품 및 하체정비,하체 부품,프론트 사이드멤버 ASSY(우측),교환,CAN-003033
union_standard_time,1068468,승용-중형,소모품 및 하체정비,하체 부품,"프론트사이드멤버(대쉬,우)",교환,CAN-003039
union_standard_time,1068480,승용-중형,소모품 및 하체정비,하체 부품,"프론트사이드멤버(앞부분,우)",교환,CAN-003047
union_standard_time,1068527,승용-중형,소모품 및 하체정비,브레이크/타이어,"프론트 휠 하우스(앞부분,좌)",교환,CAN-003202
union_standard_time,1068544,승용-중형,소모품 및 하체정비,브레이크/타이어,"휠하우스 브레이스(좌,앞부분)",교환,CAN-003416
union_standard_time,1068558,승용-중형,소모품 및 하체정비,하체 부품,"프론트사이드 멤버(앞부분,좌)",교환,CAN-003049
union_standard_time,1068636,승용-중형,소모품 및 하체정비,브레이크/타이어,"프론트 휠 하우스(앞부분,우)",교환,CAN-003201
union_standard_time,1068650,승용-중형,소모품 및 하체정비,브레이크/타이어,"휠하우스 브레이스(우,앞부분)",교환,CAN-003414
union_standard_time,1068664,승용-중형,소모품 및 하체정비,하체 부품,"프론트사이드 멤버(앞부분,우)",교환,CAN-003047
union_standard_time,1069309,승용-중형,소모품 및 하체정비,브레이크/타이어,프론트휠가드(좌측),탈착,CAN-003196
union_standard_time,1069309,승용-중형,소모품 및 하체정비,브레이크/타이어,프론트휠가드(좌측),교환,CAN-003195
union_standard_time,1069311,승용-중형,소모품 및 하체정비,브레이크/타이어,리어 휠가드(좌측),탈착,CAN-000805
union_standard_time,1069311,승용-중형,소모품 및 하체정비,브레이크/타이어,리어 휠가드(좌측),교환,CAN-000804
union_standard_time,1069410,승용-중형,소모품 및 하체정비,브레이크/타이어,프론트휠가드(우측),탈착,CAN-003194
union_standard_time,1069410,승용-중형,소모품 및 하체정비,브레이크/타이어,프론트휠가드(우측),교환,CAN-003193
union_standard_time,1069412,승용-중형,소모품 및 하체정비,브레이크/타이어,리어 휠가드(우측),탈착,CAN-000803
union_standard_time,1069412,승용-중형,소모품 및 하체정비,브레이크/타이어,리어 휠가드(우측),교환,CAN-000802
union_standard_time,1078001,승용-중형,기능정비,엔진 부품,카울그릴,탈착,CAN-002437
union_standard_time,1078001,승용-중형,기능정비,엔진 부품,카울그릴,교환,CAN-002436
union_standard_time,1078002,승용-중형,판금/도장정비,판금(탈부착),카울패널,교환,CAN-002454
union_standard_time,1078014,승용-중형,판금/도장정비,판금(탈부착),대쉬패널,교환,CAN-000144
union_standard_time,1078015,승용-중형,판금/도장정비,판금(탈부착),대쉬패널멤버,교환,CAN-000145
union_standard_time,1078017,승용-중형,기능정비,엔진 부품,대쉬 인슐레이터,탈착,CAN-000143
union_standard_time,1078017,승용-중형,기능정비,엔진 부품,대쉬 인슐레이터,교환,CAN-000142
union_standard_time,1078024,승용-중형,소모품 및 하체정비,하체 부품,카울크로스멤버,탈착,CAN-002449
union_standard_time,1078024,승용-중형,소모품 및 하체정비,하체 부품,카울크로스멤버,교환,CAN-002448
union_standard_time,1078026,승용-중형,소모품 및 하체정비,하체 부품,카울 크로스멤버(용접식),교환,CAN-002450
union_standard_time,1078306,승용-중형,판금/도장정비,판금(탈부착),카울사이드패널(좌측),교환,CAN-002441
union_standard_time,1078308,승용-중형,판금/도장정비,판금(탈부착),카울사이드패널(우측),교환,CAN-002440
union_standard_time,1078407,승용-중형,판금/도장정비,판금(탈부착),카울사이드패널(좌측),교환,CAN-002441
union_standard_time,1078409,승용-중형,판금/도장정비,판금(탈부착),카울사이드패널(우측),교환,CAN-002440
union_standard_time,1088301,승용-중형,기능정비,엔진 부품,프론트필러ASSY(좌측),교환,CAN-003160
union_standard_time,1088302,승용-중형,기능정비,엔진 부품,"프론트필러(외측,좌)",교환,CAN-003170
union_standard_time,1088307,승용-중형,기능정비,엔진 부품,윈도우필러(좌측),교환,CAN-002239
union_standard_time,1088410,승용-중형,기능정비,엔진 부품,프론트필러ASSY(우측),교환,CAN-003159
union_standard_time,1088411,승용-중형,기능정비,엔진 부품,"프론트필러(외측,우)",교환,CAN-003169
union_standard_time,1088416,승용-중형,기능정비,엔진 부품,윈도우필러(우측),교환,CAN-002237
union_standard_time,1089324,승용-중형,기능정비,엔진 부품,프론트필러 가니쉬(좌측),탈착,CAN-003164
union_standard_time,1089324,승용-중형,기능정비,엔진 부품,프론트필러 가니쉬(좌측),교환,CAN-003163
union_standard_time,1089425,승용-중형,기능정비,엔진 부품,프론트필러 가니쉬(우측),탈착,CAN-003162
union_standard_time,1089425,승용-중형,기능정비,엔진 부품,프론트필러 가니쉬(우측),교환,CAN-003161
union_standard_time,1128301,승용-중형,판금/도장정비,판금(탈부착),프론트도어(좌측),탈착,CAN-002970
union_standard_time,1128301,승용-중형,판금/도장정비,판금(탈부착),프론트도어(좌측),교환,CAN-002968
union_standard_time,1128301,승용-중형,판금/도장정비,판금(탈부착),프론트도어(좌측),오버홀,CAN-002969
union_standard_time,1128406,승용-중형,판금/도장정비,판금(탈부착),프론트도어(우측),탈착,CAN-002954
union_standard_time,1128406,승용-중형,판금/도장정비,판금(탈부착),프론트도어(우측),교환,CAN-002952
union_standard_time,1128406,승용-중형,판금/도장정비,판금(탈부착),프론트도어(우측),오버홀,CAN-002953
union_standard_time,1129315,승용-중형,판금/도장정비,판금(탈부착),프론트 도어 몰딩(좌측),탈착,CAN-002941
union_standard_time,1129315,승용-중형,판금/도장정비,판금(탈부착),프론트 도어 몰딩(좌측),교환,CAN-002940
union_standard_time,1129416,승용-중형,판금/도장정비,판금(탈부착),프론트 도어 몰딩(우측),탈착,CAN-002939
union_standard_time,1129416,승용-중형,판금/도장정비,판금(탈부착),프론트 도어 몰딩(우측),교환,CAN-002938
union_standard_time,1138301,승용-중형,판금/도장정비,판금(탈부착),리어도어(좌측),탈착,CAN-000513
union_standard_time,1138301,승용-중형,판금/도장정비,판금(탈부착),리어도어(좌측),교환,CAN-000511
union_standard_time,1138301,승용-중형,판금/도장정비,판금(탈부착),리어도어(좌측),오버홀,CAN-000512
union_standard_time,1138317,승용-중형,판금/도장정비,판금(탈부착),리어 도어 몰딩(좌측),탈착,CAN-000497
union_standard_time,1138317,승용-중형,판금/도장정비,판금(탈부착),리어 도어 몰딩(좌측),교환,CAN-000496
union_standard_time,1138407,승용-중형,판금/도장정비,판금(탈부착),리어도어(우측),탈착,CAN-000504
union_standard_time,1138407,승용-중형,판금/도장정비,판금(탈부착),리어도어(우측),교환,CAN-000502
union_standard_time,1138407,승용-중형,판금/도장정비,판금(탈부착),리어도어(우측),오버홀,CAN-000503
union_standard_time,1138418,승용-중형,판금/도장정비,판금(탈부착),리어 도어 몰딩(우측),탈착,CAN-000495
union_standard_time,1138418,승용-중형,판금/도장정비,판금(탈부착),리어 도어 몰딩(우측),교환,CAN-000494
union_standard_time,1139319,승용-중형,판금/도장정비,판금(탈부착),리어도어 힌지(좌측),탈착,CAN-000524
union_standard_time,1139319,승용-중형,판금/도장정비,판금(탈부착),리어도어 힌지(좌측),교환,CAN-000523
union_standard_time,1139420,승용-중형,판금/도장정비,판금(탈부착),리어도어 힌지(우측),탈착,CAN-000522
union_standard_time,1139420,승용-중형,판금/도장정비,판금(탈부착),리어도어 힌지(우측),교환,CAN-000521
union_standard_time,1169301,승용-중형,기능정비,엔진 부품,사이드미러(좌측),탈착,CAN-001156
union_standard_time,1169301,승용-중형,기능정비,엔진 부품,사이드미러(좌측),교환,CAN-001154
union_standard_time,1169307,승용-중형,기능정비,엔진 부품,사이드미러(좌측),오버홀,CAN-001155
union_standard_time,1169404,승용-중형,기능정비,엔진 부품,사이드미러(우측),탈착,CAN-001144
union_standard_time,1169404,승용-중형,기능정비,엔진 부품,사이드미러(우측),교환,CAN-001142
union_standard_time,1169408,승용-중형,기능정비,엔진 부품,사이드미러(우측),오버홀,CAN-001143
union_standard_time,1178301,승용-중형,기능정비,엔진 부품,센터필러ASSY(좌측),교환,CAN-001304
union_standard_time,1178303,승용-중형,기능정비,엔진 부품,"센터필러(외측,좌)",교환,CAN-001309
union_standard_time,1178309,승용-중형,기능정비,엔진 부품,"센터 필러(내측,좌)",교환,CAN-001306
union_standard_time,1178405,승용-중형,기능정비,엔진 부품,센터필러ASSY(우측),교환,CAN-001303
union_standard_time,1178407,승용-중형,기능정비,엔진 부품,"센터필러(외측,우)",교환,CAN-001307
union_standard_time,1188301,승용-중형,판금/도장정비,판금(탈부착),사이드스텝패널ASSY(좌측),교환,CAN-001193
union_standard_time,1188302,승용-중형,판금/도장정비,판금(탈부착),"사이드스텝패널(외측,좌)",교환,CAN-001200
union_standard_time,1188405,승용-중형,판금/도장정비,판금(탈부착),사이드스텝패널ASSY(우측),교환,CAN-001192
union_standard_time,1188406,승용-중형,판금/도장정비,판금(탈부착),"사이드스텝패널(외측,우)",교환,CAN-001198
union_standard_time,1198311,승용-중형,판금/도장정비,판금(탈부착),사이드스텝몰딩(좌측),탈착,CAN-001185
union_standard_time,1198311,승용-중형,판금/도장정비,판금(탈부착),사이드스텝몰딩(좌측),교환,CAN-001184
union_standard_time,1198412,승용-중형,판금/도장정비,판금(탈부착),사이드스텝몰딩(우측),탈착,CAN-001183
union_standard_time,1198412,승용-중형,판금/도장정비,판금(탈부착),사이드스텝몰딩(우측),교환,CAN-001182
union_standard_time,1208303,승용-중형,기능정비,엔진 부품,"사이드 프레임ASSY(외측,좌)",교환,CAN-001238
union_standard_time,1208305,승용-중형,기능정비,엔진 부품,"사이드 프레임ASSY(일체,좌)",교환,CAN-001240
union_standard_time,1208307,승용-중형,기능정비,엔진 부품,"사이드 프레임(외측,좌) I",교환,CAN-001247
union_standard_time,1208309,승용-중형,기능정비,엔진 부품,"사이드 프레임(일체,좌) I",교환,CAN-001252
union_standard_time,1208311,승용-중형,기능정비,엔진 부품,"사이드 프레임(외측,좌) II",교환,CAN-001246
union_standard_time,1208313,승용-중형,기능정비,엔진 부품,"사이드 프레임(일체,좌) II",교환,CAN-001251
union_standard_time,1208404,승용-중형,기능정비,엔진 부품,"사이드 프레임ASSY(외측,우)",교환,CAN-001237
union_standard_time,1208406,승용-중형,기능정비,엔진 부품,"사이드 프레임ASSY(일체,우)",교환,CAN-001239
union_standard_time,1208408,승용-중형,기능정비,엔진 부품,"사이드 프레임(외측,우) I",교환,CAN-001245
union_standard_time,1208410,승용-중형,기능정비,엔진 부품,"사이드 프레임(일체,우) I",교환,CAN-001250
union_standard_time,1208412,승용-중형,기능정비,엔진 부품,"사이드 프레임(외측,우) II",교환,CAN-001244
union_standard_time,1208414,승용-중형,기능정비,엔진 부품,"사이드 프레임(일체,우) II",교환,CAN-001249
union_standard_time,1218001,승용-중형,판금/도장정비,판금(탈부착),루프패널,교환,CAN-000458
union_standard_time,1218002,승용-중형,판금/도장정비,판금(탈부착),루프 패널 ASSY(레일포함),교환,CAN-000457
union_standard_time,1218035,승용-중형,기능정비,엔진 부품,인사이드 미러(룸미러),탈착,CAN-002256
union_standard_time,1218035,승용-중형,기능정비,엔진 부품,인사이드 미러(룸미러),교환,CAN-002255
union_standard_time,1219009,승용-중형,판금/도장정비,판금(탈부착),루프프론트헤더패널,교환,CAN-000471
union_standard_time,1219010,승용-중형,판금/도장정비,판금(탈부착),루프리어헤더패널,교환,CAN-000398
union_standard_time,1219016,승용-중형,판금/도장정비,판금(탈부착),루프크로스레일#1,탈착,CAN-000421
union_standard_time,1219016,승용-중형,판금/도장정비,판금(탈부착),루프크로스레일#1,교환,CAN-000420
union_standard_time,1219017,승용-중형,판금/도장정비,판금(탈부착),루프크로스레일#2,교환,CAN-000422
union_standard_time,1219018,승용-중형,판금/도장정비,판금(탈부착),루프크로스레일#3,교환,CAN-000423
union_standard_time,1219019,승용-중형,판금/도장정비,판금(탈부착),루프 크로스 레일 NO.4,교환,CAN-000431
union_standard_time,1219027,승용-중형,판금/도장정비,판금(탈부착),루프톱실링ASSY,탈착,CAN-000435
union_standard_time,1219027,승용-중형,판금/도장정비,판금(탈부착),루프톱실링ASSY,교환,CAN-000434
union_standard_time,1219314,승용-중형,판금/도장정비,판금(탈부착),루프 사이드 레일(좌측),교환,CAN-000407
union_standard_time,1219323,승용-중형,판금/도장정비,판금(탈부착),루프 사이드 몰딩(좌측),탈착,CAN-000411
union_standard_time,1219323,승용-중형,판금/도장정비,판금(탈부착),루프 사이드 몰딩(좌측),교환,CAN-000410
union_standard_time,1219415,승용-중형,판금/도장정비,판금(탈부착),루프 사이드 레일(우측),교환,CAN-000406
union_standard_time,1219425,승용-중형,판금/도장정비,판금(탈부착),루프 사이드 몰딩(우측),탈착,CAN-000409
union_standard_time,1219425,승용-중형,판금/도장정비,판금(탈부착),루프 사이드 몰딩(우측),교환,CAN-000408
union_standard_time,1228201,승용-중형,판금/도장정비,판금(탈부착),리어범퍼,탈착,CAN-000536
union_standard_time,1228201,승용-중형,판금/도장정비,판금(탈부착),리어범퍼,교환,CAN-000534
union_standard_time,1228201,승용-중형,판금/도장정비,판금(탈부착),리어범퍼,오버홀,CAN-000535
union_standard_time,1228213,승용-중형,판금/도장정비,판금(탈부착),리어 범퍼 커버,탈착,CAN-000556
union_standard_time,1228213,승용-중형,판금/도장정비,판금(탈부착),리어 범퍼 커버,교환,CAN-000554
union_standard_time,1228217,승용-중형,판금/도장정비,판금(탈부착),리어 범퍼 레일,탈착,CAN-000538
union_standard_time,1228217,승용-중형,판금/도장정비,판금(탈부착),리어 범퍼 레일,교환,CAN-000537
union_standard_time,1229114,승용-중형,기능정비,전기 및 램프,전방 감지센서,탈착,CAN-002368
union_standard_time,1229114,승용-중형,기능정비,전기 및 램프,전방 감지센서,교환,CAN-002367
union_standard_time,1229115,승용-중형,기능정비,전기 및 램프,전방 감지센서(주차보조),탈착,CAN-002370
union_standard_time,1229115,승용-중형,기능정비,전기 및 램프,전방 감지센서(주차보조),교환,CAN-002369
union_standard_time,1229216,승용-중형,기능정비,전기 및 램프,후방감지센서,탈착,CAN-003371
union_standard_time,1229216,승용-중형,기능정비,전기 및 램프,후방감지센서,교환,CAN-003370
union_standard_time,1229320,승용-중형,판금/도장정비,판금(탈부착),리어범퍼 사이드브라켓(좌측),탈착,CAN-000548
union_standard_time,1229320,승용-중형,판금/도장정비,판금(탈부착),리어범퍼 사이드브라켓(좌측),교환,CAN-000547
union_standard_time,1229421,승용-중형,판금/도장정비,판금(탈부착),리어범퍼 사이드브라켓(우측),탈착,CAN-000546
union_standard_time,1229421,승용-중형,판금/도장정비,판금(탈부착),리어범퍼 사이드브라켓(우측),교환,CAN-000545
union_standard_time,1238201,승용-중형,판금/도장정비,판금(탈부착),트렁크리드,탈착,CAN-002768
union_standard_time,1238201,승용-중형,판금/도장정비,판금(탈부착),트렁크리드,교환,CAN-002766
union_standard_time,1238201,승용-중형,판금/도장정비,판금(탈부착),트렁크리드,오버홀,CAN-002767
union_standard_time,1239204,승용-중형,판금/도장정비,판금(탈부착),트렁크리드스프링,탈착,CAN-002792
union_standard_time,1239204,승용-중형,판금/도장정비,판금(탈부착),트렁크리드스프링,교환,CAN-002791
union_standard_time,1239207,승용-중형,판금/도장정비,판금(탈부착),트렁크리드 마그네트,탈착,CAN-002776
union_standard_time,1239207,승용-중형,판금/도장정비,판금(탈부착),트렁크리드 마그네트,교환,CAN-002775
union_standard_time,1239210,승용-중형,판금/도장정비,판금(탈부착),트렁크리드 록크,탈착,CAN-002774
union_standard_time,1239210,승용-중형,판금/도장정비,판금(탈부착),트렁크리드 록크,교환,CAN-002773
union_standard_time,1239213,승용-중형,판금/도장정비,판금(탈부착),트렁크리드케이블,탈착,CAN-002804
union_standard_time,1239213,승용-중형,판금/도장정비,판금(탈부착),트렁크리드케이블,교환,CAN-002803
union_standard_time,1239218,승용-중형,판금/도장정비,판금(탈부착),트렁크리드 피니셔,탈착,CAN-002808
union_standard_time,1239218,승용-중형,판금/도장정비,판금(탈부착),트렁크리드 피니셔,교환,CAN-002807
union_standard_time,1239219,승용-중형,판금/도장정비,판금(탈부착),트렁크리드램프형백피니셔,탈착,CAN-002772
union_standard_time,1239219,승용-중형,판금/도장정비,판금(탈부착),트렁크리드램프형백피니셔,교환,CAN-002771
union_standard_time,1239302,승용-중형,판금/도장정비,판금(탈부착),"트렁크리드 스프링(좌,코일형)",탈착,CAN-002802
union_standard_time,1239302,승용-중형,판금/도장정비,판금(탈부착),"트렁크리드 스프링(좌,코일형)",교환,CAN-002801
union_standard_time,1239305,승용-중형,판금/도장정비,판금(탈부착),트렁크리드 스프링(좌측),탈착,CAN-002800
union_standard_time,1239305,승용-중형,판금/도장정비,판금(탈부착),트렁크리드 스프링(좌측),교환,CAN-002799
union_standard_time,1239308,승용-중형,판금/도장정비,판금(탈부착),트렁크리드 쇼버(좌측),탈착,CAN-002786
union_standard_time,1239308,승용-중형,판금/도장정비,판금(탈부착),트렁크리드 쇼버(좌측),교환,CAN-002785
union_standard_time,1239314,승용-중형,판금/도장정비,판금(탈부착),트렁크리드힌지(좌측),탈착,CAN-002812
union_standard_time,1239314,승용-중형,판금/도장정비,판금(탈부착),트렁크리드힌지(좌측),교환,CAN-002811
union_standard_time,1239403,승용-중형,판금/도장정비,판금(탈부착),"트렁크리드 스프링(우,코일형)",탈착,CAN-002798
union_standard_time,1239403,승용-중형,판금/도장정비,판금(탈부착),"트렁크리드 스프링(우,코일형)",교환,CAN-002797
union_standard_time,1239406,승용-중형,판금/도장정비,판금(탈부착),트렁크리드 스프링(우측),탈착,CAN-002796
union_standard_time,1239406,승용-중형,판금/도장정비,판금(탈부착),트렁크리드 스프링(우측),교환,CAN-002795
union_standard_time,1239415,승용-중형,판금/도장정비,판금(탈부착),트렁크리드힌지(우측),탈착,CAN-002810
union_standard_time,1239415,승용-중형,판금/도장정비,판금(탈부착),트렁크리드힌지(우측),교환,CAN-002809
union_standard_time,1248201,승용-중형,판금/도장정비,판금(탈부착),백도어,탈착,CAN-000960
union_standard_time,1248201,승용-중형,판금/도장정비,판금(탈부착),백도어,교환,CAN-000958
union_standard_time,1248201,승용-중형,판금/도장정비,판금(탈부착),백도어,오버홀,CAN-000959
union_standard_time,1248202,승용-중형,판금/도장정비,판금(탈부착),백도어(와이퍼 부착형),탈착,CAN-000983
union_standard_time,1248202,승용-중형,판금/도장정비,판금(탈부착),백도어(와이퍼 부착형),교환,CAN-000981
union_standard_time,1248202,승용-중형,판금/도장정비,판금(탈부착),백도어(와이퍼 부착형),오버홀,CAN-000982
union_standard_time,1249210,승용-중형,판금/도장정비,판금(탈부착),백도어 록크,탈착,CAN-000964
union_standard_time,1249210,승용-중형,판금/도장정비,판금(탈부착),백도어 록크,교환,CAN-000963
union_standard_time,1249212,승용-중형,판금/도장정비,판금(탈부착),백도어 케이블,탈착,CAN-000995
union_standard_time,1249212,승용-중형,판금/도장정비,판금(탈부착),백도어 케이블,교환,CAN-000994
union_standard_time,1249306,승용-중형,판금/도장정비,판금(탈부착),백도어 쇼버(좌측),탈착,CAN-000975
union_standard_time,1249306,승용-중형,판금/도장정비,판금(탈부착),백도어 쇼버(좌측),교환,CAN-000974
union_standard_time,1249313,승용-중형,판금/도장정비,판금(탈부착),백도어 힌지(좌측),탈착,CAN-001007
union_standard_time,1249313,승용-중형,판금/도장정비,판금(탈부착),백도어 힌지(좌측),교환,CAN-001006
union_standard_time,1249408,승용-중형,판금/도장정비,판금(탈부착),백도어 쇼버(우측),탈착,CAN-000971
union_standard_time,1249408,승용-중형,판금/도장정비,판금(탈부착),백도어 쇼버(우측),교환,CAN-000970
union_standard_time,1249416,승용-중형,판금/도장정비,판금(탈부착),백도어 힌지(우측),탈착,CAN-001001
union_standard_time,1249416,승용-중형,판금/도장정비,판금(탈부착),백도어 힌지(우측),교환,CAN-001000
union_standard_time,1258202,승용-중형,기능정비,전기 및 램프,후방카메라,탈착,CAN-003375
union_standard_time,1258202,승용-중형,기능정비,전기 및 램프,후방카메라,교환,CAN-003374
union_standard_time,1258206,승용-중형,판금/도장정비,판금(탈부착),백패널(리어패널),교환,CAN-001012
union_standard_time,1258213,승용-중형,기능정비,엔진 부품,백피니셔,탈착,CAN-001021
union_standard_time,1258213,승용-중형,기능정비,엔진 부품,백피니셔,교환,CAN-001020
union_standard_time,1259214,승용-중형,기능정비,엔진 부품,스포일러,탈착,CAN-001424
union_standard_time,1259214,승용-중형,기능정비,엔진 부품,스포일러,교환,CAN-001423
union_standard_time,1259215,승용-중형,기능정비,전기 및 램프,하이마운팅 스톱램프,탈착,CAN-003246
union_standard_time,1259215,승용-중형,기능정비,전기 및 램프,하이마운팅 스톱램프,교환,CAN-003245
union_standard_time,1268301,승용-중형,기능정비,전기 및 램프,리어컴비네이션램프(좌측),탈착,CAN-000720
union_standard_time,1268301,승용-중형,기능정비,전기 및 램프,리어컴비네이션램프(좌측),교환,CAN-000719
union_standard_time,1268306,승용-중형,판금/도장정비,판금(탈부착),트렁크리드 부착형 컴비램프(좌측),탈착,CAN-002782
union_standard_time,1268306,승용-중형,판금/도장정비,판금(탈부착),트렁크리드 부착형 컴비램프(좌측),교환,CAN-002781
union_standard_time,1268309,승용-중형,판금/도장정비,판금(탈부착),"컴비램프(백도어 부착,좌)",탈착,CAN-002535
union_standard_time,1268309,승용-중형,판금/도장정비,판금(탈부착),"컴비램프(백도어 부착,좌)",교환,CAN-002534
union_standard_time,1268312,승용-중형,판금/도장정비,판금(탈부착),컴비네이션패널(좌측),교환,CAN-002522
union_standard_time,1268402,승용-중형,기능정비,전기 및 램프,리어컴비네이션램프(우측),탈착,CAN-000718
union_standard_time,1268402,승용-중형,기능정비,전기 및 램프,리어컴비네이션램프(우측),교환,CAN-000717
union_standard_time,1268407,승용-중형,판금/도장정비,판금(탈부착),트렁크리드 부착형 컴비램프(우측),탈착,CAN-002780
union_standard_time,1268407,승용-중형,판금/도장정비,판금(탈부착),트렁크리드 부착형 컴비램프(우측),교환,CAN-002779
union_standard_time,1268410,승용-중형,판금/도장정비,판금(탈부착),"컴비램프(백도어 부착,우)",탈착,CAN-002533
union_standard_time,1268410,승용-중형,판금/도장정비,판금(탈부착),"컴비램프(백도어 부착,우)",교환,CAN-002532
union_standard_time,1268413,승용-중형,판금/도장정비,판금(탈부착),컴비네이션패널(우측),교환,CAN-002520
union_standard_time,1269303,승용-중형,기능정비,엔진 부품,컴비네이션 피니셔(좌측),탈착,CAN-002527
union_standard_time,1269303,승용-중형,기능정비,엔진 부품,컴비네이션 피니셔(좌측),교환,CAN-002526
union_standard_time,1269404,승용-중형,기능정비,엔진 부품,컴비네이션 피니셔(우측),탈착,CAN-002525
union_standard_time,1269404,승용-중형,기능정비,엔진 부품,컴비네이션 피니셔(우측),교환,CAN-002524
union_standard_time,1288301,승용-중형,기능정비,엔진 부품,리어 휀다(좌측),교환,CAN-000787
union_standard_time,1288309,승용-중형,소모품 및 하체정비,브레이크/타이어,리어휀다 및 리어휠하우스(좌측),교환,CAN-000778
union_standard_time,1288411,승용-중형,기능정비,엔진 부품,리어 휀다(우측),교환,CAN-000785
union_standard_time,1288419,승용-중형,소모품 및 하체정비,브레이크/타이어,리어휀다 및 리어휠하우스(우측),교환,CAN-000777
union_standard_time,1289321,승용-중형,판금/도장정비,판금(탈부착),"리어휀다패널(내측,좌)",교환,CAN-000796
union_standard_time,1289422,승용-중형,판금/도장정비,판금(탈부착),"리어휀다패널(내측,우)",교환,CAN-000794
union_standard_time,1328303,승용-중형,소모품 및 하체정비,브레이크/타이어,"리어 휠하우스(외측,좌)",교환,CAN-000811
union_standard_time,1328305,승용-중형,소모품 및 하체정비,브레이크/타이어,"리어 휠하우스(내측,좌)",교환,CAN-000809
union_standard_time,1328404,승용-중형,소모품 및 하체정비,브레이크/타이어,"리어 휠하우스(외측,우)",교환,CAN-000810
union_standard_time,1328406,승용-중형,소모품 및 하체정비,브레이크/타이어,"리어 휠하우스(내측,우)",교환,CAN-000808
union_standard_time,1368301,승용-중형,판금/도장정비,판금(탈부착),리어필러패널(좌측),교환,CAN-000766
union_standard_time,1368405,승용-중형,판금/도장정비,판금(탈부착),리어필러패널(우측),교환,CAN-000765
union_standard_time,1388001,승용-중형,판금/도장정비,판금(탈부착),팩키지트레이패널(용접식),교환,CAN-002903
union_standard_time,1388004,승용-중형,판금/도장정비,판금(탈부착),팩키지 트레이 패널(조립식),탈착,CAN-002905
union_standard_time,1388004,승용-중형,판금/도장정비,판금(탈부착),팩키지 트레이 패널(조립식),교환,CAN-002904
union_standard_time,1388005,승용-중형,기능정비,엔진 부품,팩키지트레이트림,탈착,CAN-002902
union_standard_time,1388005,승용-중형,기능정비,엔진 부품,팩키지트레이트림,교환,CAN-002901
union_standard_time,1388302,승용-중형,판금/도장정비,판금(탈부착),쉘프사이드패널(좌측),교환,CAN-001352
union_standard_time,1388403,승용-중형,판금/도장정비,판금(탈부착),쉘프사이드패널(우측),교환,CAN-001351
union_standard_time,1408006,승용-중형,기능정비,엔진 부품,실내바닥(앞),교환,CAN-001539
union_standard_time,1408301,승용-중형,소모품 및 하체정비,하체 부품,리어 사이드멤버 ASSY(좌측),교환,CAN-000562
union_standard_time,1408302,승용-중형,소모품 및 하체정비,하체 부품,리어 사이드멤버(선단부)(좌측),교환,CAN-000564
union_standard_time,1408403,승용-중형,소모품 및 하체정비,하체 부품,리어 사이드멤버 ASSY(우측),교환,CAN-000561
union_standard_time,1408404,승용-중형,소모품 및 하체정비,하체 부품,리어 사이드멤버(선단부)(우측),교환,CAN-000563
union_standard_time,1418004,승용-중형,소모품 및 하체정비,하체 부품,프론트플로워 크로스멤버#1,교환,CAN-003150
union_standard_time,1418005,승용-중형,소모품 및 하체정비,하체 부품,프론트플로워 크로스멤버#2,교환,CAN-003151
union_standard_time,1418006,승용-중형,소모품 및 하체정비,하체 부품,프론트플로워 크로스멤버#3,교환,CAN-003152
union_standard_time,1418007,승용-중형,소모품 및 하체정비,하체 부품,프론트플로워 크로스멤버#4,교환,CAN-003153
union_standard_time,1418008,승용-중형,판금/도장정비,판금(탈부착),프론트플로워 센터패널(터널패널,교환,CAN-003147
union_standard_time,1418302,승용-중형,기능정비,엔진 부품,프론트 플로워(좌측),교환,CAN-003149
union_standard_time,1418403,승용-중형,기능정비,엔진 부품,프론트 플로워(우측),교환,CAN-003148
union_standard_time,1428013,승용-중형,기능정비,엔진 부품,프론트 리어플로워(리어바닥),교환,CAN-002985
union_standard_time,1428015,승용-중형,판금/도장정비,판금(탈부착),트렁크플로워 패널,교환,CAN-002818
union_standard_time,1428226,승용-중형,판금/도장정비,판금(탈부착),트렁크바닥 및 실내바닥(뒤),교환,CAN-002813
union_standard_time,1438029,승용-중형,소모품 및 하체정비,하체 부품,리어시트 크로스 멤버,교환,CAN-000670
union_standard_time,1438030,승용-중형,소모품 및 하체정비,하체 부품,리어 크로스 센타멤버,교환,CAN-000745
union_standard_time,1438031,승용-중형,소모품 및 하체정비,하체 부품,크로스멤버 ASSY No.2,교환,CAN-002616
union_standard_time,3478001,승용-중형,소모품 및 하체정비,브레이크/타이어,크러시패드,탈착,CAN-002613
union_standard_time,3478001,승용-중형,소모품 및 하체정비,브레이크/타이어,크러시패드,교환,CAN-002612
union_standard_time,3478005,승용-중형,소모품 및 하체정비,브레이크/타이어,로워크러시패드(로워커버),탈착,CAN-000390
union_standard_time,3478005,승용-중형,소모품 및 하체정비,브레이크/타이어,로워크러시패드(로워커버),교환,CAN-000389
union_standard_time,3478008,승용-중형,기능정비,엔진 부품,글로브박스,탈착,CAN-000131
union_standard_time,3478008,승용-중형,기능정비,엔진 부품,글로브박스,교환,CAN-000130
union_standard_time,3478009,승용-중형,기능정비,엔진 부품,콘솔박스,탈착,CAN-002570
union_standard_time,3478009,승용-중형,기능정비,엔진 부품,콘솔박스,교환,CAN-002569
union_standard_time,3478020,승용-중형,기능정비,에어컨,히터모터(분리식),탈착,CAN-003442
union_standard_time,3478020,승용-중형,기능정비,에어컨,히터모터(분리식),교환,CAN-003441
union_standard_time,3478023,승용-중형,기능정비,에어컨,히터 유니트 및 에어컨 에버포레,탈착,CAN-003454
union_standard_time,3478023,승용-중형,기능정비,에어컨,히터 유니트 및 에어컨 에버포레,교환,CAN-003453
union_standard_time,3478028,승용-중형,기능정비,에어컨,히터및에버포레이터,탈착,CAN-003444
union_standard_time,3478028,승용-중형,기능정비,에어컨,히터및에버포레이터,교환,CAN-003443
union_standard_time,3478032,승용-중형,기능정비,엔진 부품,블로어모터,탈착,CAN-001124
union_standard_time,3478032,승용-중형,기능정비,엔진 부품,블로어모터,교환,CAN-001123
union_standard_time,3478402,승용-중형,기능정비,전기 및 램프,프론트시트(우측)_사이드에어백,탈착,CAN-003088
union_standard_time,3478402,승용-중형,기능정비,전기 및 램프,프론트시트(우측)_사이드에어백,교환,CAN-003087
union_standard_time,3479013,승용-중형,기능정비,엔진 부품,종합계기판,탈착,CAN-002390
union_standard_time,3479013,승용-중형,기능정비,엔진 부품,종합계기판,교환,CAN-002389
union_standard_time,3479016,승용-중형,기능정비,엔진 부품,AV시스템,탈착,CAN-000022
union_standard_time,3479016,승용-중형,기능정비,엔진 부품,AV시스템,교환,CAN-000021
union_standard_time,3479019,승용-중형,기능정비,에어컨,히터유니트,탈착,CAN-003452
union_standard_time,3479019,승용-중형,기능정비,에어컨,히터유니트,교환,CAN-003451
union_standard_time,3488008,승용-중형,기능정비,엔진 부품,리어시트,탈착,CAN-000641
union_standard_time,3488008,승용-중형,기능정비,엔진 부품,리어시트,교환,CAN-000640
union_standard_time,3488301,승용-중형,기능정비,전기 및 램프,프론트시트(좌측)_사이드에어백,탈착,CAN-003098
union_standard_time,3488301,승용-중형,기능정비,전기 및 램프,프론트시트(좌측)_사이드에어백,교환,CAN-003097
union_standard_time,3488304,승용-중형,기능정비,전기 및 램프,"프론트 시트(좌,사이드에어백)",탈착,CAN-003092
union_standard_time,3488304,승용-중형,기능정비,전기 및 램프,"프론트 시트(좌,사이드에어백)",교환,CAN-003091
union_standard_time,3488406,승용-중형,기능정비,전기 및 램프,"프론트 시트(우,사이드에어백)",탈착,CAN-003082
union_standard_time,3488406,승용-중형,기능정비,전기 및 램프,"프론트 시트(우,사이드에어백)",교환,CAN-003081
union_standard_time,3499008,승용-중형,기능정비,엔진 부품,"안전벨트(뒤,중앙)",탈착,CAN-001659
union_standard_time,3499008,승용-중형,기능정비,엔진 부품,"안전벨트(뒤,중앙)",교환,CAN-001658
union_standard_time,3499017,승용-중형,기능정비,엔진 부품,안전벨트(2점식),탈착,CAN-001649
union_standard_time,3499017,승용-중형,기능정비,엔진 부품,안전벨트(2점식),교환,CAN-001648
union_standard_time,3499018,승용-중형,기능정비,엔진 부품,안전밸트(2점식)NO.2,탈착,CAN-001621
union_standard_time,3499018,승용-중형,기능정비,엔진 부품,안전밸트(2점식)NO.2,교환,CAN-001620
union_standard_time,3499019,승용-중형,기능정비,엔진 부품,안전밸트(2점식)NO.3,탈착,CAN-001623
union_standard_time,3499019,승용-중형,기능정비,엔진 부품,안전밸트(2점식)NO.3,교환,CAN-001622
union_standard_time,3499501,승용-중형,기능정비,엔진 부품,"안전벨트(앞,좌)",탈착,CAN-001665
union_standard_time,3499501,승용-중형,기능정비,엔진 부품,"안전벨트(앞,좌)",교환,CAN-001664
union_standard_time,3499502,승용-중형,기능정비,엔진 부품,"안전벨트(프리텐셔너,앞좌)",탈착,CAN-001671
union_standard_time,3499502,승용-중형,기능정비,엔진 부품,"안전벨트(프리텐셔너,앞좌)",교환,CAN-001670
union_standard_time,3499604,승용-중형,기능정비,엔진 부품,"안전벨트(앞,우)",탈착,CAN-001661
union_standard_time,3499604,승용-중형,기능정비,엔진 부품,"안전벨트(앞,우)",교환,CAN-001660
union_standard_time,3499605,승용-중형,기능정비,엔진 부품,"안전벨트(프리텐셔너,앞우)",탈착,CAN-001669
union_standard_time,3499605,승용-중형,기능정비,엔진 부품,"안전벨트(프리텐셔너,앞우)",교환,CAN-001668
union_standard_time,3499706,승용-중형,기능정비,엔진 부품,"안전벨트(뒤,좌)",탈착,CAN-001657
union_standard_time,3499706,승용-중형,기능정비,엔진 부품,"안전벨트(뒤,좌)",교환,CAN-001656
union_standard_time,3499807,승용-중형,기능정비,엔진 부품,"안전벨트(뒤,우)",탈착,CAN-001655
union_standard_time,3499807,승용-중형,기능정비,엔진 부품,"안전벨트(뒤,우)",교환,CAN-001654
union_standard_time,3508001,승용-중형,기능정비,엔진 부품,키셋트,탈착,CAN-002641
union_standard_time,3508001,승용-중형,기능정비,엔진 부품,키셋트,교환,CAN-002640
union_standard_time,3508003,승용-중형,기능정비,전기 및 램프,프론트 배선,탈착,CAN-002992
union_standard_time,3508003,승용-중형,기능정비,전기 및 램프,프론트 배선,교환,CAN-002991
union_standard_time,3508004,승용-중형,기능정비,전기 및 램프,크러쉬패드 배선,탈착,CAN-002611
union_standard_time,3508004,승용-중형,기능정비,전기 및 램프,크러쉬패드 배선,교환,CAN-002610
union_standard_time,3508006,승용-중형,기능정비,전기 및 램프,엔진룸배선,탈착,CAN-001923
union_standard_time,3508006,승용-중형,기능정비,전기 및 램프,엔진룸배선,교환,CAN-001922
union_standard_time,3508007,승용-중형,기능정비,전기 및 램프,엔진룸 휴즈박스 배선,탈착,CAN-001948
union_standard_time,3508007,승용-중형,기능정비,전기 및 램프,엔진룸 휴즈박스 배선,교환,CAN-001947
union_standard_time,3508008,승용-중형,기능정비,전기 및 램프,엔진 컨트롤 배선,탈착,CAN-002006
union_standard_time,3508008,승용-중형,기능정비,전기 및 램프,엔진 컨트롤 배선,교환,CAN-002005
union_standard_time,3508011,승용-중형,기능정비,전기 및 램프,뒷배선,탈착,CAN-000252
union_standard_time,3508011,승용-중형,기능정비,전기 및 램프,뒷배선,교환,CAN-000251
union_standard_time,3508015,승용-중형,기능정비,전기 및 램프,전체배선,탈착,CAN-002382
union_standard_time,3508015,승용-중형,기능정비,전기 및 램프,전체배선,교환,CAN-002381
union_standard_time,3508020,승용-중형,기능정비,엔진 부품,와이퍼 모터 및 링케이지,탈착,CAN-002192
union_standard_time,3508020,승용-중형,기능정비,엔진 부품,와이퍼 모터 및 링케이지,교환,CAN-002191
union_standard_time,3508023,승용-중형,기능정비,엔진 부품,캐니스터,탈착,CAN-002471
union_standard_time,3508023,승용-중형,기능정비,엔진 부품,캐니스터,교환,CAN-002470
union_standard_time,3508024,승용-중형,소모품 및 하체정비,소모품,밧데리,탈착,CAN-000878
union_standard_time,3508024,승용-중형,소모품 및 하체정비,소모품,밧데리,교환,CAN-000877
union_standard_time,3508025,승용-중형,기능정비,전기 및 램프,배터리 프로텍션 퓨즈(BDU),탈착,CAN-000957
union_standard_time,3508025,승용-중형,기능정비,전기 및 램프,배터리 프로텍션 퓨즈(BDU),교환,CAN-000956
union_standard_time,3508028,승용-중형,기능정비,전기 및 램프,통합팩키지모듈(HEV),탈착,CAN-002720
union_standard_time,3508028,승용-중형,기능정비,전기 및 램프,통합팩키지모듈(HEV),교환,CAN-002719
union_standard_time,3509019,승용-중형,기능정비,전기 및 램프,컴비네이션스위치,탈착,CAN-002519
union_standard_time,3509019,승용-중형,기능정비,전기 및 램프,컴비네이션스위치,교환,CAN-002518
union_standard_time,3509021,승용-중형,기능정비,엔진 부품,와이퍼모터,탈착,CAN-002190
union_standard_time,3509021,승용-중형,기능정비,엔진 부품,와이퍼모터,교환,CAN-002189
union_standard_time,3509022,승용-중형,기능정비,엔진 부품,와이퍼링케이지,탈착,CAN-002188
union_standard_time,3509022,승용-중형,기능정비,엔진 부품,와이퍼링케이지,교환,CAN-002187
union_standard_time,3518001,승용-중형,기능정비,에어컨,에어컨콘덴샤,탈착,CAN-001829
union_standard_time,3518001,승용-중형,기능정비,에어컨,에어컨콘덴샤,교환,CAN-001828
union_standard_time,3518013,승용-중형,기능정비,에어컨,에어컨컴프레샤,탈착,CAN-001825
union_standard_time,3518013,승용-중형,기능정비,에어컨,에어컨컴프레샤,교환,CAN-001824
union_standard_time,3518016,승용-중형,기능정비,엔진 부품,라디에이터(M/T),탈착,CAN-000313
union_standard_time,3518016,승용-중형,기능정비,엔진 부품,라디에이터(M/T),교환,CAN-000312
union_standard_time,3518017,승용-중형,기능정비,엔진 부품,라디에이터(A/T),탈착,CAN-000311
union_standard_time,3518017,승용-중형,기능정비,엔진 부품,라디에이터(A/T),교환,CAN-000310
union_standard_time,3518025,승용-중형,소모품 및 하체정비,오일류,오일쿨러(미션),탈착,CAN-002164
union_standard_time,3518025,승용-중형,소모품 및 하체정비,오일류,오일쿨러(미션),교환,CAN-002163
union_standard_time,3518026,승용-중형,소모품 및 하체정비,오일류,오토미션 오일 쿨링,탈착,CAN-002177
union_standard_time,3518026,승용-중형,소모품 및 하체정비,오일류,오토미션 오일 쿨링,교환,CAN-002176
union_standard_time,3518028,승용-중형,소모품 및 하체정비,오일류,오일쿨러파이프(파워오일),탈착,CAN-002170
union_standard_time,3518028,승용-중형,소모품 및 하체정비,오일류,오일쿨러파이프(파워오일),교환,CAN-002169
union_standard_time,3518029,승용-중형,기능정비,엔진 부품,라디에이터리저브탱크,탈착,CAN-000336
union_standard_time,3518029,승용-중형,기능정비,엔진 부품,라디에이터리저브탱크,교환,CAN-000335
union_standard_time,3518030,승용-중형,기능정비,전기 및 램프,와셔탱크(앞),탈착,CAN-002186
union_standard_time,3518030,승용-중형,기능정비,전기 및 램프,와셔탱크(앞),교환,CAN-002185
union_standard_time,3518031,승용-중형,기능정비,전기 및 램프,와셔탱크(뒤),탈착,CAN-002184
union_standard_time,3518031,승용-중형,기능정비,전기 및 램프,와셔탱크(뒤),교환,CAN-002183
union_standard_time,3518032,승용-중형,기능정비,엔진 부품,알터네이터,탈착,CAN-001675
union_standard_time,3518032,승용-중형,기능정비,엔진 부품,알터네이터,교환,CAN-001674
union_standard_time,3518033,승용-중형,기능정비,엔진 부품,스타팅모터,탈착,CAN-001360
union_standard_time,3518033,승용-중형,기능정비,엔진 부품,스타팅모터,교환,CAN-001359
union_standard_time,3518034,승용-중형,기능정비,엔진 부품,디스트리뷰터,탈착,CAN-000291
union_standard_time,3518034,승용-중형,기능정비,엔진 부품,디스트리뷰터,교환,CAN-000290
union_standard_time,3519003,승용-중형,기능정비,에어컨,에어컨파이프 NO.1,탈착,CAN-001833
union_standard_time,3519003,승용-중형,기능정비,에어컨,에어컨파이프 NO.1,교환,CAN-001832
union_standard_time,3519004,승용-중형,기능정비,에어컨,에어컨파이프 NO.2,탈착,CAN-001837
union_standard_time,3519004,승용-중형,기능정비,에어컨,에어컨파이프 NO.2,교환,CAN-001836
union_standard_time,3519005,승용-중형,기능정비,에어컨,에어컨 파이프 NO.3,탈착,CAN-001841
union_standard_time,3519005,승용-중형,기능정비,에어컨,에어컨 파이프 NO.3,교환,CAN-001840
union_standard_time,3519006,승용-중형,기능정비,에어컨,에어컨 파이프 NO.4,탈착,CAN-001845
union_standard_time,3519006,승용-중형,기능정비,에어컨,에어컨 파이프 NO.4,교환,CAN-001844
union_standard_time,3519008,승용-중형,기능정비,엔진 부품,에어콘개스,교환,CAN-001861
union_standard_time,3519010,승용-중형,기능정비,에어컨,에어컨 휀,탈착,CAN-001855
union_standard_time,3519010,승용-중형,기능정비,에어컨,에어컨 휀,교환,CAN-001854
union_standard_time,3519012,승용-중형,기능정비,엔진 부품,리시버 드라이탱크,탈착,CAN-000487
union_standard_time,3519012,승용-중형,기능정비,엔진 부품,리시버 드라이탱크,교환,CAN-000486
union_standard_time,3519018,승용-중형,기능정비,엔진 부품,라디에이터휀,탈착,CAN-000355
union_standard_time,3519018,승용-중형,기능정비,엔진 부품,라디에이터휀,교환,CAN-000354
union_standard_time,3519021,승용-중형,기능정비,엔진 부품,라디에이터핀(수리킷#1),교환,CAN-000349
union_standard_time,3519022,승용-중형,기능정비,엔진 부품,라디에이터핀(수리킷#2),교환,CAN-000350
union_standard_time,3519023,승용-중형,기능정비,엔진 부품,라디에이터핀(수리킷#3),교환,CAN-000351
union_standard_time,3519024,승용-중형,기능정비,엔진 부품,라디에이터핀(수리킷#4),교환,CAN-000352
union_standard_time,3528001,승용-중형,기능정비,전기 및 램프,에어백모듈(운전석),탈착,CAN-001775
union_standard_time,3528001,승용-중형,기능정비,전기 및 램프,에어백모듈(운전석),교환,CAN-001774
union_standard_time,3528002,승용-중형,기능정비,전기 및 램프,에어백모듈(조수석),탈착,CAN-001777
union_standard_time,3528002,승용-중형,기능정비,전기 및 램프,에어백모듈(조수석),교환,CAN-001776
union_standard_time,3528011,승용-중형,기능정비,전기 및 램프,무릎에어백,탈착,CAN-000840
union_standard_time,3528011,승용-중형,기능정비,전기 및 램프,무릎에어백,교환,CAN-000839
union_standard_time,3528012,승용-중형,기능정비,엔진 부품,클럭스프링,탈착,CAN-002639
union_standard_time,3528012,승용-중형,기능정비,엔진 부품,클럭스프링,교환,CAN-002638
union_standard_time,3528309,승용-중형,기능정비,전기 및 램프,커튼에어백(좌측),탈착,CAN-002513
union_standard_time,3528309,승용-중형,기능정비,전기 및 램프,커튼에어백(좌측),교환,CAN-002512
union_standard_time,3528410,승용-중형,기능정비,전기 및 램프,커튼에어백(우측),탈착,CAN-002511
union_standard_time,3528410,승용-중형,기능정비,전기 및 램프,커튼에어백(우측),교환,CAN-002510
union_standard_time,3528503,승용-중형,기능정비,전기 및 램프,"에어백모듈(사이드,앞좌)",탈착,CAN-001773
union_standard_time,3528503,승용-중형,기능정비,전기 및 램프,"에어백모듈(사이드,앞좌)",교환,CAN-001772
union_standard_time,3528604,승용-중형,기능정비,전기 및 램프,"에어백모듈(사이드,앞우)",탈착,CAN-001771
union_standard_time,3528604,승용-중형,기능정비,전기 및 램프,"에어백모듈(사이드,앞우)",교환,CAN-001770
union_standard_time,3538001,승용-중형,기능정비,엔진 부품,컴퓨터(엔진),탈착,CAN-002555
union_standard_time,3538001,승용-중형,기능정비,엔진 부품,컴퓨터(엔진),교환,CAN-002554
union_standard_time,3538002,승용-중형,기능정비,엔진 부품,컴퓨터(엔진)리프로그래밍,조정,CAN-002557
union_standard_time,3538003,승용-중형,기능정비,엔진 부품,컴퓨터(자동밋션),탈착,CAN-002560
union_standard_time,3538003,승용-중형,기능정비,엔진 부품,컴퓨터(자동밋션),교환,CAN-002559
union_standard_time,3538005,승용-중형,기능정비,전기 및 램프,컴퓨터(ABS),탈착,CAN-002549
union_standard_time,3538005,승용-중형,기능정비,전기 및 램프,컴퓨터(ABS),교환,CAN-002548
union_standard_time,3538006,승용-중형,기능정비,전기 및 램프,컴퓨터(에어백),탈착,CAN-002553
union_standard_time,3538006,승용-중형,기능정비,전기 및 램프,컴퓨터(에어백),교환,CAN-002552
union_standard_time,3538008,승용-중형,기능정비,전기 및 램프,BCM(차체컨트롤모듈),탈착,CAN-000026
union_standard_time,3538008,승용-중형,기능정비,전기 및 램프,BCM(차체컨트롤모듈),교환,CAN-000025
union_standard_time,3538009,승용-중형,기능정비,엔진 부품,"컴퓨터(HCU,HEV)",탈착,CAN-002551
union_standard_time,3538009,승용-중형,기능정비,엔진 부품,"컴퓨터(HCU,HEV)",교환,CAN-002550
union_standard_time,3538011,승용-중형,판금/도장정비,판금(탈부착),선루프기구(전동식),탈착,CAN-001271
union_standard_time,3538011,승용-중형,판금/도장정비,판금(탈부착),선루프기구(전동식),교환,CAN-001270
union_standard_time,3538012,승용-중형,판금/도장정비,판금(탈부착),파노라마 선루프,탈착,CAN-002824
union_standard_time,3538012,승용-중형,판금/도장정비,판금(탈부착),파노라마 선루프,교환,CAN-002823
union_standard_time,3538013,승용-중형,기능정비,엔진 부품,파노라마 프론트 글래스,탈착,CAN-002826
union_standard_time,3538013,승용-중형,기능정비,엔진 부품,파노라마 프론트 글래스,교환,CAN-002825
union_standard_time,3539314,승용-중형,판금/도장정비,판금(탈부착),파노라마 사이드 몰딩(좌측),탈착,CAN-002822
union_standard_time,3539314,승용-중형,판금/도장정비,판금(탈부착),파노라마 사이드 몰딩(좌측),교환,CAN-002821
union_standard_time,3539415,승용-중형,판금/도장정비,판금(탈부착),파노라마 사이드 몰딩(우측),탈착,CAN-002820
union_standard_time,3539415,승용-중형,판금/도장정비,판금(탈부착),파노라마 사이드 몰딩(우측),교환,CAN-002819
union_standard_time,3549009,승용-중형,판금/도장정비,판금(탈부착),트렁크룸내 트림(앞),탈착,CAN-002761
union_standard_time,3549009,승용-중형,판금/도장정비,판금(탈부착),트렁크룸내 트림(앞),교환,CAN-002760
union_standard_time,3549010,승용-중형,판금/도장정비,판금(탈부착),트렁크룸내 트림(뒤),탈착,CAN-002757
union_standard_time,3549010,승용-중형,판금/도장정비,판금(탈부착),트렁크룸내 트림(뒤),교환,CAN-002756
union_standard_time,3549016,승용-중형,판금/도장정비,판금(탈부착),백패널 트림,탈착,CAN-001018
union_standard_time,3549016,승용-중형,판금/도장정비,판금(탈부착),백패널 트림,교환,CAN-001017
union_standard_time,3549301,승용-중형,기능정비,엔진 부품,프론트필러트림(좌측),탈착,CAN-003178
union_standard_time,3549301,승용-중형,기능정비,엔진 부품,프론트필러트림(좌측),교환,CAN-003177
union_standard_time,3549303,승용-중형,기능정비,엔진 부품,센터필러트림(좌측),탈착,CAN-001316
union_standard_time,3549303,승용-중형,기능정비,엔진 부품,센터필러트림(좌측),교환,CAN-001315
union_standard_time,3549305,승용-중형,기능정비,엔진 부품,리어필러트림(좌측),탈착,CAN-000764
union_standard_time,3549305,승용-중형,기능정비,엔진 부품,리어필러트림(좌측),교환,CAN-000763
union_standard_time,3549307,승용-중형,판금/도장정비,판금(탈부착),트렁크룸내트림(좌측),탈착,CAN-002765
union_standard_time,3549307,승용-중형,판금/도장정비,판금(탈부착),트렁크룸내트림(좌측),교환,CAN-002764
union_standard_time,3549313,승용-중형,판금/도장정비,판금(탈부착),쿼터트림(좌측),탈착,CAN-002599
union_standard_time,3549313,승용-중형,판금/도장정비,판금(탈부착),쿼터트림(좌측),교환,CAN-002598
union_standard_time,3549402,승용-중형,기능정비,엔진 부품,프론트필러트림(우측),탈착,CAN-003176
union_standard_time,3549402,승용-중형,기능정비,엔진 부품,프론트필러트림(우측),교환,CAN-003175
union_standard_time,3549404,승용-중형,기능정비,엔진 부품,센터필러트림(우측),탈착,CAN-001314
union_standard_time,3549404,승용-중형,기능정비,엔진 부품,센터필러트림(우측),교환,CAN-001313
union_standard_time,3549406,승용-중형,기능정비,엔진 부품,리어필러트림(우측),탈착,CAN-000762
union_standard_time,3549406,승용-중형,기능정비,엔진 부품,리어필러트림(우측),교환,CAN-000761
union_standard_time,3549408,승용-중형,판금/도장정비,판금(탈부착),트렁크룸내트림(우측),탈착,CAN-002763
union_standard_time,3549408,승용-중형,판금/도장정비,판금(탈부착),트렁크룸내트림(우측),교환,CAN-002762
union_standard_time,3558003,승용-중형,기능정비,엔진 부품,언더커버(엔진룸),탈착,CAN-001747
union_standard_time,3558003,승용-중형,기능정비,엔진 부품,언더커버(엔진룸),교환,CAN-001746
union_standard_time,3558005,승용-중형,기능정비,엔진 부품,언더커버(좌측),탈착,CAN-001755
union_standard_time,3558005,승용-중형,기능정비,엔진 부품,언더커버(좌측),교환,CAN-001754
union_standard_time,3558006,승용-중형,기능정비,엔진 부품,엔진룸사이드언더커버(좌측),탈착,CAN-001933
union_standard_time,3558006,승용-중형,기능정비,엔진 부품,엔진룸사이드언더커버(좌측),교환,CAN-001932
union_standard_time,3558007,승용-중형,기능정비,엔진 부품,언더커버(우측),탈착,CAN-001753
union_standard_time,3558007,승용-중형,기능정비,엔진 부품,언더커버(우측),교환,CAN-001752
union_standard_time,3558008,승용-중형,기능정비,엔진 부품,엔진룸사이드언더커버(우측),탈착,CAN-001931
union_standard_time,3558008,승용-중형,기능정비,엔진 부품,엔진룸사이드언더커버(우측),교환,CAN-001930
union_standard_time,3558009,승용-중형,기능정비,엔진 부품,언더커버(앞),탈착,CAN-001743
union_standard_time,3558009,승용-중형,기능정비,엔진 부품,언더커버(앞),교환,CAN-001742
union_standard_time,3558024,승용-중형,기능정비,엔진 부품,바닥메트,탈착,CAN-000872
union_standard_time,3558024,승용-중형,기능정비,엔진 부품,바닥메트,교환,CAN-000871
union_standard_time,3558518,승용-중형,기능정비,엔진 부품,"실내바닥 언더커버(앞,좌)",탈착,CAN-001547
union_standard_time,3558518,승용-중형,기능정비,엔진 부품,"실내바닥 언더커버(앞,좌)",교환,CAN-001546
union_standard_time,3558619,승용-중형,기능정비,엔진 부품,"실내바닥 언더커버(앞,우)",탈착,CAN-001545
union_standard_time,3558619,승용-중형,기능정비,엔진 부품,"실내바닥 언더커버(앞,우)",교환,CAN-001544
union_standard_time,3559031,승용-중형,기능정비,엔진 부품,액슬빔가드(액슬빔 언더커버),탈착,CAN-001731
union_standard_time,3559031,승용-중형,기능정비,엔진 부품,액슬빔가드(액슬빔 언더커버),교환,CAN-001730
union_standard_time,3568001,승용-중형,기능정비,엔진 부품,안테나,탈착,CAN-001673
union_standard_time,3568001,승용-중형,기능정비,엔진 부품,안테나,교환,CAN-001672
union_standard_time,3568002,승용-중형,기능정비,엔진 부품,샤크 안테나,탈착,CAN-001262
union_standard_time,3568002,승용-중형,기능정비,엔진 부품,샤크 안테나,교환,CAN-001261
union_standard_time,3568003,승용-중형,기능정비,엔진 부품,라디오 안테나(휀다 부착형),탈착,CAN-000369
union_standard_time,3568003,승용-중형,기능정비,엔진 부품,라디오 안테나(휀다 부착형),교환,CAN-000368
union_standard_time,3568004,승용-중형,판금/도장정비,판금(탈부착),라디오 안테나(루프 부착형),탈착,CAN-000361
union_standard_time,3568004,승용-중형,판금/도장정비,판금(탈부착),라디오 안테나(루프 부착형),교환,CAN-000360
union_standard_time,3568005,승용-중형,기능정비,엔진 부품,라디오 안테나(필러 부착형),탈착,CAN-000367
union_standard_time,3568005,승용-중형,기능정비,엔진 부품,라디오 안테나(필러 부착형),교환,CAN-000366
union_standard_time,3568015,승용-중형,기능정비,엔진 부품,CD 체인저,탈착,CAN-000028
union_standard_time,3568015,승용-중형,기능정비,엔진 부품,CD 체인저,교환,CAN-000027
union_standard_time,3568016,승용-중형,기능정비,엔진 부품,DVD 체인져,탈착,CAN-000036
union_standard_time,3568016,승용-중형,기능정비,엔진 부품,DVD 체인져,교환,CAN-000035
union_standard_time,3568017,승용-중형,기능정비,엔진 부품,"리어 스피커(좌,우퍼)",탈착,CAN-000617
union_standard_time,3568017,승용-중형,기능정비,엔진 부품,"리어 스피커(좌,우퍼)",교환,CAN-000616
union_standard_time,3568019,승용-중형,기능정비,엔진 부품,오디오 엠프 및 스피커,탈착,CAN-002156
union_standard_time,3568019,승용-중형,기능정비,엔진 부품,오디오 엠프 및 스피커,교환,CAN-002155
union_standard_time,3568027,승용-중형,기능정비,엔진 부품,파워케이블(HEV),탈착,CAN-002856
union_standard_time,3568027,승용-중형,기능정비,엔진 부품,파워케이블(HEV),교환,CAN-002855
union_standard_time,3568028,승용-중형,기능정비,엔진 부품,고전압차단(HEV),조정,CAN-000117
union_standard_time,3578101,승용-중형,기능정비,엔진 부품,앞유리(접착식),탈착,CAN-001717
union_standard_time,3578101,승용-중형,기능정비,엔진 부품,앞유리(접착식),교환,CAN-001716
union_standard_time,3578202,승용-중형,기능정비,엔진 부품,뒷유리(접착식),탈착,CAN-000258
union_standard_time,3578202,승용-중형,기능정비,엔진 부품,뒷유리(접착식),교환,CAN-000257
union_standard_time,3578309,승용-중형,기능정비,엔진 부품,"뒤휀다고정유리(접착식,좌)",탈착,CAN-000236
union_standard_time,3578309,승용-중형,기능정비,엔진 부품,"뒤휀다고정유리(접착식,좌)",교환,CAN-000235
union_standard_time,3578410,승용-중형,기능정비,엔진 부품,"뒤휀다고정유리(접착식,우)",탈착,CAN-000228
union_standard_time,3578410,승용-중형,기능정비,엔진 부품,"뒤휀다고정유리(접착식,우)",교환,CAN-000227
union_standard_time,3578503,승용-중형,판금/도장정비,판금(탈부착),문짝사각유리(앞좌),탈착,CAN-000852
union_standard_time,3578503,승용-중형,판금/도장정비,판금(탈부착),문짝사각유리(앞좌),교환,CAN-000851
union_standard_time,3578523,승용-중형,기능정비,엔진 부품,프론트필러 고정유리(좌측),탈착,CAN-003168
union_standard_time,3578523,승용-중형,기능정비,엔진 부품,프론트필러 고정유리(좌측),교환,CAN-003167
union_standard_time,3578604,승용-중형,판금/도장정비,판금(탈부착),문짝사각유리(앞우),탈착,CAN-000850
union_standard_time,3578604,승용-중형,판금/도장정비,판금(탈부착),문짝사각유리(앞우),교환,CAN-000849
union_standard_time,3578624,승용-중형,기능정비,엔진 부품,프론트필러 고정유리(우측),탈착,CAN-003166
union_standard_time,3578624,승용-중형,기능정비,엔진 부품,프론트필러 고정유리(우측),교환,CAN-003165
union_standard_time,3578705,승용-중형,판금/도장정비,판금(탈부착),문짝사각유리(뒤좌),탈착,CAN-000848
union_standard_time,3578705,승용-중형,판금/도장정비,판금(탈부착),문짝사각유리(뒤좌),교환,CAN-000847
union_standard_time,3578707,승용-중형,판금/도장정비,판금(탈부착),문짝삼각유리(뒤도어)(좌측),탈착,CAN-000856
union_standard_time,3578707,승용-중형,판금/도장정비,판금(탈부착),문짝삼각유리(뒤도어)(좌측),교환,CAN-000855
union_standard_time,3578806,승용-중형,판금/도장정비,판금(탈부착),문짝사각유리(뒤우),탈착,CAN-000846
union_standard_time,3578806,승용-중형,판금/도장정비,판금(탈부착),문짝사각유리(뒤우),교환,CAN-000845
union_standard_time,3578808,승용-중형,판금/도장정비,판금(탈부착),문짝삼각유리(뒤도어)(우측),탈착,CAN-000854
union_standard_time,3578808,승용-중형,판금/도장정비,판금(탈부착),문짝삼각유리(뒤도어)(우측),교환,CAN-000853
union_standard_time,5588002,승용-중형,기능정비,엔진 부품,엔진 ASSY(SOHC),탈착,CAN-001897
union_standard_time,5588002,승용-중형,기능정비,엔진 부품,엔진 ASSY(SOHC),교환,CAN-001895
union_standard_time,5588002,승용-중형,기능정비,엔진 부품,엔진 ASSY(SOHC),오버홀,CAN-001896
union_standard_time,5588003,승용-중형,기능정비,엔진 부품,엔진 ASSY(DOHC),탈착,CAN-001889
union_standard_time,5588003,승용-중형,기능정비,엔진 부품,엔진 ASSY(DOHC),교환,CAN-001887
union_standard_time,5588003,승용-중형,기능정비,엔진 부품,엔진 ASSY(DOHC),오버홀,CAN-001888
union_standard_time,5588004,승용-중형,기능정비,엔진 부품,엔진 ASSY(V형),탈착,CAN-001908
union_standard_time,5588004,승용-중형,기능정비,엔진 부품,엔진 ASSY(V형),교환,CAN-001906
union_standard_time,5588004,승용-중형,기능정비,엔진 부품,엔진 ASSY(V형),오버홀,CAN-001907
union_standard_time,5588009,승용-중형,소모품 및 하체정비,소모품,엔진ASSY(LPi),탈착,CAN-001894
union_standard_time,5588009,승용-중형,소모품 및 하체정비,소모품,엔진ASSY(LPi),교환,CAN-001892
union_standard_time,5588009,승용-중형,소모품 및 하체정비,소모품,엔진ASSY(LPi),오버홀,CAN-001893
union_standard_time,5588010,승용-중형,기능정비,엔진 부품,엔진ASSY(디젤),탈착,CAN-001919
union_standard_time,5588010,승용-중형,기능정비,엔진 부품,엔진ASSY(디젤),교환,CAN-001917
union_standard_time,5588010,승용-중형,기능정비,엔진 부품,엔진ASSY(디젤),오버홀,CAN-001918
union_standard_time,5588011,승용-중형,기능정비,엔진 부품,"엔진 ASSY(SOHC,쇼트엔진)",교환,CAN-001898
union_standard_time,5588011,승용-중형,기능정비,엔진 부품,"엔진 ASSY(SOHC,쇼트엔진)",오버홀,CAN-001899
union_standard_time,5588012,승용-중형,기능정비,엔진 부품,"엔진 ASSY(DOHC,쇼트엔진)",교환,CAN-001890
union_standard_time,5588012,승용-중형,기능정비,엔진 부품,"엔진 ASSY(DOHC,쇼트엔진)",오버홀,CAN-001891
union_standard_time,5588013,승용-중형,기능정비,엔진 부품,"엔진 ASSY(V형,쇼트엔진)",교환,CAN-001909
union_standard_time,5588013,승용-중형,기능정비,엔진 부품,"엔진 ASSY(V형,쇼트엔진)",오버홀,CAN-001910
union_standard_time,5588016,승용-중형,소모품 및 하체정비,소모품,쇼트엔진(LPi),교환,CAN-001325
union_standard_time,5588016,승용-중형,소모품 및 하체정비,소모품,쇼트엔진(LPi),오버홀,CAN-001326
union_standard_time,5588017,승용-중형,기능정비,엔진 부품,쇼트엔진(디젤),교환,CAN-001330
union_standard_time,5588017,승용-중형,기능정비,엔진 부품,쇼트엔진(디젤),오버홀,CAN-001331
union_standard_time,5598001,승용-중형,기능정비,엔진 부품,실린더헤드(SOHC),탈착,CAN-001557
union_standard_time,5598001,승용-중형,기능정비,엔진 부품,실린더헤드(SOHC),교환,CAN-001555
union_standard_time,5598001,승용-중형,기능정비,엔진 부품,실린더헤드(SOHC),오버홀,CAN-001556
union_standard_time,5598002,승용-중형,기능정비,엔진 부품,실린더헤드(DOHC),탈착,CAN-001554
union_standard_time,5598002,승용-중형,기능정비,엔진 부품,실린더헤드(DOHC),교환,CAN-001552
union_standard_time,5598002,승용-중형,기능정비,엔진 부품,실린더헤드(DOHC),오버홀,CAN-001553
union_standard_time,5598003,승용-중형,기능정비,엔진 부품,"실린더헤드(V형,#1)",탈착,CAN-001565
union_standard_time,5598003,승용-중형,기능정비,엔진 부품,"실린더헤드(V형,#1)",교환,CAN-001563
union_standard_time,5598003,승용-중형,기능정비,엔진 부품,"실린더헤드(V형,#1)",오버홀,CAN-001564
union_standard_time,5598004,승용-중형,기능정비,엔진 부품,"실린더헤드(V형,#2)",탈착,CAN-001568
union_standard_time,5598004,승용-중형,기능정비,엔진 부품,"실린더헤드(V형,#2)",교환,CAN-001566
union_standard_time,5598004,승용-중형,기능정비,엔진 부품,"실린더헤드(V형,#2)",오버홀,CAN-001567
union_standard_time,5598007,승용-중형,기능정비,엔진 부품,실린더헤드,탈착,CAN-001573
union_standard_time,5598007,승용-중형,기능정비,엔진 부품,실린더헤드,교환,CAN-001571
union_standard_time,5598007,승용-중형,기능정비,엔진 부품,실린더헤드,오버홀,CAN-001572
union_standard_time,5598008,승용-중형,기능정비,엔진 부품,"실린더헤드(가솔린,LPG)",탈착,CAN-001576
union_standard_time,5598008,승용-중형,기능정비,엔진 부품,"실린더헤드(가솔린,LPG)",교환,CAN-001574
union_standard_time,5598008,승용-중형,기능정비,엔진 부품,"실린더헤드(가솔린,LPG)",오버홀,CAN-001575
union_standard_time,5598009,승용-중형,기능정비,엔진 부품,실린더헤드(디젤),탈착,CAN-001582
union_standard_time,5598009,승용-중형,기능정비,엔진 부품,실린더헤드(디젤),교환,CAN-001580
union_standard_time,5598009,승용-중형,기능정비,엔진 부품,실린더헤드(디젤),오버홀,CAN-001581
union_standard_time,5598010,승용-중형,기능정비,엔진 부품,베어 엔진,교환,CAN-001026
union_standard_time,5599015,승용-중형,기능정비,엔진 부품,엔진마운틴&브라켓(앞),탈착,CAN-001952
union_standard_time,5599015,승용-중형,기능정비,엔진 부품,엔진마운틴&브라켓(앞),교환,CAN-001951
union_standard_time,5599016,승용-중형,기능정비,엔진 부품,엔진마운틴&브라켓(뒤),탈착,CAN-001950
union_standard_time,5599016,승용-중형,기능정비,엔진 부품,엔진마운틴&브라켓(뒤),교환,CAN-001949
union_standard_time,5599025,승용-중형,기능정비,엔진 부품,실린더 헤드 커버,탈착,CAN-001584
union_standard_time,5599025,승용-중형,기능정비,엔진 부품,실린더 헤드 커버,교환,CAN-001583
union_standard_time,5599311,승용-중형,기능정비,엔진 부품,엔진마운틴&브라켓(좌측),탈착,CAN-001956
union_standard_time,5599311,승용-중형,기능정비,엔진 부품,엔진마운틴&브라켓(좌측),교환,CAN-001955
union_standard_time,5599413,승용-중형,기능정비,엔진 부품,엔진마운틴&브라켓(우측),탈착,CAN-001954
union_standard_time,5599413,승용-중형,기능정비,엔진 부품,엔진마운틴&브라켓(우측),교환,CAN-001953
union_standard_time,5608001,승용-중형,기능정비,엔진 부품,타이밍커버,탈착,CAN-002673
union_standard_time,5608001,승용-중형,기능정비,엔진 부품,타이밍커버,교환,CAN-002672
union_standard_time,5608002,승용-중형,기능정비,엔진 부품,타이밍벨트커버,탈착,CAN-002659
union_standard_time,5608002,승용-중형,기능정비,엔진 부품,타이밍벨트커버,교환,CAN-002658
union_standard_time,5608003,승용-중형,기능정비,엔진 부품,타이밍벨트 커버(디젤),탈착,CAN-002661
union_standard_time,5608003,승용-중형,기능정비,엔진 부품,타이밍벨트 커버(디젤),교환,CAN-002660
union_standard_time,5608004,승용-중형,기능정비,엔진 부품,타이밍커버(V형엔진),탈착,CAN-002671
union_standard_time,5608004,승용-중형,기능정비,엔진 부품,타이밍커버(V형엔진),교환,CAN-002670
union_standard_time,5608009,승용-중형,기능정비,엔진 부품,타이밍체인 프론트 케이스,탈착,CAN-002667
union_standard_time,5608009,승용-중형,기능정비,엔진 부품,타이밍체인 프론트 케이스,교환,CAN-002666
union_standard_time,5618001,승용-중형,소모품 및 하체정비,소모품,에어클리너ASSY,탈착,CAN-001869
union_standard_time,5618001,승용-중형,소모품 및 하체정비,소모품,에어클리너ASSY,교환,CAN-001868
union_standard_time,5618005,승용-중형,기능정비,엔진 부품,레죠네이터,탈착,CAN-000377
union_standard_time,5618005,승용-중형,기능정비,엔진 부품,레죠네이터,교환,CAN-000376
union_standard_time,5618010,승용-중형,기능정비,엔진 부품,드로틀바디,탈착,CAN-000262
union_standard_time,5618010,승용-중형,기능정비,엔진 부품,드로틀바디,교환,CAN-000261
union_standard_time,5618012,승용-중형,기능정비,엔진 부품,드로틀바디,탈착,CAN-000262
union_standard_time,5618012,승용-중형,기능정비,엔진 부품,드로틀바디,교환,CAN-000261
union_standard_time,5618014,승용-중형,기능정비,엔진 부품,EGR밸브,탈착,CAN-000048
union_standard_time,5618014,승용-중형,기능정비,엔진 부품,EGR밸브,교환,CAN-000047
union_standard_time,5618015,승용-중형,기능정비,엔진 부품,EGR쿨러,탈착,CAN-000050
union_standard_time,5618015,승용-중형,기능정비,엔진 부품,EGR쿨러,교환,CAN-000049
union_standard_time,5628001,승용-중형,기능정비,엔진 부품,인젝터 ASSY,탈착,CAN-002279
union_standard_time,5628001,승용-중형,기능정비,엔진 부품,인젝터 ASSY,교환,CAN-002278
union_standard_time,5628002,승용-중형,기능정비,엔진 부품,인젝터NO1,탈착,CAN-002281
union_standard_time,5628002,승용-중형,기능정비,엔진 부품,인젝터NO1,교환,CAN-002280
union_standard_time,5628003,승용-중형,기능정비,전기 및 램프,인젝터NO2,탈착,CAN-002283
union_standard_time,5628003,승용-중형,기능정비,전기 및 램프,인젝터NO2,교환,CAN-002282
union_standard_time,5628004,승용-중형,기능정비,엔진 부품,인젝터NO3,탈착,CAN-002285
union_standard_time,5628004,승용-중형,기능정비,엔진 부품,인젝터NO3,교환,CAN-002284
union_standard_time,5628005,승용-중형,기능정비,엔진 부품,인젝터NO4,탈착,CAN-002287
union_standard_time,5628005,승용-중형,기능정비,엔진 부품,인젝터NO4,교환,CAN-002286
union_standard_time,5628016,승용-중형,기능정비,엔진 부품,이그니션 코일,탈착,CAN-002248
union_standard_time,5628016,승용-중형,기능정비,엔진 부품,이그니션 코일,교환,CAN-002247
union_standard_time,5638001,승용-중형,소모품 및 하체정비,오일류,엔진오일팬,탈착,CAN-001993
union_standard_time,5638001,승용-중형,소모품 및 하체정비,오일류,엔진오일팬,교환,CAN-001992
union_standard_time,5638006,승용-중형,소모품 및 하체정비,오일류,엔진오일펌프,탈착,CAN-001999
union_standard_time,5638006,승용-중형,소모품 및 하체정비,오일류,엔진오일펌프,교환,CAN-001998
union_standard_time,5638009,승용-중형,기능정비,엔진 부품,워터펌프,탈착,CAN-002230
union_standard_time,5638009,승용-중형,기능정비,엔진 부품,워터펌프,교환,CAN-002229
union_standard_time,5638015,승용-중형,기능정비,엔진 부품,고압펌프,탈착,CAN-000114
union_standard_time,5638015,승용-중형,기능정비,엔진 부품,고압펌프,교환,CAN-000113
union_standard_time,5638016,승용-중형,기능정비,엔진 부품,연료고압펌프(디젤),탈착,CAN-002020
union_standard_time,5638016,승용-중형,기능정비,엔진 부품,연료고압펌프(디젤),교환,CAN-002019
union_standard_time,5638017,승용-중형,기능정비,엔진 부품,딜리버리 파이프,탈착,CAN-000307
union_standard_time,5638017,승용-중형,기능정비,엔진 부품,딜리버리 파이프,교환,CAN-000306
union_standard_time,5638019,승용-중형,소모품 및 하체정비,하체 부품,파워스티어링 펌프,탈착,CAN-002852
union_standard_time,5638019,승용-중형,소모품 및 하체정비,하체 부품,파워스티어링 펌프,교환,CAN-002851
union_standard_time,5638020,승용-중형,소모품 및 하체정비,하체 부품,파워스티어링 리저브탱크,탈착,CAN-002837
union_standard_time,5638020,승용-중형,소모품 및 하체정비,하체 부품,파워스티어링 리저브탱크,교환,CAN-002836
union_standard_time,5638021,승용-중형,소모품 및 하체정비,오일류,엔진 오일팬(디젤),탈착,CAN-001995
union_standard_time,5638021,승용-중형,소모품 및 하체정비,오일류,엔진 오일팬(디젤),교환,CAN-001994
union_standard_time,5648001,승용-중형,기능정비,엔진 부품,흡기매니홀드,탈착,CAN-003434
union_standard_time,5648001,승용-중형,기능정비,엔진 부품,흡기매니홀드,교환,CAN-003433
union_standard_time,5648002,승용-중형,기능정비,엔진 부품,"흡기매니홀드(가솔린,LPG)",탈착,CAN-003436
union_standard_time,5648002,승용-중형,기능정비,엔진 부품,"흡기매니홀드(가솔린,LPG)",교환,CAN-003435
union_standard_time,5648003,승용-중형,기능정비,엔진 부품,흡기매니홀드(디젤),탈착,CAN-003438
union_standard_time,5648003,승용-중형,기능정비,엔진 부품,흡기매니홀드(디젤),교환,CAN-003437
union_standard_time,5648004,승용-중형,기능정비,엔진 부품,흡기매니홀드(V형),탈착,CAN-003430
union_standard_time,5648004,승용-중형,기능정비,엔진 부품,흡기매니홀드(V형),교환,CAN-003429
union_standard_time,5648006,승용-중형,기능정비,엔진 부품,배기매니홀드,탈착,CAN-000903
union_standard_time,5648006,승용-중형,기능정비,엔진 부품,배기매니홀드,교환,CAN-000902
union_standard_time,5648007,승용-중형,기능정비,엔진 부품,"배기매니홀드(가솔린,LPG)",탈착,CAN-000905
union_standard_time,5648007,승용-중형,기능정비,엔진 부품,"배기매니홀드(가솔린,LPG)",교환,CAN-000904
union_standard_time,5648008,승용-중형,기능정비,엔진 부품,배기매니홀드(디젤),탈착,CAN-000909
union_standard_time,5648008,승용-중형,기능정비,엔진 부품,배기매니홀드(디젤),교환,CAN-000908
union_standard_time,5648009,승용-중형,기능정비,엔진 부품,배기매니홀드(V형 NO.1),탈착,CAN-000895
union_standard_time,5648009,승용-중형,기능정비,엔진 부품,배기매니홀드(V형 NO.1),교환,CAN-000894
union_standard_time,5648010,승용-중형,기능정비,엔진 부품,배기매니홀드(V형 NO.2),탈착,CAN-000897
union_standard_time,5648010,승용-중형,기능정비,엔진 부품,배기매니홀드(V형 NO.2),교환,CAN-000896
union_standard_time,5658003,승용-중형,기능정비,엔진 부품,배기파이프1번(프론트),탈착,CAN-000929
union_standard_time,5658003,승용-중형,기능정비,엔진 부품,배기파이프1번(프론트),교환,CAN-000928
union_standard_time,5658006,승용-중형,기능정비,엔진 부품,"배가파이프1번(프론트,V형)",탈착,CAN-000887
union_standard_time,5658006,승용-중형,기능정비,엔진 부품,"배가파이프1번(프론트,V형)",교환,CAN-000886
union_standard_time,5658008,승용-중형,기능정비,엔진 부품,배기파이프2번(미들),탈착,CAN-000933
union_standard_time,5658008,승용-중형,기능정비,엔진 부품,배기파이프2번(미들),교환,CAN-000932
union_standard_time,5658010,승용-중형,기능정비,엔진 부품,배기파이프3번(머플러),탈착,CAN-000939
union_standard_time,5658010,승용-중형,기능정비,엔진 부품,배기파이프3번(머플러),교환,CAN-000938
union_standard_time,5658018,승용-중형,기능정비,엔진 부품,카탈리스틱 컨버터(촉매),탈착,CAN-002467
union_standard_time,5658018,승용-중형,기능정비,엔진 부품,카탈리스틱 컨버터(촉매),교환,CAN-002466
union_standard_time,5658023,승용-중형,기능정비,엔진 부품,디피에프 컨버터,탈착,CAN-000303
union_standard_time,5658023,승용-중형,기능정비,엔진 부품,디피에프 컨버터,교환,CAN-000302
union_standard_time,5658024,승용-중형,기능정비,전기 및 램프,산소센서,탈착,CAN-001256
union_standard_time,5658024,승용-중형,기능정비,전기 및 램프,산소센서,교환,CAN-001255
union_standard_time,5658025,승용-중형,기능정비,전기 및 램프,산소센서#2,탈착,CAN-001254
union_standard_time,5658025,승용-중형,기능정비,전기 및 램프,산소센서#2,교환,CAN-001253
union_standard_time,5668001,승용-중형,기능정비,엔진 부품,연료탱크,탈착,CAN-002034
union_standard_time,5668001,승용-중형,기능정비,엔진 부품,연료탱크,교환,CAN-002032
union_standard_time,5668001,승용-중형,기능정비,엔진 부품,연료탱크,오버홀,CAN-002033
union_standard_time,5668003,승용-중형,기능정비,엔진 부품,인젝션(연료)펌프,탈착,CAN-002274
union_standard_time,5668003,승용-중형,기능정비,엔진 부품,인젝션(연료)펌프,교환,CAN-002272
union_standard_time,5668013,승용-중형,소모품 및 하체정비,소모품,연료필터,탈착,CAN-002044
union_standard_time,5668013,승용-중형,소모품 및 하체정비,소모품,연료필터,교환,CAN-002043
union_standard_time,5668016,승용-중형,기능정비,엔진 부품,LPG봄베,탈착,CAN-000082
union_standard_time,5668016,승용-중형,기능정비,엔진 부품,LPG봄베,교환,CAN-000081
union_standard_time,5668017,승용-중형,기능정비,엔진 부품,LPG 믹서,탈착,CAN-000080
union_standard_time,5668017,승용-중형,기능정비,엔진 부품,LPG 믹서,교환,CAN-000079
union_standard_time,5668018,승용-중형,기능정비,엔진 부품,베이퍼라이져,탈착,CAN-001031
union_standard_time,5668018,승용-중형,기능정비,엔진 부품,베이퍼라이져,교환,CAN-001030
union_standard_time,5668019,승용-중형,기능정비,엔진 부품,LPG 레귤레이터,탈착,CAN-000076
union_standard_time,5668019,승용-중형,기능정비,엔진 부품,LPG 레귤레이터,교환,CAN-000075
union_standard_time,5678002,승용-중형,소모품 및 하체정비,브레이크/타이어,오일쿨러 및 휠터바디,탈착,CAN-002166
union_standard_time,5678002,승용-중형,소모품 및 하체정비,브레이크/타이어,오일쿨러 및 휠터바디,교환,CAN-002165
union_standard_time,5678005,승용-중형,기능정비,엔진 부품,터보챠져(과급기),탈착,CAN-002705
union_standard_time,5678005,승용-중형,기능정비,엔진 부품,터보챠져(과급기),교환,CAN-002704
union_standard_time,5678006,승용-중형,기능정비,엔진 부품,인터쿨러,탈착,CAN-002299
union_standard_time,5678006,승용-중형,기능정비,엔진 부품,인터쿨러,교환,CAN-002298
union_standard_time,5678009,승용-중형,기능정비,엔진 부품,연료파이핑(전체),탈착,CAN-002041
union_standard_time,5678009,승용-중형,기능정비,엔진 부품,연료파이핑(전체),교환,CAN-002040
union_standard_time,5688024,승용-중형,소모품 및 하체정비,오일류,트랜스밋션 오일 펌프,탈착,CAN-002744
union_standard_time,5688024,승용-중형,소모품 및 하체정비,오일류,트랜스밋션 오일 펌프,교환,CAN-002743
union_standard_time,7688001,승용-중형,기능정비,엔진 부품,트랜스미션(M/T),탈착,CAN-002732
union_standard_time,7688001,승용-중형,기능정비,엔진 부품,트랜스미션(M/T),교환,CAN-002730
union_standard_time,7688001,승용-중형,기능정비,엔진 부품,트랜스미션(M/T),오버홀,CAN-002731
union_standard_time,7688002,승용-중형,기능정비,엔진 부품,트랜스미션(A/T),탈착,CAN-002725
union_standard_time,7688002,승용-중형,기능정비,엔진 부품,트랜스미션(A/T),교환,CAN-002723
union_standard_time,7688002,승용-중형,기능정비,엔진 부품,트랜스미션(A/T),오버홀,CAN-002724
union_standard_time,7688007,승용-중형,소모품 및 하체정비,오일류,자동변속기오일팬,탈착,CAN-002305
union_standard_time,7688007,승용-중형,소모품 및 하체정비,오일류,자동변속기오일팬,교환,CAN-002304
union_standard_time,7688012,승용-중형,기능정비,엔진 부품,트랜스미션(A/T)밸브 바디,탈착,CAN-002727
union_standard_time,7688012,승용-중형,기능정비,엔진 부품,트랜스미션(A/T)밸브 바디,교환,CAN-002726
union_standard_time,7688015,승용-중형,기능정비,엔진 부품,트랙션모터(HEV),탈착,CAN-002722
union_standard_time,7688015,승용-중형,기능정비,엔진 부품,트랙션모터(HEV),교환,CAN-002721
union_standard_time,7689017,승용-중형,기능정비,엔진 부품,체인지레버(M/T),탈착,CAN-002427
union_standard_time,7689017,승용-중형,기능정비,엔진 부품,체인지레버(M/T),교환,CAN-002426
union_standard_time,7689018,승용-중형,기능정비,엔진 부품,체인지레버(A/T),탈착,CAN-002425
union_standard_time,7689018,승용-중형,기능정비,엔진 부품,체인지레버(A/T),교환,CAN-002424
union_standard_time,7689021,승용-중형,기능정비,엔진 부품,체인지레버 케이블 및 로드,탈착,CAN-002435
union_standard_time,7689021,승용-중형,기능정비,엔진 부품,체인지레버 케이블 및 로드,교환,CAN-002434
union_standard_time,7698005,승용-중형,기능정비,엔진 부품,프로펠라 샤프트,탈착,CAN-002928
union_standard_time,7698005,승용-중형,기능정비,엔진 부품,프로펠라 샤프트,교환,CAN-002927
union_standard_time,7698310,승용-중형,기능정비,엔진 부품,프론트서스팬션ASSY(좌측),탈착,CAN-003062
union_standard_time,7698310,승용-중형,기능정비,엔진 부품,프론트서스팬션ASSY(좌측),교환,CAN-003060
union_standard_time,7698310,승용-중형,기능정비,엔진 부품,프론트서스팬션ASSY(좌측),오버홀,CAN-003061
union_standard_time,7698411,승용-중형,기능정비,엔진 부품,프론트서스팬션ASSY(우측),탈착,CAN-003059
union_standard_time,7698411,승용-중형,기능정비,엔진 부품,프론트서스팬션ASSY(우측),교환,CAN-003057
union_standard_time,7698411,승용-중형,기능정비,엔진 부품,프론트서스팬션ASSY(우측),오버홀,CAN-003058
union_standard_time,7698501,승용-중형,기능정비,엔진 부품,등속죠인트(좌측),탈착,CAN-000280
union_standard_time,7698501,승용-중형,기능정비,엔진 부품,등속죠인트(좌측),교환,CAN-000279
union_standard_time,7698602,승용-중형,기능정비,엔진 부품,등속죠인트(우측),탈착,CAN-000278
union_standard_time,7698602,승용-중형,기능정비,엔진 부품,등속죠인트(우측),교환,CAN-000277
union_standard_time,7709501,승용-중형,기능정비,엔진 부품,쇽업쇼버(앞좌),탈착,CAN-001349
union_standard_time,7709501,승용-중형,기능정비,엔진 부품,쇽업쇼버(앞좌),교환,CAN-001347
union_standard_time,7709501,승용-중형,기능정비,엔진 부품,쇽업쇼버(앞좌),오버홀,CAN-001348
union_standard_time,7709602,승용-중형,기능정비,엔진 부품,쇽업쇼버(앞우),탈착,CAN-001346
union_standard_time,7709602,승용-중형,기능정비,엔진 부품,쇽업쇼버(앞우),교환,CAN-001344
union_standard_time,7709602,승용-중형,기능정비,엔진 부품,쇽업쇼버(앞우),오버홀,CAN-001345
union_standard_time,7709703,승용-중형,기능정비,엔진 부품,쇽업쇼버(뒤좌),탈착,CAN-001339
union_standard_time,7709703,승용-중형,기능정비,엔진 부품,쇽업쇼버(뒤좌),교환,CAN-001338
union_standard_time,7709804,승용-중형,기능정비,엔진 부품,쇽업쇼버(뒤우),탈착,CAN-001337
union_standard_time,7709804,승용-중형,기능정비,엔진 부품,쇽업쇼버(뒤우),교환,CAN-001336
union_standard_time,7718002,승용-중형,소모품 및 하체정비,하체 부품,엔진 크로스멤버,탈착,CAN-002008
union_standard_time,7718002,승용-중형,소모품 및 하체정비,하체 부품,엔진 크로스멤버,교환,CAN-002007
union_standard_time,7718018,승용-중형,기능정비,엔진 부품,서브프레임 ASSY,탈착,CAN-001264
union_standard_time,7718018,승용-중형,기능정비,엔진 부품,서브프레임 ASSY,교환,CAN-001263
union_standard_time,7718019,승용-중형,소모품 및 하체정비,하체 부품,센터멤버,탈착,CAN-001292
union_standard_time,7718019,승용-중형,소모품 및 하체정비,하체 부품,센터멤버,교환,CAN-001291
union_standard_time,7718020,승용-중형,기능정비,엔진 부품,리어액슬빔(FF형),탈착,CAN-000693
union_standard_time,7718020,승용-중형,기능정비,엔진 부품,리어액슬빔(FF형),교환,CAN-000691
union_standard_time,7718020,승용-중형,기능정비,엔진 부품,리어액슬빔(FF형),오버홀,CAN-000692
union_standard_time,7718021,승용-중형,기능정비,엔진 부품,리어 액슬 ASSY,탈착,CAN-000681
union_standard_time,7718021,승용-중형,기능정비,엔진 부품,리어 액슬 ASSY,교환,CAN-000679
union_standard_time,7718021,승용-중형,기능정비,엔진 부품,리어 액슬 ASSY,오버홀,CAN-000680
union_standard_time,7718027,승용-중형,기능정비,엔진 부품,뒤차축,탈착,CAN-000218
union_standard_time,7718027,승용-중형,기능정비,엔진 부품,뒤차축,교환,CAN-000216
union_standard_time,7718027,승용-중형,기능정비,엔진 부품,뒤차축,오버홀,CAN-000217
union_standard_time,7718032,승용-중형,소모품 및 하체정비,하체 부품,리어 서스펜션크로스멤버,탈착,CAN-000613
union_standard_time,7718032,승용-중형,소모품 및 하체정비,하체 부품,리어 서스펜션크로스멤버,교환,CAN-000611
union_standard_time,7718134,승용-중형,기능정비,엔진 부품,스테빌라이져(앞),탈착,CAN-001364
union_standard_time,7718134,승용-중형,기능정비,엔진 부품,스테빌라이져(앞),교환,CAN-001363
union_standard_time,7718306,승용-중형,소모품 및 하체정비,하체 부품,너클(좌측),탈착,CAN-000137
union_standard_time,7718306,승용-중형,소모품 및 하체정비,하체 부품,너클(좌측),교환,CAN-000136
union_standard_time,7718308,승용-중형,소모품 및 하체정비,하체 부품,로워암(좌측),탈착,CAN-000388
union_standard_time,7718308,승용-중형,소모품 및 하체정비,하체 부품,로워암(좌측),교환,CAN-000387
union_standard_time,7718314,승용-중형,소모품 및 하체정비,하체 부품,프론트 허브베어링(좌측),오버홀,CAN-003180
union_standard_time,7718316,승용-중형,소모품 및 하체정비,하체 부품,리어 허브베어링(좌측),교환,CAN-000769
union_standard_time,7718316,승용-중형,소모품 및 하체정비,하체 부품,리어 허브베어링(좌측),오버홀,CAN-000770
union_standard_time,7718323,승용-중형,소모품 및 하체정비,하체 부품,리어 서스펜션ASSY(좌측),탈착,CAN-000608
union_standard_time,7718323,승용-중형,소모품 및 하체정비,하체 부품,리어 서스펜션ASSY(좌측),교환,CAN-000606
union_standard_time,7718323,승용-중형,소모품 및 하체정비,하체 부품,리어 서스펜션ASSY(좌측),오버홀,CAN-000607
union_standard_time,7718407,승용-중형,소모품 및 하체정비,하체 부품,너클(우측),탈착,CAN-000135
union_standard_time,7718407,승용-중형,소모품 및 하체정비,하체 부품,너클(우측),교환,CAN-000134
union_standard_time,7718409,승용-중형,소모품 및 하체정비,하체 부품,로워암(우측),탈착,CAN-000386
union_standard_time,7718409,승용-중형,소모품 및 하체정비,하체 부품,로워암(우측),교환,CAN-000385
union_standard_time,7718415,승용-중형,소모품 및 하체정비,하체 부품,프론트 허브베어링(우측),오버홀,CAN-003179
union_standard_time,7718417,승용-중형,소모품 및 하체정비,하체 부품,리어 허브베어링(우측),교환,CAN-000767
union_standard_time,7718417,승용-중형,소모품 및 하체정비,하체 부품,리어 허브베어링(우측),오버홀,CAN-000768
union_standard_time,7718424,승용-중형,소모품 및 하체정비,하체 부품,리어 서스펜션ASSY(우측),탈착,CAN-000599
union_standard_time,7718424,승용-중형,소모품 및 하체정비,하체 부품,리어 서스펜션ASSY(우측),교환,CAN-000597
union_standard_time,7718424,승용-중형,소모품 및 하체정비,하체 부품,리어 서스펜션ASSY(우측),오버홀,CAN-000598
union_standard_time,7719510,승용-중형,소모품 및 하체정비,하체 부품,허브(앞좌),오버홀,CAN-003265
union_standard_time,7719611,승용-중형,소모품 및 하체정비,하체 부품,허브(앞우),오버홀,CAN-003263
union_standard_time,7719712,승용-중형,소모품 및 하체정비,하체 부품,허브(뒤좌),오버홀,CAN-003261
union_standard_time,7719813,승용-중형,소모품 및 하체정비,하체 부품,허브(뒤우),오버홀,CAN-003259
union_standard_time,7728001,승용-중형,소모품 및 하체정비,하체 부품,레터럴 링크,탈착,CAN-000379
union_standard_time,7728001,승용-중형,소모품 및 하체정비,하체 부품,레터럴 링크,교환,CAN-000378
union_standard_time,7728005,승용-중형,기능정비,엔진 부품,디퍼런셜기어,탈착,CAN-000294
union_standard_time,7728005,승용-중형,기능정비,엔진 부품,디퍼런셜기어,교환,CAN-000292
union_standard_time,7728005,승용-중형,기능정비,엔진 부품,디퍼런셜기어,오버홀,CAN-000293
union_standard_time,7728027,승용-중형,소모품 및 하체정비,하체 부품,스티어링컬럼ASSY,탈착,CAN-001401
union_standard_time,7728027,승용-중형,소모품 및 하체정비,하체 부품,스티어링컬럼ASSY,교환,CAN-001400
union_standard_time,7728031,승용-중형,소모품 및 하체정비,하체 부품,파워스티어링기어,탈착,CAN-002834
union_standard_time,7728031,승용-중형,소모품 및 하체정비,하체 부품,파워스티어링기어,교환,CAN-002833
union_standard_time,7728032,승용-중형,소모품 및 하체정비,하체 부품,파워스티어링 기어(MDPS),탈착,CAN-002832
union_standard_time,7728032,승용-중형,소모품 및 하체정비,하체 부품,파워스티어링 기어(MDPS),교환,CAN-002831
union_standard_time,7728033,승용-중형,소모품 및 하체정비,하체 부품,메뉴얼스티어링기어,탈착,CAN-000833
union_standard_time,7728033,승용-중형,소모품 및 하체정비,하체 부품,메뉴얼스티어링기어,교환,CAN-000832
union_standard_time,7728045,승용-중형,기능정비,전기 및 램프,ABS하이드로릭유니트,탈착,CAN-000010
union_standard_time,7728045,승용-중형,기능정비,전기 및 램프,ABS하이드로릭유니트,교환,CAN-000009
union_standard_time,7728051,승용-중형,소모품 및 하체정비,브레이크/타이어,브레이크부스터&마스터실린더,탈착,CAN-001085
union_standard_time,7728051,승용-중형,소모품 및 하체정비,브레이크/타이어,브레이크부스터&마스터실린더,교환,CAN-001084
union_standard_time,7728054,승용-중형,소모품 및 하체정비,브레이크/타이어,브레이크&클러치페달,탈착,CAN-001077
union_standard_time,7728054,승용-중형,소모품 및 하체정비,브레이크/타이어,브레이크&클러치페달,교환,CAN-001076
union_standard_time,7728055,승용-중형,소모품 및 하체정비,브레이크/타이어,브레이크&엑셀페달 ASSY,탈착,CAN-001075
union_standard_time,7728055,승용-중형,소모품 및 하체정비,브레이크/타이어,브레이크&엑셀페달 ASSY,교환,CAN-001074
union_standard_time,7728056,승용-중형,기능정비,엔진 부품,악셀레이터 패달,탈착,CAN-001605
union_standard_time,7728056,승용-중형,기능정비,엔진 부품,악셀레이터 패달,교환,CAN-001604
union_standard_time,7728057,승용-중형,소모품 및 하체정비,브레이크/타이어,브레이크페달,탈착,CAN-001120
union_standard_time,7728057,승용-중형,소모품 및 하체정비,브레이크/타이어,브레이크페달,교환,CAN-001119
union_standard_time,7728058,승용-중형,기능정비,엔진 부품,클러치페달,탈착,CAN-002635
union_standard_time,7728058,승용-중형,기능정비,엔진 부품,클러치페달,교환,CAN-002634
union_standard_time,7728066,승용-중형,기능정비,엔진 부품,클러치 마스터 실린더,탈착,CAN-002627
union_standard_time,7728066,승용-중형,기능정비,엔진 부품,클러치 마스터 실린더,교환,CAN-002626
union_standard_time,7728067,승용-중형,기능정비,엔진 부품,클러치 케이블,탈착,CAN-002633
union_standard_time,7728067,승용-중형,기능정비,엔진 부품,클러치 케이블,교환,CAN-002632
union_standard_time,7728343,승용-중형,소모품 및 하체정비,하체 부품,타이로드엔드(좌측),탈착,CAN-002647
union_standard_time,7728343,승용-중형,소모품 및 하체정비,하체 부품,타이로드엔드(좌측),교환,CAN-002646
union_standard_time,7728444,승용-중형,소모품 및 하체정비,하체 부품,타이로드엔드(우측),탈착,CAN-002645
union_standard_time,7728444,승용-중형,소모품 및 하체정비,하체 부품,타이로드엔드(우측),교환,CAN-002644
union_standard_time,7728508,승용-중형,소모품 및 하체정비,브레이크/타이어,타이어(앞좌),교환,CAN-002694
union_standard_time,7728522,승용-중형,소모품 및 하체정비,브레이크/타이어,"휠(앞,좌)",교환,CAN-003398
union_standard_time,7728609,승용-중형,소모품 및 하체정비,브레이크/타이어,타이어(앞우),교환,CAN-002693
union_standard_time,7728623,승용-중형,소모품 및 하체정비,브레이크/타이어,"휠(앞,우)",교환,CAN-003397
union_standard_time,7728710,승용-중형,소모품 및 하체정비,브레이크/타이어,타이어(뒤좌),교환,CAN-002691
union_standard_time,7728724,승용-중형,소모품 및 하체정비,브레이크/타이어,"휠(뒤,좌)",교환,CAN-003393
union_standard_time,7728811,승용-중형,소모품 및 하체정비,브레이크/타이어,타이어(뒤우),교환,CAN-002690
union_standard_time,7728825,승용-중형,소모품 및 하체정비,브레이크/타이어,"휠(뒤,우)",교환,CAN-003392
union_standard_time,7729026,승용-중형,소모품 및 하체정비,하체 부품,스티어링휠,탈착,CAN-001407
union_standard_time,7729026,승용-중형,소모품 및 하체정비,하체 부품,스티어링휠,교환,CAN-001406
union_standard_time,7729060,승용-중형,소모품 및 하체정비,브레이크/타이어,사이드 브레이크(핸드식),탈착,CAN-001173
union_standard_time,7729060,승용-중형,소모품 및 하체정비,브레이크/타이어,사이드 브레이크(핸드식),교환,CAN-001172
union_standard_time,7729546,승용-중형,기능정비,전기 및 램프,ABS휠센서(앞좌),탈착,CAN-000018
union_standard_time,7729546,승용-중형,기능정비,전기 및 램프,ABS휠센서(앞좌),교환,CAN-000017
union_standard_time,7729647,승용-중형,기능정비,전기 및 램프,ABS휠센서(앞우),탈착,CAN-000016
union_standard_time,7729647,승용-중형,기능정비,전기 및 램프,ABS휠센서(앞우),교환,CAN-000015
union_standard_time,7729748,승용-중형,기능정비,전기 및 램프,ABS휠센서(뒤좌),탈착,CAN-000014
union_standard_time,7729748,승용-중형,기능정비,전기 및 램프,ABS휠센서(뒤좌),교환,CAN-000013
union_standard_time,7729849,승용-중형,기능정비,전기 및 램프,ABS휠센서(뒤우),탈착,CAN-000012
union_standard_time,7729849,승용-중형,기능정비,전기 및 램프,ABS휠센서(뒤우),교환,CAN-000011
union_standard_time,7738003,승용-중형,소모품 및 하체정비,브레이크/타이어,휠얼라인먼트(전자식),조정,CAN-003401
union_standard_time,7738004,승용-중형,소모품 및 하체정비,브레이크/타이어,휠 얼라인먼트(기계식),조정,CAN-003399
union_standard_time,7738020,승용-중형,소모품 및 하체정비,브레이크/타이어,브레이크 파이핑(전체),탈착,CAN-001116
union_standard_time,7738020,승용-중형,소모품 및 하체정비,브레이크/타이어,브레이크 파이핑(전체),교환,CAN-001115
union_standard_time,7738021,승용-중형,소모품 및 하체정비,브레이크/타이어,브레이크 에어빼기,조정,CAN-001091
union_standard_time,7738022,승용-중형,기능정비,전기 및 램프,브레이크 에어빼기(ABS),조정,CAN-001090
union_standard_time,7738516,승용-중형,소모품 및 하체정비,브레이크/타이어,"브레이크 캘리퍼(앞,좌)",탈착,CAN-001111
union_standard_time,7738516,승용-중형,소모품 및 하체정비,브레이크/타이어,"브레이크 캘리퍼(앞,좌)",교환,CAN-001110
union_standard_time,7738617,승용-중형,소모품 및 하체정비,브레이크/타이어,"브레이크 캘리퍼(앞,우)",탈착,CAN-001108
union_standard_time,7738617,승용-중형,소모품 및 하체정비,브레이크/타이어,"브레이크 캘리퍼(앞,우)",교환,CAN-001107
union_standard_time,7738718,승용-중형,소모품 및 하체정비,브레이크/타이어,"브레이크 캘리퍼(뒤,좌)",탈착,CAN-001105
union_standard_time,7738718,승용-중형,소모품 및 하체정비,브레이크/타이어,"브레이크 캘리퍼(뒤,좌)",교환,CAN-001104
union_standard_time,7738819,승용-중형,소모품 및 하체정비,브레이크/타이어,"브레이크 캘리퍼(뒤,우)",탈착,CAN-001102
union_standard_time,7738819,승용-중형,소모품 및 하체정비,브레이크/타이어,"브레이크 캘리퍼(뒤,우)",교환,CAN-001101
union_standard_time,12180A1,승용-중형,판금/도장정비,판금(탈부착),루프패널(선루프),교환,CAN-000464
union_standard_time,35782D3,승용-중형,기능정비,엔진 부품,"뒤유리(접착식,상)",탈착,CAN-000213
union_standard_time,35782D3,승용-중형,기능정비,엔진 부품,"뒤유리(접착식,상)",교환,CAN-000212
union_standard_time,35782D4,승용-중형,기능정비,엔진 부품,"뒤유리(접착식,하)",탈착,CAN-000215
union_standard_time,35782D4,승용-중형,기능정비,엔진 부품,"뒤유리(접착식,하)",교환,CAN-000214
union_standard_time,3568029,승용-중형,소모품 및 하체정비,브레이크/타이어,예비타이어 공구함탈착,탈착,CAN-002152
union_standard_time,7748001,승용-중형,기능정비,엔진 부품,차량크리닝(도장작업시),탈착,CAN-002395
union_standard_time,1028109,승용-중형,기능정비,엔진 부품,라디에이터그릴(상부커버),탈착,CAN-000329
union_standard_time,1069321,승용-중형,기능정비,엔진 부품,프론트 휀다 가니쉬(좌측),탈착,CAN-003184
union_standard_time,1069422,승용-중형,기능정비,엔진 부품,프론트 휀다 가니쉬(우측),탈착,CAN-003182
union_standard_time,1069387,승용-중형,기능정비,엔진 부품,리어 휀다 가니쉬(좌측),탈착,CAN-000772
union_standard_time,1069488,승용-중형,기능정비,엔진 부품,리어 휀다 가니쉬(우측),탈착,CAN-000771
union_standard_time,1129321,승용-중형,판금/도장정비,판금(탈부착),프론트 도어 가니쉬(좌측),탈착,CAN-002936
union_standard_time,1129422,승용-중형,판금/도장정비,판금(탈부착),프론트 도어 가니쉬(우측),탈착,CAN-002935
union_standard_time,1139321,승용-중형,판금/도장정비,판금(탈부착),리어 도어 가니쉬(좌측),탈착,CAN-000493
union_standard_time,1139422,승용-중형,판금/도장정비,판금(탈부착),리어 도어 가니쉬(우측),탈착,CAN-000492
union_standard_time,3569030,승용-중형,판금/도장정비,판금(탈부착),에어덕트(범퍼탈착시),탈착,CAN-001763
union_standard_time,3559234,승용-중형,판금/도장정비,판금(탈부착),트렁크룸내 매트(뒤범퍼탈착시),탈착,CAN-002753
union_standard_time,5678010,승용-중형,기능정비,엔진 부품,엔진룸 커버,탈착,CAN-001941
union_standard_time,5679015,승용-중형,기능정비,엔진 부품,엔진룸 커버(볼트형),탈착,CAN-001942
union_standard_time,1018101,승용-대형,판금/도장정비,판금(탈부착),프론트 범퍼(분할공급시),탈착,CAN-003010
union_standard_time,1018101,승용-대형,판금/도장정비,판금(탈부착),프론트 범퍼(분할공급시),교환,CAN-003008
union_standard_time,1018101,승용-대형,판금/도장정비,판금(탈부착),프론트 범퍼(분할공급시),오버홀,CAN-003009
union_standard_time,1018102,승용-대형,판금/도장정비,판금(탈부착),프론트 범퍼(ASSY공급시),탈착,CAN-002994
union_standard_time,1018102,승용-대형,판금/도장정비,판금(탈부착),프론트 범퍼(ASSY공급시),교환,CAN-002993
union_standard_time,1018113,승용-대형,판금/도장정비,판금(탈부착),프론트 범퍼 커버,탈착,CAN-003025
union_standard_time,1018113,승용-대형,판금/도장정비,판금(탈부착),프론트 범퍼 커버,교환,CAN-003023
union_standard_time,1018113,승용-대형,판금/도장정비,판금(탈부착),프론트 범퍼 커버,오버홀,CAN-003024
union_standard_time,1018114,승용-대형,판금/도장정비,판금(탈부착),프론트 범퍼 레일,탈착,CAN-002999
union_standard_time,1018114,승용-대형,판금/도장정비,판금(탈부착),프론트 범퍼 레일,교환,CAN-002998
union_standard_time,1019117,승용-대형,판금/도장정비,판금(탈부착),프론트 범퍼 립(로워몰딩),탈착,CAN-003007
union_standard_time,1019117,승용-대형,판금/도장정비,판금(탈부착),프론트 범퍼 립(로워몰딩),교환,CAN-003006
union_standard_time,1019321,승용-대형,판금/도장정비,판금(탈부착),프론트범퍼 사이드브라켓(좌측),탈착,CAN-003014
union_standard_time,1019321,승용-대형,판금/도장정비,판금(탈부착),프론트범퍼 사이드브라켓(좌측),교환,CAN-003013
union_standard_time,1019422,승용-대형,판금/도장정비,판금(탈부착),프론트범퍼 사이드브라켓(우측),탈착,CAN-003012
union_standard_time,1019422,승용-대형,판금/도장정비,판금(탈부착),프론트범퍼 사이드브라켓(우측),교환,CAN-003011
union_standard_time,1028101,승용-대형,기능정비,엔진 부품,라디에이터그릴,탈착,CAN-000320
union_standard_time,1028101,승용-대형,기능정비,엔진 부품,라디에이터그릴,교환,CAN-000318
union_standard_time,1028103,승용-대형,기능정비,엔진 부품,엑티브 에어 플랩,탈착,CAN-001878
union_standard_time,1028103,승용-대형,기능정비,엔진 부품,엑티브 에어 플랩,교환,CAN-001877
union_standard_time,1038101,승용-대형,판금/도장정비,판금(탈부착),후드,탈착,CAN-003318
union_standard_time,1038101,승용-대형,판금/도장정비,판금(탈부착),후드,교환,CAN-003316
union_standard_time,1038101,승용-대형,판금/도장정비,판금(탈부착),후드,오버홀,CAN-003317
union_standard_time,1039106,승용-대형,판금/도장정비,판금(탈부착),후드 록크,탈착,CAN-003321
union_standard_time,1039106,승용-대형,판금/도장정비,판금(탈부착),후드 록크,교환,CAN-003320
union_standard_time,1039107,승용-대형,판금/도장정비,판금(탈부착),후드 케이블,탈착,CAN-003357
union_standard_time,1039107,승용-대형,판금/도장정비,판금(탈부착),후드 케이블,교환,CAN-003356
union_standard_time,1039108,승용-대형,판금/도장정비,판금(탈부착),후드 인슐레이션 패드,탈착,CAN-003355
union_standard_time,1039108,승용-대형,판금/도장정비,판금(탈부착),후드 인슐레이션 패드,교환,CAN-003354
union_standard_time,1039302,승용-대형,판금/도장정비,판금(탈부착),후드 힌지(좌측),탈착,CAN-003363
union_standard_time,1039302,승용-대형,판금/도장정비,판금(탈부착),후드 힌지(좌측),교환,CAN-003362
union_standard_time,1039304,승용-대형,판금/도장정비,판금(탈부착),후드 쇼버(좌측),탈착,CAN-003349
union_standard_time,1039304,승용-대형,판금/도장정비,판금(탈부착),후드 쇼버(좌측),교환,CAN-003348
union_standard_time,1039403,승용-대형,판금/도장정비,판금(탈부착),후드 힌지(우측),탈착,CAN-003361
union_standard_time,1039403,승용-대형,판금/도장정비,판금(탈부착),후드 힌지(우측),교환,CAN-003360
union_standard_time,1039405,승용-대형,판금/도장정비,판금(탈부착),후드 쇼버(우측),탈착,CAN-003347
union_standard_time,1039405,승용-대형,판금/도장정비,판금(탈부착),후드 쇼버(우측),교환,CAN-003346
union_standard_time,1048040,승용-대형,기능정비,전기 및 램프,혼,탈착,CAN-003310
union_standard_time,1048040,승용-대형,기능정비,전기 및 램프,혼,교환,CAN-003309
union_standard_time,1048042,승용-대형,기능정비,엔진 부품,가상 엔진사운드 스피커,탈착,CAN-000110
union_standard_time,1048042,승용-대형,기능정비,엔진 부품,가상 엔진사운드 스피커,교환,CAN-000109
union_standard_time,1048101,승용-대형,판금/도장정비,판금(탈부착),프론트 패널 ASSY,탈착,CAN-003129
union_standard_time,1048101,승용-대형,판금/도장정비,판금(탈부착),프론트 패널 ASSY,교환,CAN-003128
union_standard_time,1048102,승용-대형,판금/도장정비,판금(탈부착),프론트 패널 ASSY(조립식),탈착,CAN-003134
union_standard_time,1048102,승용-대형,판금/도장정비,판금(탈부착),프론트 패널 ASSY(조립식),교환,CAN-003132
union_standard_time,1048103,승용-대형,판금/도장정비,판금(탈부착),프론트 어퍼 및 사이드 서포트,교환,CAN-003107
union_standard_time,1048104,승용-대형,판금/도장정비,판금(탈부착),프론트 어퍼 패널(볼트),탈착,CAN-003113
union_standard_time,1048104,승용-대형,판금/도장정비,판금(탈부착),프론트 어퍼 패널(볼트),교환,CAN-003112
union_standard_time,1048105,승용-대형,판금/도장정비,판금(탈부착),프론트 어퍼패널,탈착,CAN-003109
union_standard_time,1048105,승용-대형,판금/도장정비,판금(탈부착),프론트 어퍼패널,교환,CAN-003108
union_standard_time,1048108,승용-대형,판금/도장정비,판금(탈부착),프론트 패널 그룹,교환,CAN-003136
union_standard_time,1048117,승용-대형,기능정비,엔진 부품,스티프너 ASSY,탈착,CAN-001409
union_standard_time,1048117,승용-대형,기능정비,엔진 부품,스티프너 ASSY,교환,CAN-001408
union_standard_time,1048132,승용-대형,소모품 및 하체정비,하체 부품,라디에이터멤버,탈착,CAN-000340
union_standard_time,1048132,승용-대형,소모품 및 하체정비,하체 부품,라디에이터멤버,교환,CAN-000339
union_standard_time,1048306,승용-대형,판금/도장정비,판금(탈부착),사이드서포트패널(헤드램프패널),탈착,CAN-001181
union_standard_time,1048306,승용-대형,판금/도장정비,판금(탈부착),사이드서포트패널(헤드램프패널),교환,CAN-001180
union_standard_time,1048407,승용-대형,판금/도장정비,판금(탈부착),사이드서포트패널(헤드램프패널),탈착,CAN-001181
union_standard_time,1048407,승용-대형,판금/도장정비,판금(탈부착),사이드서포트패널(헤드램프패널),교환,CAN-001180
union_standard_time,1049114,승용-대형,기능정비,엔진 부품,센터스테이,탈착,CAN-001296
union_standard_time,1049114,승용-대형,기능정비,엔진 부품,센터스테이,교환,CAN-001295
union_standard_time,1049320,승용-대형,기능정비,엔진 부품,라디에이터 로워 브라켓(좌측),탈착,CAN-000334
union_standard_time,1049320,승용-대형,기능정비,엔진 부품,라디에이터 로워 브라켓(좌측),교환,CAN-000333
union_standard_time,1049421,승용-대형,기능정비,엔진 부품,라디에이터 로워 브라켓(우측),탈착,CAN-000332
union_standard_time,1049421,승용-대형,기능정비,엔진 부품,라디에이터 로워 브라켓(우측),교환,CAN-000331
union_standard_time,1058301,승용-대형,기능정비,전기 및 램프,헤드램프(좌측),탈착,CAN-003301
union_standard_time,1058301,승용-대형,기능정비,전기 및 램프,헤드램프(좌측),교환,CAN-003300
union_standard_time,1058313,승용-대형,기능정비,전기 및 램프,HID 헤드램프 밸러스트(좌측),탈착,CAN-000058
union_standard_time,1058313,승용-대형,기능정비,전기 및 램프,HID 헤드램프 밸러스트(좌측),교환,CAN-000057
union_standard_time,1058320,승용-대형,기능정비,전기 및 램프,시그널램프(좌측),탈착,CAN-001503
union_standard_time,1058320,승용-대형,기능정비,전기 및 램프,시그널램프(좌측),교환,CAN-001502
union_standard_time,1058402,승용-대형,기능정비,전기 및 램프,헤드램프(우측),탈착,CAN-003299
union_standard_time,1058402,승용-대형,기능정비,전기 및 램프,헤드램프(우측),교환,CAN-003298
union_standard_time,1058414,승용-대형,기능정비,전기 및 램프,HID 헤드램프 밸러스트(우측),탈착,CAN-000056
union_standard_time,1058414,승용-대형,기능정비,전기 및 램프,HID 헤드램프 밸러스트(우측),교환,CAN-000055
union_standard_time,1058421,승용-대형,기능정비,전기 및 램프,시그널램프(우측),탈착,CAN-001501
union_standard_time,1058421,승용-대형,기능정비,전기 및 램프,시그널램프(우측),교환,CAN-001500
union_standard_time,1059303,승용-대형,기능정비,전기 및 램프,헤드램프브라켓(좌측),탈착,CAN-003290
union_standard_time,1059303,승용-대형,기능정비,전기 및 램프,헤드램프브라켓(좌측),교환,CAN-003289
union_standard_time,1059305,승용-대형,기능정비,전기 및 램프,"헤드램프브라켓(수리킷,좌#1)",교환,CAN-003283
union_standard_time,1059306,승용-대형,기능정비,전기 및 램프,"헤드램프브라켓(수리킷,좌#2)",교환,CAN-003284
union_standard_time,1059307,승용-대형,기능정비,전기 및 램프,"헤드램프브라켓(수리킷,좌#3)",교환,CAN-003285
union_standard_time,1059308,승용-대형,기능정비,전기 및 램프,"헤드램프브라켓(수리킷,좌#4)",교환,CAN-003286
union_standard_time,1059315,승용-대형,기능정비,전기 및 램프,헤드램프 레벨링 엑츄에이터(좌측),탈착,CAN-003278
union_standard_time,1059315,승용-대형,기능정비,전기 및 램프,헤드램프 레벨링 엑츄에이터(좌측),교환,CAN-003277
union_standard_time,1059317,승용-대형,기능정비,전기 및 램프,헤드램프 가니쉬(좌측),탈착,CAN-003274
union_standard_time,1059317,승용-대형,기능정비,전기 및 램프,헤드램프 가니쉬(좌측),교환,CAN-003273
union_standard_time,1059326,승용-대형,기능정비,전기 및 램프,포그램프(좌측),탈착,CAN-002911
union_standard_time,1059326,승용-대형,기능정비,전기 및 램프,포그램프(좌측),교환,CAN-002910
union_standard_time,1059328,승용-대형,기능정비,전기 및 램프,헤드램프 와셔(좌측),탈착,CAN-003297
union_standard_time,1059328,승용-대형,기능정비,전기 및 램프,헤드램프 와셔(좌측),교환,CAN-003296
union_standard_time,1059404,승용-대형,기능정비,전기 및 램프,헤드램프브라켓(우측),탈착,CAN-003288
union_standard_time,1059404,승용-대형,기능정비,전기 및 램프,헤드램프브라켓(우측),교환,CAN-003287
union_standard_time,1059409,승용-대형,기능정비,전기 및 램프,"헤드램프브라켓(수리킷,우#1)",교환,CAN-003279
union_standard_time,1059410,승용-대형,기능정비,전기 및 램프,"헤드램프브라켓(수리킷,우#2)",교환,CAN-003280
union_standard_time,1059411,승용-대형,기능정비,전기 및 램프,"헤드램프브라켓(수리킷,우#3)",교환,CAN-003281
union_standard_time,1059412,승용-대형,기능정비,전기 및 램프,"헤드램프브라켓(수리킷,우#4)",교환,CAN-003282
union_standard_time,1059416,승용-대형,기능정비,전기 및 램프,헤드램프 레벨링 엑츄에이터(우측),탈착,CAN-003276
union_standard_time,1059416,승용-대형,기능정비,전기 및 램프,헤드램프 레벨링 엑츄에이터(우측),교환,CAN-003275
union_standard_time,1059418,승용-대형,기능정비,전기 및 램프,헤드램프 가니쉬(우측),탈착,CAN-003270
union_standard_time,1059418,승용-대형,기능정비,전기 및 램프,헤드램프 가니쉬(우측),교환,CAN-003269
union_standard_time,1059427,승용-대형,기능정비,전기 및 램프,포그램프(우측),탈착,CAN-002909
union_standard_time,1059427,승용-대형,기능정비,전기 및 램프,포그램프(우측),교환,CAN-002908
union_standard_time,1059429,승용-대형,기능정비,전기 및 램프,헤드램프 와셔(우측),탈착,CAN-003295
union_standard_time,1059429,승용-대형,기능정비,전기 및 램프,헤드램프 와셔(우측),교환,CAN-003294
union_standard_time,1068301,승용-대형,기능정비,엔진 부품,프론트 휀다(좌측),탈착,CAN-003192
union_standard_time,1068301,승용-대형,기능정비,엔진 부품,프론트 휀다(좌측),교환,CAN-003191
union_standard_time,1068317,승용-대형,판금/도장정비,판금(탈부착),프론트 휀다 몰딩(좌측),탈착,CAN-003188
union_standard_time,1068317,승용-대형,판금/도장정비,판금(탈부착),프론트 휀다 몰딩(좌측),교환,CAN-003187
union_standard_time,1068325,승용-대형,소모품 및 하체정비,브레이크/타이어,프론트 휠 하우스ASSY(좌측),교환,CAN-003198
union_standard_time,1068328,승용-대형,판금/도장정비,판금(탈부착),후드리지 어퍼 ASSY(좌측),교환,CAN-003331
union_standard_time,1068329,승용-대형,판금/도장정비,판금(탈부착),후드리지 어퍼 프론트(좌측),교환,CAN-003333
union_standard_time,1068330,승용-대형,판금/도장정비,판금(탈부착),후드리지 로워 ASSY(좌측),교환,CAN-003323
union_standard_time,1068331,승용-대형,판금/도장정비,판금(탈부착),후드리지 로워 프론트(좌측),교환,CAN-003325
union_standard_time,1068343,승용-대형,소모품 및 하체정비,브레이크/타이어,휠하우스 브레이스(좌측),교환,CAN-003417
union_standard_time,1068357,승용-대형,소모품 및 하체정비,하체 부품,프론트 사이드멤버 ASSY(좌측),교환,CAN-003034
union_standard_time,1068360,승용-대형,소모품 및 하체정비,하체 부품,사이드멤버 클로징플레이트(좌측),교환,CAN-001134
union_standard_time,1068371,승용-대형,소모품 및 하체정비,하체 부품,휠하우스및사이드멤버ASSY(좌측),교환,CAN-003405
union_standard_time,1068379,승용-대형,소모품 및 하체정비,하체 부품,"프론트사이드멤버(앞부분,좌)",교환,CAN-003049
union_standard_time,1068403,승용-대형,기능정비,엔진 부품,프론트 휀다(우측),탈착,CAN-003190
union_standard_time,1068403,승용-대형,기능정비,엔진 부품,프론트 휀다(우측),교환,CAN-003189
union_standard_time,1068418,승용-대형,판금/도장정비,판금(탈부착),프론트 휀다 몰딩(우측),탈착,CAN-003186
union_standard_time,1068418,승용-대형,판금/도장정비,판금(탈부착),프론트 휀다 몰딩(우측),교환,CAN-003185
union_standard_time,1068426,승용-대형,판금/도장정비,판금(탈부착),프론트 휠하우스아우터패널(좌측),교환,CAN-003200
union_standard_time,1068434,승용-대형,소모품 및 하체정비,브레이크/타이어,프론트 휠 하우스ASSY(우측),교환,CAN-003197
union_standard_time,1068435,승용-대형,판금/도장정비,판금(탈부착),프론트 휠하우스아우터패널(우측),교환,CAN-003199
union_standard_time,1068437,승용-대형,판금/도장정비,판금(탈부착),후드리지 어퍼 ASSY(우측),교환,CAN-003330
union_standard_time,1068438,승용-대형,판금/도장정비,판금(탈부착),후드리지 어퍼 프론트(우측),교환,CAN-003332
union_standard_time,1068439,승용-대형,판금/도장정비,판금(탈부착),후드리지 로워 ASSY(우측),교환,CAN-003322
union_standard_time,1068440,승용-대형,판금/도장정비,판금(탈부착),후드리지 로워 프론트(우측),교환,CAN-003324
union_standard_time,1068449,승용-대형,소모품 및 하체정비,브레이크/타이어,휠하우스 브레이스(우측),교환,CAN-003415
union_standard_time,1068463,승용-대형,소모품 및 하체정비,하체 부품,프론트 사이드멤버 ASSY(우측),교환,CAN-003033
union_standard_time,1068466,승용-대형,소모품 및 하체정비,하체 부품,사이드멤버 클로징플레이트(우측),교환,CAN-001133
union_standard_time,1068473,승용-대형,소모품 및 하체정비,하체 부품,휠하우스및사이드멤버 ASSY(우측),교환,CAN-003404
union_standard_time,1068480,승용-대형,소모품 및 하체정비,하체 부품,"프론트사이드멤버(앞부분,우)",교환,CAN-003047
union_standard_time,1068527,승용-대형,소모품 및 하체정비,브레이크/타이어,"프론트 휠 하우스(앞부분,좌)",교환,CAN-003202
union_standard_time,1068558,승용-대형,소모품 및 하체정비,하체 부품,"프론트사이드멤버(앞부분,좌)",교환,CAN-003049
union_standard_time,1068572,승용-대형,소모품 및 하체정비,하체 부품,휠하우스및사이드멤버(좌측)대쉬앞,교환,CAN-003413
union_standard_time,1068636,승용-대형,소모품 및 하체정비,브레이크/타이어,"프론트 휠 하우스(앞부분,우)",교환,CAN-003201
union_standard_time,1068664,승용-대형,소모품 및 하체정비,하체 부품,"프론트사이드멤버(앞부분,우)",교환,CAN-003047
union_standard_time,1068674,승용-대형,소모품 및 하체정비,하체 부품,휠하우스및사이드멤버(우측)대쉬앞,교환,CAN-003409
union_standard_time,1069309,승용-대형,소모품 및 하체정비,브레이크/타이어,프론트 휠 가드(좌측),탈착,CAN-003196
union_standard_time,1069309,승용-대형,소모품 및 하체정비,브레이크/타이어,프론트 휠 가드(좌측),교환,CAN-003195
union_standard_time,1069311,승용-대형,소모품 및 하체정비,브레이크/타이어,리어 휠가드(좌측),탈착,CAN-000805
union_standard_time,1069311,승용-대형,소모품 및 하체정비,브레이크/타이어,리어 휠가드(좌측),교환,CAN-000804
union_standard_time,1069321,승용-대형,기능정비,엔진 부품,프론트휀다 가니쉬(좌측),탈착,CAN-003184
union_standard_time,1069321,승용-대형,기능정비,엔진 부품,프론트휀다 가니쉬(좌측),교환,CAN-003183
union_standard_time,1069410,승용-대형,소모품 및 하체정비,브레이크/타이어,프론트 휠 가드(우측),탈착,CAN-003194
union_standard_time,1069410,승용-대형,소모품 및 하체정비,브레이크/타이어,프론트 휠 가드(우측),교환,CAN-003193
union_standard_time,1069412,승용-대형,소모품 및 하체정비,브레이크/타이어,리어 휠가드(우측),탈착,CAN-000803
union_standard_time,1069412,승용-대형,소모품 및 하체정비,브레이크/타이어,리어 휠가드(우측),교환,CAN-000802
union_standard_time,1069422,승용-대형,기능정비,엔진 부품,프론트휀다 가니쉬(우측),탈착,CAN-003182
union_standard_time,1069422,승용-대형,기능정비,엔진 부품,프론트휀다 가니쉬(우측),교환,CAN-003181
union_standard_time,1078001,승용-대형,기능정비,엔진 부품,카울그릴,탈착,CAN-002437
union_standard_time,1078001,승용-대형,기능정비,엔진 부품,카울그릴,교환,CAN-002436
union_standard_time,1078002,승용-대형,판금/도장정비,판금(탈부착),카울패널,교환,CAN-002454
union_standard_time,1078010,승용-대형,판금/도장정비,판금(탈부착),카울패널(어퍼),교환,CAN-002457
union_standard_time,1078013,승용-대형,판금/도장정비,판금(탈부착),대쉬 로워패널,교환,CAN-000138
union_standard_time,1078014,승용-대형,판금/도장정비,판금(탈부착),대쉬패널,교환,CAN-000144
union_standard_time,1078016,승용-대형,판금/도장정비,판금(탈부착),대쉬센터패널(볼트식),탈착,CAN-000140
union_standard_time,1078016,승용-대형,판금/도장정비,판금(탈부착),대쉬센터패널(볼트식),교환,CAN-000139
union_standard_time,1078017,승용-대형,기능정비,엔진 부품,대쉬인슐레이터,탈착,CAN-000143
union_standard_time,1078017,승용-대형,기능정비,엔진 부품,대쉬인슐레이터,교환,CAN-000142
union_standard_time,1078024,승용-대형,소모품 및 하체정비,하체 부품,카울크로스멤버,탈착,CAN-002449
union_standard_time,1078024,승용-대형,소모품 및 하체정비,하체 부품,카울크로스멤버,교환,CAN-002448
union_standard_time,1078025,승용-대형,소모품 및 하체정비,하체 부품,카울 크로스멤버,탈착,CAN-002449
union_standard_time,1078025,승용-대형,소모품 및 하체정비,하체 부품,카울 크로스멤버,교환,CAN-002448
union_standard_time,1078026,승용-대형,소모품 및 하체정비,하체 부품,카울 크로스멤버(용접식),교환,CAN-002450
union_standard_time,1078306,승용-대형,판금/도장정비,판금(탈부착),카울사이드패널(좌측),교환,CAN-002441
union_standard_time,1078308,승용-대형,판금/도장정비,판금(탈부착),카울 사이드패널(우측),교환,CAN-002440
union_standard_time,1078407,승용-대형,판금/도장정비,판금(탈부착),카울 사이드패널(좌측),교환,CAN-002441
union_standard_time,1078409,승용-대형,판금/도장정비,판금(탈부착),카울사이드패널(우측),교환,CAN-002440
union_standard_time,1088301,승용-대형,기능정비,엔진 부품,프론트 필러 ASSY(좌측),교환,CAN-003160
union_standard_time,1088302,승용-대형,기능정비,엔진 부품,"프론트 필러(외측,좌)",교환,CAN-003170
union_standard_time,1088307,승용-대형,기능정비,엔진 부품,윈도우필러(좌측),교환,CAN-002239
union_standard_time,1088410,승용-대형,기능정비,엔진 부품,프론트 필러 ASSY(우측),교환,CAN-003159
union_standard_time,1088411,승용-대형,기능정비,엔진 부품,"프론트 필러(외측,우)",교환,CAN-003169
union_standard_time,1088416,승용-대형,기능정비,엔진 부품,윈도우필러(우측),교환,CAN-002237
union_standard_time,1128301,승용-대형,판금/도장정비,판금(탈부착),프론트 도어(좌측),탈착,CAN-002970
union_standard_time,1128301,승용-대형,판금/도장정비,판금(탈부착),프론트 도어(좌측),교환,CAN-002968
union_standard_time,1128301,승용-대형,판금/도장정비,판금(탈부착),프론트 도어(좌측),오버홀,CAN-002969
union_standard_time,1128319,승용-대형,판금/도장정비,판금(탈부착),"프론트 도어(좌,사각감지)",탈착,CAN-002964
union_standard_time,1128319,승용-대형,판금/도장정비,판금(탈부착),"프론트 도어(좌,사각감지)",교환,CAN-002962
union_standard_time,1128319,승용-대형,판금/도장정비,판금(탈부착),"프론트 도어(좌,사각감지)",오버홀,CAN-002963
union_standard_time,1128406,승용-대형,판금/도장정비,판금(탈부착),프론트 도어(우측),탈착,CAN-002954
union_standard_time,1128406,승용-대형,판금/도장정비,판금(탈부착),프론트 도어(우측),교환,CAN-002952
union_standard_time,1128406,승용-대형,판금/도장정비,판금(탈부착),프론트 도어(우측),오버홀,CAN-002953
union_standard_time,1128420,승용-대형,판금/도장정비,판금(탈부착),"프론트 도어(우,사각감지)",탈착,CAN-002948
union_standard_time,1128420,승용-대형,판금/도장정비,판금(탈부착),"프론트 도어(우,사각감지)",교환,CAN-002946
union_standard_time,1128420,승용-대형,판금/도장정비,판금(탈부착),"프론트 도어(우,사각감지)",오버홀,CAN-002947
union_standard_time,1129315,승용-대형,판금/도장정비,판금(탈부착),프론트 도어 몰딩(좌측),탈착,CAN-002941
union_standard_time,1129315,승용-대형,판금/도장정비,판금(탈부착),프론트 도어 몰딩(좌측),교환,CAN-002940
union_standard_time,1129416,승용-대형,판금/도장정비,판금(탈부착),프론트 도어 몰딩(우측),탈착,CAN-002939
union_standard_time,1129416,승용-대형,판금/도장정비,판금(탈부착),프론트 도어 몰딩(우측),교환,CAN-002938
union_standard_time,1138301,승용-대형,판금/도장정비,판금(탈부착),리어 도어(좌측),탈착,CAN-000513
union_standard_time,1138301,승용-대형,판금/도장정비,판금(탈부착),리어 도어(좌측),교환,CAN-000511
union_standard_time,1138301,승용-대형,판금/도장정비,판금(탈부착),리어 도어(좌측),오버홀,CAN-000512
union_standard_time,1138317,승용-대형,판금/도장정비,판금(탈부착),리어 도어 몰딩(좌측),탈착,CAN-000497
union_standard_time,1138317,승용-대형,판금/도장정비,판금(탈부착),리어 도어 몰딩(좌측),교환,CAN-000496
union_standard_time,1138407,승용-대형,판금/도장정비,판금(탈부착),리어 도어(우측),탈착,CAN-000504
union_standard_time,1138407,승용-대형,판금/도장정비,판금(탈부착),리어 도어(우측),교환,CAN-000502
union_standard_time,1138407,승용-대형,판금/도장정비,판금(탈부착),리어 도어(우측),오버홀,CAN-000503
union_standard_time,1138418,승용-대형,판금/도장정비,판금(탈부착),리어 도어 몰딩(우측),탈착,CAN-000495
union_standard_time,1138418,승용-대형,판금/도장정비,판금(탈부착),리어 도어 몰딩(우측),교환,CAN-000494
union_standard_time,1139319,승용-대형,판금/도장정비,판금(탈부착),리어도어 힌지(좌측),탈착,CAN-000524
union_standard_time,1139319,승용-대형,판금/도장정비,판금(탈부착),리어도어 힌지(좌측),교환,CAN-000523
union_standard_time,1139420,승용-대형,판금/도장정비,판금(탈부착),리어도어 힌지(우측),탈착,CAN-000522
union_standard_time,1139420,승용-대형,판금/도장정비,판금(탈부착),리어도어 힌지(우측),교환,CAN-000521
union_standard_time,1169301,승용-대형,기능정비,엔진 부품,사이드미러(좌측),탈착,CAN-001156
union_standard_time,1169301,승용-대형,기능정비,엔진 부품,사이드미러(좌측),교환,CAN-001154
union_standard_time,1169302,승용-대형,기능정비,엔진 부품,"사이드 미러(좌,전동)",탈착,CAN-001153
union_standard_time,1169302,승용-대형,기능정비,엔진 부품,"사이드 미러(좌,전동)",교환,CAN-001152
union_standard_time,1169307,승용-대형,기능정비,엔진 부품,"사이드 미러(좌,O/H)",오버홀,CAN-001151
union_standard_time,1169404,승용-대형,기능정비,엔진 부품,사이드미러(우측),탈착,CAN-001144
union_standard_time,1169404,승용-대형,기능정비,엔진 부품,사이드미러(우측),교환,CAN-001142
union_standard_time,1169405,승용-대형,기능정비,엔진 부품,"사이드 미러(우,전동)",탈착,CAN-001141
union_standard_time,1169405,승용-대형,기능정비,엔진 부품,"사이드 미러(우,전동)",교환,CAN-001140
union_standard_time,1169408,승용-대형,기능정비,엔진 부품,"사이드 미러(우,O/H)",오버홀,CAN-001139
union_standard_time,1178301,승용-대형,기능정비,엔진 부품,센터필러ASSY(좌측),교환,CAN-001304
union_standard_time,1178303,승용-대형,기능정비,엔진 부품,"센터 필러(외측,좌)",교환,CAN-001309
union_standard_time,1178405,승용-대형,기능정비,엔진 부품,센터필러ASSY(우측),교환,CAN-001303
union_standard_time,1178407,승용-대형,기능정비,엔진 부품,"센터 필러(외측,우)",교환,CAN-001307
union_standard_time,1188301,승용-대형,판금/도장정비,판금(탈부착),사이드스텝패널ASSY(좌측),교환,CAN-001193
union_standard_time,1188302,승용-대형,판금/도장정비,판금(탈부착),"사이드스텝패널(외측,좌)",교환,CAN-001200
union_standard_time,1188405,승용-대형,판금/도장정비,판금(탈부착),사이드스텝패널ASSY(우측),교환,CAN-001192
union_standard_time,1188406,승용-대형,판금/도장정비,판금(탈부착),"사이드스텝패널(외측,우)",교환,CAN-001198
union_standard_time,1198311,승용-대형,판금/도장정비,판금(탈부착),사이드스텝몰딩(좌측),탈착,CAN-001185
union_standard_time,1198311,승용-대형,판금/도장정비,판금(탈부착),사이드스텝몰딩(좌측),교환,CAN-001184
union_standard_time,1198412,승용-대형,판금/도장정비,판금(탈부착),사이드스텝몰딩(우측),탈착,CAN-001183
union_standard_time,1198412,승용-대형,판금/도장정비,판금(탈부착),사이드스텝몰딩(우측),교환,CAN-001182
union_standard_time,1208303,승용-대형,기능정비,엔진 부품,"사이드 프레임ASSY(외측,좌)",교환,CAN-001238
union_standard_time,1208305,승용-대형,기능정비,엔진 부품,"사이드 프레임ASSY(일체,좌)",교환,CAN-001240
union_standard_time,1208307,승용-대형,기능정비,엔진 부품,"사이드 프레임(외측,좌) I",교환,CAN-001247
union_standard_time,1208309,승용-대형,기능정비,엔진 부품,"사이드 프레임(일체,좌) I",교환,CAN-001252
union_standard_time,1208311,승용-대형,기능정비,엔진 부품,"사이드 프레임(외측,좌) II",교환,CAN-001246
union_standard_time,1208313,승용-대형,기능정비,엔진 부품,"사이드 프레임(일체,좌) II",교환,CAN-001251
union_standard_time,1208404,승용-대형,기능정비,엔진 부품,"사이드 프레임ASSY(외측,우)",교환,CAN-001237
union_standard_time,1208406,승용-대형,기능정비,엔진 부품,"사이드 프레임ASSY(일체,우)",교환,CAN-001239
union_standard_time,1208408,승용-대형,기능정비,엔진 부품,"사이드 프레임(외측,우) I",교환,CAN-001245
union_standard_time,1208410,승용-대형,기능정비,엔진 부품,"사이드 프레임(일체,우) I",교환,CAN-001250
union_standard_time,1208412,승용-대형,기능정비,엔진 부품,"사이드 프레임(외측,우) II",교환,CAN-001244
union_standard_time,1208414,승용-대형,기능정비,엔진 부품,"사이드 프레임(일체,우) II",교환,CAN-001249
union_standard_time,1218001,승용-대형,판금/도장정비,판금(탈부착),루프패널,교환,CAN-000458
union_standard_time,1218002,승용-대형,판금/도장정비,판금(탈부착),루프 패널 ASSY,교환,CAN-000456
union_standard_time,1218007,승용-대형,판금/도장정비,판금(탈부착),루프패널(앞),교환,CAN-000466
union_standard_time,1218008,승용-대형,판금/도장정비,판금(탈부착),루프패널(뒤),교환,CAN-000461
union_standard_time,1218035,승용-대형,기능정비,엔진 부품,인사이드 미러(룸미러),탈착,CAN-002256
union_standard_time,1218035,승용-대형,기능정비,엔진 부품,인사이드 미러(룸미러),교환,CAN-002255
union_standard_time,1219009,승용-대형,판금/도장정비,판금(탈부착),루프 헤더 패널,교환,CAN-000473
union_standard_time,1219010,승용-대형,판금/도장정비,판금(탈부착),루프 리어 헤더패널,교환,CAN-000398
union_standard_time,1219012,승용-대형,판금/도장정비,판금(탈부착),루프 레인포스먼트 ASSY,교환,CAN-000397
union_standard_time,1219013,승용-대형,판금/도장정비,판금(탈부착),선루프 센터 레일,교환,CAN-001273
union_standard_time,1219016,승용-대형,판금/도장정비,판금(탈부착),루프 크로스 레일 NO.1,교환,CAN-000425
union_standard_time,1219017,승용-대형,판금/도장정비,판금(탈부착),루프 크로스 레일 NO.2,교환,CAN-000427
union_standard_time,1219018,승용-대형,판금/도장정비,판금(탈부착),루프 크로스 레일 NO.3,교환,CAN-000429
union_standard_time,1219019,승용-대형,판금/도장정비,판금(탈부착),루프 크로스 레일 NO.4,교환,CAN-000431
union_standard_time,1219020,승용-대형,판금/도장정비,판금(탈부착),루프 크로스 레일 NO.5,교환,CAN-000433
union_standard_time,1219027,승용-대형,판금/도장정비,판금(탈부착),루프톱실링,탈착,CAN-000437
union_standard_time,1219027,승용-대형,판금/도장정비,판금(탈부착),루프톱실링,교환,CAN-000436
union_standard_time,1219314,승용-대형,판금/도장정비,판금(탈부착),루프 사이드 레일(좌측),교환,CAN-000407
union_standard_time,1219323,승용-대형,판금/도장정비,판금(탈부착),루프사이드몰딩(좌측),탈착,CAN-000411
union_standard_time,1219323,승용-대형,판금/도장정비,판금(탈부착),루프사이드몰딩(좌측),교환,CAN-000410
union_standard_time,1219415,승용-대형,판금/도장정비,판금(탈부착),루프 사이드 레일(우측),교환,CAN-000406
union_standard_time,1219425,승용-대형,판금/도장정비,판금(탈부착),루프사이드몰딩(우측),탈착,CAN-000409
union_standard_time,1219425,승용-대형,판금/도장정비,판금(탈부착),루프사이드몰딩(우측),교환,CAN-000408
union_standard_time,1228031,승용-대형,기능정비,엔진 부품,사각 감지 컨트롤유닛,탈착,CAN-001131
union_standard_time,1228031,승용-대형,기능정비,엔진 부품,사각 감지 컨트롤유닛,교환,CAN-001130
union_standard_time,1228201,승용-대형,판금/도장정비,판금(탈부착),리어범퍼,탈착,CAN-000536
union_standard_time,1228201,승용-대형,판금/도장정비,판금(탈부착),리어범퍼,교환,CAN-000534
union_standard_time,1228201,승용-대형,판금/도장정비,판금(탈부착),리어범퍼,오버홀,CAN-000535
union_standard_time,1228202,승용-대형,판금/도장정비,판금(탈부착),리어 범퍼(ASSY공급시),탈착,CAN-000533
union_standard_time,1228202,승용-대형,판금/도장정비,판금(탈부착),리어 범퍼(ASSY공급시),교환,CAN-000532
union_standard_time,1228213,승용-대형,판금/도장정비,판금(탈부착),리어 범퍼 커버,탈착,CAN-000556
union_standard_time,1228213,승용-대형,판금/도장정비,판금(탈부착),리어 범퍼 커버,교환,CAN-000554
union_standard_time,1228213,승용-대형,판금/도장정비,판금(탈부착),리어 범퍼 커버,오버홀,CAN-000555
union_standard_time,1228217,승용-대형,판금/도장정비,판금(탈부착),리어 범퍼 레일,탈착,CAN-000538
union_standard_time,1228217,승용-대형,판금/도장정비,판금(탈부착),리어 범퍼 레일,교환,CAN-000537
union_standard_time,1228218,승용-대형,판금/도장정비,판금(탈부착),리어보조범퍼,탈착,CAN-000560
union_standard_time,1228218,승용-대형,판금/도장정비,판금(탈부착),리어보조범퍼,교환,CAN-000559
union_standard_time,1229114,승용-대형,기능정비,전기 및 램프,전방 감지센서,탈착,CAN-002368
union_standard_time,1229114,승용-대형,기능정비,전기 및 램프,전방 감지센서,교환,CAN-002367
union_standard_time,1229115,승용-대형,기능정비,전기 및 램프,전방 감지센서(SPAS),탈착,CAN-002366
union_standard_time,1229115,승용-대형,기능정비,전기 및 램프,전방 감지센서(SPAS),교환,CAN-002365
union_standard_time,1229129,승용-대형,기능정비,전기 및 램프,전방 사각 감지센서(1대분),탈착,CAN-002372
union_standard_time,1229129,승용-대형,기능정비,전기 및 램프,전방 사각 감지센서(1대분),교환,CAN-002371
union_standard_time,1229216,승용-대형,기능정비,전기 및 램프,후방감지센서,탈착,CAN-003371
union_standard_time,1229216,승용-대형,기능정비,전기 및 램프,후방감지센서,교환,CAN-003370
union_standard_time,1229219,승용-대형,판금/도장정비,판금(탈부착),리어 범퍼립,탈착,CAN-000544
union_standard_time,1229219,승용-대형,판금/도장정비,판금(탈부착),리어 범퍼립,교환,CAN-000543
union_standard_time,1229222,승용-대형,판금/도장정비,판금(탈부착),리어범퍼 언더커버,탈착,CAN-000551
union_standard_time,1229222,승용-대형,판금/도장정비,판금(탈부착),리어범퍼 언더커버,교환,CAN-000550
union_standard_time,1229230,승용-대형,기능정비,전기 및 램프,후방 사각 감지센서(1대분),탈착,CAN-003373
union_standard_time,1229230,승용-대형,기능정비,전기 및 램프,후방 사각 감지센서(1대분),교환,CAN-003372
union_standard_time,1229237,승용-대형,기능정비,전기 및 램프,후방 감지 센서(SPAS),탈착,CAN-003369
union_standard_time,1229237,승용-대형,기능정비,전기 및 램프,후방 감지 센서(SPAS),교환,CAN-003368
union_standard_time,1229320,승용-대형,판금/도장정비,판금(탈부착),리어범퍼 사이드브라켓(좌측),탈착,CAN-000548
union_standard_time,1229320,승용-대형,판금/도장정비,판금(탈부착),리어범퍼 사이드브라켓(좌측),교환,CAN-000547
union_standard_time,1229421,승용-대형,판금/도장정비,판금(탈부착),리어범퍼 사이드브라켓(우측),탈착,CAN-000546
union_standard_time,1229421,승용-대형,판금/도장정비,판금(탈부착),리어범퍼 사이드브라켓(우측),교환,CAN-000545
union_standard_time,1238201,승용-대형,판금/도장정비,판금(탈부착),트렁크리드,탈착,CAN-002768
union_standard_time,1238201,승용-대형,판금/도장정비,판금(탈부착),트렁크리드,교환,CAN-002766
union_standard_time,1238201,승용-대형,판금/도장정비,판금(탈부착),트렁크리드,오버홀,CAN-002767
union_standard_time,1239204,승용-대형,판금/도장정비,판금(탈부착),트렁크리드 스프링(막대형),탈착,CAN-002794
union_standard_time,1239204,승용-대형,판금/도장정비,판금(탈부착),트렁크리드 스프링(막대형),교환,CAN-002793
union_standard_time,1239207,승용-대형,판금/도장정비,판금(탈부착),트렁크리드 마그네트,탈착,CAN-002776
union_standard_time,1239207,승용-대형,판금/도장정비,판금(탈부착),트렁크리드 마그네트,교환,CAN-002775
union_standard_time,1239210,승용-대형,판금/도장정비,판금(탈부착),트렁크리드 록크,탈착,CAN-002774
union_standard_time,1239210,승용-대형,판금/도장정비,판금(탈부착),트렁크리드 록크,교환,CAN-002773
union_standard_time,1239213,승용-대형,판금/도장정비,판금(탈부착),트렁크리드 케이블,탈착,CAN-002804
union_standard_time,1239213,승용-대형,판금/도장정비,판금(탈부착),트렁크리드 케이블,교환,CAN-002803
union_standard_time,1239218,승용-대형,판금/도장정비,판금(탈부착),트렁크리드 백피니셔,탈착,CAN-002778
union_standard_time,1239218,승용-대형,판금/도장정비,판금(탈부착),트렁크리드 백피니셔,교환,CAN-002777
union_standard_time,1239219,승용-대형,판금/도장정비,판금(탈부착),트렁크리드램프형백피니셔,탈착,CAN-002772
union_standard_time,1239219,승용-대형,판금/도장정비,판금(탈부착),트렁크리드램프형백피니셔,교환,CAN-002771
union_standard_time,1239305,승용-대형,판금/도장정비,판금(탈부착),트렁크리드스프링(좌측),탈착,CAN-002800
union_standard_time,1239305,승용-대형,판금/도장정비,판금(탈부착),트렁크리드스프링(좌측),교환,CAN-002799
union_standard_time,1239308,승용-대형,판금/도장정비,판금(탈부착),트렁크리드 쇼버(좌측),탈착,CAN-002786
union_standard_time,1239308,승용-대형,판금/도장정비,판금(탈부착),트렁크리드 쇼버(좌측),교환,CAN-002785
union_standard_time,1239314,승용-대형,판금/도장정비,판금(탈부착),트렁크리드 힌지(좌측),탈착,CAN-002812
union_standard_time,1239314,승용-대형,판금/도장정비,판금(탈부착),트렁크리드 힌지(좌측),교환,CAN-002811
union_standard_time,1239406,승용-대형,판금/도장정비,판금(탈부착),트렁크리드스프링(우측),탈착,CAN-002796
union_standard_time,1239406,승용-대형,판금/도장정비,판금(탈부착),트렁크리드스프링(우측),교환,CAN-002795
union_standard_time,1239409,승용-대형,판금/도장정비,판금(탈부착),트렁크리드 쇼버(우측),탈착,CAN-002784
union_standard_time,1239409,승용-대형,판금/도장정비,판금(탈부착),트렁크리드 쇼버(우측),교환,CAN-002783
union_standard_time,1239415,승용-대형,판금/도장정비,판금(탈부착),트렁크리드 힌지(우측),탈착,CAN-002810
union_standard_time,1239415,승용-대형,판금/도장정비,판금(탈부착),트렁크리드 힌지(우측),교환,CAN-002809
union_standard_time,1248202,승용-대형,판금/도장정비,판금(탈부착),백도어(와이퍼 부착형),탈착,CAN-000983
union_standard_time,1248202,승용-대형,판금/도장정비,판금(탈부착),백도어(와이퍼 부착형),교환,CAN-000981
union_standard_time,1248202,승용-대형,판금/도장정비,판금(탈부착),백도어(와이퍼 부착형),오버홀,CAN-000982
union_standard_time,1249019,승용-대형,판금/도장정비,판금(탈부착),트렁크리드 가니쉬,탈착,CAN-002770
union_standard_time,1249019,승용-대형,판금/도장정비,판금(탈부착),트렁크리드 가니쉬,교환,CAN-002769
union_standard_time,1249210,승용-대형,판금/도장정비,판금(탈부착),백도어 록크,탈착,CAN-000964
union_standard_time,1249210,승용-대형,판금/도장정비,판금(탈부착),백도어 록크,교환,CAN-000963
union_standard_time,1249211,승용-대형,판금/도장정비,판금(탈부착),백도어 록크(파워게이트),탈착,CAN-000966
union_standard_time,1249211,승용-대형,판금/도장정비,판금(탈부착),백도어 록크(파워게이트),교환,CAN-000965
union_standard_time,1249306,승용-대형,판금/도장정비,판금(탈부착),백도어 쇼버(좌측),탈착,CAN-000975
union_standard_time,1249306,승용-대형,판금/도장정비,판금(탈부착),백도어 쇼버(좌측),교환,CAN-000974
union_standard_time,1249307,승용-대형,판금/도장정비,판금(탈부착),"백도어 쇼버(좌,파워게이트)",탈착,CAN-000977
union_standard_time,1249307,승용-대형,판금/도장정비,판금(탈부착),"백도어 쇼버(좌,파워게이트)",교환,CAN-000976
union_standard_time,1249313,승용-대형,판금/도장정비,판금(탈부착),백도어 힌지(좌측),탈착,CAN-001007
union_standard_time,1249313,승용-대형,판금/도장정비,판금(탈부착),백도어 힌지(좌측),교환,CAN-001006
union_standard_time,1249408,승용-대형,판금/도장정비,판금(탈부착),백도어 쇼버(우측),탈착,CAN-000971
union_standard_time,1249408,승용-대형,판금/도장정비,판금(탈부착),백도어 쇼버(우측),교환,CAN-000970
union_standard_time,1249409,승용-대형,판금/도장정비,판금(탈부착),"백도어 쇼버(우,파워게이트)",탈착,CAN-000973
union_standard_time,1249409,승용-대형,판금/도장정비,판금(탈부착),"백도어 쇼버(우,파워게이트)",교환,CAN-000972
union_standard_time,1249416,승용-대형,판금/도장정비,판금(탈부착),백도어 힌지(우측),탈착,CAN-001001
union_standard_time,1249416,승용-대형,판금/도장정비,판금(탈부착),백도어 힌지(우측),교환,CAN-001000
union_standard_time,1258004,승용-대형,기능정비,전기 및 램프,크루즈컨트롤 모듈 정렬,조정,CAN-002621
union_standard_time,1258022,승용-대형,기능정비,전기 및 램프,스마트크루즈 컨트롤 모듈,탈착,CAN-001355
union_standard_time,1258022,승용-대형,기능정비,전기 및 램프,스마트크루즈 컨트롤 모듈,교환,CAN-001354
union_standard_time,1258202,승용-대형,기능정비,전기 및 램프,후방카메라,탈착,CAN-003375
union_standard_time,1258202,승용-대형,기능정비,전기 및 램프,후방카메라,교환,CAN-003374
union_standard_time,1258205,승용-대형,판금/도장정비,판금(탈부착),백도어 가니쉬,탈착,CAN-000962
union_standard_time,1258205,승용-대형,판금/도장정비,판금(탈부착),백도어 가니쉬,교환,CAN-000961
union_standard_time,1258206,승용-대형,판금/도장정비,판금(탈부착),백패널(리어패널),교환,CAN-001012
union_standard_time,1258213,승용-대형,기능정비,엔진 부품,백피니셔,탈착,CAN-001021
union_standard_time,1258213,승용-대형,기능정비,엔진 부품,백피니셔,교환,CAN-001020
union_standard_time,1259214,승용-대형,기능정비,엔진 부품,스포일러,탈착,CAN-001424
union_standard_time,1259214,승용-대형,기능정비,엔진 부품,스포일러,교환,CAN-001423
union_standard_time,1259215,승용-대형,기능정비,전기 및 램프,하이마운팅 스톱램프,탈착,CAN-003246
union_standard_time,1259215,승용-대형,기능정비,전기 및 램프,하이마운팅 스톱램프,교환,CAN-003245
union_standard_time,1268301,승용-대형,기능정비,전기 및 램프,리어 컴비네이션램프(좌측),탈착,CAN-000720
union_standard_time,1268301,승용-대형,기능정비,전기 및 램프,리어 컴비네이션램프(좌측),교환,CAN-000719
union_standard_time,1268306,승용-대형,판금/도장정비,판금(탈부착),트렁크리드 부착형 컴비램프(좌측),탈착,CAN-002782
union_standard_time,1268306,승용-대형,판금/도장정비,판금(탈부착),트렁크리드 부착형 컴비램프(좌측),교환,CAN-002781
union_standard_time,1268309,승용-대형,판금/도장정비,판금(탈부착),"컴비램프(백도어 부착,좌)",탈착,CAN-002535
union_standard_time,1268309,승용-대형,판금/도장정비,판금(탈부착),"컴비램프(백도어 부착,좌)",교환,CAN-002534
union_standard_time,1268312,승용-대형,판금/도장정비,판금(탈부착),컴비네이션패널(좌측),탈착,CAN-002523
union_standard_time,1268312,승용-대형,판금/도장정비,판금(탈부착),컴비네이션패널(좌측),교환,CAN-002522
union_standard_time,1268402,승용-대형,기능정비,전기 및 램프,리어 컴비네이션램프(우측),탈착,CAN-000718
union_standard_time,1268402,승용-대형,기능정비,전기 및 램프,리어 컴비네이션램프(우측),교환,CAN-000717
union_standard_time,1268407,승용-대형,판금/도장정비,판금(탈부착),트렁크리드 부착형 컴비램프(우측),탈착,CAN-002780
union_standard_time,1268407,승용-대형,판금/도장정비,판금(탈부착),트렁크리드 부착형 컴비램프(우측),교환,CAN-002779
union_standard_time,1268410,승용-대형,판금/도장정비,판금(탈부착),"컴비램프(백도어 부착,우)",탈착,CAN-002533
union_standard_time,1268410,승용-대형,판금/도장정비,판금(탈부착),"컴비램프(백도어 부착,우)",교환,CAN-002532
union_standard_time,1268413,승용-대형,판금/도장정비,판금(탈부착),컴비네이션패널(우측),탈착,CAN-002521
union_standard_time,1268413,승용-대형,판금/도장정비,판금(탈부착),컴비네이션패널(우측),교환,CAN-002520
union_standard_time,1269303,승용-대형,기능정비,엔진 부품,컴비네이션 피니셔(좌측),탈착,CAN-002527
union_standard_time,1269303,승용-대형,기능정비,엔진 부품,컴비네이션 피니셔(좌측),교환,CAN-002526
union_standard_time,1269404,승용-대형,기능정비,엔진 부품,컴비네이션 피니셔(우측),탈착,CAN-002525
union_standard_time,1269404,승용-대형,기능정비,엔진 부품,컴비네이션 피니셔(우측),교환,CAN-002524
union_standard_time,1288301,승용-대형,기능정비,엔진 부품,리어 휀다(좌측),교환,CAN-000787
union_standard_time,1288302,승용-대형,기능정비,엔진 부품,리어 휀다(좌측)(연료주입구측),교환,CAN-000788
union_standard_time,1288309,승용-대형,소모품 및 하체정비,브레이크/타이어,리어휀다 및 리어휠하우스(좌측),교환,CAN-000778
union_standard_time,1288411,승용-대형,기능정비,엔진 부품,리어 휀다(우측),교환,CAN-000785
union_standard_time,1288419,승용-대형,소모품 및 하체정비,브레이크/타이어,리어휀다 및 리어휠하우스(우측),교환,CAN-000777
union_standard_time,1289321,승용-대형,판금/도장정비,판금(탈부착),"리어휀다패널(내측,좌)",교환,CAN-000796
union_standard_time,1289422,승용-대형,판금/도장정비,판금(탈부착),"리어휀다패널(내측,우)",교환,CAN-000794
union_standard_time,1309303,승용-대형,판금/도장정비,판금(탈부착),리어 휀다 삼각몰딩(좌측),탈착,CAN-000782
union_standard_time,1309303,승용-대형,판금/도장정비,판금(탈부착),리어 휀다 삼각몰딩(좌측),교환,CAN-000781
union_standard_time,1309404,승용-대형,판금/도장정비,판금(탈부착),리어 휀다 삼각몰딩(우측),탈착,CAN-000780
union_standard_time,1309404,승용-대형,판금/도장정비,판금(탈부착),리어 휀다 삼각몰딩(우측),교환,CAN-000779
union_standard_time,1328301,승용-대형,소모품 및 하체정비,브레이크/타이어,리어 휠하우스 ASSY(좌측),교환,CAN-000807
union_standard_time,1328303,승용-대형,소모품 및 하체정비,브레이크/타이어,"리어 휠하우스(외측,좌)",교환,CAN-000811
union_standard_time,1328305,승용-대형,소모품 및 하체정비,브레이크/타이어,"리어 휠하우스(내측,좌)",교환,CAN-000809
union_standard_time,1328402,승용-대형,소모품 및 하체정비,브레이크/타이어,리어 휠하우스 ASSY(우측),교환,CAN-000806
union_standard_time,1328404,승용-대형,소모품 및 하체정비,브레이크/타이어,"리어 휠하우스(외측,우)",교환,CAN-000810
union_standard_time,1328406,승용-대형,소모품 및 하체정비,브레이크/타이어,"리어 휠하우스(내측,우)",교환,CAN-000808
union_standard_time,1368301,승용-대형,판금/도장정비,판금(탈부착),리어필러패널(좌측),교환,CAN-000766
union_standard_time,1368405,승용-대형,판금/도장정비,판금(탈부착),리어필러패널(우측),교환,CAN-000765
union_standard_time,1388001,승용-대형,판금/도장정비,판금(탈부착),팩키지 트레이 패널(용접식),교환,CAN-002903
union_standard_time,1388005,승용-대형,기능정비,엔진 부품,팩키지 트레이 트림,탈착,CAN-002902
union_standard_time,1388005,승용-대형,기능정비,엔진 부품,팩키지 트레이 트림,교환,CAN-002901
union_standard_time,1388006,승용-대형,판금/도장정비,판금(탈부착),파티션패널(실내칸막이),탈착,CAN-002876
union_standard_time,1388006,승용-대형,판금/도장정비,판금(탈부착),파티션패널(실내칸막이),교환,CAN-002875
union_standard_time,1388007,승용-대형,판금/도장정비,판금(탈부착),리어시트 백 서포트패널,교환,CAN-000642
union_standard_time,1388011,승용-대형,기능정비,엔진 부품,전동식 리어커튼,탈착,CAN-002334
union_standard_time,1388011,승용-대형,기능정비,엔진 부품,전동식 리어커튼,교환,CAN-002333
union_standard_time,1388214,승용-대형,기능정비,엔진 부품,리어 커튼(전동식),탈착,CAN-000714
union_standard_time,1388214,승용-대형,기능정비,엔진 부품,리어 커튼(전동식),교환,CAN-000713
union_standard_time,1388302,승용-대형,판금/도장정비,판금(탈부착),파셀셀프 사이드패널(좌측),교환,CAN-002828
union_standard_time,1388403,승용-대형,판금/도장정비,판금(탈부착),파셀셀프 사이드패널(우측),교환,CAN-002827
union_standard_time,1408006,승용-대형,기능정비,엔진 부품,실내바닥(앞),교환,CAN-001539
union_standard_time,1408301,승용-대형,소모품 및 하체정비,하체 부품,리어 사이드멤버 ASSY(좌측),교환,CAN-000562
union_standard_time,1408302,승용-대형,소모품 및 하체정비,하체 부품,"리어 사이드 멤버(앞부분,좌)",교환,CAN-000568
union_standard_time,1408403,승용-대형,소모품 및 하체정비,하체 부품,리어 사이드멤버 ASSY(우측),교환,CAN-000561
union_standard_time,1408404,승용-대형,소모품 및 하체정비,하체 부품,"리어 사이드 멤버(앞부분,우)",교환,CAN-000567
union_standard_time,1428013,승용-대형,기능정비,엔진 부품,실내바닥(뒤),교환,CAN-001538
union_standard_time,1428015,승용-대형,판금/도장정비,판금(탈부착),트렁크바닥패널,교환,CAN-002815
union_standard_time,1428226,승용-대형,판금/도장정비,판금(탈부착),트렁크바닥 및 실내바닥(뒤),교환,CAN-002813
union_standard_time,1428333,승용-대형,판금/도장정비,판금(탈부착),플로어 사이드패널(좌측),교환,CAN-003224
union_standard_time,1428434,승용-대형,판금/도장정비,판금(탈부착),플로어 사이드패널(우측),교환,CAN-003223
union_standard_time,1438026,승용-대형,소모품 및 하체정비,하체 부품,바디 컨스트럭션 댐퍼 컴플리트,탈착,CAN-000874
union_standard_time,1438026,승용-대형,소모품 및 하체정비,하체 부품,바디 컨스트럭션 댐퍼 컴플리트,교환,CAN-000873
union_standard_time,1438029,승용-대형,소모품 및 하체정비,하체 부품,리어시트 크로스멤버,교환,CAN-000670
union_standard_time,1438030,승용-대형,소모품 및 하체정비,하체 부품,플로어 센타크로스멤버,교환,CAN-003225
union_standard_time,1438214,승용-대형,소모품 및 하체정비,하체 부품,리어 크로스멤버,교환,CAN-000738
union_standard_time,1438225,승용-대형,판금/도장정비,판금(탈부착),리어 시트 백 서포트 패널,탈착,CAN-000643
union_standard_time,1438225,승용-대형,판금/도장정비,판금(탈부착),리어 시트 백 서포트 패널,교환,CAN-000642
union_standard_time,1438327,승용-대형,기능정비,엔진 부품,리어 사이드 플로워(좌측),교환,CAN-000581
union_standard_time,1438332,승용-대형,판금/도장정비,판금(탈부착),리어 사이드 파셜 셀프 패널(좌측),교환,CAN-000577
union_standard_time,1438334,승용-대형,판금/도장정비,판금(탈부착),트렁크플로워 사이드 패널(좌측),교환,CAN-002817
union_standard_time,1438428,승용-대형,기능정비,엔진 부품,리어 사이드 플로워(우측),교환,CAN-000580
union_standard_time,1438433,승용-대형,판금/도장정비,판금(탈부착),리어 사이드 파셜 셀프 패널(우측),교환,CAN-000576
union_standard_time,1438435,승용-대형,판금/도장정비,판금(탈부착),트렁크플로워 사이드 패널(우측),교환,CAN-002816
union_standard_time,1469329,승용-대형,판금/도장정비,판금(탈부착),사이드 바디 몰딩(좌측),탈착,CAN-001162
union_standard_time,1469329,승용-대형,판금/도장정비,판금(탈부착),사이드 바디 몰딩(좌측),교환,CAN-001161
union_standard_time,1469430,승용-대형,판금/도장정비,판금(탈부착),사이드 바디 몰딩(우측),탈착,CAN-001160
union_standard_time,1469430,승용-대형,판금/도장정비,판금(탈부착),사이드 바디 몰딩(우측),교환,CAN-001159
union_standard_time,3478001,승용-대형,소모품 및 하체정비,브레이크/타이어,크러시패드,탈착,CAN-002613
union_standard_time,3478001,승용-대형,소모품 및 하체정비,브레이크/타이어,크러시패드,교환,CAN-002612
union_standard_time,3478005,승용-대형,소모품 및 하체정비,브레이크/타이어,크러쉬로워패드,탈착,CAN-002605
union_standard_time,3478005,승용-대형,소모품 및 하체정비,브레이크/타이어,크러쉬로워패드,교환,CAN-002604
union_standard_time,3478008,승용-대형,기능정비,엔진 부품,글로브박스,탈착,CAN-000131
union_standard_time,3478008,승용-대형,기능정비,엔진 부품,글로브박스,교환,CAN-000130
union_standard_time,3478009,승용-대형,기능정비,엔진 부품,콘솔박스,탈착,CAN-002570
union_standard_time,3478009,승용-대형,기능정비,엔진 부품,콘솔박스,교환,CAN-002569
union_standard_time,3478012,승용-대형,기능정비,엔진 부품,콘솔박스(모니터부착형),탈착,CAN-002574
union_standard_time,3478012,승용-대형,기능정비,엔진 부품,콘솔박스(모니터부착형),교환,CAN-002573
union_standard_time,3478020,승용-대형,기능정비,에어컨,히터모터(분리식),탈착,CAN-003442
union_standard_time,3478020,승용-대형,기능정비,에어컨,히터모터(분리식),교환,CAN-003441
union_standard_time,3478023,승용-대형,기능정비,에어컨,히터 유니트 및 에어컨 에버포레,탈착,CAN-003454
union_standard_time,3478023,승용-대형,기능정비,에어컨,히터 유니트 및 에어컨 에버포레,교환,CAN-003453
union_standard_time,3478028,승용-대형,기능정비,에어컨,히터및에버포레이터,탈착,CAN-003444
union_standard_time,3478028,승용-대형,기능정비,에어컨,히터및에버포레이터,교환,CAN-003443
union_standard_time,3478032,승용-대형,기능정비,엔진 부품,블로어모터,탈착,CAN-001124
union_standard_time,3478032,승용-대형,기능정비,엔진 부품,블로어모터,교환,CAN-001123
union_standard_time,3478402,승용-대형,기능정비,엔진 부품,프론트시트(우측),탈착,CAN-003090
union_standard_time,3478402,승용-대형,기능정비,엔진 부품,프론트시트(우측),교환,CAN-003089
union_standard_time,3479013,승용-대형,기능정비,엔진 부품,종합계기판,탈착,CAN-002390
union_standard_time,3479013,승용-대형,기능정비,엔진 부품,종합계기판,교환,CAN-002389
union_standard_time,3479014,승용-대형,기능정비,엔진 부품,종합계기판,탈착,CAN-002390
union_standard_time,3479014,승용-대형,기능정비,엔진 부품,종합계기판,교환,CAN-002389
union_standard_time,3479016,승용-대형,기능정비,엔진 부품,AV(네비게이션)시스템,탈착,CAN-000020
union_standard_time,3479016,승용-대형,기능정비,엔진 부품,AV(네비게이션)시스템,교환,CAN-000019
union_standard_time,3479019,승용-대형,기능정비,에어컨,히터UNIT,탈착,CAN-003440
union_standard_time,3479019,승용-대형,기능정비,에어컨,히터UNIT,교환,CAN-003439
union_standard_time,3488008,승용-대형,기능정비,엔진 부품,리어시트,탈착,CAN-000641
union_standard_time,3488008,승용-대형,기능정비,엔진 부품,리어시트,교환,CAN-000640
union_standard_time,3488011,승용-대형,기능정비,엔진 부품,리어시트(전동),탈착,CAN-000667
union_standard_time,3488011,승용-대형,기능정비,엔진 부품,리어시트(전동),교환,CAN-000666
union_standard_time,3488301,승용-대형,기능정비,엔진 부품,프론트시트(좌측),탈착,CAN-003100
union_standard_time,3488301,승용-대형,기능정비,엔진 부품,프론트시트(좌측),교환,CAN-003099
union_standard_time,3488303,승용-대형,기능정비,엔진 부품,"프론트 시트(좌,전동식)",탈착,CAN-003096
union_standard_time,3488303,승용-대형,기능정비,엔진 부품,"프론트 시트(좌,전동식)",교환,CAN-003095
union_standard_time,3488304,승용-대형,기능정비,전기 및 램프,"프론트 시트(좌,사이드에어백)",탈착,CAN-003092
union_standard_time,3488304,승용-대형,기능정비,전기 및 램프,"프론트 시트(좌,사이드에어백)",교환,CAN-003091
union_standard_time,3488405,승용-대형,기능정비,엔진 부품,"프론트 시트(우,전동식)",탈착,CAN-003086
union_standard_time,3488405,승용-대형,기능정비,엔진 부품,"프론트 시트(우,전동식)",교환,CAN-003085
union_standard_time,3488406,승용-대형,기능정비,전기 및 램프,"프론트 시트(우,사이드에어백)",탈착,CAN-003082
union_standard_time,3488406,승용-대형,기능정비,전기 및 램프,"프론트 시트(우,사이드에어백)",교환,CAN-003081
union_standard_time,3499008,승용-대형,기능정비,엔진 부품,"안전벨트(뒤,중앙)",탈착,CAN-001659
union_standard_time,3499008,승용-대형,기능정비,엔진 부품,"안전벨트(뒤,중앙)",교환,CAN-001658
union_standard_time,3499017,승용-대형,기능정비,엔진 부품,안전밸트(2점식NO.1),탈착,CAN-001619
union_standard_time,3499017,승용-대형,기능정비,엔진 부품,안전밸트(2점식NO.1),교환,CAN-001618
union_standard_time,3499501,승용-대형,기능정비,엔진 부품,"안전벨트(앞,좌)",탈착,CAN-001665
union_standard_time,3499501,승용-대형,기능정비,엔진 부품,"안전벨트(앞,좌)",교환,CAN-001664
union_standard_time,3499502,승용-대형,기능정비,엔진 부품,"안전벨트(앞,좌,프리텐셔너)",탈착,CAN-001667
union_standard_time,3499502,승용-대형,기능정비,엔진 부품,"안전벨트(앞,좌,프리텐셔너)",교환,CAN-001666
union_standard_time,3499604,승용-대형,기능정비,엔진 부품,"안전벨트(앞,우)",탈착,CAN-001661
union_standard_time,3499604,승용-대형,기능정비,엔진 부품,"안전벨트(앞,우)",교환,CAN-001660
union_standard_time,3499605,승용-대형,기능정비,엔진 부품,"안전벨트(앞,우,프리텐셔너)",탈착,CAN-001663
union_standard_time,3499605,승용-대형,기능정비,엔진 부품,"안전벨트(앞,우,프리텐셔너)",교환,CAN-001662
union_standard_time,3499706,승용-대형,기능정비,엔진 부품,"안전벨트(뒤,좌)",탈착,CAN-001657
union_standard_time,3499706,승용-대형,기능정비,엔진 부품,"안전벨트(뒤,좌)",교환,CAN-001656
union_standard_time,3499807,승용-대형,기능정비,엔진 부품,"안전벨트(뒤,우)",탈착,CAN-001655
union_standard_time,3499807,승용-대형,기능정비,엔진 부품,"안전벨트(뒤,우)",교환,CAN-001654
union_standard_time,3508001,승용-대형,기능정비,엔진 부품,키셋트,탈착,CAN-002641
union_standard_time,3508001,승용-대형,기능정비,엔진 부품,키셋트,교환,CAN-002640
union_standard_time,3508003,승용-대형,기능정비,전기 및 램프,앞배선,탈착,CAN-001694
union_standard_time,3508003,승용-대형,기능정비,전기 및 램프,앞배선,교환,CAN-001693
union_standard_time,3508004,승용-대형,기능정비,전기 및 램프,크러쉬패드 배선,탈착,CAN-002611
union_standard_time,3508004,승용-대형,기능정비,전기 및 램프,크러쉬패드 배선,교환,CAN-002610
union_standard_time,3508006,승용-대형,기능정비,전기 및 램프,엔진룸배선,탈착,CAN-001923
union_standard_time,3508006,승용-대형,기능정비,전기 및 램프,엔진룸배선,교환,CAN-001922
union_standard_time,3508007,승용-대형,기능정비,전기 및 램프,엔진룸 휴즈박스 배선,탈착,CAN-001948
union_standard_time,3508007,승용-대형,기능정비,전기 및 램프,엔진룸 휴즈박스 배선,교환,CAN-001947
union_standard_time,3508008,승용-대형,기능정비,전기 및 램프,엔진 컨트롤 배선,탈착,CAN-002006
union_standard_time,3508008,승용-대형,기능정비,전기 및 램프,엔진 컨트롤 배선,교환,CAN-002005
union_standard_time,3508010,승용-대형,기능정비,전기 및 램프,엔진룸 휴즈박스 배선,탈착,CAN-001948
union_standard_time,3508010,승용-대형,기능정비,전기 및 램프,엔진룸 휴즈박스 배선,교환,CAN-001947
union_standard_time,3508011,승용-대형,기능정비,전기 및 램프,뒷배선,탈착,CAN-000252
union_standard_time,3508011,승용-대형,기능정비,전기 및 램프,뒷배선,교환,CAN-000251
union_standard_time,3508015,승용-대형,기능정비,전기 및 램프,전체배선,탈착,CAN-002382
union_standard_time,3508015,승용-대형,기능정비,전기 및 램프,전체배선,교환,CAN-002381
union_standard_time,3508017,승용-대형,기능정비,전기 및 램프,레인센서,탈착,CAN-000375
union_standard_time,3508017,승용-대형,기능정비,전기 및 램프,레인센서,교환,CAN-000374
union_standard_time,3508020,승용-대형,기능정비,엔진 부품,와이퍼 모터 및 링케이지,탈착,CAN-002192
union_standard_time,3508020,승용-대형,기능정비,엔진 부품,와이퍼 모터 및 링케이지,교환,CAN-002191
union_standard_time,3508023,승용-대형,기능정비,엔진 부품,캐니스터,탈착,CAN-002471
union_standard_time,3508023,승용-대형,기능정비,엔진 부품,캐니스터,교환,CAN-002470
union_standard_time,3508024,승용-대형,소모품 및 하체정비,소모품,밧데리,탈착,CAN-000878
union_standard_time,3508024,승용-대형,소모품 및 하체정비,소모품,밧데리,교환,CAN-000877
union_standard_time,3508027,승용-대형,기능정비,전기 및 램프,배터리 프로텍션 퓨즈(BDU),탈착,CAN-000957
union_standard_time,3508027,승용-대형,기능정비,전기 및 램프,배터리 프로텍션 퓨즈(BDU),교환,CAN-000956
union_standard_time,3508030,승용-대형,기능정비,전기 및 램프,고전압 배터리모듈,탈착,CAN-000116
union_standard_time,3508030,승용-대형,기능정비,전기 및 램프,고전압 배터리모듈,교환,CAN-000115
union_standard_time,3508031,승용-대형,기능정비,에어컨,배터리 쿨링 블로워 유닛,탈착,CAN-000953
union_standard_time,3508031,승용-대형,기능정비,에어컨,배터리 쿨링 블로워 유닛,교환,CAN-000952
union_standard_time,3509019,승용-대형,기능정비,전기 및 램프,컴비네이션스위치,탈착,CAN-002519
union_standard_time,3509019,승용-대형,기능정비,전기 및 램프,컴비네이션스위치,교환,CAN-002518
union_standard_time,3509021,승용-대형,기능정비,엔진 부품,와이퍼 모터,탈착,CAN-002190
union_standard_time,3509021,승용-대형,기능정비,엔진 부품,와이퍼 모터,교환,CAN-002189
union_standard_time,3509022,승용-대형,기능정비,엔진 부품,와이퍼 링케이지,탈착,CAN-002188
union_standard_time,3509022,승용-대형,기능정비,엔진 부품,와이퍼 링케이지,교환,CAN-002187
union_standard_time,3518001,승용-대형,기능정비,에어컨,에어컨콘덴샤,탈착,CAN-001829
union_standard_time,3518001,승용-대형,기능정비,에어컨,에어컨콘덴샤,교환,CAN-001828
union_standard_time,3518013,승용-대형,기능정비,에어컨,에어컨 컴프레샤,탈착,CAN-001825
union_standard_time,3518013,승용-대형,기능정비,에어컨,에어컨 컴프레샤,교환,CAN-001824
union_standard_time,3518016,승용-대형,기능정비,엔진 부품,라디에이터(M/T),탈착,CAN-000313
union_standard_time,3518016,승용-대형,기능정비,엔진 부품,라디에이터(M/T),교환,CAN-000312
union_standard_time,3518017,승용-대형,기능정비,엔진 부품,라디에이터(A/T),탈착,CAN-000311
union_standard_time,3518017,승용-대형,기능정비,엔진 부품,라디에이터(A/T),교환,CAN-000310
union_standard_time,3518025,승용-대형,소모품 및 하체정비,오일류,오일쿨러(미션),탈착,CAN-002164
union_standard_time,3518025,승용-대형,소모품 및 하체정비,오일류,오일쿨러(미션),교환,CAN-002163
union_standard_time,3518027,승용-대형,소모품 및 하체정비,오일류,오일쿨러(파워오일),탈착,CAN-002168
union_standard_time,3518027,승용-대형,소모품 및 하체정비,오일류,오일쿨러(파워오일),교환,CAN-002167
union_standard_time,3518029,승용-대형,기능정비,엔진 부품,라디에이터 리저브탱크,탈착,CAN-000336
union_standard_time,3518029,승용-대형,기능정비,엔진 부품,라디에이터 리저브탱크,교환,CAN-000335
union_standard_time,3518030,승용-대형,기능정비,전기 및 램프,와셔탱크(앞),탈착,CAN-002186
union_standard_time,3518030,승용-대형,기능정비,전기 및 램프,와셔탱크(앞),교환,CAN-002185
union_standard_time,3518031,승용-대형,기능정비,전기 및 램프,와셔탱크(뒤),탈착,CAN-002184
union_standard_time,3518031,승용-대형,기능정비,전기 및 램프,와셔탱크(뒤),교환,CAN-002183
union_standard_time,3518032,승용-대형,기능정비,엔진 부품,알터네이터,탈착,CAN-001675
union_standard_time,3518032,승용-대형,기능정비,엔진 부품,알터네이터,교환,CAN-001674
union_standard_time,3518033,승용-대형,기능정비,엔진 부품,스타팅모터,탈착,CAN-001360
union_standard_time,3518033,승용-대형,기능정비,엔진 부품,스타팅모터,교환,CAN-001359
union_standard_time,3518034,승용-대형,기능정비,엔진 부품,디스트리뷰터,탈착,CAN-000291
union_standard_time,3518034,승용-대형,기능정비,엔진 부품,디스트리뷰터,교환,CAN-000290
union_standard_time,3518035,승용-대형,기능정비,엔진 부품,인버터 라디에이터,탈착,CAN-002252
union_standard_time,3518035,승용-대형,기능정비,엔진 부품,인버터 라디에이터,교환,CAN-002251
union_standard_time,3518037,승용-대형,기능정비,에어컨,전동식 에어컨 콤프레샤,탈착,CAN-002336
union_standard_time,3518037,승용-대형,기능정비,에어컨,전동식 에어컨 콤프레샤,교환,CAN-002335
union_standard_time,3518038,승용-대형,기능정비,엔진 부품,하이브리드 스타터 제너레이터,탈착,CAN-003248
union_standard_time,3518038,승용-대형,기능정비,엔진 부품,하이브리드 스타터 제너레이터,교환,CAN-003247
union_standard_time,3519003,승용-대형,기능정비,에어컨,에어컨 파이프 NO.1,탈착,CAN-001833
union_standard_time,3519003,승용-대형,기능정비,에어컨,에어컨 파이프 NO.1,교환,CAN-001832
union_standard_time,3519004,승용-대형,기능정비,에어컨,에어컨 파이프 NO.2,탈착,CAN-001837
union_standard_time,3519004,승용-대형,기능정비,에어컨,에어컨 파이프 NO.2,교환,CAN-001836
union_standard_time,3519005,승용-대형,기능정비,에어컨,에어컨 파이프 NO.3,탈착,CAN-001841
union_standard_time,3519005,승용-대형,기능정비,에어컨,에어컨 파이프 NO.3,교환,CAN-001840
union_standard_time,3519006,승용-대형,기능정비,에어컨,에어컨 파이프 NO.4,탈착,CAN-001845
union_standard_time,3519006,승용-대형,기능정비,에어컨,에어컨 파이프 NO.4,교환,CAN-001844
union_standard_time,3519008,승용-대형,기능정비,에어컨,에어컨 개스,교환,CAN-001813
union_standard_time,3519010,승용-대형,기능정비,에어컨,에어컨 휀,탈착,CAN-001855
union_standard_time,3519010,승용-대형,기능정비,에어컨,에어컨 휀,교환,CAN-001854
union_standard_time,3519012,승용-대형,기능정비,엔진 부품,리시버 드라이탱크,탈착,CAN-000487
union_standard_time,3519012,승용-대형,기능정비,엔진 부품,리시버 드라이탱크,교환,CAN-000486
union_standard_time,3519018,승용-대형,기능정비,엔진 부품,라디에이터 휀,탈착,CAN-000355
union_standard_time,3519018,승용-대형,기능정비,엔진 부품,라디에이터 휀,교환,CAN-000354
union_standard_time,3519021,승용-대형,기능정비,엔진 부품,라디에이터핀(수리킷#1),교환,CAN-000349
union_standard_time,3519022,승용-대형,기능정비,엔진 부품,라디에이터핀(수리킷#2),교환,CAN-000350
union_standard_time,3519023,승용-대형,기능정비,엔진 부품,라디에이터핀(수리킷#3),교환,CAN-000351
union_standard_time,3519024,승용-대형,기능정비,엔진 부품,라디에이터핀(수리킷#4),교환,CAN-000352
union_standard_time,3519036,승용-대형,기능정비,엔진 부품,인버터 라디에이터 리져브탱크,탈착,CAN-002254
union_standard_time,3519036,승용-대형,기능정비,엔진 부품,인버터 라디에이터 리져브탱크,교환,CAN-002253
union_standard_time,3528001,승용-대형,기능정비,전기 및 램프,에어백모듈(운전석),탈착,CAN-001775
union_standard_time,3528001,승용-대형,기능정비,전기 및 램프,에어백모듈(운전석),교환,CAN-001774
union_standard_time,3528002,승용-대형,기능정비,전기 및 램프,에어백모듈(조수석),탈착,CAN-001777
union_standard_time,3528002,승용-대형,기능정비,전기 및 램프,에어백모듈(조수석),교환,CAN-001776
union_standard_time,3528011,승용-대형,기능정비,전기 및 램프,무릎에어백,탈착,CAN-000840
union_standard_time,3528011,승용-대형,기능정비,전기 및 램프,무릎에어백,교환,CAN-000839
union_standard_time,3528309,승용-대형,기능정비,전기 및 램프,커튼에어백(좌측),탈착,CAN-002513
union_standard_time,3528309,승용-대형,기능정비,전기 및 램프,커튼에어백(좌측),교환,CAN-002512
union_standard_time,3528410,승용-대형,기능정비,전기 및 램프,커튼에어백(우측),탈착,CAN-002511
union_standard_time,3528410,승용-대형,기능정비,전기 및 램프,커튼에어백(우측),교환,CAN-002510
union_standard_time,3528503,승용-대형,기능정비,전기 및 램프,"에어백모듈(사이드,앞좌)",탈착,CAN-001773
union_standard_time,3528503,승용-대형,기능정비,전기 및 램프,"에어백모듈(사이드,앞좌)",교환,CAN-001772
union_standard_time,3528604,승용-대형,기능정비,전기 및 램프,"에어백모듈(사이드,앞우)",탈착,CAN-001771
union_standard_time,3528604,승용-대형,기능정비,전기 및 램프,"에어백모듈(사이드,앞우)",교환,CAN-001770
union_standard_time,3538001,승용-대형,기능정비,엔진 부품,컴퓨터(엔진),탈착,CAN-002555
union_standard_time,3538001,승용-대형,기능정비,엔진 부품,컴퓨터(엔진),교환,CAN-002554
union_standard_time,3538002,승용-대형,기능정비,엔진 부품,컴퓨터(엔진)리프로그래밍,탈착,CAN-002558
union_standard_time,3538002,승용-대형,기능정비,엔진 부품,컴퓨터(엔진)리프로그래밍,교환,CAN-002556
union_standard_time,3538002,승용-대형,기능정비,엔진 부품,컴퓨터(엔진)리프로그래밍,조정,CAN-002557
union_standard_time,3538003,승용-대형,기능정비,엔진 부품,컴퓨터(자동밋션),탈착,CAN-002560
union_standard_time,3538003,승용-대형,기능정비,엔진 부품,컴퓨터(자동밋션),교환,CAN-002559
union_standard_time,3538004,승용-대형,기능정비,엔진 부품,엔진 미션 컴퓨터,탈착,CAN-001983
union_standard_time,3538004,승용-대형,기능정비,엔진 부품,엔진 미션 컴퓨터,교환,CAN-001982
union_standard_time,3538005,승용-대형,기능정비,전기 및 램프,컴퓨터(ABS),탈착,CAN-002549
union_standard_time,3538005,승용-대형,기능정비,전기 및 램프,컴퓨터(ABS),교환,CAN-002548
union_standard_time,3538006,승용-대형,기능정비,전기 및 램프,컴퓨터(에어백),탈착,CAN-002553
union_standard_time,3538006,승용-대형,기능정비,전기 및 램프,컴퓨터(에어백),교환,CAN-002552
union_standard_time,3538008,승용-대형,기능정비,전기 및 램프,BCM(차체컨트롤모듈),탈착,CAN-000026
union_standard_time,3538008,승용-대형,기능정비,전기 및 램프,BCM(차체컨트롤모듈),교환,CAN-000025
union_standard_time,3538011,승용-대형,판금/도장정비,판금(탈부착),선루프기구(전동식),탈착,CAN-001271
union_standard_time,3538011,승용-대형,판금/도장정비,판금(탈부착),선루프기구(전동식),교환,CAN-001270
union_standard_time,3538012,승용-대형,판금/도장정비,판금(탈부착),파노라마 선루프,탈착,CAN-002824
union_standard_time,3538012,승용-대형,판금/도장정비,판금(탈부착),파노라마 선루프,교환,CAN-002823
union_standard_time,3538013,승용-대형,기능정비,엔진 부품,파노라마 프론트 글래스,탈착,CAN-002826
union_standard_time,3538013,승용-대형,기능정비,엔진 부품,파노라마 프론트 글래스,교환,CAN-002825
union_standard_time,3538016,승용-대형,기능정비,전기 및 램프,배터리 매니지먼트 시스템 모듈,탈착,CAN-000949
union_standard_time,3538016,승용-대형,기능정비,전기 및 램프,배터리 매니지먼트 시스템 모듈,교환,CAN-000948
union_standard_time,3538017,승용-대형,소모품 및 하체정비,오일류,트랜스밋션 오일펌프 컨트롤유닛,탈착,CAN-002746
union_standard_time,3538017,승용-대형,소모품 및 하체정비,오일류,트랜스밋션 오일펌프 컨트롤유닛,교환,CAN-002745
union_standard_time,3538018,승용-대형,기능정비,엔진 부품,하이브리드 파워 컨트롤 유닛,탈착,CAN-003250
union_standard_time,3538018,승용-대형,기능정비,엔진 부품,하이브리드 파워 컨트롤 유닛,교환,CAN-003249
union_standard_time,3539314,승용-대형,판금/도장정비,판금(탈부착),파노라마 사이드 몰딩(좌측),탈착,CAN-002822
union_standard_time,3539314,승용-대형,판금/도장정비,판금(탈부착),파노라마 사이드 몰딩(좌측),교환,CAN-002821
union_standard_time,3539415,승용-대형,판금/도장정비,판금(탈부착),파노라마 사이드 몰딩(우측),탈착,CAN-002820
union_standard_time,3539415,승용-대형,판금/도장정비,판금(탈부착),파노라마 사이드 몰딩(우측),교환,CAN-002819
union_standard_time,3549009,승용-대형,판금/도장정비,판금(탈부착),트렁크룸내 트림(앞),탈착,CAN-002761
union_standard_time,3549009,승용-대형,판금/도장정비,판금(탈부착),트렁크룸내 트림(앞),교환,CAN-002760
union_standard_time,3549010,승용-대형,판금/도장정비,판금(탈부착),트렁크룸내 트림(뒤),탈착,CAN-002757
union_standard_time,3549010,승용-대형,판금/도장정비,판금(탈부착),트렁크룸내 트림(뒤),교환,CAN-002756
union_standard_time,3549016,승용-대형,판금/도장정비,판금(탈부착),백패널 트림,탈착,CAN-001018
union_standard_time,3549016,승용-대형,판금/도장정비,판금(탈부착),백패널 트림,교환,CAN-001017
union_standard_time,3549301,승용-대형,기능정비,엔진 부품,프론트 필러 트림(좌측),탈착,CAN-003178
union_standard_time,3549301,승용-대형,기능정비,엔진 부품,프론트 필러 트림(좌측),교환,CAN-003177
union_standard_time,3549303,승용-대형,기능정비,엔진 부품,센터 필러 트림(좌측),탈착,CAN-001316
union_standard_time,3549303,승용-대형,기능정비,엔진 부품,센터 필러 트림(좌측),교환,CAN-001315
union_standard_time,3549305,승용-대형,기능정비,엔진 부품,리어필러트림(좌측),탈착,CAN-000764
union_standard_time,3549305,승용-대형,기능정비,엔진 부품,리어필러트림(좌측),교환,CAN-000763
union_standard_time,3549307,승용-대형,판금/도장정비,판금(탈부착),트렁크룸내 트림(좌측),탈착,CAN-002765
union_standard_time,3549307,승용-대형,판금/도장정비,판금(탈부착),트렁크룸내 트림(좌측),교환,CAN-002764
union_standard_time,3549402,승용-대형,기능정비,엔진 부품,프론트 필러 트림(우측),탈착,CAN-003176
union_standard_time,3549402,승용-대형,기능정비,엔진 부품,프론트 필러 트림(우측),교환,CAN-003175
union_standard_time,3549404,승용-대형,기능정비,엔진 부품,센터 필러 트림(우측),탈착,CAN-001314
union_standard_time,3549404,승용-대형,기능정비,엔진 부품,센터 필러 트림(우측),교환,CAN-001313
union_standard_time,3549406,승용-대형,기능정비,엔진 부품,리어 필러 트림(우측),탈착,CAN-000762
union_standard_time,3549406,승용-대형,기능정비,엔진 부품,리어 필러 트림(우측),교환,CAN-000761
union_standard_time,3549408,승용-대형,판금/도장정비,판금(탈부착),트렁크룸내 트림(우측),탈착,CAN-002763
union_standard_time,3549408,승용-대형,판금/도장정비,판금(탈부착),트렁크룸내 트림(우측),교환,CAN-002762
union_standard_time,3558002,승용-대형,기능정비,엔진 부품,언더커버(엔진룸),탈착,CAN-001747
union_standard_time,3558002,승용-대형,기능정비,엔진 부품,언더커버(엔진룸),교환,CAN-001746
union_standard_time,3558003,승용-대형,기능정비,엔진 부품,"언더커버(엔진룸,프론트)",탈착,CAN-001751
union_standard_time,3558003,승용-대형,기능정비,엔진 부품,"언더커버(엔진룸,프론트)",교환,CAN-001750
union_standard_time,3558004,승용-대형,기능정비,엔진 부품,"언더커버(엔진룸,리어)",탈착,CAN-001749
union_standard_time,3558004,승용-대형,기능정비,엔진 부품,"언더커버(엔진룸,리어)",교환,CAN-001748
union_standard_time,3558005,승용-대형,기능정비,엔진 부품,언더커버(좌측),탈착,CAN-001755
union_standard_time,3558005,승용-대형,기능정비,엔진 부품,언더커버(좌측),교환,CAN-001754
union_standard_time,3558006,승용-대형,기능정비,엔진 부품,엔진룸사이드언더커버(좌측),탈착,CAN-001933
union_standard_time,3558006,승용-대형,기능정비,엔진 부품,엔진룸사이드언더커버(좌측),교환,CAN-001932
union_standard_time,3558007,승용-대형,기능정비,엔진 부품,언더커버(우측),탈착,CAN-001753
union_standard_time,3558007,승용-대형,기능정비,엔진 부품,언더커버(우측),교환,CAN-001752
union_standard_time,3558008,승용-대형,기능정비,엔진 부품,엔진룸사이드언더커버(우측),탈착,CAN-001931
union_standard_time,3558008,승용-대형,기능정비,엔진 부품,엔진룸사이드언더커버(우측),교환,CAN-001930
union_standard_time,3558009,승용-대형,기능정비,엔진 부품,언더커버(엔진룸),탈착,CAN-001747
union_standard_time,3558009,승용-대형,기능정비,엔진 부품,언더커버(엔진룸),교환,CAN-001746
union_standard_time,3558014,승용-대형,기능정비,엔진 부품,언더커버#1(앞뒤바닥),탈착,CAN-001733
union_standard_time,3558014,승용-대형,기능정비,엔진 부품,언더커버#1(앞뒤바닥),교환,CAN-001732
union_standard_time,3558015,승용-대형,기능정비,엔진 부품,언더커버#2(앞뒤바닥),탈착,CAN-001735
union_standard_time,3558015,승용-대형,기능정비,엔진 부품,언더커버#2(앞뒤바닥),교환,CAN-001734
union_standard_time,3558022,승용-대형,기능정비,엔진 부품,연료파이프 프로텍터 커버,탈착,CAN-002039
union_standard_time,3558022,승용-대형,기능정비,엔진 부품,연료파이프 프로텍터 커버,교환,CAN-002038
union_standard_time,3558023,승용-대형,소모품 및 하체정비,브레이크/타이어,브레이크파이핑 프로텍터 커버,탈착,CAN-001118
union_standard_time,3558023,승용-대형,소모품 및 하체정비,브레이크/타이어,브레이크파이핑 프로텍터 커버,교환,CAN-001117
union_standard_time,3558024,승용-대형,기능정비,엔진 부품,바닥메트,탈착,CAN-000872
union_standard_time,3558024,승용-대형,기능정비,엔진 부품,바닥메트,교환,CAN-000871
union_standard_time,3558025,승용-대형,기능정비,엔진 부품,"바닥매트(앞,좌)",탈착,CAN-000870
union_standard_time,3558025,승용-대형,기능정비,엔진 부품,"바닥매트(앞,좌)",교환,CAN-000869
union_standard_time,3558026,승용-대형,기능정비,엔진 부품,"바닥매트(앞,우)",탈착,CAN-000868
union_standard_time,3558026,승용-대형,기능정비,엔진 부품,"바닥매트(앞,우)",교환,CAN-000867
union_standard_time,3558028,승용-대형,기능정비,엔진 부품,바닥매트(뒷부분),탈착,CAN-000864
union_standard_time,3558028,승용-대형,기능정비,엔진 부품,바닥매트(뒷부분),교환,CAN-000863
union_standard_time,3558029,승용-대형,판금/도장정비,판금(탈부착),트렁크룸내 바닥트림,탈착,CAN-002755
union_standard_time,3558029,승용-대형,판금/도장정비,판금(탈부착),트렁크룸내 바닥트림,교환,CAN-002754
union_standard_time,3558312,승용-대형,기능정비,엔진 부품,엔진룸 사이드 커버(좌측),탈착,CAN-001937
union_standard_time,3558312,승용-대형,기능정비,엔진 부품,엔진룸 사이드 커버(좌측),교환,CAN-001936
union_standard_time,3558413,승용-대형,기능정비,엔진 부품,엔진룸 사이드 커버(우측),탈착,CAN-001935
union_standard_time,3558413,승용-대형,기능정비,엔진 부품,엔진룸 사이드 커버(우측),교환,CAN-001934
union_standard_time,3558518,승용-대형,기능정비,엔진 부품,"실내바닥 언더커버(앞,좌)",탈착,CAN-001547
union_standard_time,3558518,승용-대형,기능정비,엔진 부품,"실내바닥 언더커버(앞,좌)",교환,CAN-001546
union_standard_time,3558619,승용-대형,기능정비,엔진 부품,"실내바닥 언더커버(앞,우)",탈착,CAN-001545
union_standard_time,3558619,승용-대형,기능정비,엔진 부품,"실내바닥 언더커버(앞,우)",교환,CAN-001544
union_standard_time,3558720,승용-대형,기능정비,엔진 부품,"실내바닥 언더커버(뒤,좌)",탈착,CAN-001543
union_standard_time,3558720,승용-대형,기능정비,엔진 부품,"실내바닥 언더커버(뒤,좌)",교환,CAN-001542
union_standard_time,3558821,승용-대형,기능정비,엔진 부품,"실내바닥 언더커버(뒤,우)",탈착,CAN-001541
union_standard_time,3558821,승용-대형,기능정비,엔진 부품,"실내바닥 언더커버(뒤,우)",교환,CAN-001540
union_standard_time,3568001,승용-대형,기능정비,엔진 부품,안테나,탈착,CAN-001673
union_standard_time,3568001,승용-대형,기능정비,엔진 부품,안테나,교환,CAN-001672
union_standard_time,3568002,승용-대형,기능정비,엔진 부품,샤크안테나,탈착,CAN-001262
union_standard_time,3568002,승용-대형,기능정비,엔진 부품,샤크안테나,교환,CAN-001261
union_standard_time,3568003,승용-대형,기능정비,엔진 부품,라디오 안테나(휀다 부착형),탈착,CAN-000369
union_standard_time,3568003,승용-대형,기능정비,엔진 부품,라디오 안테나(휀다 부착형),교환,CAN-000368
union_standard_time,3568004,승용-대형,판금/도장정비,판금(탈부착),라디오 안테나(루프 부착형),탈착,CAN-000361
union_standard_time,3568004,승용-대형,판금/도장정비,판금(탈부착),라디오 안테나(루프 부착형),교환,CAN-000360
union_standard_time,3568015,승용-대형,기능정비,엔진 부품,CD 체인저,탈착,CAN-000028
union_standard_time,3568015,승용-대형,기능정비,엔진 부품,CD 체인저,교환,CAN-000027
union_standard_time,3568016,승용-대형,기능정비,엔진 부품,DVD 체인져,탈착,CAN-000036
union_standard_time,3568016,승용-대형,기능정비,엔진 부품,DVD 체인져,교환,CAN-000035
union_standard_time,3568019,승용-대형,기능정비,엔진 부품,오디오 엠프 및 스피커,탈착,CAN-002156
union_standard_time,3568019,승용-대형,기능정비,엔진 부품,오디오 엠프 및 스피커,교환,CAN-002155
union_standard_time,3568022,승용-대형,기능정비,엔진 부품,공기청정기,탈착,CAN-000129
union_standard_time,3568022,승용-대형,기능정비,엔진 부품,공기청정기,교환,CAN-000128
union_standard_time,3568027,승용-대형,기능정비,엔진 부품,파워케이블(HEV),탈착,CAN-002856
union_standard_time,3568027,승용-대형,기능정비,엔진 부품,파워케이블(HEV),교환,CAN-002855
union_standard_time,3568028,승용-대형,기능정비,엔진 부품,고전압차단(HEV),조정,CAN-000117
union_standard_time,3578101,승용-대형,기능정비,엔진 부품,앞유리(접착식),탈착,CAN-001717
union_standard_time,3578101,승용-대형,기능정비,엔진 부품,앞유리(접착식),교환,CAN-001716
union_standard_time,3578202,승용-대형,기능정비,엔진 부품,뒷유리(접착식),탈착,CAN-000258
union_standard_time,3578202,승용-대형,기능정비,엔진 부품,뒷유리(접착식),교환,CAN-000257
union_standard_time,3578309,승용-대형,기능정비,엔진 부품,"뒤휀다고정유리(접착식,좌)",탈착,CAN-000236
union_standard_time,3578309,승용-대형,기능정비,엔진 부품,"뒤휀다고정유리(접착식,좌)",교환,CAN-000235
union_standard_time,3578410,승용-대형,기능정비,엔진 부품,"뒤휀다고정유리(접착식,우)",탈착,CAN-000228
union_standard_time,3578410,승용-대형,기능정비,엔진 부품,"뒤휀다고정유리(접착식,우)",교환,CAN-000227
union_standard_time,3578503,승용-대형,판금/도장정비,판금(탈부착),문짝사각유리(앞좌),탈착,CAN-000852
union_standard_time,3578503,승용-대형,판금/도장정비,판금(탈부착),문짝사각유리(앞좌),교환,CAN-000851
union_standard_time,3578604,승용-대형,판금/도장정비,판금(탈부착),문짝사각유리(앞우),탈착,CAN-000850
union_standard_time,3578604,승용-대형,판금/도장정비,판금(탈부착),문짝사각유리(앞우),교환,CAN-000849
union_standard_time,3578705,승용-대형,판금/도장정비,판금(탈부착),문짝사각유리(뒤좌),탈착,CAN-000848
union_standard_time,3578705,승용-대형,판금/도장정비,판금(탈부착),문짝사각유리(뒤좌),교환,CAN-000847
union_standard_time,3578707,승용-대형,판금/도장정비,판금(탈부착),문짝삼각유리(뒤도어)(좌측),탈착,CAN-000856
union_standard_time,3578707,승용-대형,판금/도장정비,판금(탈부착),문짝삼각유리(뒤도어)(좌측),교환,CAN-000855
union_standard_time,3578806,승용-대형,판금/도장정비,판금(탈부착),문짝사각유리(뒤우),탈착,CAN-000846
union_standard_time,3578806,승용-대형,판금/도장정비,판금(탈부착),문짝사각유리(뒤우),교환,CAN-000845
union_standard_time,3578808,승용-대형,판금/도장정비,판금(탈부착),문짝삼각유리(뒤도어)(우측),탈착,CAN-000854
union_standard_time,3578808,승용-대형,판금/도장정비,판금(탈부착),문짝삼각유리(뒤도어)(우측),교환,CAN-000853
union_standard_time,3588001,승용-대형,기능정비,전기 및 램프,레인센서,탈착,CAN-000375
union_standard_time,3588001,승용-대형,기능정비,전기 및 램프,레인센서,교환,CAN-000374
union_standard_time,5588002,승용-대형,기능정비,엔진 부품,엔진 ASSY(SOHC),탈착,CAN-001897
union_standard_time,5588002,승용-대형,기능정비,엔진 부품,엔진 ASSY(SOHC),교환,CAN-001895
union_standard_time,5588002,승용-대형,기능정비,엔진 부품,엔진 ASSY(SOHC),오버홀,CAN-001896
union_standard_time,5588003,승용-대형,기능정비,엔진 부품,엔진 ASSY(DOHC),탈착,CAN-001889
union_standard_time,5588003,승용-대형,기능정비,엔진 부품,엔진 ASSY(DOHC),교환,CAN-001887
union_standard_time,5588003,승용-대형,기능정비,엔진 부품,엔진 ASSY(DOHC),오버홀,CAN-001888
union_standard_time,5588004,승용-대형,기능정비,엔진 부품,엔진 ASSY(V형),탈착,CAN-001908
union_standard_time,5588004,승용-대형,기능정비,엔진 부품,엔진 ASSY(V형),교환,CAN-001906
union_standard_time,5588004,승용-대형,기능정비,엔진 부품,엔진 ASSY(V형),오버홀,CAN-001907
union_standard_time,5588009,승용-대형,기능정비,엔진 부품,"엔진ASSY(가솔린,LPG)",탈착,CAN-001916
union_standard_time,5588009,승용-대형,기능정비,엔진 부품,"엔진ASSY(가솔린,LPG)",교환,CAN-001914
union_standard_time,5588009,승용-대형,기능정비,엔진 부품,"엔진ASSY(가솔린,LPG)",오버홀,CAN-001915
union_standard_time,5588010,승용-대형,기능정비,엔진 부품,엔진ASSY(디젤),탈착,CAN-001919
union_standard_time,5588010,승용-대형,기능정비,엔진 부품,엔진ASSY(디젤),교환,CAN-001917
union_standard_time,5588010,승용-대형,기능정비,엔진 부품,엔진ASSY(디젤),오버홀,CAN-001918
union_standard_time,5588011,승용-대형,기능정비,엔진 부품,"엔진 ASSY(SOHC,쇼트엔진)",교환,CAN-001898
union_standard_time,5588011,승용-대형,기능정비,엔진 부품,"엔진 ASSY(SOHC,쇼트엔진)",오버홀,CAN-001899
union_standard_time,5588012,승용-대형,기능정비,엔진 부품,"엔진 ASSY(DOHC,쇼트엔진)",교환,CAN-001890
union_standard_time,5588012,승용-대형,기능정비,엔진 부품,"엔진 ASSY(DOHC,쇼트엔진)",오버홀,CAN-001891
union_standard_time,5588013,승용-대형,기능정비,엔진 부품,"엔진 ASSY(V형,쇼트엔진)",교환,CAN-001909
union_standard_time,5588013,승용-대형,기능정비,엔진 부품,"엔진 ASSY(V형,쇼트엔진)",오버홀,CAN-001910
union_standard_time,5588016,승용-대형,기능정비,엔진 부품,"쇼트엔진(가솔린,LPG)",교환,CAN-001328
union_standard_time,5588016,승용-대형,기능정비,엔진 부품,"쇼트엔진(가솔린,LPG)",오버홀,CAN-001329
union_standard_time,5588017,승용-대형,기능정비,엔진 부품,쇼트엔진(디젤),교환,CAN-001330
union_standard_time,5588017,승용-대형,기능정비,엔진 부품,쇼트엔진(디젤),오버홀,CAN-001331
union_standard_time,5588018,승용-대형,기능정비,엔진 부품,베어엔진,교환,CAN-001026
union_standard_time,5598001,승용-대형,기능정비,엔진 부품,실린더헤드(SOHC),탈착,CAN-001557
union_standard_time,5598001,승용-대형,기능정비,엔진 부품,실린더헤드(SOHC),교환,CAN-001555
union_standard_time,5598001,승용-대형,기능정비,엔진 부품,실린더헤드(SOHC),오버홀,CAN-001556
union_standard_time,5598002,승용-대형,기능정비,엔진 부품,실린더헤드(DOHC),탈착,CAN-001554
union_standard_time,5598002,승용-대형,기능정비,엔진 부품,실린더헤드(DOHC),교환,CAN-001552
union_standard_time,5598002,승용-대형,기능정비,엔진 부품,실린더헤드(DOHC),오버홀,CAN-001553
union_standard_time,5598003,승용-대형,기능정비,엔진 부품,"실린더헤드(V형,#1)",탈착,CAN-001565
union_standard_time,5598003,승용-대형,기능정비,엔진 부품,"실린더헤드(V형,#1)",교환,CAN-001563
union_standard_time,5598003,승용-대형,기능정비,엔진 부품,"실린더헤드(V형,#1)",오버홀,CAN-001564
union_standard_time,5598004,승용-대형,기능정비,엔진 부품,"실린더헤드(V형,#2)",탈착,CAN-001568
union_standard_time,5598004,승용-대형,기능정비,엔진 부품,"실린더헤드(V형,#2)",교환,CAN-001566
union_standard_time,5598004,승용-대형,기능정비,엔진 부품,"실린더헤드(V형,#2)",오버홀,CAN-001567
union_standard_time,5598008,승용-대형,기능정비,엔진 부품,"실린더헤드(가솔린,LPG)",탈착,CAN-001576
union_standard_time,5598008,승용-대형,기능정비,엔진 부품,"실린더헤드(가솔린,LPG)",교환,CAN-001574
union_standard_time,5598008,승용-대형,기능정비,엔진 부품,"실린더헤드(가솔린,LPG)",오버홀,CAN-001575
union_standard_time,5598009,승용-대형,기능정비,엔진 부품,실린더헤드(디젤),탈착,CAN-001582
union_standard_time,5598009,승용-대형,기능정비,엔진 부품,실린더헤드(디젤),교환,CAN-001580
union_standard_time,5598010,승용-대형,기능정비,엔진 부품,베어 엔진,탈착,CAN-001027
union_standard_time,5598010,승용-대형,기능정비,엔진 부품,베어 엔진,교환,CAN-001026
union_standard_time,5599015,승용-대형,기능정비,엔진 부품,엔진 마운틴 및 브라켓(앞),탈착,CAN-001970
union_standard_time,5599015,승용-대형,기능정비,엔진 부품,엔진 마운틴 및 브라켓(앞),교환,CAN-001969
union_standard_time,5599016,승용-대형,기능정비,엔진 부품,엔진 마운틴 및 브라켓(뒤),탈착,CAN-001958
union_standard_time,5599016,승용-대형,기능정비,엔진 부품,엔진 마운틴 및 브라켓(뒤),교환,CAN-001957
union_standard_time,5599025,승용-대형,기능정비,엔진 부품,실린더 헤드 커버,탈착,CAN-001584
union_standard_time,5599025,승용-대형,기능정비,엔진 부품,실린더 헤드 커버,교환,CAN-001583
union_standard_time,5599026,승용-대형,기능정비,엔진 부품,차선이탈경보유닛(LDWS),탈착,CAN-002397
union_standard_time,5599026,승용-대형,기능정비,엔진 부품,차선이탈경보유닛(LDWS),교환,CAN-002396
union_standard_time,5599311,승용-대형,기능정비,엔진 부품,엔진 마운틴 및 브라켓(좌측),탈착,CAN-001980
union_standard_time,5599311,승용-대형,기능정비,엔진 부품,엔진 마운틴 및 브라켓(좌측),교환,CAN-001979
union_standard_time,5599413,승용-대형,기능정비,엔진 부품,엔진 마운틴 및 브라켓(우측),탈착,CAN-001976
union_standard_time,5599413,승용-대형,기능정비,엔진 부품,엔진 마운틴 및 브라켓(우측),교환,CAN-001975
union_standard_time,5608001,승용-대형,기능정비,엔진 부품,타이밍커버,탈착,CAN-002673
union_standard_time,5608001,승용-대형,기능정비,엔진 부품,타이밍커버,교환,CAN-002672
union_standard_time,5608004,승용-대형,기능정비,엔진 부품,타이밍커버(V형엔진),탈착,CAN-002671
union_standard_time,5608004,승용-대형,기능정비,엔진 부품,타이밍커버(V형엔진),교환,CAN-002670
union_standard_time,5608005,승용-대형,기능정비,엔진 부품,타이밍커버(알루미늄),탈착,CAN-002679
union_standard_time,5608005,승용-대형,기능정비,엔진 부품,타이밍커버(알루미늄),교환,CAN-002678
union_standard_time,5608006,승용-대형,기능정비,엔진 부품,타이밍벨트,탈착,CAN-002653
union_standard_time,5608006,승용-대형,기능정비,엔진 부품,타이밍벨트,교환,CAN-002652
union_standard_time,5608009,승용-대형,기능정비,엔진 부품,타이밍체인 프론트 케이스,탈착,CAN-002667
union_standard_time,5608009,승용-대형,기능정비,엔진 부품,타이밍체인 프론트 케이스,교환,CAN-002666
union_standard_time,5608011,승용-대형,기능정비,엔진 부품,타이밍 체인 리어 케이스,탈착,CAN-002663
union_standard_time,5608011,승용-대형,기능정비,엔진 부품,타이밍 체인 리어 케이스,교환,CAN-002662
union_standard_time,5618001,승용-대형,소모품 및 하체정비,소모품,에어클리너,탈착,CAN-001871
union_standard_time,5618001,승용-대형,소모품 및 하체정비,소모품,에어클리너,교환,CAN-001870
union_standard_time,5618005,승용-대형,기능정비,엔진 부품,레죠네이터,탈착,CAN-000377
union_standard_time,5618005,승용-대형,기능정비,엔진 부품,레죠네이터,교환,CAN-000376
union_standard_time,5618010,승용-대형,기능정비,엔진 부품,드로틀바디,탈착,CAN-000262
union_standard_time,5618010,승용-대형,기능정비,엔진 부품,드로틀바디,교환,CAN-000261
union_standard_time,5618015,승용-대형,기능정비,엔진 부품,EGR쿨러,탈착,CAN-000050
union_standard_time,5618015,승용-대형,기능정비,엔진 부품,EGR쿨러,교환,CAN-000049
union_standard_time,5628002,승용-대형,기능정비,엔진 부품,인젝터NO1,탈착,CAN-002281
union_standard_time,5628002,승용-대형,기능정비,엔진 부품,인젝터NO1,교환,CAN-002280
union_standard_time,5628003,승용-대형,기능정비,전기 및 램프,인젝터NO2,탈착,CAN-002283
union_standard_time,5628003,승용-대형,기능정비,전기 및 램프,인젝터NO2,교환,CAN-002282
union_standard_time,5628004,승용-대형,기능정비,엔진 부품,인젝터NO3,탈착,CAN-002285
union_standard_time,5628004,승용-대형,기능정비,엔진 부품,인젝터NO3,교환,CAN-002284
union_standard_time,5628005,승용-대형,기능정비,엔진 부품,인젝터NO4,탈착,CAN-002287
union_standard_time,5628005,승용-대형,기능정비,엔진 부품,인젝터NO4,교환,CAN-002286
union_standard_time,5628006,승용-대형,기능정비,엔진 부품,인젝터NO5,탈착,CAN-002289
union_standard_time,5628006,승용-대형,기능정비,엔진 부품,인젝터NO5,교환,CAN-002288
union_standard_time,5628007,승용-대형,기능정비,엔진 부품,인젝터NO6,탈착,CAN-002291
union_standard_time,5628007,승용-대형,기능정비,엔진 부품,인젝터NO6,교환,CAN-002290
union_standard_time,5628016,승용-대형,기능정비,엔진 부품,이그니션코일,탈착,CAN-002248
union_standard_time,5628016,승용-대형,기능정비,엔진 부품,이그니션코일,교환,CAN-002247
union_standard_time,5638001,승용-대형,소모품 및 하체정비,오일류,엔진오일팬,탈착,CAN-001993
union_standard_time,5638001,승용-대형,소모품 및 하체정비,오일류,엔진오일팬,교환,CAN-001992
union_standard_time,5638006,승용-대형,소모품 및 하체정비,오일류,엔진오일 펌프,탈착,CAN-001999
union_standard_time,5638006,승용-대형,소모품 및 하체정비,오일류,엔진오일 펌프,교환,CAN-001998
union_standard_time,5638009,승용-대형,기능정비,엔진 부품,워터펌프,탈착,CAN-002230
union_standard_time,5638009,승용-대형,기능정비,엔진 부품,워터펌프,교환,CAN-002229
union_standard_time,5638015,승용-대형,기능정비,엔진 부품,고압펌프,탈착,CAN-000114
union_standard_time,5638015,승용-대형,기능정비,엔진 부품,고압펌프,교환,CAN-000113
union_standard_time,5638016,승용-대형,기능정비,엔진 부품,연료고압펌프(디젤),탈착,CAN-002020
union_standard_time,5638016,승용-대형,기능정비,엔진 부품,연료고압펌프(디젤),교환,CAN-002019
union_standard_time,5638017,승용-대형,기능정비,엔진 부품,딜리버리 파이프,탈착,CAN-000307
union_standard_time,5638017,승용-대형,기능정비,엔진 부품,딜리버리 파이프,교환,CAN-000306
union_standard_time,5638019,승용-대형,소모품 및 하체정비,하체 부품,파워스티어링 펌프,탈착,CAN-002852
union_standard_time,5638019,승용-대형,소모품 및 하체정비,하체 부품,파워스티어링 펌프,교환,CAN-002851
union_standard_time,5638020,승용-대형,소모품 및 하체정비,하체 부품,파워스티어링 리저브탱크,탈착,CAN-002837
union_standard_time,5638020,승용-대형,소모품 및 하체정비,하체 부품,파워스티어링 리저브탱크,교환,CAN-002836
union_standard_time,5638022,승용-대형,기능정비,엔진 부품,전동식 워터펌프,탈착,CAN-002338
union_standard_time,5638022,승용-대형,기능정비,엔진 부품,전동식 워터펌프,교환,CAN-002337
union_standard_time,5638023,승용-대형,기능정비,에어컨,전동식 히터 펌프,탈착,CAN-002348
union_standard_time,5638023,승용-대형,기능정비,에어컨,전동식 히터 펌프,교환,CAN-002347
union_standard_time,5648001,승용-대형,기능정비,엔진 부품,흡기매니홀드,탈착,CAN-003434
union_standard_time,5648001,승용-대형,기능정비,엔진 부품,흡기매니홀드,교환,CAN-003433
union_standard_time,5648004,승용-대형,기능정비,엔진 부품,흡기매니홀드(V형),탈착,CAN-003430
union_standard_time,5648004,승용-대형,기능정비,엔진 부품,흡기매니홀드(V형),교환,CAN-003429
union_standard_time,5648006,승용-대형,기능정비,엔진 부품,배기매니홀드,탈착,CAN-000903
union_standard_time,5648006,승용-대형,기능정비,엔진 부품,배기매니홀드,교환,CAN-000902
union_standard_time,5648009,승용-대형,기능정비,엔진 부품,배기매니홀드(V형 NO.1),탈착,CAN-000895
union_standard_time,5648009,승용-대형,기능정비,엔진 부품,배기매니홀드(V형 NO.1),교환,CAN-000894
union_standard_time,5648010,승용-대형,기능정비,엔진 부품,배기매니홀드(V형 NO.2),탈착,CAN-000897
union_standard_time,5648010,승용-대형,기능정비,엔진 부품,배기매니홀드(V형 NO.2),교환,CAN-000896
union_standard_time,5658001,승용-대형,기능정비,엔진 부품,PRE카탈리스틱 컨버터(앞),탈착,CAN-000092
union_standard_time,5658001,승용-대형,기능정비,엔진 부품,PRE카탈리스틱 컨버터(앞),교환,CAN-000091
union_standard_time,5658002,승용-대형,기능정비,엔진 부품,PRE카탈리스틱 컨버터(뒤),탈착,CAN-000090
union_standard_time,5658002,승용-대형,기능정비,엔진 부품,PRE카탈리스틱 컨버터(뒤),교환,CAN-000089
union_standard_time,5658003,승용-대형,기능정비,엔진 부품,배기파이프1번(프론트),탈착,CAN-000929
union_standard_time,5658003,승용-대형,기능정비,엔진 부품,배기파이프1번(프론트),교환,CAN-000928
union_standard_time,5658006,승용-대형,기능정비,엔진 부품,"배가파이프1번(프론트,V형)",탈착,CAN-000887
union_standard_time,5658006,승용-대형,기능정비,엔진 부품,"배가파이프1번(프론트,V형)",교환,CAN-000886
union_standard_time,5658007,승용-대형,기능정비,엔진 부품,"배가파이프1번(프론트,V형 NO.2)",탈착,CAN-000885
union_standard_time,5658007,승용-대형,기능정비,엔진 부품,"배가파이프1번(프론트,V형 NO.2)",교환,CAN-000884
union_standard_time,5658008,승용-대형,기능정비,엔진 부품,배기파이프2번(미들),탈착,CAN-000933
union_standard_time,5658008,승용-대형,기능정비,엔진 부품,배기파이프2번(미들),교환,CAN-000932
union_standard_time,5658010,승용-대형,기능정비,엔진 부품,배기파이프3번(머플러),탈착,CAN-000939
union_standard_time,5658010,승용-대형,기능정비,엔진 부품,배기파이프3번(머플러),교환,CAN-000938
union_standard_time,5658011,승용-대형,기능정비,엔진 부품,"배기파이프3번(머플러,듀얼)",탈착,CAN-000941
union_standard_time,5658011,승용-대형,기능정비,엔진 부품,"배기파이프3번(머플러,듀얼)",교환,CAN-000940
union_standard_time,5658013,승용-대형,기능정비,엔진 부품,배기파이프3번(듀얼머플러),탈착,CAN-000935
union_standard_time,5658013,승용-대형,기능정비,엔진 부품,배기파이프3번(듀얼머플러),교환,CAN-000934
union_standard_time,5658018,승용-대형,기능정비,엔진 부품,카탈리스트 컨버터,탈착,CAN-002465
union_standard_time,5658018,승용-대형,기능정비,엔진 부품,카탈리스트 컨버터,교환,CAN-002464
union_standard_time,5658023,승용-대형,기능정비,엔진 부품,디피에프 컨버터,탈착,CAN-000303
union_standard_time,5658023,승용-대형,기능정비,엔진 부품,디피에프 컨버터,교환,CAN-000302
union_standard_time,5658024,승용-대형,기능정비,전기 및 램프,산소센서,탈착,CAN-001256
union_standard_time,5658024,승용-대형,기능정비,전기 및 램프,산소센서,교환,CAN-001255
union_standard_time,5658025,승용-대형,기능정비,전기 및 램프,산소센서#2,탈착,CAN-001254
union_standard_time,5658025,승용-대형,기능정비,전기 및 램프,산소센서#2,교환,CAN-001253
union_standard_time,5668001,승용-대형,기능정비,엔진 부품,연료탱크,탈착,CAN-002034
union_standard_time,5668001,승용-대형,기능정비,엔진 부품,연료탱크,교환,CAN-002032
union_standard_time,5668001,승용-대형,기능정비,엔진 부품,연료탱크,오버홀,CAN-002033
union_standard_time,5668009,승용-대형,기능정비,엔진 부품,고압펌프,탈착,CAN-000114
union_standard_time,5668009,승용-대형,기능정비,엔진 부품,고압펌프,교환,CAN-000113
union_standard_time,5668010,승용-대형,기능정비,엔진 부품,딜리버리 파이프,탈착,CAN-000307
union_standard_time,5668010,승용-대형,기능정비,엔진 부품,딜리버리 파이프,교환,CAN-000306
union_standard_time,5668013,승용-대형,소모품 및 하체정비,소모품,연료필터,탈착,CAN-002044
union_standard_time,5668013,승용-대형,소모품 및 하체정비,소모품,연료필터,교환,CAN-002043
union_standard_time,5668015,승용-대형,기능정비,엔진 부품,연료 파이프(언더바디),탈착,CAN-002037
union_standard_time,5668015,승용-대형,기능정비,엔진 부품,연료 파이프(언더바디),교환,CAN-002036
union_standard_time,5668016,승용-대형,기능정비,엔진 부품,LPG봄베,탈착,CAN-000082
union_standard_time,5668016,승용-대형,기능정비,엔진 부품,LPG봄베,교환,CAN-000081
union_standard_time,5668017,승용-대형,기능정비,엔진 부품,LPG믹서,탈착,CAN-000080
union_standard_time,5668017,승용-대형,기능정비,엔진 부품,LPG믹서,교환,CAN-000079
union_standard_time,5668018,승용-대형,기능정비,엔진 부품,베이퍼라이져,탈착,CAN-001031
union_standard_time,5668018,승용-대형,기능정비,엔진 부품,베이퍼라이져,교환,CAN-001030
union_standard_time,5678001,승용-대형,소모품 및 하체정비,오일류,오일쿨러,탈착,CAN-002162
union_standard_time,5678001,승용-대형,소모품 및 하체정비,오일류,오일쿨러,교환,CAN-002161
union_standard_time,5678002,승용-대형,소모품 및 하체정비,브레이크/타이어,오일쿨러 및 휠터바디,탈착,CAN-002166
union_standard_time,5678002,승용-대형,소모품 및 하체정비,브레이크/타이어,오일쿨러 및 휠터바디,교환,CAN-002165
union_standard_time,5678005,승용-대형,기능정비,엔진 부품,터보챠져(과급기),탈착,CAN-002705
union_standard_time,5678005,승용-대형,기능정비,엔진 부품,터보챠져(과급기),교환,CAN-002704
union_standard_time,5678006,승용-대형,기능정비,엔진 부품,인터쿨러,탈착,CAN-002299
union_standard_time,5678006,승용-대형,기능정비,엔진 부품,인터쿨러,교환,CAN-002298
union_standard_time,5678007,승용-대형,기능정비,엔진 부품,인터쿨러 파이프,탈착,CAN-002303
union_standard_time,5678007,승용-대형,기능정비,엔진 부품,인터쿨러 파이프,교환,CAN-002302
union_standard_time,5678008,승용-대형,소모품 및 하체정비,오일류,엔진 오일 팬 로워,탈착,CAN-001997
union_standard_time,5678008,승용-대형,소모품 및 하체정비,오일류,엔진 오일 팬 로워,교환,CAN-001996
union_standard_time,5688024,승용-대형,소모품 및 하체정비,오일류,트랜스밋션 오일 펌프,탈착,CAN-002744
union_standard_time,5688024,승용-대형,소모품 및 하체정비,오일류,트랜스밋션 오일 펌프,교환,CAN-002743
union_standard_time,7688001,승용-대형,기능정비,엔진 부품,트랜스미션(M/T),탈착,CAN-002732
union_standard_time,7688001,승용-대형,기능정비,엔진 부품,트랜스미션(M/T),교환,CAN-002730
union_standard_time,7688001,승용-대형,기능정비,엔진 부품,트랜스미션(M/T),오버홀,CAN-002731
union_standard_time,7688002,승용-대형,기능정비,엔진 부품,트랜스미션(A/T),탈착,CAN-002725
union_standard_time,7688002,승용-대형,기능정비,엔진 부품,트랜스미션(A/T),교환,CAN-002723
union_standard_time,7688002,승용-대형,기능정비,엔진 부품,트랜스미션(A/T),오버홀,CAN-002724
union_standard_time,7688007,승용-대형,소모품 및 하체정비,오일류,자동변속기오일팬,탈착,CAN-002305
union_standard_time,7688007,승용-대형,소모품 및 하체정비,오일류,자동변속기오일팬,교환,CAN-002304
union_standard_time,7688012,승용-대형,기능정비,엔진 부품,트랜스미션(A/T)밸브 바디,탈착,CAN-002727
union_standard_time,7688012,승용-대형,기능정비,엔진 부품,트랜스미션(A/T)밸브 바디,교환,CAN-002726
union_standard_time,7688015,승용-대형,기능정비,엔진 부품,트랙션모터(HEV),탈착,CAN-002722
union_standard_time,7688015,승용-대형,기능정비,엔진 부품,트랙션모터(HEV),교환,CAN-002721
union_standard_time,7688025,승용-대형,소모품 및 하체정비,오일류,트랜스밋션 오일 워머,탈착,CAN-002742
union_standard_time,7688025,승용-대형,소모품 및 하체정비,오일류,트랜스밋션 오일 워머,교환,CAN-002741
union_standard_time,7689017,승용-대형,기능정비,엔진 부품,체인지레버(M/T),탈착,CAN-002427
union_standard_time,7689017,승용-대형,기능정비,엔진 부품,체인지레버(M/T),교환,CAN-002426
union_standard_time,7689018,승용-대형,기능정비,엔진 부품,체인지레버(A/T),탈착,CAN-002425
union_standard_time,7689018,승용-대형,기능정비,엔진 부품,체인지레버(A/T),교환,CAN-002424
union_standard_time,7689021,승용-대형,기능정비,엔진 부품,체인지레버 케이블 및 로드,탈착,CAN-002435
union_standard_time,7689021,승용-대형,기능정비,엔진 부품,체인지레버 케이블 및 로드,교환,CAN-002434
union_standard_time,7698005,승용-대형,기능정비,엔진 부품,프로펠라 샤프트,탈착,CAN-002928
union_standard_time,7698005,승용-대형,기능정비,엔진 부품,프로펠라 샤프트,교환,CAN-002927
union_standard_time,7698310,승용-대형,소모품 및 하체정비,하체 부품,프론트서스펜션ASSY(좌측),탈착,CAN-003068
union_standard_time,7698310,승용-대형,소모품 및 하체정비,하체 부품,프론트서스펜션ASSY(좌측),교환,CAN-003066
union_standard_time,7698310,승용-대형,소모품 및 하체정비,하체 부품,프론트서스펜션ASSY(좌측),오버홀,CAN-003067
union_standard_time,7698411,승용-대형,기능정비,엔진 부품,프론트서스팬션ASSY(우측),탈착,CAN-003059
union_standard_time,7698411,승용-대형,기능정비,엔진 부품,프론트서스팬션ASSY(우측),교환,CAN-003057
union_standard_time,7698411,승용-대형,기능정비,엔진 부품,프론트서스팬션ASSY(우측),오버홀,CAN-003058
union_standard_time,7698501,승용-대형,기능정비,엔진 부품,"등속조인트(앞,좌)",탈착,CAN-000276
union_standard_time,7698501,승용-대형,기능정비,엔진 부품,"등속조인트(앞,좌)",교환,CAN-000275
union_standard_time,7698602,승용-대형,기능정비,엔진 부품,"등속조인트(앞,우)",탈착,CAN-000274
union_standard_time,7698602,승용-대형,기능정비,엔진 부품,"등속조인트(앞,우)",교환,CAN-000273
union_standard_time,7709501,승용-대형,기능정비,엔진 부품,"프론트쇽업쇼버(킷트교환시,",탈착,CAN-003077
union_standard_time,7709501,승용-대형,기능정비,엔진 부품,"프론트쇽업쇼버(킷트교환시,",교환,CAN-003075
union_standard_time,7709501,승용-대형,기능정비,엔진 부품,"프론트쇽업쇼버(킷트교환시,",오버홀,CAN-003076
union_standard_time,7709602,승용-대형,기능정비,엔진 부품,"프론트쇽업쇼버(킷트교환시,",탈착,CAN-003077
union_standard_time,7709602,승용-대형,기능정비,엔진 부품,"프론트쇽업쇼버(킷트교환시,",교환,CAN-003075
union_standard_time,7709602,승용-대형,기능정비,엔진 부품,"프론트쇽업쇼버(킷트교환시,",오버홀,CAN-003076
union_standard_time,7709703,승용-대형,기능정비,엔진 부품,쇽업쇼버(뒤좌),교환,CAN-001338
union_standard_time,7709804,승용-대형,기능정비,엔진 부품,쇽업쇼버(뒤우),교환,CAN-001336
union_standard_time,7718002,승용-대형,소모품 및 하체정비,하체 부품,엔진 크로스멤버,탈착,CAN-002008
union_standard_time,7718002,승용-대형,소모품 및 하체정비,하체 부품,엔진 크로스멤버,교환,CAN-002007
union_standard_time,7718018,승용-대형,기능정비,엔진 부품,서브 프레임ASSY,탈착,CAN-001264
union_standard_time,7718018,승용-대형,기능정비,엔진 부품,서브 프레임ASSY,교환,CAN-001263
union_standard_time,7718019,승용-대형,소모품 및 하체정비,하체 부품,센터멤버,탈착,CAN-001292
union_standard_time,7718019,승용-대형,소모품 및 하체정비,하체 부품,센터멤버,교환,CAN-001291
union_standard_time,7718020,승용-대형,기능정비,엔진 부품,리어 액슬빔(FF형),탈착,CAN-000693
union_standard_time,7718020,승용-대형,기능정비,엔진 부품,리어 액슬빔(FF형),교환,CAN-000691
union_standard_time,7718020,승용-대형,기능정비,엔진 부품,리어 액슬빔(FF형),오버홀,CAN-000692
union_standard_time,7718027,승용-대형,기능정비,엔진 부품,뒤차축,탈착,CAN-000218
union_standard_time,7718027,승용-대형,기능정비,엔진 부품,뒤차축,교환,CAN-000216
union_standard_time,7718027,승용-대형,기능정비,엔진 부품,뒤차축,오버홀,CAN-000217
union_standard_time,7718032,승용-대형,소모품 및 하체정비,하체 부품,리어서스펜션 크로스멤버,탈착,CAN-000613
union_standard_time,7718032,승용-대형,소모품 및 하체정비,하체 부품,리어서스펜션 크로스멤버,교환,CAN-000611
union_standard_time,7718032,승용-대형,소모품 및 하체정비,하체 부품,리어서스펜션 크로스멤버,오버홀,CAN-000612
union_standard_time,7718134,승용-대형,기능정비,엔진 부품,프론트 스테빌라이져,탈착,CAN-003079
union_standard_time,7718134,승용-대형,기능정비,엔진 부품,프론트 스테빌라이져,교환,CAN-003078
union_standard_time,7718235,승용-대형,기능정비,엔진 부품,스테빌라이져(뒤),탈착,CAN-001362
union_standard_time,7718235,승용-대형,기능정비,엔진 부품,스테빌라이져(뒤),교환,CAN-001361
union_standard_time,7718308,승용-대형,소모품 및 하체정비,하체 부품,로워암(좌측),탈착,CAN-000388
union_standard_time,7718308,승용-대형,소모품 및 하체정비,하체 부품,로워암(좌측),교환,CAN-000387
union_standard_time,7718314,승용-대형,소모품 및 하체정비,하체 부품,프론트 허브베어링(좌측),오버홀,CAN-003180
union_standard_time,7718316,승용-대형,소모품 및 하체정비,하체 부품,리어 허브베어링(좌측),오버홀,CAN-000770
union_standard_time,7718323,승용-대형,소모품 및 하체정비,하체 부품,리어 서스펜션ASSY(좌측),탈착,CAN-000608
union_standard_time,7718323,승용-대형,소모품 및 하체정비,하체 부품,리어 서스펜션ASSY(좌측),교환,CAN-000606
union_standard_time,7718323,승용-대형,소모품 및 하체정비,하체 부품,리어 서스펜션ASSY(좌측),오버홀,CAN-000607
union_standard_time,7718409,승용-대형,소모품 및 하체정비,하체 부품,로워암(우측),탈착,CAN-000386
union_standard_time,7718409,승용-대형,소모품 및 하체정비,하체 부품,로워암(우측),교환,CAN-000385
union_standard_time,7718415,승용-대형,소모품 및 하체정비,하체 부품,프론트 허브베어링(우측),오버홀,CAN-003179
union_standard_time,7718417,승용-대형,소모품 및 하체정비,하체 부품,리어 허브베어링(우측),오버홀,CAN-000768
union_standard_time,7718424,승용-대형,소모품 및 하체정비,하체 부품,리어 서스펜션ASSY(우측),탈착,CAN-000599
union_standard_time,7718424,승용-대형,소모품 및 하체정비,하체 부품,리어 서스펜션ASSY(우측),교환,CAN-000597
union_standard_time,7718424,승용-대형,소모품 및 하체정비,하체 부품,리어 서스펜션ASSY(우측),오버홀,CAN-000598
union_standard_time,7719510,승용-대형,소모품 및 하체정비,하체 부품,허브(앞좌),교환,CAN-003264
union_standard_time,7719510,승용-대형,소모품 및 하체정비,하체 부품,허브(앞좌),오버홀,CAN-003265
union_standard_time,7719611,승용-대형,소모품 및 하체정비,하체 부품,허브(앞우),교환,CAN-003262
union_standard_time,7719611,승용-대형,소모품 및 하체정비,하체 부품,허브(앞우),오버홀,CAN-003263
union_standard_time,7719712,승용-대형,소모품 및 하체정비,하체 부품,허브(뒤좌),교환,CAN-003260
union_standard_time,7719712,승용-대형,소모품 및 하체정비,하체 부품,허브(뒤좌),오버홀,CAN-003261
union_standard_time,7719813,승용-대형,소모품 및 하체정비,하체 부품,허브(뒤우),교환,CAN-003258
union_standard_time,7719813,승용-대형,소모품 및 하체정비,하체 부품,허브(뒤우),오버홀,CAN-003259
union_standard_time,7728005,승용-대형,기능정비,엔진 부품,디퍼런셜 기어,탈착,CAN-000294
union_standard_time,7728005,승용-대형,기능정비,엔진 부품,디퍼런셜 기어,교환,CAN-000292
union_standard_time,7728005,승용-대형,기능정비,엔진 부품,디퍼런셜 기어,오버홀,CAN-000293
union_standard_time,7728027,승용-대형,소모품 및 하체정비,하체 부품,스티어링컬럼 ASSY,탈착,CAN-001401
union_standard_time,7728027,승용-대형,소모품 및 하체정비,하체 부품,스티어링컬럼 ASSY,교환,CAN-001400
union_standard_time,7728028,승용-대형,소모품 및 하체정비,하체 부품,스티어링 컬럼ASSY(MDPS),탈착,CAN-001399
union_standard_time,7728028,승용-대형,소모품 및 하체정비,하체 부품,스티어링 컬럼ASSY(MDPS),교환,CAN-001398
union_standard_time,7728031,승용-대형,소모품 및 하체정비,하체 부품,파워스티어링기어,탈착,CAN-002834
union_standard_time,7728031,승용-대형,소모품 및 하체정비,하체 부품,파워스티어링기어,교환,CAN-002833
union_standard_time,7728032,승용-대형,소모품 및 하체정비,하체 부품,파워스티어링기어(MDPS),탈착,CAN-002832
union_standard_time,7728032,승용-대형,소모품 및 하체정비,하체 부품,파워스티어링기어(MDPS),교환,CAN-002831
union_standard_time,7728033,승용-대형,소모품 및 하체정비,하체 부품,파워스티어링기어(MDPS),탈착,CAN-002832
union_standard_time,7728033,승용-대형,소모품 및 하체정비,하체 부품,파워스티어링기어(MDPS),교환,CAN-002831
union_standard_time,7728038,승용-대형,소모품 및 하체정비,하체 부품,파워 스티어링 오일탱크,탈착,CAN-002849
union_standard_time,7728038,승용-대형,소모품 및 하체정비,하체 부품,파워 스티어링 오일탱크,교환,CAN-002848
union_standard_time,7728045,승용-대형,기능정비,전기 및 램프,ABS 하이드로릭 유니트,탈착,CAN-000010
union_standard_time,7728045,승용-대형,기능정비,전기 및 램프,ABS 하이드로릭 유니트,교환,CAN-000009
union_standard_time,7728051,승용-대형,소모품 및 하체정비,브레이크/타이어,브레이크부스터&마스터 실린더,탈착,CAN-001085
union_standard_time,7728051,승용-대형,소모품 및 하체정비,브레이크/타이어,브레이크부스터&마스터 실린더,교환,CAN-001084
union_standard_time,7728053,승용-대형,소모품 및 하체정비,브레이크/타이어,브레이크 부스터,탈착,CAN-001087
union_standard_time,7728053,승용-대형,소모품 및 하체정비,브레이크/타이어,브레이크 부스터,교환,CAN-001086
union_standard_time,7728054,승용-대형,소모품 및 하체정비,브레이크/타이어,브레이크&클러치페달,탈착,CAN-001077
union_standard_time,7728054,승용-대형,소모품 및 하체정비,브레이크/타이어,브레이크&클러치페달,교환,CAN-001076
union_standard_time,7728055,승용-대형,기능정비,엔진 부품,패달 ASSY,탈착,CAN-002896
union_standard_time,7728055,승용-대형,기능정비,엔진 부품,패달 ASSY,교환,CAN-002895
union_standard_time,7728056,승용-대형,기능정비,엔진 부품,악셀레이터 패달,탈착,CAN-001605
union_standard_time,7728056,승용-대형,기능정비,엔진 부품,악셀레이터 패달,교환,CAN-001604
union_standard_time,7728057,승용-대형,소모품 및 하체정비,브레이크/타이어,브레이크페달,탈착,CAN-001120
union_standard_time,7728057,승용-대형,소모품 및 하체정비,브레이크/타이어,브레이크페달,교환,CAN-001119
union_standard_time,7728058,승용-대형,기능정비,엔진 부품,클러치페달,탈착,CAN-002635
union_standard_time,7728058,승용-대형,기능정비,엔진 부품,클러치페달,교환,CAN-002634
union_standard_time,7728062,승용-대형,소모품 및 하체정비,브레이크/타이어,전자식 파킹브레이크 ASSY,탈착,CAN-002380
union_standard_time,7728062,승용-대형,소모품 및 하체정비,브레이크/타이어,전자식 파킹브레이크 ASSY,교환,CAN-002379
union_standard_time,7728064,승용-대형,소모품 및 하체정비,브레이크/타이어,전자식 브레이크 진공펌프,탈착,CAN-002378
union_standard_time,7728064,승용-대형,소모품 및 하체정비,브레이크/타이어,전자식 브레이크 진공펌프,교환,CAN-002377
union_standard_time,7728066,승용-대형,기능정비,엔진 부품,클러치 마스터 실린더,탈착,CAN-002627
union_standard_time,7728066,승용-대형,기능정비,엔진 부품,클러치 마스터 실린더,교환,CAN-002626
union_standard_time,7728067,승용-대형,기능정비,엔진 부품,클러치 케이블,탈착,CAN-002633
union_standard_time,7728067,승용-대형,기능정비,엔진 부품,클러치 케이블,교환,CAN-002632
union_standard_time,7728071,승용-대형,기능정비,엔진 부품,하이드로릭 파워 유닛,탈착,CAN-003244
union_standard_time,7728071,승용-대형,기능정비,엔진 부품,하이드로릭 파워 유닛,교환,CAN-003243
union_standard_time,7728343,승용-대형,소모품 및 하체정비,하체 부품,타이로드엔드(좌측),탈착,CAN-002647
union_standard_time,7728343,승용-대형,소모품 및 하체정비,하체 부품,타이로드엔드(좌측),교환,CAN-002646
union_standard_time,7728444,승용-대형,소모품 및 하체정비,하체 부품,타이로드엔드(우측),탈착,CAN-002645
union_standard_time,7728444,승용-대형,소모품 및 하체정비,하체 부품,타이로드엔드(우측),교환,CAN-002644
union_standard_time,7728508,승용-대형,소모품 및 하체정비,브레이크/타이어,"타이어(앞,좌)",교환,CAN-002694
union_standard_time,7728522,승용-대형,소모품 및 하체정비,브레이크/타이어,"휠(앞,좌)",교환,CAN-003398
union_standard_time,7728609,승용-대형,소모품 및 하체정비,브레이크/타이어,"타이어(앞,우)",교환,CAN-002693
union_standard_time,7728623,승용-대형,소모품 및 하체정비,브레이크/타이어,"휠(앞,우)",교환,CAN-003397
union_standard_time,7728710,승용-대형,소모품 및 하체정비,브레이크/타이어,"타이어(뒤,좌)",교환,CAN-002691
union_standard_time,7728724,승용-대형,소모품 및 하체정비,브레이크/타이어,"휠(뒤,좌)",교환,CAN-003393
union_standard_time,7728811,승용-대형,소모품 및 하체정비,브레이크/타이어,"타이어(뒤,우)",교환,CAN-002690
union_standard_time,7728825,승용-대형,소모품 및 하체정비,브레이크/타이어,"휠(뒤,우)",교환,CAN-003392
union_standard_time,7729026,승용-대형,소모품 및 하체정비,하체 부품,스티어링 휠,탈착,CAN-001407
union_standard_time,7729026,승용-대형,소모품 및 하체정비,하체 부품,스티어링 휠,교환,CAN-001406
union_standard_time,7729060,승용-대형,소모품 및 하체정비,브레이크/타이어,사이드 브레이크(핸드식),탈착,CAN-001173
union_standard_time,7729060,승용-대형,소모품 및 하체정비,브레이크/타이어,사이드 브레이크(핸드식),교환,CAN-001172
union_standard_time,7729061,승용-대형,소모품 및 하체정비,브레이크/타이어,사이드 브레이크(족동식),탈착,CAN-001171
union_standard_time,7729061,승용-대형,소모품 및 하체정비,브레이크/타이어,사이드 브레이크(족동식),교환,CAN-001170
union_standard_time,7729546,승용-대형,기능정비,전기 및 램프,"ABS 센서(앞,좌)",탈착,CAN-000008
union_standard_time,7729546,승용-대형,기능정비,전기 및 램프,"ABS 센서(앞,좌)",교환,CAN-000007
union_standard_time,7729647,승용-대형,기능정비,전기 및 램프,"ABS 센서(앞,우)",탈착,CAN-000006
union_standard_time,7729647,승용-대형,기능정비,전기 및 램프,"ABS 센서(앞,우)",교환,CAN-000005
union_standard_time,7729748,승용-대형,기능정비,전기 및 램프,"ABS 센서(뒤,좌)",탈착,CAN-000004
union_standard_time,7729748,승용-대형,기능정비,전기 및 램프,"ABS 센서(뒤,좌)",교환,CAN-000003
union_standard_time,7729849,승용-대형,기능정비,전기 및 램프,"ABS 센서(뒤,우)",탈착,CAN-000002
union_standard_time,7729849,승용-대형,기능정비,전기 및 램프,"ABS 센서(뒤,우)",교환,CAN-000001
union_standard_time,7738003,승용-대형,소모품 및 하체정비,브레이크/타이어,휠 얼라인먼트(전자식),조정,CAN-003401
union_standard_time,7738004,승용-대형,소모품 및 하체정비,브레이크/타이어,휠 얼라인먼트(기계식),조정,CAN-003399
union_standard_time,7738020,승용-대형,소모품 및 하체정비,브레이크/타이어,브레이크 파이핑(전체),탈착,CAN-001116
union_standard_time,7738020,승용-대형,소모품 및 하체정비,브레이크/타이어,브레이크 파이핑(전체),교환,CAN-001115
union_standard_time,7738021,승용-대형,소모품 및 하체정비,브레이크/타이어,브레이크 에어빼기,조정,CAN-001091
union_standard_time,7738022,승용-대형,기능정비,전기 및 램프,브레이크 에어빼기(ABS),조정,CAN-001090
union_standard_time,7738516,승용-대형,소모품 및 하체정비,브레이크/타이어,"브레이크 캘리퍼(앞,좌)",탈착,CAN-001111
union_standard_time,7738516,승용-대형,소모품 및 하체정비,브레이크/타이어,"브레이크 캘리퍼(앞,좌)",교환,CAN-001110
union_standard_time,7738617,승용-대형,소모품 및 하체정비,브레이크/타이어,"브레이크 캘리퍼(앞,우)",탈착,CAN-001108
union_standard_time,7738617,승용-대형,소모품 및 하체정비,브레이크/타이어,"브레이크 캘리퍼(앞,우)",교환,CAN-001107
union_standard_time,7738718,승용-대형,소모품 및 하체정비,브레이크/타이어,"브레이크 캘리퍼(뒤,좌)",탈착,CAN-001105
union_standard_time,7738718,승용-대형,소모품 및 하체정비,브레이크/타이어,"브레이크 캘리퍼(뒤,좌)",교환,CAN-001104
union_standard_time,7738819,승용-대형,소모품 및 하체정비,브레이크/타이어,"브레이크 캘리퍼(뒤,우)",탈착,CAN-001102
union_standard_time,7738819,승용-대형,소모품 및 하체정비,브레이크/타이어,"브레이크 캘리퍼(뒤,우)",교환,CAN-001101
union_standard_time,3568029,승용-대형,소모품 및 하체정비,브레이크/타이어,예비타이어 공구함탈착,탈착,CAN-002152
union_standard_time,7748001,승용-대형,기능정비,엔진 부품,차량크리닝(도장작업시),탈착,CAN-002395
union_standard_time,1028109,승용-대형,기능정비,엔진 부품,라디에이터그릴(상부커버),탈착,CAN-000329
union_standard_time,1069387,승용-대형,기능정비,엔진 부품,리어 휀다 가니쉬(좌측),탈착,CAN-000772
union_standard_time,1069488,승용-대형,기능정비,엔진 부품,리어 휀다 가니쉬(우측),탈착,CAN-000771
union_standard_time,1129321,승용-대형,판금/도장정비,판금(탈부착),프론트 도어 가니쉬(좌측),탈착,CAN-002936
union_standard_time,1129422,승용-대형,판금/도장정비,판금(탈부착),프론트 도어 가니쉬(우측),탈착,CAN-002935
union_standard_time,1139321,승용-대형,판금/도장정비,판금(탈부착),리어 도어 가니쉬(좌측),탈착,CAN-000493
union_standard_time,1139422,승용-대형,판금/도장정비,판금(탈부착),리어 도어 가니쉬(우측),탈착,CAN-000492
union_standard_time,3569030,승용-대형,판금/도장정비,판금(탈부착),에어덕트(범퍼탈착시),탈착,CAN-001763
union_standard_time,3559234,승용-대형,판금/도장정비,판금(탈부착),트렁크룸내 매트(뒤범퍼탈착시),탈착,CAN-002753
union_standard_time,5678010,승용-대형,기능정비,엔진 부품,엔진룸 커버,탈착,CAN-001941
union_standard_time,5679015,승용-대형,기능정비,엔진 부품,엔진룸 커버(볼트형),탈착,CAN-001942
union_standard_time,1018101,승용-고급형,판금/도장정비,판금(탈부착),프론트 범퍼,탈착,CAN-002997
union_standard_time,1018101,승용-고급형,판금/도장정비,판금(탈부착),프론트 범퍼,교환,CAN-002995
union_standard_time,1018101,승용-고급형,판금/도장정비,판금(탈부착),프론트 범퍼,오버홀,CAN-002996
union_standard_time,1018113,승용-고급형,판금/도장정비,판금(탈부착),프론트 범퍼 커버,탈착,CAN-003025
union_standard_time,1018113,승용-고급형,판금/도장정비,판금(탈부착),프론트 범퍼 커버,교환,CAN-003023
union_standard_time,1018113,승용-고급형,판금/도장정비,판금(탈부착),프론트 범퍼 커버,오버홀,CAN-003024
union_standard_time,1018114,승용-고급형,판금/도장정비,판금(탈부착),프론트 범퍼 레일,탈착,CAN-002999
union_standard_time,1018114,승용-고급형,판금/도장정비,판금(탈부착),프론트 범퍼 레일,교환,CAN-002998
union_standard_time,1019117,승용-고급형,판금/도장정비,판금(탈부착),프론트 범퍼 립,탈착,CAN-003005
union_standard_time,1019117,승용-고급형,판금/도장정비,판금(탈부착),프론트 범퍼 립,교환,CAN-003004
union_standard_time,1019321,승용-고급형,판금/도장정비,판금(탈부착),프론트범퍼 사이드브라켓(좌측),탈착,CAN-003014
union_standard_time,1019321,승용-고급형,판금/도장정비,판금(탈부착),프론트범퍼 사이드브라켓(좌측),교환,CAN-003013
union_standard_time,1019422,승용-고급형,판금/도장정비,판금(탈부착),프론트범퍼 사이드브라켓(우측),탈착,CAN-003012
union_standard_time,1019422,승용-고급형,판금/도장정비,판금(탈부착),프론트범퍼 사이드브라켓(우측),교환,CAN-003011
union_standard_time,1028101,승용-고급형,기능정비,엔진 부품,라디에이터그릴,탈착,CAN-000320
union_standard_time,1028101,승용-고급형,기능정비,엔진 부품,라디에이터그릴,교환,CAN-000318
union_standard_time,1028103,승용-고급형,기능정비,엔진 부품,엑티브 에어 플랩,탈착,CAN-001878
union_standard_time,1028103,승용-고급형,기능정비,엔진 부품,엑티브 에어 플랩,교환,CAN-001877
union_standard_time,1028107,승용-고급형,판금/도장정비,판금(탈부착),헤더패널,탈착,CAN-003267
union_standard_time,1028107,승용-고급형,판금/도장정비,판금(탈부착),헤더패널,교환,CAN-003266
union_standard_time,1038101,승용-고급형,판금/도장정비,판금(탈부착),후드,탈착,CAN-003318
union_standard_time,1038101,승용-고급형,판금/도장정비,판금(탈부착),후드,교환,CAN-003316
union_standard_time,1038101,승용-고급형,판금/도장정비,판금(탈부착),후드,오버홀,CAN-003317
union_standard_time,1039106,승용-고급형,판금/도장정비,판금(탈부착),후드 록크,탈착,CAN-003321
union_standard_time,1039106,승용-고급형,판금/도장정비,판금(탈부착),후드 록크,교환,CAN-003320
union_standard_time,1039107,승용-고급형,판금/도장정비,판금(탈부착),후드 케이블,탈착,CAN-003357
union_standard_time,1039107,승용-고급형,판금/도장정비,판금(탈부착),후드 케이블,교환,CAN-003356
union_standard_time,1039108,승용-고급형,판금/도장정비,판금(탈부착),후드 인슐레이션 패드,탈착,CAN-003355
union_standard_time,1039108,승용-고급형,판금/도장정비,판금(탈부착),후드 인슐레이션 패드,교환,CAN-003354
union_standard_time,1039302,승용-고급형,판금/도장정비,판금(탈부착),후드 힌지(좌측),탈착,CAN-003363
union_standard_time,1039302,승용-고급형,판금/도장정비,판금(탈부착),후드 힌지(좌측),교환,CAN-003362
union_standard_time,1039304,승용-고급형,판금/도장정비,판금(탈부착),후드쇼버(좌측),탈착,CAN-003349
union_standard_time,1039304,승용-고급형,판금/도장정비,판금(탈부착),후드쇼버(좌측),교환,CAN-003348
union_standard_time,1039403,승용-고급형,판금/도장정비,판금(탈부착),후드 힌지(우측),탈착,CAN-003361
union_standard_time,1039403,승용-고급형,판금/도장정비,판금(탈부착),후드 힌지(우측),교환,CAN-003360
union_standard_time,1039405,승용-고급형,판금/도장정비,판금(탈부착),후드쇼바(우측),탈착,CAN-003343
union_standard_time,1039405,승용-고급형,판금/도장정비,판금(탈부착),후드쇼바(우측),교환,CAN-003342
union_standard_time,1048040,승용-고급형,기능정비,전기 및 램프,혼,탈착,CAN-003310
union_standard_time,1048040,승용-고급형,기능정비,전기 및 램프,혼,교환,CAN-003309
union_standard_time,1048101,승용-고급형,판금/도장정비,판금(탈부착),프론트 패널 ASSY,교환,CAN-003128
union_standard_time,1048102,승용-고급형,판금/도장정비,판금(탈부착),프론트 패널 ASSY(조립식),탈착,CAN-003134
union_standard_time,1048102,승용-고급형,판금/도장정비,판금(탈부착),프론트 패널 ASSY(조립식),교환,CAN-003132
union_standard_time,1048103,승용-고급형,판금/도장정비,판금(탈부착),프론트 어퍼 및 사이드 서포트,교환,CAN-003107
union_standard_time,1048104,승용-고급형,판금/도장정비,판금(탈부착),프론트 어퍼 패널(볼트),탈착,CAN-003113
union_standard_time,1048104,승용-고급형,판금/도장정비,판금(탈부착),프론트 어퍼 패널(볼트),교환,CAN-003112
union_standard_time,1048105,승용-고급형,판금/도장정비,판금(탈부착),프론트 어퍼패널,탈착,CAN-003109
union_standard_time,1048105,승용-고급형,판금/도장정비,판금(탈부착),프론트 어퍼패널,교환,CAN-003108
union_standard_time,1048108,승용-고급형,판금/도장정비,판금(탈부착),프론트패널그룹,교환,CAN-003136
union_standard_time,1048113,승용-고급형,판금/도장정비,판금(탈부착),프론트패널(라디에이터부착상태),탈착,CAN-003138
union_standard_time,1048113,승용-고급형,판금/도장정비,판금(탈부착),프론트패널(라디에이터부착상태),교환,CAN-003137
union_standard_time,1048117,승용-고급형,기능정비,엔진 부품,스티프너 ASSY,탈착,CAN-001409
union_standard_time,1048117,승용-고급형,기능정비,엔진 부품,스티프너 ASSY,교환,CAN-001408
union_standard_time,1048132,승용-고급형,소모품 및 하체정비,하체 부품,라디에이터멤버,탈착,CAN-000340
union_standard_time,1048132,승용-고급형,소모품 및 하체정비,하체 부품,라디에이터멤버,교환,CAN-000339
union_standard_time,1048135,승용-고급형,소모품 및 하체정비,하체 부품,프론트 엔드 크로스멤버,교환,CAN-003114
union_standard_time,1048306,승용-고급형,판금/도장정비,판금(탈부착),사이드서포트패널(헤드램프,탈착,CAN-001177
union_standard_time,1048306,승용-고급형,판금/도장정비,판금(탈부착),사이드서포트패널(헤드램프,교환,CAN-001176
union_standard_time,1048315,승용-고급형,판금/도장정비,판금(탈부착),헤드램프 패널(좌측),탈착,CAN-003305
union_standard_time,1048315,승용-고급형,판금/도장정비,판금(탈부착),헤드램프 패널(좌측),교환,CAN-003304
union_standard_time,1048407,승용-고급형,판금/도장정비,판금(탈부착),사이드서포트패널(헤드램프,탈착,CAN-001177
union_standard_time,1048407,승용-고급형,판금/도장정비,판금(탈부착),사이드서포트패널(헤드램프,교환,CAN-001176
union_standard_time,1048416,승용-고급형,판금/도장정비,판금(탈부착),헤드램프 패널(우측),탈착,CAN-003303
union_standard_time,1048416,승용-고급형,판금/도장정비,판금(탈부착),헤드램프 패널(우측),교환,CAN-003302
union_standard_time,1049114,승용-고급형,기능정비,엔진 부품,센터스테이,탈착,CAN-001296
union_standard_time,1049114,승용-고급형,기능정비,엔진 부품,센터스테이,교환,CAN-001295
union_standard_time,1058301,승용-고급형,기능정비,전기 및 램프,헤드램프(좌측),탈착,CAN-003301
union_standard_time,1058301,승용-고급형,기능정비,전기 및 램프,헤드램프(좌측),교환,CAN-003300
union_standard_time,1058313,승용-고급형,기능정비,전기 및 램프,HID 헤드램프 밸러스트(좌측),탈착,CAN-000058
union_standard_time,1058313,승용-고급형,기능정비,전기 및 램프,HID 헤드램프 밸러스트(좌측),교환,CAN-000057
union_standard_time,1058320,승용-고급형,기능정비,전기 및 램프,시그널램프(좌측),탈착,CAN-001503
union_standard_time,1058320,승용-고급형,기능정비,전기 및 램프,시그널램프(좌측),교환,CAN-001502
union_standard_time,1058402,승용-고급형,기능정비,전기 및 램프,헤드램프(우측),탈착,CAN-003299
union_standard_time,1058402,승용-고급형,기능정비,전기 및 램프,헤드램프(우측),교환,CAN-003298
union_standard_time,1058414,승용-고급형,기능정비,전기 및 램프,HID 헤드램프 밸러스트(우측),탈착,CAN-000056
union_standard_time,1058414,승용-고급형,기능정비,전기 및 램프,HID 헤드램프 밸러스트(우측),교환,CAN-000055
union_standard_time,1058421,승용-고급형,기능정비,전기 및 램프,시그널램프(우측),탈착,CAN-001501
union_standard_time,1058421,승용-고급형,기능정비,전기 및 램프,시그널램프(우측),교환,CAN-001500
union_standard_time,1059303,승용-고급형,기능정비,전기 및 램프,헤드램프브라켓(좌측),탈착,CAN-003290
union_standard_time,1059303,승용-고급형,기능정비,전기 및 램프,헤드램프브라켓(좌측),교환,CAN-003289
union_standard_time,1059305,승용-고급형,기능정비,전기 및 램프,"헤드램프브라켓(수리킷,좌#1)",교환,CAN-003283
union_standard_time,1059306,승용-고급형,기능정비,전기 및 램프,"헤드램프브라켓(수리킷,좌#2)",교환,CAN-003284
union_standard_time,1059317,승용-고급형,기능정비,전기 및 램프,헤드램프 가니쉬(좌측),탈착,CAN-003274
union_standard_time,1059317,승용-고급형,기능정비,전기 및 램프,헤드램프 가니쉬(좌측),교환,CAN-003273
union_standard_time,1059326,승용-고급형,기능정비,전기 및 램프,포그램프(좌측),탈착,CAN-002911
union_standard_time,1059326,승용-고급형,기능정비,전기 및 램프,포그램프(좌측),교환,CAN-002910
union_standard_time,1059333,승용-고급형,기능정비,엔진 부품,볼티지 스테빌라이져(좌측),탈착,CAN-001072
union_standard_time,1059333,승용-고급형,기능정비,엔진 부품,볼티지 스테빌라이져(좌측),교환,CAN-001071
union_standard_time,1059335,승용-고급형,기능정비,전기 및 램프,LED 드라이브 모듈(좌측),탈착,CAN-000062
union_standard_time,1059335,승용-고급형,기능정비,전기 및 램프,LED 드라이브 모듈(좌측),교환,CAN-000061
union_standard_time,1059404,승용-고급형,기능정비,전기 및 램프,헤드램프브라켓(우측),탈착,CAN-003288
union_standard_time,1059404,승용-고급형,기능정비,전기 및 램프,헤드램프브라켓(우측),교환,CAN-003287
union_standard_time,1059409,승용-고급형,기능정비,전기 및 램프,"헤드램프브라켓(수리킷,우#1)",교환,CAN-003279
union_standard_time,1059410,승용-고급형,기능정비,전기 및 램프,"헤드램프브라켓(수리킷,우#2)",교환,CAN-003280
union_standard_time,1059418,승용-고급형,기능정비,전기 및 램프,헤드램프 가니쉬(우측),탈착,CAN-003270
union_standard_time,1059418,승용-고급형,기능정비,전기 및 램프,헤드램프 가니쉬(우측),교환,CAN-003269
union_standard_time,1059427,승용-고급형,기능정비,전기 및 램프,포그램프(우측),탈착,CAN-002909
union_standard_time,1059427,승용-고급형,기능정비,전기 및 램프,포그램프(우측),교환,CAN-002908
union_standard_time,1059434,승용-고급형,기능정비,엔진 부품,볼티지 스테빌라이져(우측),탈착,CAN-001070
union_standard_time,1059434,승용-고급형,기능정비,엔진 부품,볼티지 스테빌라이져(우측),교환,CAN-001069
union_standard_time,1059436,승용-고급형,기능정비,전기 및 램프,LED 드라이브 모듈(우측),탈착,CAN-000060
union_standard_time,1059436,승용-고급형,기능정비,전기 및 램프,LED 드라이브 모듈(우측),교환,CAN-000059
union_standard_time,1068301,승용-고급형,기능정비,엔진 부품,프론트휀다(좌측),탈착,CAN-003192
union_standard_time,1068301,승용-고급형,기능정비,엔진 부품,프론트휀다(좌측),교환,CAN-003191
union_standard_time,1068325,승용-고급형,소모품 및 하체정비,브레이크/타이어,프론트휠하우스(좌측),교환,CAN-003204
union_standard_time,1068328,승용-고급형,판금/도장정비,판금(탈부착),후드리지 어퍼 ASSY(좌측),교환,CAN-003331
union_standard_time,1068329,승용-고급형,판금/도장정비,판금(탈부착),후드리지 어퍼 프론트(좌측),교환,CAN-003333
union_standard_time,1068330,승용-고급형,판금/도장정비,판금(탈부착),후드리지 로워 ASSY(좌측),교환,CAN-003323
union_standard_time,1068331,승용-고급형,판금/도장정비,판금(탈부착),후드리지 로워 프론트(좌측),교환,CAN-003325
union_standard_time,1068343,승용-고급형,소모품 및 하체정비,브레이크/타이어,휠하우스 브레이스(좌측),교환,CAN-003417
union_standard_time,1068357,승용-고급형,소모품 및 하체정비,하체 부품,프론트 사이드멤버 ASSY(좌측),교환,CAN-003034
union_standard_time,1068360,승용-고급형,소모품 및 하체정비,하체 부품,사이드멤버 클로징플레이트(좌측),교환,CAN-001134
union_standard_time,1068369,승용-고급형,소모품 및 하체정비,하체 부품,"프론트사이드멤버선단(좌,볼트식",탈착,CAN-003044
union_standard_time,1068369,승용-고급형,소모품 및 하체정비,하체 부품,"프론트사이드멤버선단(좌,볼트식",교환,CAN-003043
union_standard_time,1068371,승용-고급형,소모품 및 하체정비,하체 부품,"휠하우스 및 사이드멤버(좌,전체",교환,CAN-003411
union_standard_time,1068403,승용-고급형,기능정비,엔진 부품,프론트휀다(우측),탈착,CAN-003190
union_standard_time,1068403,승용-고급형,기능정비,엔진 부품,프론트휀다(우측),교환,CAN-003189
union_standard_time,1068426,승용-고급형,판금/도장정비,판금(탈부착),프론트 휠하우스아우터패널(좌측),교환,CAN-003200
union_standard_time,1068434,승용-고급형,소모품 및 하체정비,브레이크/타이어,프론트휠하우스(우측),교환,CAN-003203
union_standard_time,1068435,승용-고급형,판금/도장정비,판금(탈부착),프론트 휠하우스아우터패널(우측),교환,CAN-003199
union_standard_time,1068437,승용-고급형,판금/도장정비,판금(탈부착),후드리지 어퍼 ASSY(우측),교환,CAN-003330
union_standard_time,1068438,승용-고급형,판금/도장정비,판금(탈부착),후드리지 어퍼 프론트(우측),교환,CAN-003332
union_standard_time,1068439,승용-고급형,판금/도장정비,판금(탈부착),후드리지 로워 ASSY(우측),교환,CAN-003322
union_standard_time,1068440,승용-고급형,판금/도장정비,판금(탈부착),후드리지 로워 프론트(우측),교환,CAN-003324
union_standard_time,1068449,승용-고급형,소모품 및 하체정비,브레이크/타이어,휠하우스 브레이스(우측),교환,CAN-003415
union_standard_time,1068463,승용-고급형,소모품 및 하체정비,하체 부품,프론트 사이드멤버 ASSY(우측),교환,CAN-003033
union_standard_time,1068466,승용-고급형,소모품 및 하체정비,하체 부품,사이드멤버 클로징플레이트(우측),교환,CAN-001133
union_standard_time,1068470,승용-고급형,소모품 및 하체정비,하체 부품,"프론트사이드멤버선단(우,볼트식",탈착,CAN-003042
union_standard_time,1068470,승용-고급형,소모품 및 하체정비,하체 부품,"프론트사이드멤버선단(우,볼트식",교환,CAN-003041
union_standard_time,1068473,승용-고급형,소모품 및 하체정비,하체 부품,"휠하우스 및 사이드멤버(우,전체",교환,CAN-003407
union_standard_time,1068527,승용-고급형,소모품 및 하체정비,브레이크/타이어,"프론트 휠 하우스(앞부분,좌)",교환,CAN-003202
union_standard_time,1068558,승용-고급형,소모품 및 하체정비,하체 부품,"프론트사이드멤버(앞부분,좌)",탈착,CAN-003050
union_standard_time,1068558,승용-고급형,소모품 및 하체정비,하체 부품,"프론트사이드멤버(앞부분,좌)",교환,CAN-003049
union_standard_time,1068572,승용-고급형,소모품 및 하체정비,하체 부품,"휠하우스 및 사이드멤버(좌,대쉬",교환,CAN-003410
union_standard_time,1068636,승용-고급형,소모품 및 하체정비,브레이크/타이어,"프론트 휠 하우스(앞부분,우)",교환,CAN-003201
union_standard_time,1068664,승용-고급형,소모품 및 하체정비,하체 부품,"프론트사이드멤버(앞부분,우)",탈착,CAN-003048
union_standard_time,1068664,승용-고급형,소모품 및 하체정비,하체 부품,"프론트사이드멤버(앞부분,우)",교환,CAN-003047
union_standard_time,1068674,승용-고급형,소모품 및 하체정비,하체 부품,"휠하우스 및 사이드멤버(우,대쉬",교환,CAN-003406
union_standard_time,1069309,승용-고급형,소모품 및 하체정비,브레이크/타이어,프론트휠가드(좌측),탈착,CAN-003196
union_standard_time,1069309,승용-고급형,소모품 및 하체정비,브레이크/타이어,프론트휠가드(좌측),교환,CAN-003195
union_standard_time,1069311,승용-고급형,소모품 및 하체정비,브레이크/타이어,리어 휠가드(좌측),탈착,CAN-000805
union_standard_time,1069311,승용-고급형,소모품 및 하체정비,브레이크/타이어,리어 휠가드(좌측),교환,CAN-000804
union_standard_time,1069319,승용-고급형,기능정비,엔진 부품,휀다 브라켓(좌측),교환,CAN-003381
union_standard_time,1069321,승용-고급형,기능정비,엔진 부품,프론트휀다 가니쉬(좌측),탈착,CAN-003184
union_standard_time,1069321,승용-고급형,기능정비,엔진 부품,프론트휀다 가니쉬(좌측),교환,CAN-003183
union_standard_time,1069410,승용-고급형,소모품 및 하체정비,브레이크/타이어,프론트휠가드(우측),탈착,CAN-003194
union_standard_time,1069410,승용-고급형,소모품 및 하체정비,브레이크/타이어,프론트휠가드(우측),교환,CAN-003193
union_standard_time,1069412,승용-고급형,소모품 및 하체정비,브레이크/타이어,리어 휠가드(우측),탈착,CAN-000803
union_standard_time,1069412,승용-고급형,소모품 및 하체정비,브레이크/타이어,리어 휠가드(우측),교환,CAN-000802
union_standard_time,1069420,승용-고급형,기능정비,엔진 부품,휀다 브라켓(우측),교환,CAN-003380
union_standard_time,1069422,승용-고급형,기능정비,엔진 부품,프론트휀다 가니쉬(우측),탈착,CAN-003182
union_standard_time,1069422,승용-고급형,기능정비,엔진 부품,프론트휀다 가니쉬(우측),교환,CAN-003181
union_standard_time,1078001,승용-고급형,기능정비,엔진 부품,카울그릴,탈착,CAN-002437
union_standard_time,1078001,승용-고급형,기능정비,엔진 부품,카울그릴,교환,CAN-002436
union_standard_time,1078002,승용-고급형,판금/도장정비,판금(탈부착),카울패널,교환,CAN-002454
union_standard_time,1078010,승용-고급형,판금/도장정비,판금(탈부착),카울패널(어퍼),교환,CAN-002457
union_standard_time,1078013,승용-고급형,판금/도장정비,판금(탈부착),대쉬 로워패널,교환,CAN-000138
union_standard_time,1078014,승용-고급형,판금/도장정비,판금(탈부착),대쉬패널 센터(볼트식),탈착,CAN-000148
union_standard_time,1078014,승용-고급형,판금/도장정비,판금(탈부착),대쉬패널 센터(볼트식),교환,CAN-000147
union_standard_time,1078015,승용-고급형,판금/도장정비,판금(탈부착),대쉬패널멤버(크로스멤버),교환,CAN-000146
union_standard_time,1078017,승용-고급형,기능정비,엔진 부품,대쉬인슐레이터,탈착,CAN-000143
union_standard_time,1078017,승용-고급형,기능정비,엔진 부품,대쉬인슐레이터,교환,CAN-000142
union_standard_time,1078024,승용-고급형,소모품 및 하체정비,하체 부품,카울크로스멤버,탈착,CAN-002449
union_standard_time,1078024,승용-고급형,소모품 및 하체정비,하체 부품,카울크로스멤버,교환,CAN-002448
union_standard_time,1078026,승용-고급형,소모품 및 하체정비,하체 부품,카울 크로스멤버(용접식),교환,CAN-002450
union_standard_time,1078029,승용-고급형,판금/도장정비,판금(탈부착),카울 및 대쉬패널,교환,CAN-002439
union_standard_time,1078306,승용-고급형,판금/도장정비,판금(탈부착),카울사이드패널(좌측),교환,CAN-002441
union_standard_time,1078308,승용-고급형,판금/도장정비,판금(탈부착),카울사이드패널(우측),교환,CAN-002440
union_standard_time,1078407,승용-고급형,판금/도장정비,판금(탈부착),카울사이드패널(좌측),교환,CAN-002441
union_standard_time,1078409,승용-고급형,판금/도장정비,판금(탈부착),카울사이드패널(우측),교환,CAN-002440
union_standard_time,1088301,승용-고급형,기능정비,엔진 부품,프론트필러ASSY(좌측),교환,CAN-003160
union_standard_time,1088302,승용-고급형,기능정비,엔진 부품,"프론트필러(외측,좌)",교환,CAN-003170
union_standard_time,1088307,승용-고급형,기능정비,엔진 부품,윈도우필러(좌측),교환,CAN-002239
union_standard_time,1088410,승용-고급형,기능정비,엔진 부품,프론트필러ASSY(우측),교환,CAN-003159
union_standard_time,1088411,승용-고급형,기능정비,엔진 부품,"프론트필러(외측,우)",교환,CAN-003169
union_standard_time,1088416,승용-고급형,기능정비,엔진 부품,윈도우필러(우측),교환,CAN-002237
union_standard_time,1128301,승용-고급형,판금/도장정비,판금(탈부착),프론트도어(좌측),탈착,CAN-002970
union_standard_time,1128301,승용-고급형,판금/도장정비,판금(탈부착),프론트도어(좌측),교환,CAN-002968
union_standard_time,1128301,승용-고급형,판금/도장정비,판금(탈부착),프론트도어(좌측),오버홀,CAN-002969
union_standard_time,1128305,승용-고급형,판금/도장정비,판금(탈부착),"프론트 도어(좌,파워)",탈착,CAN-002976
union_standard_time,1128305,승용-고급형,판금/도장정비,판금(탈부착),"프론트 도어(좌,파워)",교환,CAN-002974
union_standard_time,1128305,승용-고급형,판금/도장정비,판금(탈부착),"프론트 도어(좌,파워)",오버홀,CAN-002975
union_standard_time,1128406,승용-고급형,판금/도장정비,판금(탈부착),프론트도어(우측),탈착,CAN-002954
union_standard_time,1128406,승용-고급형,판금/도장정비,판금(탈부착),프론트도어(우측),교환,CAN-002952
union_standard_time,1128406,승용-고급형,판금/도장정비,판금(탈부착),프론트도어(우측),오버홀,CAN-002953
union_standard_time,1128410,승용-고급형,판금/도장정비,판금(탈부착),"프론트 도어(우,파워)",탈착,CAN-002960
union_standard_time,1128410,승용-고급형,판금/도장정비,판금(탈부착),"프론트 도어(우,파워)",교환,CAN-002958
union_standard_time,1128410,승용-고급형,판금/도장정비,판금(탈부착),"프론트 도어(우,파워)",오버홀,CAN-002959
union_standard_time,1129315,승용-고급형,판금/도장정비,판금(탈부착),프론트 도어 몰딩(좌측),탈착,CAN-002941
union_standard_time,1129315,승용-고급형,판금/도장정비,판금(탈부착),프론트 도어 몰딩(좌측),교환,CAN-002940
union_standard_time,1129416,승용-고급형,판금/도장정비,판금(탈부착),프론트 도어 몰딩(우측),탈착,CAN-002939
union_standard_time,1129416,승용-고급형,판금/도장정비,판금(탈부착),프론트 도어 몰딩(우측),교환,CAN-002938
union_standard_time,1138301,승용-고급형,판금/도장정비,판금(탈부착),리어도어(좌측),탈착,CAN-000513
union_standard_time,1138301,승용-고급형,판금/도장정비,판금(탈부착),리어도어(좌측),교환,CAN-000511
union_standard_time,1138301,승용-고급형,판금/도장정비,판금(탈부착),리어도어(좌측),오버홀,CAN-000512
union_standard_time,1138306,승용-고급형,판금/도장정비,판금(탈부착),"리어 도어(좌,파워)",탈착,CAN-000516
union_standard_time,1138306,승용-고급형,판금/도장정비,판금(탈부착),"리어 도어(좌,파워)",교환,CAN-000514
union_standard_time,1138306,승용-고급형,판금/도장정비,판금(탈부착),"리어 도어(좌,파워)",오버홀,CAN-000515
union_standard_time,1138317,승용-고급형,판금/도장정비,판금(탈부착),리어 도어 몰딩(좌측),탈착,CAN-000497
union_standard_time,1138317,승용-고급형,판금/도장정비,판금(탈부착),리어 도어 몰딩(좌측),교환,CAN-000496
union_standard_time,1138407,승용-고급형,판금/도장정비,판금(탈부착),리어도어(우측),탈착,CAN-000504
union_standard_time,1138407,승용-고급형,판금/도장정비,판금(탈부착),리어도어(우측),교환,CAN-000502
union_standard_time,1138407,승용-고급형,판금/도장정비,판금(탈부착),리어도어(우측),오버홀,CAN-000503
union_standard_time,1138412,승용-고급형,판금/도장정비,판금(탈부착),"리어 도어(우,파워)",탈착,CAN-000507
union_standard_time,1138412,승용-고급형,판금/도장정비,판금(탈부착),"리어 도어(우,파워)",교환,CAN-000505
union_standard_time,1138412,승용-고급형,판금/도장정비,판금(탈부착),"리어 도어(우,파워)",오버홀,CAN-000506
union_standard_time,1138418,승용-고급형,판금/도장정비,판금(탈부착),리어 도어 몰딩(우측),탈착,CAN-000495
union_standard_time,1138418,승용-고급형,판금/도장정비,판금(탈부착),리어 도어 몰딩(우측),교환,CAN-000494
union_standard_time,1139319,승용-고급형,판금/도장정비,판금(탈부착),리어도어 힌지(좌측),탈착,CAN-000524
union_standard_time,1139319,승용-고급형,판금/도장정비,판금(탈부착),리어도어 힌지(좌측),교환,CAN-000523
union_standard_time,1139420,승용-고급형,판금/도장정비,판금(탈부착),리어도어 힌지(우측),탈착,CAN-000522
union_standard_time,1139420,승용-고급형,판금/도장정비,판금(탈부착),리어도어 힌지(우측),교환,CAN-000521
union_standard_time,1168509,승용-고급형,판금/도장정비,판금(탈부착),전동식 파워도어 유닛(앞좌),탈착,CAN-002346
union_standard_time,1168509,승용-고급형,판금/도장정비,판금(탈부착),전동식 파워도어 유닛(앞좌),교환,CAN-002345
union_standard_time,1168610,승용-고급형,판금/도장정비,판금(탈부착),전동식 파워도어 유닛(앞우),탈착,CAN-002344
union_standard_time,1168610,승용-고급형,판금/도장정비,판금(탈부착),전동식 파워도어 유닛(앞우),교환,CAN-002343
union_standard_time,1168711,승용-고급형,판금/도장정비,판금(탈부착),전동식 파워도어 유닛(뒤좌),탈착,CAN-002342
union_standard_time,1168711,승용-고급형,판금/도장정비,판금(탈부착),전동식 파워도어 유닛(뒤좌),교환,CAN-002341
union_standard_time,1168713,승용-고급형,기능정비,엔진 부품,전동식 롤러블라인드(뒤좌),탈착,CAN-002332
union_standard_time,1168713,승용-고급형,기능정비,엔진 부품,전동식 롤러블라인드(뒤좌),교환,CAN-002331
union_standard_time,1168812,승용-고급형,판금/도장정비,판금(탈부착),전동식 파워도어 유닛(뒤우),탈착,CAN-002340
union_standard_time,1168812,승용-고급형,판금/도장정비,판금(탈부착),전동식 파워도어 유닛(뒤우),교환,CAN-002339
union_standard_time,1168814,승용-고급형,기능정비,엔진 부품,전동식 롤러블라인드(뒤우),탈착,CAN-002330
union_standard_time,1168814,승용-고급형,기능정비,엔진 부품,전동식 롤러블라인드(뒤우),교환,CAN-002329
union_standard_time,1169301,승용-고급형,기능정비,엔진 부품,사이드미러(좌측),탈착,CAN-001156
union_standard_time,1169301,승용-고급형,기능정비,엔진 부품,사이드미러(좌측),교환,CAN-001154
union_standard_time,1169302,승용-고급형,기능정비,엔진 부품,"사이드미러(전동식,좌)",탈착,CAN-001150
union_standard_time,1169302,승용-고급형,기능정비,엔진 부품,"사이드미러(전동식,좌)",교환,CAN-001149
union_standard_time,1169404,승용-고급형,기능정비,엔진 부품,사이드미러(우측),탈착,CAN-001144
union_standard_time,1169404,승용-고급형,기능정비,엔진 부품,사이드미러(우측),교환,CAN-001142
union_standard_time,1169405,승용-고급형,기능정비,엔진 부품,"사이드미러(전동식,우)",탈착,CAN-001148
union_standard_time,1169405,승용-고급형,기능정비,엔진 부품,"사이드미러(전동식,우)",교환,CAN-001147
union_standard_time,1178301,승용-고급형,기능정비,엔진 부품,센터필러ASSY(좌측),교환,CAN-001304
union_standard_time,1178302,승용-고급형,기능정비,엔진 부품,"센터 필러 ASSY(리무진형,좌)",교환,CAN-001302
union_standard_time,1178303,승용-고급형,기능정비,엔진 부품,"센터필러(외측,좌)",교환,CAN-001309
union_standard_time,1178304,승용-고급형,기능정비,엔진 부품,"센터 필러(외측,좌,리무진형)",교환,CAN-001310
union_standard_time,1178308,승용-고급형,기능정비,엔진 부품,"센터 필러(외측,우,리무진형)",교환,CAN-001308
union_standard_time,1178309,승용-고급형,기능정비,엔진 부품,"센터필러(내측,좌)",교환,CAN-001306
union_standard_time,1178405,승용-고급형,기능정비,엔진 부품,센터필러ASSY(우측),교환,CAN-001303
union_standard_time,1178406,승용-고급형,기능정비,엔진 부품,"센터 필러 ASSY(리무진형,우)",교환,CAN-001301
union_standard_time,1178407,승용-고급형,기능정비,엔진 부품,"센터필러(외측,우)",교환,CAN-001307
union_standard_time,1178410,승용-고급형,기능정비,엔진 부품,"센터필러(내측,우)",교환,CAN-001305
union_standard_time,1188301,승용-고급형,판금/도장정비,판금(탈부착),사이드스텝패널ASSY(좌측),교환,CAN-001193
union_standard_time,1188302,승용-고급형,판금/도장정비,판금(탈부착),"사이드스텝패널(외측,좌)",교환,CAN-001200
union_standard_time,1188304,승용-고급형,판금/도장정비,판금(탈부착),"사이드스텝패널(부분,외측,좌)",교환,CAN-001197
union_standard_time,1188405,승용-고급형,판금/도장정비,판금(탈부착),사이드스텝패널ASSY(우측),교환,CAN-001192
union_standard_time,1188406,승용-고급형,판금/도장정비,판금(탈부착),"사이드스텝패널(외측,우)",교환,CAN-001198
union_standard_time,1188408,승용-고급형,판금/도장정비,판금(탈부착),"사이드스텝패널(부분,외측,우)",교환,CAN-001196
union_standard_time,1198311,승용-고급형,판금/도장정비,판금(탈부착),사이드스텝몰딩(좌측),탈착,CAN-001185
union_standard_time,1198311,승용-고급형,판금/도장정비,판금(탈부착),사이드스텝몰딩(좌측),교환,CAN-001184
union_standard_time,1198412,승용-고급형,판금/도장정비,판금(탈부착),사이드스텝몰딩(우측),탈착,CAN-001183
union_standard_time,1198412,승용-고급형,판금/도장정비,판금(탈부착),사이드스텝몰딩(우측),교환,CAN-001182
union_standard_time,1208303,승용-고급형,기능정비,엔진 부품,"사이드 프레임ASSY(외측,좌)",교환,CAN-001238
union_standard_time,1208305,승용-고급형,기능정비,엔진 부품,"사이드 프레임ASSY(일체,좌)",교환,CAN-001240
union_standard_time,1208307,승용-고급형,기능정비,엔진 부품,"사이드 프레임(외측,좌) I",교환,CAN-001247
union_standard_time,1208309,승용-고급형,기능정비,엔진 부품,"사이드 프레임(일체,좌) I",교환,CAN-001252
union_standard_time,1208311,승용-고급형,기능정비,엔진 부품,"사이드 프레임(외측,좌) II",교환,CAN-001246
union_standard_time,1208313,승용-고급형,기능정비,엔진 부품,"사이드 프레임(일체,좌) II",교환,CAN-001251
union_standard_time,1208404,승용-고급형,기능정비,엔진 부품,"사이드 프레임ASSY(외측,우)",교환,CAN-001237
union_standard_time,1208406,승용-고급형,기능정비,엔진 부품,"사이드 프레임ASSY(일체,우)",교환,CAN-001239
union_standard_time,1208408,승용-고급형,기능정비,엔진 부품,"사이드 프레임(외측,우) I",교환,CAN-001245
union_standard_time,1208410,승용-고급형,기능정비,엔진 부품,"사이드 프레임(일체,우) I",교환,CAN-001250
union_standard_time,1208412,승용-고급형,기능정비,엔진 부품,"사이드 프레임(외측,우) II",교환,CAN-001244
union_standard_time,1208414,승용-고급형,기능정비,엔진 부품,"사이드 프레임(일체,우) II",교환,CAN-001249
union_standard_time,1218001,승용-고급형,판금/도장정비,판금(탈부착),루프패널,교환,CAN-000458
union_standard_time,1218007,승용-고급형,판금/도장정비,판금(탈부착),루프패널(앞),교환,CAN-000466
union_standard_time,1218008,승용-고급형,판금/도장정비,판금(탈부착),루프패널(뒤),교환,CAN-000461
union_standard_time,1218035,승용-고급형,기능정비,엔진 부품,인사이드 미러(룸미러),탈착,CAN-002256
union_standard_time,1218035,승용-고급형,기능정비,엔진 부품,인사이드 미러(룸미러),교환,CAN-002255
union_standard_time,1219009,승용-고급형,판금/도장정비,판금(탈부착),루프프론트헤더패널,교환,CAN-000471
union_standard_time,1219010,승용-고급형,판금/도장정비,판금(탈부착),루프리어헤더패널,교환,CAN-000398
union_standard_time,1219012,승용-고급형,판금/도장정비,판금(탈부착),루프 레인포스먼트 ASSY,교환,CAN-000397
union_standard_time,1219013,승용-고급형,판금/도장정비,판금(탈부착),선루프 레인포스먼트 ASSY,교환,CAN-001272
union_standard_time,1219016,승용-고급형,판금/도장정비,판금(탈부착),루프크로스레일#1,교환,CAN-000420
union_standard_time,1219017,승용-고급형,판금/도장정비,판금(탈부착),루프크로스레일#2,교환,CAN-000422
union_standard_time,1219018,승용-고급형,판금/도장정비,판금(탈부착),루프크로스레일#3,교환,CAN-000423
union_standard_time,1219019,승용-고급형,판금/도장정비,판금(탈부착),루프 크로스 레일 NO.4,교환,CAN-000431
union_standard_time,1219021,승용-고급형,판금/도장정비,판금(탈부착),선루프 센터레일,교환,CAN-001273
union_standard_time,1219027,승용-고급형,판금/도장정비,판금(탈부착),루프톱실링ASSY,탈착,CAN-000435
union_standard_time,1219027,승용-고급형,판금/도장정비,판금(탈부착),루프톱실링ASSY,교환,CAN-000434
union_standard_time,1219314,승용-고급형,판금/도장정비,판금(탈부착),루프 사이드 레일(좌측),교환,CAN-000407
union_standard_time,1219323,승용-고급형,판금/도장정비,판금(탈부착),루프 사이드 몰딩(좌측),탈착,CAN-000411
union_standard_time,1219323,승용-고급형,판금/도장정비,판금(탈부착),루프 사이드 몰딩(좌측),교환,CAN-000410
union_standard_time,1219415,승용-고급형,판금/도장정비,판금(탈부착),루프 사이드 레일(우측),교환,CAN-000406
union_standard_time,1219425,승용-고급형,판금/도장정비,판금(탈부착),루프 사이드 몰딩(우측),탈착,CAN-000409
union_standard_time,1219425,승용-고급형,판금/도장정비,판금(탈부착),루프 사이드 몰딩(우측),교환,CAN-000408
union_standard_time,1228201,승용-고급형,판금/도장정비,판금(탈부착),리어범퍼,탈착,CAN-000536
union_standard_time,1228201,승용-고급형,판금/도장정비,판금(탈부착),리어범퍼,교환,CAN-000534
union_standard_time,1228201,승용-고급형,판금/도장정비,판금(탈부착),리어범퍼,오버홀,CAN-000535
union_standard_time,1228217,승용-고급형,판금/도장정비,판금(탈부착),리어 범퍼 레일,탈착,CAN-000538
union_standard_time,1228217,승용-고급형,판금/도장정비,판금(탈부착),리어 범퍼 레일,교환,CAN-000537
union_standard_time,1228218,승용-고급형,판금/도장정비,판금(탈부착),리어보조범퍼,탈착,CAN-000560
union_standard_time,1228218,승용-고급형,판금/도장정비,판금(탈부착),리어보조범퍼,교환,CAN-000559
union_standard_time,1228335,승용-고급형,기능정비,엔진 부품,후측방경보유닛(좌측),탈착,CAN-003379
union_standard_time,1228335,승용-고급형,기능정비,엔진 부품,후측방경보유닛(좌측),교환,CAN-003378
union_standard_time,1228436,승용-고급형,기능정비,엔진 부품,후측방경보유닛(우측),탈착,CAN-003377
union_standard_time,1228436,승용-고급형,기능정비,엔진 부품,후측방경보유닛(우측),교환,CAN-003376
union_standard_time,1229114,승용-고급형,판금/도장정비,판금(탈부착),프론트 범퍼 전방 센서,탈착,CAN-003022
union_standard_time,1229114,승용-고급형,판금/도장정비,판금(탈부착),프론트 범퍼 전방 센서,교환,CAN-003021
union_standard_time,1229115,승용-고급형,기능정비,전기 및 램프,전방 감지센서(주차보조),탈착,CAN-002370
union_standard_time,1229115,승용-고급형,기능정비,전기 및 램프,전방 감지센서(주차보조),교환,CAN-002369
union_standard_time,1229216,승용-고급형,기능정비,전기 및 램프,후방감지센서,탈착,CAN-003371
union_standard_time,1229216,승용-고급형,기능정비,전기 및 램프,후방감지센서,교환,CAN-003370
union_standard_time,1229222,승용-고급형,판금/도장정비,판금(탈부착),리어범퍼 언더커버,탈착,CAN-000551
union_standard_time,1229222,승용-고급형,판금/도장정비,판금(탈부착),리어범퍼 언더커버,교환,CAN-000550
union_standard_time,1229320,승용-고급형,판금/도장정비,판금(탈부착),리어범퍼 사이드브라켓(좌측),탈착,CAN-000548
union_standard_time,1229320,승용-고급형,판금/도장정비,판금(탈부착),리어범퍼 사이드브라켓(좌측),교환,CAN-000547
union_standard_time,1229421,승용-고급형,판금/도장정비,판금(탈부착),리어범퍼 사이드브라켓(우측),탈착,CAN-000546
union_standard_time,1229421,승용-고급형,판금/도장정비,판금(탈부착),리어범퍼 사이드브라켓(우측),교환,CAN-000545
union_standard_time,1238201,승용-고급형,판금/도장정비,판금(탈부착),트렁크리드,탈착,CAN-002768
union_standard_time,1238201,승용-고급형,판금/도장정비,판금(탈부착),트렁크리드,교환,CAN-002766
union_standard_time,1238201,승용-고급형,판금/도장정비,판금(탈부착),트렁크리드,오버홀,CAN-002767
union_standard_time,1238217,승용-고급형,판금/도장정비,판금(탈부착),파워트렁크 콘트롤러,탈착,CAN-002862
union_standard_time,1238217,승용-고급형,판금/도장정비,판금(탈부착),파워트렁크 콘트롤러,교환,CAN-002861
union_standard_time,1238416,승용-고급형,판금/도장정비,판금(탈부착),파워트렁크 모터&링키지(우측),탈착,CAN-002860
union_standard_time,1238416,승용-고급형,판금/도장정비,판금(탈부착),파워트렁크 모터&링키지(우측),교환,CAN-002859
union_standard_time,1239204,승용-고급형,판금/도장정비,판금(탈부착),트렁크리드 스프링(막대형),탈착,CAN-002794
union_standard_time,1239204,승용-고급형,판금/도장정비,판금(탈부착),트렁크리드 스프링(막대형),교환,CAN-002793
union_standard_time,1239207,승용-고급형,판금/도장정비,판금(탈부착),트렁크리드 마그네트,탈착,CAN-002776
union_standard_time,1239207,승용-고급형,판금/도장정비,판금(탈부착),트렁크리드 마그네트,교환,CAN-002775
union_standard_time,1239210,승용-고급형,판금/도장정비,판금(탈부착),트렁크리드 록크,탈착,CAN-002774
union_standard_time,1239210,승용-고급형,판금/도장정비,판금(탈부착),트렁크리드 록크,교환,CAN-002773
union_standard_time,1239213,승용-고급형,판금/도장정비,판금(탈부착),트렁크리드 케이블,탈착,CAN-002804
union_standard_time,1239213,승용-고급형,판금/도장정비,판금(탈부착),트렁크리드 케이블,교환,CAN-002803
union_standard_time,1239218,승용-고급형,판금/도장정비,판금(탈부착),트렁크리드백피니셔,탈착,CAN-002778
union_standard_time,1239218,승용-고급형,판금/도장정비,판금(탈부착),트렁크리드백피니셔,교환,CAN-002777
union_standard_time,1239219,승용-고급형,판금/도장정비,판금(탈부착),트렁크리드램프형백피니셔,탈착,CAN-002772
union_standard_time,1239219,승용-고급형,판금/도장정비,판금(탈부착),트렁크리드램프형백피니셔,교환,CAN-002771
union_standard_time,1239305,승용-고급형,판금/도장정비,판금(탈부착),트렁크리드스프링(좌측),탈착,CAN-002800
union_standard_time,1239305,승용-고급형,판금/도장정비,판금(탈부착),트렁크리드스프링(좌측),교환,CAN-002799
union_standard_time,1239308,승용-고급형,판금/도장정비,판금(탈부착),트렁크리드 쇼버(좌측),탈착,CAN-002786
union_standard_time,1239308,승용-고급형,판금/도장정비,판금(탈부착),트렁크리드 쇼버(좌측),교환,CAN-002785
union_standard_time,1239314,승용-고급형,판금/도장정비,판금(탈부착),트렁크리드 힌지(좌측),탈착,CAN-002812
union_standard_time,1239314,승용-고급형,판금/도장정비,판금(탈부착),트렁크리드 힌지(좌측),교환,CAN-002811
union_standard_time,1239406,승용-고급형,판금/도장정비,판금(탈부착),트렁크리드스프링(우측),탈착,CAN-002796
union_standard_time,1239406,승용-고급형,판금/도장정비,판금(탈부착),트렁크리드스프링(우측),교환,CAN-002795
union_standard_time,1239409,승용-고급형,판금/도장정비,판금(탈부착),트렁크리드 쇼버(우측),탈착,CAN-002784
union_standard_time,1239409,승용-고급형,판금/도장정비,판금(탈부착),트렁크리드 쇼버(우측),교환,CAN-002783
union_standard_time,1239415,승용-고급형,판금/도장정비,판금(탈부착),트렁크리드 힌지(우측),탈착,CAN-002810
union_standard_time,1239415,승용-고급형,판금/도장정비,판금(탈부착),트렁크리드 힌지(우측),교환,CAN-002809
union_standard_time,1249019,승용-고급형,판금/도장정비,판금(탈부착),트렁크리드 가니쉬,탈착,CAN-002770
union_standard_time,1249019,승용-고급형,판금/도장정비,판금(탈부착),트렁크리드 가니쉬,교환,CAN-002769
union_standard_time,1249020,승용-고급형,판금/도장정비,판금(탈부착),파워트렁크 모듈,탈착,CAN-002858
union_standard_time,1249020,승용-고급형,판금/도장정비,판금(탈부착),파워트렁크 모듈,교환,CAN-002857
union_standard_time,1258003,승용-고급형,기능정비,전기 및 램프,크루즈컨트롤 모듈,탈착,CAN-002620
union_standard_time,1258003,승용-고급형,기능정비,전기 및 램프,크루즈컨트롤 모듈,교환,CAN-002619
union_standard_time,1258004,승용-고급형,기능정비,전기 및 램프,크루즈컨트롤 모듈 정렬,조정,CAN-002621
union_standard_time,1258022,승용-고급형,기능정비,전기 및 램프,스마트크루즈 컨트롤 모듈,탈착,CAN-001355
union_standard_time,1258022,승용-고급형,기능정비,전기 및 램프,스마트크루즈 컨트롤 모듈,교환,CAN-001354
union_standard_time,1258101,승용-고급형,기능정비,전기 및 램프,전방카메라,탈착,CAN-002374
union_standard_time,1258101,승용-고급형,기능정비,전기 및 램프,전방카메라,교환,CAN-002373
union_standard_time,1258202,승용-고급형,기능정비,전기 및 램프,후방카메라,탈착,CAN-003375
union_standard_time,1258202,승용-고급형,기능정비,전기 및 램프,후방카메라,교환,CAN-003374
union_standard_time,1258206,승용-고급형,판금/도장정비,판금(탈부착),백패널(리어패널),교환,CAN-001012
union_standard_time,1258213,승용-고급형,기능정비,엔진 부품,백피니셔,탈착,CAN-001021
union_standard_time,1258213,승용-고급형,기능정비,엔진 부품,백피니셔,교환,CAN-001020
union_standard_time,1259215,승용-고급형,기능정비,전기 및 램프,하이마운팅 스톱램프,탈착,CAN-003246
union_standard_time,1259215,승용-고급형,기능정비,전기 및 램프,하이마운팅 스톱램프,교환,CAN-003245
union_standard_time,1259317,승용-고급형,기능정비,전기 및 램프,리어 포그램프(좌측),탈착,CAN-000753
union_standard_time,1259317,승용-고급형,기능정비,전기 및 램프,리어 포그램프(좌측),교환,CAN-000752
union_standard_time,1259418,승용-고급형,기능정비,전기 및 램프,리어 포그램프(우측),탈착,CAN-000751
union_standard_time,1259418,승용-고급형,기능정비,전기 및 램프,리어 포그램프(우측),교환,CAN-000750
union_standard_time,1268017,승용-고급형,기능정비,전기 및 램프,대형룸램프,탈착,CAN-000152
union_standard_time,1268017,승용-고급형,기능정비,전기 및 램프,대형룸램프,교환,CAN-000151
union_standard_time,1268301,승용-고급형,기능정비,전기 및 램프,리어컴비네이션램프(좌측),탈착,CAN-000720
union_standard_time,1268301,승용-고급형,기능정비,전기 및 램프,리어컴비네이션램프(좌측),교환,CAN-000719
union_standard_time,1268306,승용-고급형,판금/도장정비,판금(탈부착),트렁크리드 부착형 컴비램프(좌측),탈착,CAN-002782
union_standard_time,1268306,승용-고급형,판금/도장정비,판금(탈부착),트렁크리드 부착형 컴비램프(좌측),교환,CAN-002781
union_standard_time,1268312,승용-고급형,판금/도장정비,판금(탈부착),컴비네이션패널(좌측),교환,CAN-002522
union_standard_time,1268402,승용-고급형,기능정비,전기 및 램프,리어컴비네이션램프(우측),탈착,CAN-000718
union_standard_time,1268402,승용-고급형,기능정비,전기 및 램프,리어컴비네이션램프(우측),교환,CAN-000717
union_standard_time,1268407,승용-고급형,판금/도장정비,판금(탈부착),트렁크리드 부착형 컴비램프(우측),탈착,CAN-002780
union_standard_time,1268407,승용-고급형,판금/도장정비,판금(탈부착),트렁크리드 부착형 컴비램프(우측),교환,CAN-002779
union_standard_time,1268413,승용-고급형,판금/도장정비,판금(탈부착),컴비네이션패널(우측),교환,CAN-002520
union_standard_time,1269303,승용-고급형,기능정비,엔진 부품,컴비네이션 피니셔(좌측),탈착,CAN-002527
union_standard_time,1269303,승용-고급형,기능정비,엔진 부품,컴비네이션 피니셔(좌측),교환,CAN-002526
union_standard_time,1269404,승용-고급형,기능정비,엔진 부품,컴비네이션 피니셔(우측),탈착,CAN-002525
union_standard_time,1269404,승용-고급형,기능정비,엔진 부품,컴비네이션 피니셔(우측),교환,CAN-002524
union_standard_time,1288301,승용-고급형,기능정비,엔진 부품,리어 휀다(좌측),교환,CAN-000787
union_standard_time,1288302,승용-고급형,기능정비,엔진 부품,리어 휀다(좌측)(연료주입구측),교환,CAN-000788
union_standard_time,1288309,승용-고급형,소모품 및 하체정비,브레이크/타이어,리어휀다 및 리어휠하우스(좌측),교환,CAN-000778
union_standard_time,1288411,승용-고급형,기능정비,엔진 부품,리어 휀다(우측),교환,CAN-000785
union_standard_time,1288419,승용-고급형,소모품 및 하체정비,브레이크/타이어,리어휀다 및 리어휠하우스(우측),교환,CAN-000777
union_standard_time,1289321,승용-고급형,판금/도장정비,판금(탈부착),"리어휀다패널(내측,좌)",교환,CAN-000796
union_standard_time,1289422,승용-고급형,판금/도장정비,판금(탈부착),"리어휀다패널(내측,우)",교환,CAN-000794
union_standard_time,1328301,승용-고급형,소모품 및 하체정비,브레이크/타이어,리어 휠하우스 ASSY(좌측),교환,CAN-000807
union_standard_time,1328303,승용-고급형,소모품 및 하체정비,브레이크/타이어,"리어 휠하우스(외측,좌)",교환,CAN-000811
union_standard_time,1328305,승용-고급형,소모품 및 하체정비,브레이크/타이어,"리어 휠하우스(내측,좌)",교환,CAN-000809
union_standard_time,1328402,승용-고급형,소모품 및 하체정비,브레이크/타이어,리어 휠하우스 ASSY(우측),교환,CAN-000806
union_standard_time,1328404,승용-고급형,소모품 및 하체정비,브레이크/타이어,"리어 휠하우스(외측,우)",교환,CAN-000810
union_standard_time,1328406,승용-고급형,소모품 및 하체정비,브레이크/타이어,"리어 휠하우스(내측,우)",교환,CAN-000808
union_standard_time,1358301,승용-고급형,판금/도장정비,판금(탈부착),"D 필러패널(외측,좌)",교환,CAN-000046
union_standard_time,1358305,승용-고급형,판금/도장정비,판금(탈부착),D 필러 익스텐션 패널(좌측),교환,CAN-000038
union_standard_time,1358402,승용-고급형,판금/도장정비,판금(탈부착),"D 필러패널(외측,우)",교환,CAN-000045
union_standard_time,1358406,승용-고급형,판금/도장정비,판금(탈부착),D 필러 익스텐션 패널(우측),교환,CAN-000037
union_standard_time,1368301,승용-고급형,판금/도장정비,판금(탈부착),리어필러패널(좌측),교환,CAN-000766
union_standard_time,1368405,승용-고급형,판금/도장정비,판금(탈부착),리어필러패널(우측),교환,CAN-000765
union_standard_time,1388001,승용-고급형,판금/도장정비,판금(탈부착),팩키지 트레이 패널(용접식),교환,CAN-002903
union_standard_time,1388005,승용-고급형,기능정비,엔진 부품,패키지 트레이 트림,탈착,CAN-002898
union_standard_time,1388005,승용-고급형,기능정비,엔진 부품,패키지 트레이 트림,교환,CAN-002897
union_standard_time,1388006,승용-고급형,판금/도장정비,판금(탈부착),파티션패널(실내칸막이),탈착,CAN-002876
union_standard_time,1388006,승용-고급형,판금/도장정비,판금(탈부착),파티션패널(실내칸막이),교환,CAN-002875
union_standard_time,1388007,승용-고급형,판금/도장정비,판금(탈부착),리어시트 백 서포트패널,교환,CAN-000642
union_standard_time,1388011,승용-고급형,기능정비,엔진 부품,전동식 리어커튼,탈착,CAN-002334
union_standard_time,1388011,승용-고급형,기능정비,엔진 부품,전동식 리어커튼,교환,CAN-002333
union_standard_time,1388302,승용-고급형,판금/도장정비,판금(탈부착),팩키지 트레이 사이드패널(좌측),교환,CAN-002900
union_standard_time,1388403,승용-고급형,판금/도장정비,판금(탈부착),팩키지 트레이 사이드패널(우측),교환,CAN-002899
union_standard_time,1408006,승용-고급형,기능정비,엔진 부품,실내바닥(앞),교환,CAN-001539
union_standard_time,1408301,승용-고급형,소모품 및 하체정비,하체 부품,리어 사이드멤버 ASSY(좌측),교환,CAN-000562
union_standard_time,1408302,승용-고급형,소모품 및 하체정비,하체 부품,"리어 사이드 멤버(앞부분,좌)",교환,CAN-000568
union_standard_time,1408403,승용-고급형,소모품 및 하체정비,하체 부품,리어 사이드멤버 ASSY(우측),교환,CAN-000561
union_standard_time,1408404,승용-고급형,소모품 및 하체정비,하체 부품,"리어 사이드 멤버(앞부분,우)",교환,CAN-000567
union_standard_time,1428013,승용-고급형,기능정비,엔진 부품,실내바닥(뒤),교환,CAN-001538
union_standard_time,1428014,승용-고급형,기능정비,엔진 부품,리어플로워 컴플리트,교환,CAN-000759
union_standard_time,1428015,승용-고급형,판금/도장정비,판금(탈부착),트렁크바닥패널,교환,CAN-002815
union_standard_time,1428226,승용-고급형,판금/도장정비,판금(탈부착),트렁크바닥 및 실내바닥(뒤),교환,CAN-002813
union_standard_time,1428316,승용-고급형,판금/도장정비,판금(탈부착),트렁크 플로워 사이드패널(좌측),교환,CAN-002817
union_standard_time,1428333,승용-고급형,판금/도장정비,판금(탈부착),플로어 사이드패널(좌측),교환,CAN-003224
union_standard_time,1428417,승용-고급형,판금/도장정비,판금(탈부착),트렁크 플로워 사이드패널(우측),교환,CAN-002816
union_standard_time,1428434,승용-고급형,판금/도장정비,판금(탈부착),플로어 사이드패널(우측),교환,CAN-003223
union_standard_time,1438031,승용-고급형,소모품 및 하체정비,하체 부품,플로어 센터 크로스 멤버,교환,CAN-003226
union_standard_time,1438214,승용-고급형,소모품 및 하체정비,하체 부품,리어 크로스멤버,교환,CAN-000738
union_standard_time,1469329,승용-고급형,판금/도장정비,판금(탈부착),사이드바디몰딩(좌측),탈착,CAN-001162
union_standard_time,1469329,승용-고급형,판금/도장정비,판금(탈부착),사이드바디몰딩(좌측),교환,CAN-001161
union_standard_time,1469430,승용-고급형,판금/도장정비,판금(탈부착),사이드바디몰딩(우측),탈착,CAN-001160
union_standard_time,1469430,승용-고급형,판금/도장정비,판금(탈부착),사이드바디몰딩(우측),교환,CAN-001159
union_standard_time,3478001,승용-고급형,소모품 및 하체정비,브레이크/타이어,크러쉬패드,탈착,CAN-002609
union_standard_time,3478001,승용-고급형,소모품 및 하체정비,브레이크/타이어,크러쉬패드,교환,CAN-002608
union_standard_time,3478005,승용-고급형,소모품 및 하체정비,브레이크/타이어,크러쉬로워패드,탈착,CAN-002605
union_standard_time,3478005,승용-고급형,소모품 및 하체정비,브레이크/타이어,크러쉬로워패드,교환,CAN-002604
union_standard_time,3478008,승용-고급형,기능정비,엔진 부품,글로브박스,탈착,CAN-000131
union_standard_time,3478008,승용-고급형,기능정비,엔진 부품,글로브박스,교환,CAN-000130
union_standard_time,3478009,승용-고급형,기능정비,엔진 부품,콘솔박스,탈착,CAN-002570
union_standard_time,3478009,승용-고급형,기능정비,엔진 부품,콘솔박스,교환,CAN-002569
union_standard_time,3478012,승용-고급형,기능정비,엔진 부품,콘솔박스(모니터부착형),탈착,CAN-002574
union_standard_time,3478012,승용-고급형,기능정비,엔진 부품,콘솔박스(모니터부착형),교환,CAN-002573
union_standard_time,3478020,승용-고급형,기능정비,에어컨,히터모터(분리식),탈착,CAN-003442
union_standard_time,3478020,승용-고급형,기능정비,에어컨,히터모터(분리식),교환,CAN-003441
union_standard_time,3478023,승용-고급형,기능정비,에어컨,히터 유니트 및 에어컨 에버포레,탈착,CAN-003454
union_standard_time,3478023,승용-고급형,기능정비,에어컨,히터 유니트 및 에어컨 에버포레,교환,CAN-003453
union_standard_time,3478025,승용-고급형,기능정비,엔진 부품,리어 에버포레이터,탈착,CAN-000700
union_standard_time,3478025,승용-고급형,기능정비,엔진 부품,리어 에버포레이터,교환,CAN-000699
union_standard_time,3478028,승용-고급형,기능정비,에어컨,히터및에버포레이터(동시작업,탈착,CAN-003446
union_standard_time,3478028,승용-고급형,기능정비,에어컨,히터및에버포레이터(동시작업,교환,CAN-003445
union_standard_time,3478032,승용-고급형,기능정비,엔진 부품,블로어모터,탈착,CAN-001124
union_standard_time,3478032,승용-고급형,기능정비,엔진 부품,블로어모터,교환,CAN-001123
union_standard_time,3478402,승용-고급형,기능정비,엔진 부품,프론트시트(우측),탈착,CAN-003090
union_standard_time,3478402,승용-고급형,기능정비,엔진 부품,프론트시트(우측),교환,CAN-003089
union_standard_time,3479013,승용-고급형,기능정비,엔진 부품,종합계기판,탈착,CAN-002390
union_standard_time,3479013,승용-고급형,기능정비,엔진 부품,종합계기판,교환,CAN-002389
union_standard_time,3479016,승용-고급형,기능정비,엔진 부품,AV(네비게이션)시스템,탈착,CAN-000020
union_standard_time,3479016,승용-고급형,기능정비,엔진 부품,AV(네비게이션)시스템,교환,CAN-000019
union_standard_time,3479017,승용-고급형,기능정비,엔진 부품,오디오엠프 및 우퍼스피커,탈착,CAN-002158
union_standard_time,3479017,승용-고급형,기능정비,엔진 부품,오디오엠프 및 우퍼스피커,교환,CAN-002157
union_standard_time,3479018,승용-고급형,기능정비,엔진 부품,오디오 디스플레이,탈착,CAN-002154
union_standard_time,3479018,승용-고급형,기능정비,엔진 부품,오디오 디스플레이,교환,CAN-002153
union_standard_time,3479019,승용-고급형,기능정비,에어컨,히터 유니트,탈착,CAN-003452
union_standard_time,3479019,승용-고급형,기능정비,에어컨,히터 유니트,교환,CAN-003451
union_standard_time,3488008,승용-고급형,기능정비,엔진 부품,리어 시트,탈착,CAN-000641
union_standard_time,3488008,승용-고급형,기능정비,엔진 부품,리어 시트,교환,CAN-000640
union_standard_time,3488011,승용-고급형,기능정비,엔진 부품,리어시트(전동),탈착,CAN-000667
union_standard_time,3488011,승용-고급형,기능정비,엔진 부품,리어시트(전동),교환,CAN-000666
union_standard_time,3488012,승용-고급형,기능정비,전기 및 램프,리어 시트(사이드에어백),탈착,CAN-000663
union_standard_time,3488012,승용-고급형,기능정비,전기 및 램프,리어 시트(사이드에어백),교환,CAN-000662
union_standard_time,3488042,승용-고급형,기능정비,엔진 부품,뒤시트레일,탈착,CAN-000201
union_standard_time,3488042,승용-고급형,기능정비,엔진 부품,뒤시트레일,교환,CAN-000200
union_standard_time,3488043,승용-고급형,기능정비,엔진 부품,리어시트 파워프레임,탈착,CAN-000675
union_standard_time,3488043,승용-고급형,기능정비,엔진 부품,리어시트 파워프레임,교환,CAN-000674
union_standard_time,3488301,승용-고급형,기능정비,엔진 부품,프론트시트(좌측),탈착,CAN-003100
union_standard_time,3488301,승용-고급형,기능정비,엔진 부품,프론트시트(좌측),교환,CAN-003099
union_standard_time,3488303,승용-고급형,기능정비,엔진 부품,"프론트 시트(좌,전동식)",탈착,CAN-003096
union_standard_time,3488303,승용-고급형,기능정비,엔진 부품,"프론트 시트(좌,전동식)",교환,CAN-003095
union_standard_time,3488304,승용-고급형,기능정비,전기 및 램프,"프론트 시트(좌,사이드에어백)",탈착,CAN-003092
union_standard_time,3488304,승용-고급형,기능정비,전기 및 램프,"프론트 시트(좌,사이드에어백)",교환,CAN-003091
union_standard_time,3488405,승용-고급형,기능정비,엔진 부품,"프론트 시트(우,전동식)",탈착,CAN-003086
union_standard_time,3488405,승용-고급형,기능정비,엔진 부품,"프론트 시트(우,전동식)",교환,CAN-003085
union_standard_time,3488406,승용-고급형,기능정비,전기 및 램프,"프론트 시트(우,사이드에어백)",탈착,CAN-003082
union_standard_time,3488406,승용-고급형,기능정비,전기 및 램프,"프론트 시트(우,사이드에어백)",교환,CAN-003081
union_standard_time,3499008,승용-고급형,기능정비,엔진 부품,"안전벨트(뒤,중앙)",탈착,CAN-001659
union_standard_time,3499008,승용-고급형,기능정비,엔진 부품,"안전벨트(뒤,중앙)",교환,CAN-001658
union_standard_time,3499017,승용-고급형,기능정비,엔진 부품,안전벨트(2점식),탈착,CAN-001649
union_standard_time,3499017,승용-고급형,기능정비,엔진 부품,안전벨트(2점식),교환,CAN-001648
union_standard_time,3499501,승용-고급형,기능정비,엔진 부품,"안전벨트(앞,좌)",탈착,CAN-001665
union_standard_time,3499501,승용-고급형,기능정비,엔진 부품,"안전벨트(앞,좌)",교환,CAN-001664
union_standard_time,3499502,승용-고급형,기능정비,엔진 부품,"안전벨트(앞,좌,프리텐셔너)",탈착,CAN-001667
union_standard_time,3499502,승용-고급형,기능정비,엔진 부품,"안전벨트(앞,좌,프리텐셔너)",교환,CAN-001666
union_standard_time,3499604,승용-고급형,기능정비,엔진 부품,"안전벨트(앞,우)",탈착,CAN-001661
union_standard_time,3499604,승용-고급형,기능정비,엔진 부품,"안전벨트(앞,우)",교환,CAN-001660
union_standard_time,3499605,승용-고급형,기능정비,엔진 부품,"안전벨트(앞,우,프리텐셔너)",탈착,CAN-001663
union_standard_time,3499605,승용-고급형,기능정비,엔진 부품,"안전벨트(앞,우,프리텐셔너)",교환,CAN-001662
union_standard_time,3499706,승용-고급형,기능정비,엔진 부품,"안전벨트(뒤,좌)",탈착,CAN-001657
union_standard_time,3499706,승용-고급형,기능정비,엔진 부품,"안전벨트(뒤,좌)",교환,CAN-001656
union_standard_time,3499807,승용-고급형,기능정비,엔진 부품,"안전벨트(뒤,우)",탈착,CAN-001655
union_standard_time,3499807,승용-고급형,기능정비,엔진 부품,"안전벨트(뒤,우)",교환,CAN-001654
union_standard_time,3508001,승용-고급형,기능정비,엔진 부품,키셋트,탈착,CAN-002641
union_standard_time,3508001,승용-고급형,기능정비,엔진 부품,키셋트,교환,CAN-002640
union_standard_time,3508003,승용-고급형,기능정비,전기 및 램프,앞배선,탈착,CAN-001694
union_standard_time,3508003,승용-고급형,기능정비,전기 및 램프,앞배선,교환,CAN-001693
union_standard_time,3508004,승용-고급형,기능정비,전기 및 램프,크러쉬패드 배선,탈착,CAN-002611
union_standard_time,3508004,승용-고급형,기능정비,전기 및 램프,크러쉬패드 배선,교환,CAN-002610
union_standard_time,3508006,승용-고급형,기능정비,전기 및 램프,엔진룸배선,탈착,CAN-001923
union_standard_time,3508006,승용-고급형,기능정비,전기 및 램프,엔진룸배선,교환,CAN-001922
union_standard_time,3508007,승용-고급형,기능정비,전기 및 램프,엔진룸 휴즈박스 배선,탈착,CAN-001948
union_standard_time,3508007,승용-고급형,기능정비,전기 및 램프,엔진룸 휴즈박스 배선,교환,CAN-001947
union_standard_time,3508008,승용-고급형,기능정비,전기 및 램프,엔진 컨트롤 배선,탈착,CAN-002006
union_standard_time,3508008,승용-고급형,기능정비,전기 및 램프,엔진 컨트롤 배선,교환,CAN-002005
union_standard_time,3508010,승용-고급형,기능정비,전기 및 램프,엔진룸 휴즈박스 배선,탈착,CAN-001948
union_standard_time,3508010,승용-고급형,기능정비,전기 및 램프,엔진룸 휴즈박스 배선,교환,CAN-001947
union_standard_time,3508011,승용-고급형,기능정비,전기 및 램프,뒷배선,탈착,CAN-000252
union_standard_time,3508011,승용-고급형,기능정비,전기 및 램프,뒷배선,교환,CAN-000251
union_standard_time,3508014,승용-고급형,기능정비,전기 및 램프,배터리 배선,탈착,CAN-000951
union_standard_time,3508014,승용-고급형,기능정비,전기 및 램프,배터리 배선,교환,CAN-000950
union_standard_time,3508015,승용-고급형,기능정비,전기 및 램프,전체배선,탈착,CAN-002382
union_standard_time,3508015,승용-고급형,기능정비,전기 및 램프,전체배선,교환,CAN-002381
union_standard_time,3508020,승용-고급형,기능정비,엔진 부품,와이퍼 모터 및 링케이지,탈착,CAN-002192
union_standard_time,3508020,승용-고급형,기능정비,엔진 부품,와이퍼 모터 및 링케이지,교환,CAN-002191
union_standard_time,3508023,승용-고급형,기능정비,엔진 부품,캐니스터,탈착,CAN-002471
union_standard_time,3508023,승용-고급형,기능정비,엔진 부품,캐니스터,교환,CAN-002470
union_standard_time,3508024,승용-고급형,소모품 및 하체정비,소모품,밧데리,탈착,CAN-000878
union_standard_time,3508024,승용-고급형,소모품 및 하체정비,소모품,밧데리,교환,CAN-000877
union_standard_time,3508025,승용-고급형,기능정비,전기 및 램프,배터리 프로젝션 퓨즈,탈착,CAN-000955
union_standard_time,3508025,승용-고급형,기능정비,전기 및 램프,배터리 프로젝션 퓨즈,교환,CAN-000954
union_standard_time,3509019,승용-고급형,기능정비,전기 및 램프,컴비네이션스위치,탈착,CAN-002519
union_standard_time,3509019,승용-고급형,기능정비,전기 및 램프,컴비네이션스위치,교환,CAN-002518
union_standard_time,3509021,승용-고급형,기능정비,엔진 부품,와이퍼모터,탈착,CAN-002190
union_standard_time,3509021,승용-고급형,기능정비,엔진 부품,와이퍼모터,교환,CAN-002189
union_standard_time,3509022,승용-고급형,기능정비,엔진 부품,와이퍼링케이지,탈착,CAN-002188
union_standard_time,3509022,승용-고급형,기능정비,엔진 부품,와이퍼링케이지,교환,CAN-002187
union_standard_time,3518001,승용-고급형,기능정비,에어컨,에어컨콘덴샤,탈착,CAN-001829
union_standard_time,3518001,승용-고급형,기능정비,에어컨,에어컨콘덴샤,교환,CAN-001828
union_standard_time,3518013,승용-고급형,기능정비,에어컨,에어컨컴프레샤,탈착,CAN-001825
union_standard_time,3518013,승용-고급형,기능정비,에어컨,에어컨컴프레샤,교환,CAN-001824
union_standard_time,3518016,승용-고급형,기능정비,엔진 부품,라디에이터(M/T),탈착,CAN-000313
union_standard_time,3518016,승용-고급형,기능정비,엔진 부품,라디에이터(M/T),교환,CAN-000312
union_standard_time,3518017,승용-고급형,기능정비,엔진 부품,라디에이터(A/T),탈착,CAN-000311
union_standard_time,3518017,승용-고급형,기능정비,엔진 부품,라디에이터(A/T),교환,CAN-000310
union_standard_time,3518025,승용-고급형,소모품 및 하체정비,오일류,오일쿨러(미션),탈착,CAN-002164
union_standard_time,3518025,승용-고급형,소모품 및 하체정비,오일류,오일쿨러(미션),교환,CAN-002163
union_standard_time,3518027,승용-고급형,소모품 및 하체정비,하체 부품,파워스티어링 오일 쿨러,탈착,CAN-002847
union_standard_time,3518027,승용-고급형,소모품 및 하체정비,하체 부품,파워스티어링 오일 쿨러,교환,CAN-002846
union_standard_time,3518029,승용-고급형,기능정비,엔진 부품,라디에이터리저브탱크,탈착,CAN-000336
union_standard_time,3518029,승용-고급형,기능정비,엔진 부품,라디에이터리저브탱크,교환,CAN-000335
union_standard_time,3518030,승용-고급형,기능정비,전기 및 램프,와셔탱크(앞),탈착,CAN-002186
union_standard_time,3518030,승용-고급형,기능정비,전기 및 램프,와셔탱크(앞),교환,CAN-002185
union_standard_time,3518031,승용-고급형,기능정비,전기 및 램프,와셔탱크(뒤),탈착,CAN-002184
union_standard_time,3518031,승용-고급형,기능정비,전기 및 램프,와셔탱크(뒤),교환,CAN-002183
union_standard_time,3518032,승용-고급형,기능정비,엔진 부품,알터네이터,탈착,CAN-001675
union_standard_time,3518032,승용-고급형,기능정비,엔진 부품,알터네이터,교환,CAN-001674
union_standard_time,3518033,승용-고급형,기능정비,엔진 부품,스타팅모터,탈착,CAN-001360
union_standard_time,3518033,승용-고급형,기능정비,엔진 부품,스타팅모터,교환,CAN-001359
union_standard_time,3518034,승용-고급형,기능정비,엔진 부품,디스트리뷰터,탈착,CAN-000291
union_standard_time,3518034,승용-고급형,기능정비,엔진 부품,디스트리뷰터,교환,CAN-000290
union_standard_time,3519003,승용-고급형,기능정비,에어컨,에어컨파이프 NO.1,탈착,CAN-001833
union_standard_time,3519003,승용-고급형,기능정비,에어컨,에어컨파이프 NO.1,교환,CAN-001832
union_standard_time,3519004,승용-고급형,기능정비,에어컨,에어컨파이프 NO.2,탈착,CAN-001837
union_standard_time,3519004,승용-고급형,기능정비,에어컨,에어컨파이프 NO.2,교환,CAN-001836
union_standard_time,3519005,승용-고급형,기능정비,에어컨,에어컨파이프 NO.3,탈착,CAN-001841
union_standard_time,3519005,승용-고급형,기능정비,에어컨,에어컨파이프 NO.3,교환,CAN-001840
union_standard_time,3519006,승용-고급형,기능정비,에어컨,에어컨파이프 NO.4,탈착,CAN-001845
union_standard_time,3519006,승용-고급형,기능정비,에어컨,에어컨파이프 NO.4,교환,CAN-001844
union_standard_time,3519008,승용-고급형,기능정비,에어컨,에어컨개스,교환,CAN-001813
union_standard_time,3519010,승용-고급형,기능정비,에어컨,에어컨 휀,탈착,CAN-001855
union_standard_time,3519010,승용-고급형,기능정비,에어컨,에어컨 휀,교환,CAN-001854
union_standard_time,3519012,승용-고급형,기능정비,엔진 부품,리시버 드라이탱크,탈착,CAN-000487
union_standard_time,3519012,승용-고급형,기능정비,엔진 부품,리시버 드라이탱크,교환,CAN-000486
union_standard_time,3519014,승용-고급형,기능정비,에어컨,에어컨 컴프레샤 풀리,탈착,CAN-001827
union_standard_time,3519014,승용-고급형,기능정비,에어컨,에어컨 컴프레샤 풀리,교환,CAN-001826
union_standard_time,3519018,승용-고급형,기능정비,엔진 부품,라디에이터휀,탈착,CAN-000355
union_standard_time,3519018,승용-고급형,기능정비,엔진 부품,라디에이터휀,교환,CAN-000354
union_standard_time,3519021,승용-고급형,기능정비,엔진 부품,라디에이터핀(수리킷#1),교환,CAN-000349
union_standard_time,3519022,승용-고급형,기능정비,엔진 부품,라디에이터핀(수리킷#2),교환,CAN-000350
union_standard_time,3519023,승용-고급형,기능정비,엔진 부품,라디에이터핀(수리킷#3),교환,CAN-000351
union_standard_time,3519024,승용-고급형,기능정비,엔진 부품,라디에이터핀(수리킷#4),교환,CAN-000352
union_standard_time,3528001,승용-고급형,기능정비,전기 및 램프,에어백모듈(운전석),탈착,CAN-001775
union_standard_time,3528001,승용-고급형,기능정비,전기 및 램프,에어백모듈(운전석),교환,CAN-001774
union_standard_time,3528002,승용-고급형,기능정비,전기 및 램프,에어백모듈(조수석),탈착,CAN-001777
union_standard_time,3528002,승용-고급형,기능정비,전기 및 램프,에어백모듈(조수석),교환,CAN-001776
union_standard_time,3528011,승용-고급형,기능정비,전기 및 램프,운전석 무릎 에어백,탈착,CAN-002209
union_standard_time,3528011,승용-고급형,기능정비,전기 및 램프,운전석 무릎 에어백,교환,CAN-002208
union_standard_time,3528013,승용-고급형,기능정비,전기 및 램프,무릎에어백 모듈(운전석),탈착,CAN-000842
union_standard_time,3528013,승용-고급형,기능정비,전기 및 램프,무릎에어백 모듈(운전석),교환,CAN-000841
union_standard_time,3528014,승용-고급형,기능정비,전기 및 램프,무릎에어백 모듈(조수석),탈착,CAN-000844
union_standard_time,3528014,승용-고급형,기능정비,전기 및 램프,무릎에어백 모듈(조수석),교환,CAN-000843
union_standard_time,3528307,승용-고급형,기능정비,전기 및 램프,"에어백모듈(후석,좌)",탈착,CAN-001781
union_standard_time,3528307,승용-고급형,기능정비,전기 및 램프,"에어백모듈(후석,좌)",교환,CAN-001780
union_standard_time,3528309,승용-고급형,기능정비,전기 및 램프,커튼에어백(좌측),탈착,CAN-002513
union_standard_time,3528309,승용-고급형,기능정비,전기 및 램프,커튼에어백(좌측),교환,CAN-002512
union_standard_time,3528408,승용-고급형,기능정비,전기 및 램프,"에어백모듈(후석,우)",탈착,CAN-001779
union_standard_time,3528408,승용-고급형,기능정비,전기 및 램프,"에어백모듈(후석,우)",교환,CAN-001778
union_standard_time,3528410,승용-고급형,기능정비,전기 및 램프,커튼에어백(우측),탈착,CAN-002511
union_standard_time,3528410,승용-고급형,기능정비,전기 및 램프,커튼에어백(우측),교환,CAN-002510
union_standard_time,3528503,승용-고급형,기능정비,전기 및 램프,"에어백모듈(사이드,앞좌)",탈착,CAN-001773
union_standard_time,3528503,승용-고급형,기능정비,전기 및 램프,"에어백모듈(사이드,앞좌)",교환,CAN-001772
union_standard_time,3528604,승용-고급형,기능정비,전기 및 램프,"에어백모듈(사이드,앞우)",탈착,CAN-001771
union_standard_time,3528604,승용-고급형,기능정비,전기 및 램프,"에어백모듈(사이드,앞우)",교환,CAN-001770
union_standard_time,3528705,승용-고급형,기능정비,전기 및 램프,"에어백모듈(사이드,뒤좌)",탈착,CAN-001769
union_standard_time,3528705,승용-고급형,기능정비,전기 및 램프,"에어백모듈(사이드,뒤좌)",교환,CAN-001768
union_standard_time,3528806,승용-고급형,기능정비,전기 및 램프,"에어백모듈(사이드,뒤우)",탈착,CAN-001767
union_standard_time,3528806,승용-고급형,기능정비,전기 및 램프,"에어백모듈(사이드,뒤우)",교환,CAN-001766
union_standard_time,3538001,승용-고급형,기능정비,엔진 부품,컴퓨터(엔진),탈착,CAN-002555
union_standard_time,3538001,승용-고급형,기능정비,엔진 부품,컴퓨터(엔진),교환,CAN-002554
union_standard_time,3538002,승용-고급형,기능정비,엔진 부품,컴퓨터(엔진)리프로그래밍,조정,CAN-002557
union_standard_time,3538003,승용-고급형,기능정비,엔진 부품,컴퓨터(자동밋션),탈착,CAN-002560
union_standard_time,3538003,승용-고급형,기능정비,엔진 부품,컴퓨터(자동밋션),교환,CAN-002559
union_standard_time,3538004,승용-고급형,기능정비,엔진 부품,엔진&미션 컴퓨터,탈착,CAN-001886
union_standard_time,3538004,승용-고급형,기능정비,엔진 부품,엔진&미션 컴퓨터,교환,CAN-001885
union_standard_time,3538005,승용-고급형,기능정비,전기 및 램프,컴퓨터(ABS),탈착,CAN-002549
union_standard_time,3538005,승용-고급형,기능정비,전기 및 램프,컴퓨터(ABS),교환,CAN-002548
union_standard_time,3538006,승용-고급형,기능정비,전기 및 램프,컴퓨터(에어백),탈착,CAN-002553
union_standard_time,3538006,승용-고급형,기능정비,전기 및 램프,컴퓨터(에어백),교환,CAN-002552
union_standard_time,3538007,승용-고급형,기능정비,엔진 부품,리어파크 어시스트컴퓨터,탈착,CAN-000748
union_standard_time,3538007,승용-고급형,기능정비,엔진 부품,리어파크 어시스트컴퓨터,교환,CAN-000747
union_standard_time,3538008,승용-고급형,기능정비,엔진 부품,BCM(LAN컨트롤 유니트),탈착,CAN-000024
union_standard_time,3538008,승용-고급형,기능정비,엔진 부품,BCM(LAN컨트롤 유니트),교환,CAN-000023
union_standard_time,3538010,승용-고급형,기능정비,엔진 부품,인젝터 드라이브 박스,탈착,CAN-002297
union_standard_time,3538010,승용-고급형,기능정비,엔진 부품,인젝터 드라이브 박스,교환,CAN-002296
union_standard_time,3538011,승용-고급형,판금/도장정비,판금(탈부착),선루프기구(전동식),탈착,CAN-001271
union_standard_time,3538011,승용-고급형,판금/도장정비,판금(탈부착),선루프기구(전동식),교환,CAN-001270
union_standard_time,3538012,승용-고급형,판금/도장정비,판금(탈부착),파노라마 선루프,탈착,CAN-002824
union_standard_time,3538012,승용-고급형,판금/도장정비,판금(탈부착),파노라마 선루프,교환,CAN-002823
union_standard_time,3538013,승용-고급형,기능정비,엔진 부품,파노라마 프론트 글래스,탈착,CAN-002826
union_standard_time,3538013,승용-고급형,기능정비,엔진 부품,파노라마 프론트 글래스,교환,CAN-002825
union_standard_time,3539314,승용-고급형,판금/도장정비,판금(탈부착),파노라마 사이드 몰딩(좌측),탈착,CAN-002822
union_standard_time,3539314,승용-고급형,판금/도장정비,판금(탈부착),파노라마 사이드 몰딩(좌측),교환,CAN-002821
union_standard_time,3539415,승용-고급형,판금/도장정비,판금(탈부착),파노라마 사이드 몰딩(우측),탈착,CAN-002820
union_standard_time,3539415,승용-고급형,판금/도장정비,판금(탈부착),파노라마 사이드 몰딩(우측),교환,CAN-002819
union_standard_time,3549009,승용-고급형,판금/도장정비,판금(탈부착),트렁크룸내 트림(앞),탈착,CAN-002761
union_standard_time,3549009,승용-고급형,판금/도장정비,판금(탈부착),트렁크룸내 트림(앞),교환,CAN-002760
union_standard_time,3549010,승용-고급형,판금/도장정비,판금(탈부착),트렁크룸내 트림(뒤),탈착,CAN-002757
union_standard_time,3549010,승용-고급형,판금/도장정비,판금(탈부착),트렁크룸내 트림(뒤),교환,CAN-002756
union_standard_time,3549015,승용-고급형,기능정비,엔진 부품,팩키지 트레이 트림,탈착,CAN-002902
union_standard_time,3549015,승용-고급형,기능정비,엔진 부품,팩키지 트레이 트림,교환,CAN-002901
union_standard_time,3549016,승용-고급형,판금/도장정비,판금(탈부착),백패널 트림,탈착,CAN-001018
union_standard_time,3549016,승용-고급형,판금/도장정비,판금(탈부착),백패널 트림,교환,CAN-001017
union_standard_time,3549027,승용-고급형,판금/도장정비,판금(탈부착),트렁크룸내 트림(상),탈착,CAN-002759
union_standard_time,3549027,승용-고급형,판금/도장정비,판금(탈부착),트렁크룸내 트림(상),교환,CAN-002758
union_standard_time,3549301,승용-고급형,기능정비,엔진 부품,프론트필러트림(좌측),탈착,CAN-003178
union_standard_time,3549301,승용-고급형,기능정비,엔진 부품,프론트필러트림(좌측),교환,CAN-003177
union_standard_time,3549303,승용-고급형,기능정비,엔진 부품,센터필러트림(좌측),탈착,CAN-001316
union_standard_time,3549303,승용-고급형,기능정비,엔진 부품,센터필러트림(좌측),교환,CAN-001315
union_standard_time,3549305,승용-고급형,기능정비,엔진 부품,리어필러트림(좌측),탈착,CAN-000764
union_standard_time,3549305,승용-고급형,기능정비,엔진 부품,리어필러트림(좌측),교환,CAN-000763
union_standard_time,3549307,승용-고급형,판금/도장정비,판금(탈부착),트렁크룸내 트림(좌측),탈착,CAN-002765
union_standard_time,3549307,승용-고급형,판금/도장정비,판금(탈부착),트렁크룸내 트림(좌측),교환,CAN-002764
union_standard_time,3549311,승용-고급형,기능정비,엔진 부품,파티션 사이드트림(좌측),탈착,CAN-002874
union_standard_time,3549311,승용-고급형,기능정비,엔진 부품,파티션 사이드트림(좌측),교환,CAN-002873
union_standard_time,3549402,승용-고급형,기능정비,엔진 부품,프론트필러트림(우측),탈착,CAN-003176
union_standard_time,3549402,승용-고급형,기능정비,엔진 부품,프론트필러트림(우측),교환,CAN-003175
union_standard_time,3549404,승용-고급형,기능정비,엔진 부품,센터필러트림(우측),탈착,CAN-001314
union_standard_time,3549404,승용-고급형,기능정비,엔진 부품,센터필러트림(우측),교환,CAN-001313
union_standard_time,3549406,승용-고급형,기능정비,엔진 부품,리어필러트림(우측),탈착,CAN-000762
union_standard_time,3549406,승용-고급형,기능정비,엔진 부품,리어필러트림(우측),교환,CAN-000761
union_standard_time,3549408,승용-고급형,판금/도장정비,판금(탈부착),트렁크룸내 트림(우측),탈착,CAN-002763
union_standard_time,3549408,승용-고급형,판금/도장정비,판금(탈부착),트렁크룸내 트림(우측),교환,CAN-002762
union_standard_time,3549412,승용-고급형,기능정비,엔진 부품,파티션 사이드트림(우측),탈착,CAN-002872
union_standard_time,3549412,승용-고급형,기능정비,엔진 부품,파티션 사이드트림(우측),교환,CAN-002871
union_standard_time,3558001,승용-고급형,판금/도장정비,판금(탈부착),언더커버(앞범퍼측),탈착,CAN-001745
union_standard_time,3558001,승용-고급형,판금/도장정비,판금(탈부착),언더커버(앞범퍼측),교환,CAN-001744
union_standard_time,3558002,승용-고급형,기능정비,엔진 부품,언더커버(엔진룸),탈착,CAN-001747
union_standard_time,3558002,승용-고급형,기능정비,엔진 부품,언더커버(엔진룸),교환,CAN-001746
union_standard_time,3558003,승용-고급형,기능정비,엔진 부품,"언더커버(엔진룸,프론트)",탈착,CAN-001751
union_standard_time,3558003,승용-고급형,기능정비,엔진 부품,"언더커버(엔진룸,프론트)",교환,CAN-001750
union_standard_time,3558004,승용-고급형,기능정비,엔진 부품,"언더커버(엔진룸,리어)",탈착,CAN-001749
union_standard_time,3558004,승용-고급형,기능정비,엔진 부품,"언더커버(엔진룸,리어)",교환,CAN-001748
union_standard_time,3558005,승용-고급형,기능정비,엔진 부품,언더커버(좌측),탈착,CAN-001755
union_standard_time,3558005,승용-고급형,기능정비,엔진 부품,언더커버(좌측),교환,CAN-001754
union_standard_time,3558006,승용-고급형,기능정비,엔진 부품,엔진룸사이드언더커버(좌측),탈착,CAN-001933
union_standard_time,3558006,승용-고급형,기능정비,엔진 부품,엔진룸사이드언더커버(좌측),교환,CAN-001932
union_standard_time,3558007,승용-고급형,기능정비,엔진 부품,언더커버(우측),탈착,CAN-001753
union_standard_time,3558007,승용-고급형,기능정비,엔진 부품,언더커버(우측),교환,CAN-001752
union_standard_time,3558008,승용-고급형,기능정비,엔진 부품,엔진룸사이드언더커버(우측),탈착,CAN-001931
union_standard_time,3558008,승용-고급형,기능정비,엔진 부품,엔진룸사이드언더커버(우측),교환,CAN-001930
union_standard_time,3558009,승용-고급형,기능정비,엔진 부품,언더커버,탈착,CAN-001741
union_standard_time,3558009,승용-고급형,기능정비,엔진 부품,언더커버,교환,CAN-001740
union_standard_time,3558010,승용-고급형,기능정비,엔진 부품,트랜스밋션 언더커버,탈착,CAN-002740
union_standard_time,3558010,승용-고급형,기능정비,엔진 부품,트랜스밋션 언더커버,교환,CAN-002739
union_standard_time,3558011,승용-고급형,기능정비,엔진 부품,엔진룸 커버(프론트),탈착,CAN-001944
union_standard_time,3558011,승용-고급형,기능정비,엔진 부품,엔진룸 커버(프론트),교환,CAN-001943
union_standard_time,3558014,승용-고급형,기능정비,엔진 부품,언더커버#1(앞뒤바닥),탈착,CAN-001733
union_standard_time,3558014,승용-고급형,기능정비,엔진 부품,언더커버#1(앞뒤바닥),교환,CAN-001732
union_standard_time,3558015,승용-고급형,기능정비,엔진 부품,언더커버#2(앞뒤바닥),탈착,CAN-001735
union_standard_time,3558015,승용-고급형,기능정비,엔진 부품,언더커버#2(앞뒤바닥),교환,CAN-001734
union_standard_time,3558016,승용-고급형,기능정비,엔진 부품,언더커버#3(앞뒤바닥),탈착,CAN-001737
union_standard_time,3558016,승용-고급형,기능정비,엔진 부품,언더커버#3(앞뒤바닥),교환,CAN-001736
union_standard_time,3558017,승용-고급형,기능정비,엔진 부품,언더커버#4(앞뒤바닥),탈착,CAN-001739
union_standard_time,3558017,승용-고급형,기능정비,엔진 부품,언더커버#4(앞뒤바닥),교환,CAN-001738
union_standard_time,3558022,승용-고급형,기능정비,엔진 부품,연료파이프 프로텍터 커버,탈착,CAN-002039
union_standard_time,3558022,승용-고급형,기능정비,엔진 부품,연료파이프 프로텍터 커버,교환,CAN-002038
union_standard_time,3558024,승용-고급형,기능정비,엔진 부품,바닥메트,탈착,CAN-000872
union_standard_time,3558024,승용-고급형,기능정비,엔진 부품,바닥메트,교환,CAN-000871
union_standard_time,3558312,승용-고급형,기능정비,엔진 부품,엔진룸 사이드 커버(좌측),탈착,CAN-001937
union_standard_time,3558312,승용-고급형,기능정비,엔진 부품,엔진룸 사이드 커버(좌측),교환,CAN-001936
union_standard_time,3558413,승용-고급형,기능정비,엔진 부품,엔진룸 사이드 커버(우측),탈착,CAN-001935
union_standard_time,3558413,승용-고급형,기능정비,엔진 부품,엔진룸 사이드 커버(우측),교환,CAN-001934
union_standard_time,3558518,승용-고급형,기능정비,엔진 부품,"실내바닥 언더커버(앞,좌)",탈착,CAN-001547
union_standard_time,3558518,승용-고급형,기능정비,엔진 부품,"실내바닥 언더커버(앞,좌)",교환,CAN-001546
union_standard_time,3558619,승용-고급형,기능정비,엔진 부품,"실내바닥 언더커버(앞,우)",탈착,CAN-001545
union_standard_time,3558619,승용-고급형,기능정비,엔진 부품,"실내바닥 언더커버(앞,우)",교환,CAN-001544
union_standard_time,3558720,승용-고급형,기능정비,엔진 부품,"실내바닥 언더커버(뒤,좌)",탈착,CAN-001543
union_standard_time,3558720,승용-고급형,기능정비,엔진 부품,"실내바닥 언더커버(뒤,좌)",교환,CAN-001542
union_standard_time,3558821,승용-고급형,기능정비,엔진 부품,"실내바닥 언더커버(뒤,우)",탈착,CAN-001541
union_standard_time,3558821,승용-고급형,기능정비,엔진 부품,"실내바닥 언더커버(뒤,우)",교환,CAN-001540
union_standard_time,3568001,승용-고급형,기능정비,엔진 부품,안테나,탈착,CAN-001673
union_standard_time,3568001,승용-고급형,기능정비,엔진 부품,안테나,교환,CAN-001672
union_standard_time,3568002,승용-고급형,기능정비,엔진 부품,샤크 안테나,탈착,CAN-001262
union_standard_time,3568002,승용-고급형,기능정비,엔진 부품,샤크 안테나,교환,CAN-001261
union_standard_time,3568003,승용-고급형,기능정비,엔진 부품,라디오 안테나(휀다 부착형),탈착,CAN-000369
union_standard_time,3568003,승용-고급형,기능정비,엔진 부품,라디오 안테나(휀다 부착형),교환,CAN-000368
union_standard_time,3568015,승용-고급형,기능정비,엔진 부품,CD 체인저,탈착,CAN-000028
union_standard_time,3568015,승용-고급형,기능정비,엔진 부품,CD 체인저,교환,CAN-000027
union_standard_time,3568016,승용-고급형,기능정비,엔진 부품,DVD 체인져,탈착,CAN-000036
union_standard_time,3568016,승용-고급형,기능정비,엔진 부품,DVD 체인져,교환,CAN-000035
union_standard_time,3568022,승용-고급형,기능정비,엔진 부품,공기청정기,탈착,CAN-000129
union_standard_time,3568022,승용-고급형,기능정비,엔진 부품,공기청정기,교환,CAN-000128
union_standard_time,3568024,승용-고급형,기능정비,엔진 부품,파킹케이블 컨트롤유니트,탈착,CAN-002868
union_standard_time,3568024,승용-고급형,기능정비,엔진 부품,파킹케이블 컨트롤유니트,교환,CAN-002867
union_standard_time,3578101,승용-고급형,기능정비,엔진 부품,앞유리(접착식),탈착,CAN-001717
union_standard_time,3578101,승용-고급형,기능정비,엔진 부품,앞유리(접착식),교환,CAN-001716
union_standard_time,3578202,승용-고급형,기능정비,엔진 부품,뒷유리(접착식),탈착,CAN-000258
union_standard_time,3578202,승용-고급형,기능정비,엔진 부품,뒷유리(접착식),교환,CAN-000257
union_standard_time,3578309,승용-고급형,기능정비,엔진 부품,"뒤휀다고정유리(접착식,좌)",탈착,CAN-000236
union_standard_time,3578309,승용-고급형,기능정비,엔진 부품,"뒤휀다고정유리(접착식,좌)",교환,CAN-000235
union_standard_time,3578410,승용-고급형,기능정비,엔진 부품,"뒤휀다고정유리(접착식,우)",탈착,CAN-000228
union_standard_time,3578410,승용-고급형,기능정비,엔진 부품,"뒤휀다고정유리(접착식,우)",교환,CAN-000227
union_standard_time,3578503,승용-고급형,판금/도장정비,판금(탈부착),문짝사각유리(앞좌),탈착,CAN-000852
union_standard_time,3578503,승용-고급형,판금/도장정비,판금(탈부착),문짝사각유리(앞좌),교환,CAN-000851
union_standard_time,3578604,승용-고급형,판금/도장정비,판금(탈부착),문짝사각유리(앞우),탈착,CAN-000850
union_standard_time,3578604,승용-고급형,판금/도장정비,판금(탈부착),문짝사각유리(앞우),교환,CAN-000849
union_standard_time,3578705,승용-고급형,판금/도장정비,판금(탈부착),문짝사각유리(뒤좌),탈착,CAN-000848
union_standard_time,3578705,승용-고급형,판금/도장정비,판금(탈부착),문짝사각유리(뒤좌),교환,CAN-000847
union_standard_time,3578707,승용-고급형,판금/도장정비,판금(탈부착),문짝삼각유리(뒤도어)(좌측),탈착,CAN-000856
union_standard_time,3578707,승용-고급형,판금/도장정비,판금(탈부착),문짝삼각유리(뒤도어)(좌측),교환,CAN-000855
union_standard_time,3578806,승용-고급형,판금/도장정비,판금(탈부착),문짝사각유리(뒤우),탈착,CAN-000846
union_standard_time,3578806,승용-고급형,판금/도장정비,판금(탈부착),문짝사각유리(뒤우),교환,CAN-000845
union_standard_time,3578808,승용-고급형,판금/도장정비,판금(탈부착),문짝삼각유리(뒤도어)(우측),탈착,CAN-000854
union_standard_time,3578808,승용-고급형,판금/도장정비,판금(탈부착),문짝삼각유리(뒤도어)(우측),교환,CAN-000853
union_standard_time,3588001,승용-고급형,기능정비,전기 및 램프,레인센서,탈착,CAN-000375
union_standard_time,3588001,승용-고급형,기능정비,전기 및 램프,레인센서,교환,CAN-000374
union_standard_time,5588002,승용-고급형,기능정비,엔진 부품,엔진 ASSY(SOHC),탈착,CAN-001897
union_standard_time,5588002,승용-고급형,기능정비,엔진 부품,엔진 ASSY(SOHC),교환,CAN-001895
union_standard_time,5588002,승용-고급형,기능정비,엔진 부품,엔진 ASSY(SOHC),오버홀,CAN-001896
union_standard_time,5588003,승용-고급형,기능정비,엔진 부품,엔진 ASSY(DOHC),탈착,CAN-001889
union_standard_time,5588003,승용-고급형,기능정비,엔진 부품,엔진 ASSY(DOHC),교환,CAN-001887
union_standard_time,5588003,승용-고급형,기능정비,엔진 부품,엔진 ASSY(DOHC),오버홀,CAN-001888
union_standard_time,5588004,승용-고급형,기능정비,엔진 부품,엔진 ASSY(V형),탈착,CAN-001908
union_standard_time,5588004,승용-고급형,기능정비,엔진 부품,엔진 ASSY(V형),교환,CAN-001906
union_standard_time,5588004,승용-고급형,기능정비,엔진 부품,엔진 ASSY(V형),오버홀,CAN-001907
union_standard_time,5588005,승용-고급형,기능정비,엔진 부품,엔진 ASSY(V8)),탈착,CAN-001903
union_standard_time,5588005,승용-고급형,기능정비,엔진 부품,엔진 ASSY(V8)),교환,CAN-001901
union_standard_time,5588005,승용-고급형,기능정비,엔진 부품,엔진 ASSY(V8)),오버홀,CAN-001902
union_standard_time,5588006,승용-고급형,기능정비,엔진 부품,엔진ASSY,탈착,CAN-001913
union_standard_time,5588006,승용-고급형,기능정비,엔진 부품,엔진ASSY,교환,CAN-001911
union_standard_time,5588006,승용-고급형,기능정비,엔진 부품,엔진ASSY,오버홀,CAN-001912
union_standard_time,5588009,승용-고급형,기능정비,엔진 부품,"엔진ASSY(가솔린,LPG)",탈착,CAN-001916
union_standard_time,5588009,승용-고급형,기능정비,엔진 부품,"엔진ASSY(가솔린,LPG)",교환,CAN-001914
union_standard_time,5588009,승용-고급형,기능정비,엔진 부품,"엔진ASSY(가솔린,LPG)",오버홀,CAN-001915
union_standard_time,5588011,승용-고급형,기능정비,엔진 부품,"엔진 ASSY(SOHC,쇼트엔진)",교환,CAN-001898
union_standard_time,5588011,승용-고급형,기능정비,엔진 부품,"엔진 ASSY(SOHC,쇼트엔진)",오버홀,CAN-001899
union_standard_time,5588012,승용-고급형,기능정비,엔진 부품,"엔진 ASSY(DOHC,쇼트엔진)",교환,CAN-001890
union_standard_time,5588012,승용-고급형,기능정비,엔진 부품,"엔진 ASSY(DOHC,쇼트엔진)",오버홀,CAN-001891
union_standard_time,5588013,승용-고급형,기능정비,엔진 부품,"엔진 ASSY(V형,쇼트엔진)",교환,CAN-001909
union_standard_time,5588013,승용-고급형,기능정비,엔진 부품,"엔진 ASSY(V형,쇼트엔진)",오버홀,CAN-001910
union_standard_time,5588014,승용-고급형,기능정비,엔진 부품,"엔진 ASSY(V8,쇼트엔진)",교환,CAN-001904
union_standard_time,5588014,승용-고급형,기능정비,엔진 부품,"엔진 ASSY(V8,쇼트엔진)",오버홀,CAN-001905
union_standard_time,5588015,승용-고급형,기능정비,엔진 부품,엔진 ASSY(쇼트엔진),교환,CAN-001920
union_standard_time,5588015,승용-고급형,기능정비,엔진 부품,엔진 ASSY(쇼트엔진),오버홀,CAN-001921
union_standard_time,5588016,승용-고급형,기능정비,엔진 부품,"쇼트엔진(가솔린,LPG)",교환,CAN-001328
union_standard_time,5588016,승용-고급형,기능정비,엔진 부품,"쇼트엔진(가솔린,LPG)",오버홀,CAN-001329
union_standard_time,5588018,승용-고급형,기능정비,엔진 부품,베어엔진,교환,CAN-001026
union_standard_time,5598001,승용-고급형,기능정비,엔진 부품,실린더헤드(SOHC),탈착,CAN-001557
union_standard_time,5598001,승용-고급형,기능정비,엔진 부품,실린더헤드(SOHC),교환,CAN-001555
union_standard_time,5598001,승용-고급형,기능정비,엔진 부품,실린더헤드(SOHC),오버홀,CAN-001556
union_standard_time,5598002,승용-고급형,기능정비,엔진 부품,실린더헤드(DOHC),탈착,CAN-001554
union_standard_time,5598002,승용-고급형,기능정비,엔진 부품,실린더헤드(DOHC),교환,CAN-001552
union_standard_time,5598002,승용-고급형,기능정비,엔진 부품,실린더헤드(DOHC),오버홀,CAN-001553
union_standard_time,5598003,승용-고급형,기능정비,엔진 부품,"실린더헤드(V형,#1)",탈착,CAN-001565
union_standard_time,5598003,승용-고급형,기능정비,엔진 부품,"실린더헤드(V형,#1)",교환,CAN-001563
union_standard_time,5598003,승용-고급형,기능정비,엔진 부품,"실린더헤드(V형,#1)",오버홀,CAN-001564
union_standard_time,5598004,승용-고급형,기능정비,엔진 부품,"실린더헤드(V형,#2)",탈착,CAN-001568
union_standard_time,5598004,승용-고급형,기능정비,엔진 부품,"실린더헤드(V형,#2)",교환,CAN-001566
union_standard_time,5598004,승용-고급형,기능정비,엔진 부품,"실린더헤드(V형,#2)",오버홀,CAN-001567
union_standard_time,5598005,승용-고급형,기능정비,엔진 부품,"실린더헤드(V8,#1)",탈착,CAN-001560
union_standard_time,5598005,승용-고급형,기능정비,엔진 부품,"실린더헤드(V8,#1)",교환,CAN-001558
union_standard_time,5598005,승용-고급형,기능정비,엔진 부품,"실린더헤드(V8,#1)",오버홀,CAN-001559
union_standard_time,5598006,승용-고급형,기능정비,엔진 부품,"실린더헤드(V8,#2)",탈착,CAN-001562
union_standard_time,5598006,승용-고급형,기능정비,엔진 부품,"실린더헤드(V8,#2)",교환,CAN-001561
union_standard_time,5598007,승용-고급형,기능정비,엔진 부품,실린더헤드,탈착,CAN-001573
union_standard_time,5598007,승용-고급형,기능정비,엔진 부품,실린더헤드,교환,CAN-001571
union_standard_time,5598007,승용-고급형,기능정비,엔진 부품,실린더헤드,오버홀,CAN-001572
union_standard_time,5598008,승용-고급형,기능정비,엔진 부품,실린더헤드(가솔린),탈착,CAN-001579
union_standard_time,5598008,승용-고급형,기능정비,엔진 부품,실린더헤드(가솔린),교환,CAN-001577
union_standard_time,5598008,승용-고급형,기능정비,엔진 부품,실린더헤드(가솔린),오버홀,CAN-001578
union_standard_time,5598017,승용-고급형,기능정비,엔진 부품,미션마운트,탈착,CAN-000862
union_standard_time,5598017,승용-고급형,기능정비,엔진 부품,미션마운트,교환,CAN-000861
union_standard_time,5598312,승용-고급형,기능정비,엔진 부품,엔진 마운틴 및 브라켓(좌측),탈착,CAN-001980
union_standard_time,5598312,승용-고급형,기능정비,엔진 부품,엔진 마운틴 및 브라켓(좌측),교환,CAN-001979
union_standard_time,5599015,승용-고급형,기능정비,엔진 부품,엔진 마운틴 및 브라켓(앞),탈착,CAN-001970
union_standard_time,5599015,승용-고급형,기능정비,엔진 부품,엔진 마운틴 및 브라켓(앞),교환,CAN-001969
union_standard_time,5599016,승용-고급형,기능정비,엔진 부품,엔진 마운틴 및 브라켓(뒤),탈착,CAN-001958
union_standard_time,5599016,승용-고급형,기능정비,엔진 부품,엔진 마운틴 및 브라켓(뒤),교환,CAN-001957
union_standard_time,5599018,승용-고급형,기능정비,엔진 부품,엔진 마운틴 및 브라켓(뒤),탈착,CAN-001958
union_standard_time,5599018,승용-고급형,기능정비,엔진 부품,엔진 마운틴 및 브라켓(뒤),교환,CAN-001957
union_standard_time,5599025,승용-고급형,기능정비,엔진 부품,실린더 헤드 커버,탈착,CAN-001584
union_standard_time,5599025,승용-고급형,기능정비,엔진 부품,실린더 헤드 커버,교환,CAN-001583
union_standard_time,5599026,승용-고급형,기능정비,엔진 부품,차선이탈경보유닛(LDWS),탈착,CAN-002397
union_standard_time,5599026,승용-고급형,기능정비,엔진 부품,차선이탈경보유닛(LDWS),교환,CAN-002396
union_standard_time,5599311,승용-고급형,기능정비,엔진 부품,엔진 마운틴 및 브라켓(좌측),탈착,CAN-001980
union_standard_time,5599311,승용-고급형,기능정비,엔진 부품,엔진 마운틴 및 브라켓(좌측),교환,CAN-001979
union_standard_time,5599327,승용-고급형,기능정비,엔진 부품,실린더 헤드 커버(좌측),탈착,CAN-001588
union_standard_time,5599327,승용-고급형,기능정비,엔진 부품,실린더 헤드 커버(좌측),교환,CAN-001587
union_standard_time,5599413,승용-고급형,기능정비,엔진 부품,엔진 마운틴 및 브라켓(우측),탈착,CAN-001976
union_standard_time,5599413,승용-고급형,기능정비,엔진 부품,엔진 마운틴 및 브라켓(우측),교환,CAN-001975
union_standard_time,5599414,승용-고급형,기능정비,엔진 부품,엔진 마운틴 및 브라켓(우측),탈착,CAN-001976
union_standard_time,5599414,승용-고급형,기능정비,엔진 부품,엔진 마운틴 및 브라켓(우측),교환,CAN-001975
union_standard_time,5599428,승용-고급형,기능정비,엔진 부품,실린더 헤드 커버(우측),탈착,CAN-001586
union_standard_time,5599428,승용-고급형,기능정비,엔진 부품,실린더 헤드 커버(우측),교환,CAN-001585
union_standard_time,5608001,승용-고급형,기능정비,엔진 부품,타이밍커버,탈착,CAN-002673
union_standard_time,5608001,승용-고급형,기능정비,엔진 부품,타이밍커버,교환,CAN-002672
union_standard_time,5608004,승용-고급형,기능정비,엔진 부품,타이밍커버(V형엔진),탈착,CAN-002671
union_standard_time,5608004,승용-고급형,기능정비,엔진 부품,타이밍커버(V형엔진),교환,CAN-002670
union_standard_time,5608009,승용-고급형,기능정비,엔진 부품,타이밍 체인 프론트 케이스,탈착,CAN-002667
union_standard_time,5608009,승용-고급형,기능정비,엔진 부품,타이밍 체인 프론트 케이스,교환,CAN-002666
union_standard_time,5608010,승용-고급형,기능정비,엔진 부품,타이밍 체인 프론트 케이스(V형),탈착,CAN-002665
union_standard_time,5608010,승용-고급형,기능정비,엔진 부품,타이밍 체인 프론트 케이스(V형),교환,CAN-002664
union_standard_time,5608011,승용-고급형,기능정비,엔진 부품,타이밍 체인 리어 케이스,탈착,CAN-002663
union_standard_time,5608011,승용-고급형,기능정비,엔진 부품,타이밍 체인 리어 케이스,교환,CAN-002662
union_standard_time,5618001,승용-고급형,소모품 및 하체정비,소모품,에어클리너ASSY,탈착,CAN-001869
union_standard_time,5618001,승용-고급형,소모품 및 하체정비,소모품,에어클리너ASSY,교환,CAN-001868
union_standard_time,5618005,승용-고급형,기능정비,엔진 부품,레죠네이터,탈착,CAN-000377
union_standard_time,5618005,승용-고급형,기능정비,엔진 부품,레죠네이터,교환,CAN-000376
union_standard_time,5618010,승용-고급형,기능정비,엔진 부품,드로틀바디,탈착,CAN-000262
union_standard_time,5618010,승용-고급형,기능정비,엔진 부품,드로틀바디,교환,CAN-000261
union_standard_time,5618016,승용-고급형,기능정비,엔진 부품,드로틀바디(V8),탈착,CAN-000260
union_standard_time,5618016,승용-고급형,기능정비,엔진 부품,드로틀바디(V8),교환,CAN-000259
union_standard_time,5628002,승용-고급형,기능정비,엔진 부품,인젝터NO1,탈착,CAN-002281
union_standard_time,5628002,승용-고급형,기능정비,엔진 부품,인젝터NO1,교환,CAN-002280
union_standard_time,5628003,승용-고급형,기능정비,전기 및 램프,인젝터NO2,탈착,CAN-002283
union_standard_time,5628003,승용-고급형,기능정비,전기 및 램프,인젝터NO2,교환,CAN-002282
union_standard_time,5628004,승용-고급형,기능정비,엔진 부품,인젝터NO3,탈착,CAN-002285
union_standard_time,5628004,승용-고급형,기능정비,엔진 부품,인젝터NO3,교환,CAN-002284
union_standard_time,5628005,승용-고급형,기능정비,엔진 부품,인젝터NO4,탈착,CAN-002287
union_standard_time,5628005,승용-고급형,기능정비,엔진 부품,인젝터NO4,교환,CAN-002286
union_standard_time,5628006,승용-고급형,기능정비,엔진 부품,인젝터NO5,탈착,CAN-002289
union_standard_time,5628006,승용-고급형,기능정비,엔진 부품,인젝터NO5,교환,CAN-002288
union_standard_time,5628007,승용-고급형,기능정비,엔진 부품,인젝터NO6,탈착,CAN-002291
union_standard_time,5628007,승용-고급형,기능정비,엔진 부품,인젝터NO6,교환,CAN-002290
union_standard_time,5628008,승용-고급형,기능정비,엔진 부품,인젝터NO7,탈착,CAN-002293
union_standard_time,5628008,승용-고급형,기능정비,엔진 부품,인젝터NO7,교환,CAN-002292
union_standard_time,5628009,승용-고급형,기능정비,엔진 부품,인젝터NO8,탈착,CAN-002295
union_standard_time,5628009,승용-고급형,기능정비,엔진 부품,인젝터NO8,교환,CAN-002294
union_standard_time,5628016,승용-고급형,기능정비,엔진 부품,이그니션코일,탈착,CAN-002248
union_standard_time,5628016,승용-고급형,기능정비,엔진 부품,이그니션코일,교환,CAN-002247
union_standard_time,5638001,승용-고급형,소모품 및 하체정비,오일류,엔진오일팬,탈착,CAN-001993
union_standard_time,5638001,승용-고급형,소모품 및 하체정비,오일류,엔진오일팬,교환,CAN-001992
union_standard_time,5638005,승용-고급형,소모품 및 하체정비,오일류,엔진 오일팬(V8),탈착,CAN-001991
union_standard_time,5638005,승용-고급형,소모품 및 하체정비,오일류,엔진 오일팬(V8),교환,CAN-001990
union_standard_time,5638006,승용-고급형,소모품 및 하체정비,오일류,엔진오일 펌프,탈착,CAN-001999
union_standard_time,5638006,승용-고급형,소모품 및 하체정비,오일류,엔진오일 펌프,교환,CAN-001998
union_standard_time,5638008,승용-고급형,소모품 및 하체정비,소모품,오일필터(가솔린),탈착,CAN-002172
union_standard_time,5638008,승용-고급형,소모품 및 하체정비,소모품,오일필터(가솔린),교환,CAN-002171
union_standard_time,5638009,승용-고급형,기능정비,엔진 부품,워터펌프,탈착,CAN-002230
union_standard_time,5638009,승용-고급형,기능정비,엔진 부품,워터펌프,교환,CAN-002229
union_standard_time,5638012,승용-고급형,기능정비,엔진 부품,워터펌프(V형),탈착,CAN-002228
union_standard_time,5638012,승용-고급형,기능정비,엔진 부품,워터펌프(V형),교환,CAN-002227
union_standard_time,5638013,승용-고급형,기능정비,엔진 부품,워터펌프(2.7엔진),탈착,CAN-002226
union_standard_time,5638013,승용-고급형,기능정비,엔진 부품,워터펌프(2.7엔진),교환,CAN-002225
union_standard_time,5638015,승용-고급형,기능정비,엔진 부품,고압펌프,탈착,CAN-000114
union_standard_time,5638015,승용-고급형,기능정비,엔진 부품,고압펌프,교환,CAN-000113
union_standard_time,5638017,승용-고급형,기능정비,엔진 부품,딜리버리 파이프,탈착,CAN-000307
union_standard_time,5638017,승용-고급형,기능정비,엔진 부품,딜리버리 파이프,교환,CAN-000306
union_standard_time,5638018,승용-고급형,기능정비,엔진 부품,딜리버리 파이프#2,탈착,CAN-000305
union_standard_time,5638018,승용-고급형,기능정비,엔진 부품,딜리버리 파이프#2,교환,CAN-000304
union_standard_time,5638019,승용-고급형,소모품 및 하체정비,하체 부품,파워스티어링 펌프(전기유압식),탈착,CAN-002854
union_standard_time,5638019,승용-고급형,소모품 및 하체정비,하체 부품,파워스티어링 펌프(전기유압식),교환,CAN-002853
union_standard_time,5638020,승용-고급형,소모품 및 하체정비,하체 부품,파워스티어링 리저브탱크,탈착,CAN-002837
union_standard_time,5638020,승용-고급형,소모품 및 하체정비,하체 부품,파워스티어링 리저브탱크,교환,CAN-002836
union_standard_time,5638024,승용-고급형,소모품 및 하체정비,오일류,엔진오일팬(AWD),탈착,CAN-001989
union_standard_time,5638024,승용-고급형,소모품 및 하체정비,오일류,엔진오일팬(AWD),교환,CAN-001988
union_standard_time,5648001,승용-고급형,기능정비,엔진 부품,흡기매니홀드,탈착,CAN-003434
union_standard_time,5648001,승용-고급형,기능정비,엔진 부품,흡기매니홀드,교환,CAN-003433
union_standard_time,5648004,승용-고급형,기능정비,엔진 부품,흡기매니홀드(V형엔진),탈착,CAN-003432
union_standard_time,5648004,승용-고급형,기능정비,엔진 부품,흡기매니홀드(V형엔진),교환,CAN-003431
union_standard_time,5648005,승용-고급형,기능정비,엔진 부품,흡기매니홀드(V8),탈착,CAN-003428
union_standard_time,5648005,승용-고급형,기능정비,엔진 부품,흡기매니홀드(V8),교환,CAN-003427
union_standard_time,5648006,승용-고급형,기능정비,엔진 부품,배기매니홀드,탈착,CAN-000903
union_standard_time,5648006,승용-고급형,기능정비,엔진 부품,배기매니홀드,교환,CAN-000902
union_standard_time,5648009,승용-고급형,기능정비,엔진 부품,배기매니홀드(V형 NO.1),탈착,CAN-000895
union_standard_time,5648009,승용-고급형,기능정비,엔진 부품,배기매니홀드(V형 NO.1),교환,CAN-000894
union_standard_time,5648010,승용-고급형,기능정비,엔진 부품,배기매니홀드(V형 NO.2),탈착,CAN-000897
union_standard_time,5648010,승용-고급형,기능정비,엔진 부품,배기매니홀드(V형 NO.2),교환,CAN-000896
union_standard_time,5648011,승용-고급형,기능정비,엔진 부품,배기매니홀드(V8 NO.1),탈착,CAN-000891
union_standard_time,5648011,승용-고급형,기능정비,엔진 부품,배기매니홀드(V8 NO.1),교환,CAN-000890
union_standard_time,5648012,승용-고급형,기능정비,엔진 부품,배기매니홀드(V8 NO.2),탈착,CAN-000893
union_standard_time,5648012,승용-고급형,기능정비,엔진 부품,배기매니홀드(V8 NO.2),교환,CAN-000892
union_standard_time,5648013,승용-고급형,기능정비,엔진 부품,배기매니홀드(앞),탈착,CAN-000913
union_standard_time,5648013,승용-고급형,기능정비,엔진 부품,배기매니홀드(앞),교환,CAN-000912
union_standard_time,5648014,승용-고급형,기능정비,엔진 부품,배기매니홀드(뒤),탈착,CAN-000907
union_standard_time,5648014,승용-고급형,기능정비,엔진 부품,배기매니홀드(뒤),교환,CAN-000906
union_standard_time,5658001,승용-고급형,기능정비,엔진 부품,PRE카탈리스틱 컨버터(앞),탈착,CAN-000092
union_standard_time,5658001,승용-고급형,기능정비,엔진 부품,PRE카탈리스틱 컨버터(앞),교환,CAN-000091
union_standard_time,5658002,승용-고급형,기능정비,엔진 부품,PRE카탈리스틱 컨버터(뒤),탈착,CAN-000090
union_standard_time,5658002,승용-고급형,기능정비,엔진 부품,PRE카탈리스틱 컨버터(뒤),교환,CAN-000089
union_standard_time,5658003,승용-고급형,기능정비,엔진 부품,배기파이프1번(프론트),탈착,CAN-000929
union_standard_time,5658003,승용-고급형,기능정비,엔진 부품,배기파이프1번(프론트),교환,CAN-000928
union_standard_time,5658006,승용-고급형,기능정비,엔진 부품,배기파이프1번(V형),탈착,CAN-000919
union_standard_time,5658006,승용-고급형,기능정비,엔진 부품,배기파이프1번(V형),교환,CAN-000918
union_standard_time,5658007,승용-고급형,기능정비,엔진 부품,"배기파이프1번(프론트,V형 NO.2)",탈착,CAN-000927
union_standard_time,5658007,승용-고급형,기능정비,엔진 부품,"배기파이프1번(프론트,V형 NO.2)",교환,CAN-000926
union_standard_time,5658008,승용-고급형,기능정비,엔진 부품,배기파이프2번(미들),탈착,CAN-000933
union_standard_time,5658008,승용-고급형,기능정비,엔진 부품,배기파이프2번(미들),교환,CAN-000932
union_standard_time,5658009,승용-고급형,기능정비,엔진 부품,"배기파이프2번(머플러,듀얼)",탈착,CAN-000931
union_standard_time,5658009,승용-고급형,기능정비,엔진 부품,"배기파이프2번(머플러,듀얼)",교환,CAN-000930
union_standard_time,5658010,승용-고급형,기능정비,엔진 부품,"배기파이프3번(머플러,우)",탈착,CAN-000943
union_standard_time,5658010,승용-고급형,기능정비,엔진 부품,"배기파이프3번(머플러,우)",교환,CAN-000942
union_standard_time,5658011,승용-고급형,기능정비,엔진 부품,"배기파이프3번(머플러,좌)#2",탈착,CAN-000945
union_standard_time,5658011,승용-고급형,기능정비,엔진 부품,"배기파이프3번(머플러,좌)#2",교환,CAN-000944
union_standard_time,5658018,승용-고급형,기능정비,엔진 부품,카탈리스트 컨버터,탈착,CAN-002465
union_standard_time,5658018,승용-고급형,기능정비,엔진 부품,카탈리스트 컨버터,교환,CAN-002464
union_standard_time,5658019,승용-고급형,기능정비,엔진 부품,카탈리스트 컨버터(V형 NO.1),탈착,CAN-002461
union_standard_time,5658019,승용-고급형,기능정비,엔진 부품,카탈리스트 컨버터(V형 NO.1),교환,CAN-002460
union_standard_time,5658020,승용-고급형,기능정비,엔진 부품,카탈리스트 컨버터(V형 NO.2),탈착,CAN-002463
union_standard_time,5658020,승용-고급형,기능정비,엔진 부품,카탈리스트 컨버터(V형 NO.2),교환,CAN-002462
union_standard_time,5658024,승용-고급형,기능정비,전기 및 램프,산소센서,탈착,CAN-001256
union_standard_time,5658024,승용-고급형,기능정비,전기 및 램프,산소센서,교환,CAN-001255
union_standard_time,5658025,승용-고급형,기능정비,전기 및 램프,산소센서#2,탈착,CAN-001254
union_standard_time,5658025,승용-고급형,기능정비,전기 및 램프,산소센서#2,교환,CAN-001253
union_standard_time,5668001,승용-고급형,기능정비,엔진 부품,연료탱크,탈착,CAN-002034
union_standard_time,5668001,승용-고급형,기능정비,엔진 부품,연료탱크,교환,CAN-002032
union_standard_time,5668001,승용-고급형,기능정비,엔진 부품,연료탱크,오버홀,CAN-002033
union_standard_time,5668014,승용-고급형,소모품 및 하체정비,브레이크/타이어,연료&브레이크 파이프 라인,탈착,CAN-002016
union_standard_time,5668014,승용-고급형,소모품 및 하체정비,브레이크/타이어,연료&브레이크 파이프 라인,교환,CAN-002015
union_standard_time,5668015,승용-고급형,기능정비,엔진 부품,연료 파이프(언더바디),탈착,CAN-002037
union_standard_time,5668015,승용-고급형,기능정비,엔진 부품,연료 파이프(언더바디),교환,CAN-002036
union_standard_time,5668016,승용-고급형,기능정비,엔진 부품,LPG봄베,탈착,CAN-000082
union_standard_time,5668016,승용-고급형,기능정비,엔진 부품,LPG봄베,교환,CAN-000081
union_standard_time,5668017,승용-고급형,기능정비,엔진 부품,LPG 믹서,탈착,CAN-000080
union_standard_time,5668017,승용-고급형,기능정비,엔진 부품,LPG 믹서,교환,CAN-000079
union_standard_time,5668018,승용-고급형,기능정비,엔진 부품,베이퍼라이져,탈착,CAN-001031
union_standard_time,5668018,승용-고급형,기능정비,엔진 부품,베이퍼라이져,교환,CAN-001030
union_standard_time,5678005,승용-고급형,기능정비,엔진 부품,터보차져,탈착,CAN-002703
union_standard_time,5678005,승용-고급형,기능정비,엔진 부품,터보차져,교환,CAN-002702
union_standard_time,5678006,승용-고급형,기능정비,엔진 부품,인터쿨러,탈착,CAN-002299
union_standard_time,5678006,승용-고급형,기능정비,엔진 부품,인터쿨러,교환,CAN-002298
union_standard_time,5678010,승용-고급형,기능정비,엔진 부품,엔진룸 커버,탈착,CAN-001941
union_standard_time,5678010,승용-고급형,기능정비,엔진 부품,엔진룸 커버,교환,CAN-001940
union_standard_time,7688001,승용-고급형,기능정비,엔진 부품,트랜스미션(M/T),탈착,CAN-002732
union_standard_time,7688001,승용-고급형,기능정비,엔진 부품,트랜스미션(M/T),교환,CAN-002730
union_standard_time,7688001,승용-고급형,기능정비,엔진 부품,트랜스미션(M/T),오버홀,CAN-002731
union_standard_time,7688002,승용-고급형,기능정비,엔진 부품,트랜스미션(A/T),탈착,CAN-002725
union_standard_time,7688002,승용-고급형,기능정비,엔진 부품,트랜스미션(A/T),교환,CAN-002723
union_standard_time,7688002,승용-고급형,기능정비,엔진 부품,트랜스미션(A/T),오버홀,CAN-002724
union_standard_time,7688007,승용-고급형,소모품 및 하체정비,오일류,자동변속기오일팬,탈착,CAN-002305
union_standard_time,7688007,승용-고급형,소모품 및 하체정비,오일류,자동변속기오일팬,교환,CAN-002304
union_standard_time,7688011,승용-고급형,소모품 및 하체정비,오일류,트랜스미션(A/T)오일팬,탈착,CAN-002729
union_standard_time,7688011,승용-고급형,소모품 및 하체정비,오일류,트랜스미션(A/T)오일팬,교환,CAN-002728
union_standard_time,7688012,승용-고급형,기능정비,엔진 부품,트랜스미션(A/T)밸브 바디,탈착,CAN-002727
union_standard_time,7688012,승용-고급형,기능정비,엔진 부품,트랜스미션(A/T)밸브 바디,교환,CAN-002726
union_standard_time,7688013,승용-고급형,기능정비,엔진 부품,트랜스퍼케이스,탈착,CAN-002752
union_standard_time,7688013,승용-고급형,기능정비,엔진 부품,트랜스퍼케이스,교환,CAN-002750
union_standard_time,7689017,승용-고급형,기능정비,엔진 부품,체인지레버(M/T),탈착,CAN-002427
union_standard_time,7689017,승용-고급형,기능정비,엔진 부품,체인지레버(M/T),교환,CAN-002426
union_standard_time,7689018,승용-고급형,기능정비,엔진 부품,체인지레버(A/T),탈착,CAN-002425
union_standard_time,7689018,승용-고급형,기능정비,엔진 부품,체인지레버(A/T),교환,CAN-002424
union_standard_time,7689021,승용-고급형,기능정비,엔진 부품,체인지레버 케이블 및 로드,탈착,CAN-002435
union_standard_time,7689021,승용-고급형,기능정비,엔진 부품,체인지레버 케이블 및 로드,교환,CAN-002434
union_standard_time,7689026,승용-고급형,기능정비,엔진 부품,파킹엑츄에이터,탈착,CAN-002866
union_standard_time,7689026,승용-고급형,기능정비,엔진 부품,파킹엑츄에이터,교환,CAN-002865
union_standard_time,7689027,승용-고급형,기능정비,엔진 부품,전자식변속레버,탈착,CAN-002376
union_standard_time,7689027,승용-고급형,기능정비,엔진 부품,전자식변속레버,교환,CAN-002375
union_standard_time,7698005,승용-고급형,기능정비,엔진 부품,프로펠러 샤프트,탈착,CAN-002934
union_standard_time,7698005,승용-고급형,기능정비,엔진 부품,프로펠러 샤프트,교환,CAN-002933
union_standard_time,7698006,승용-고급형,기능정비,엔진 부품,프로펠라샤프트(앞),탈착,CAN-002932
union_standard_time,7698006,승용-고급형,기능정비,엔진 부품,프로펠라샤프트(앞),교환,CAN-002931
union_standard_time,7698007,승용-고급형,기능정비,엔진 부품,프로펠라샤프트(뒤),탈착,CAN-002930
union_standard_time,7698007,승용-고급형,기능정비,엔진 부품,프로펠라샤프트(뒤),교환,CAN-002929
union_standard_time,7698310,승용-고급형,소모품 및 하체정비,하체 부품,프론트서스펜션ASSY(좌측),탈착,CAN-003068
union_standard_time,7698310,승용-고급형,소모품 및 하체정비,하체 부품,프론트서스펜션ASSY(좌측),교환,CAN-003066
union_standard_time,7698310,승용-고급형,소모품 및 하체정비,하체 부품,프론트서스펜션ASSY(좌측),오버홀,CAN-003067
union_standard_time,7698411,승용-고급형,기능정비,엔진 부품,프론트서스팬션ASSY(우측),탈착,CAN-003059
union_standard_time,7698411,승용-고급형,기능정비,엔진 부품,프론트서스팬션ASSY(우측),교환,CAN-003057
union_standard_time,7698411,승용-고급형,기능정비,엔진 부품,프론트서스팬션ASSY(우측),오버홀,CAN-003058
union_standard_time,7698501,승용-고급형,기능정비,엔진 부품,"등속조인트(앞,좌)",탈착,CAN-000276
union_standard_time,7698501,승용-고급형,기능정비,엔진 부품,"등속조인트(앞,좌)",교환,CAN-000275
union_standard_time,7698602,승용-고급형,기능정비,엔진 부품,"등속조인트(앞,우)",탈착,CAN-000274
union_standard_time,7698602,승용-고급형,기능정비,엔진 부품,"등속조인트(앞,우)",교환,CAN-000273
union_standard_time,7698703,승용-고급형,기능정비,엔진 부품,"등속조인트(뒤,좌)",탈착,CAN-000272
union_standard_time,7698703,승용-고급형,기능정비,엔진 부품,"등속조인트(뒤,좌)",교환,CAN-000271
union_standard_time,7698804,승용-고급형,기능정비,엔진 부품,"등속조인트(뒤,우)",탈착,CAN-000270
union_standard_time,7698804,승용-고급형,기능정비,엔진 부품,"등속조인트(뒤,우)",교환,CAN-000269
union_standard_time,7709501,승용-고급형,기능정비,엔진 부품,쇽업쇼버(앞좌),교환,CAN-001347
union_standard_time,7709501,승용-고급형,기능정비,엔진 부품,쇽업쇼버(앞좌),오버홀,CAN-001348
union_standard_time,7709602,승용-고급형,기능정비,엔진 부품,쇽업쇼버(앞우),교환,CAN-001344
union_standard_time,7709602,승용-고급형,기능정비,엔진 부품,쇽업쇼버(앞우),오버홀,CAN-001345
union_standard_time,7709703,승용-고급형,기능정비,엔진 부품,쇽업쇼버(뒤좌),교환,CAN-001338
union_standard_time,7709804,승용-고급형,기능정비,엔진 부품,쇽업쇼버(뒤우),교환,CAN-001336
union_standard_time,7718002,승용-고급형,소모품 및 하체정비,하체 부품,엔진 크로스멤버,탈착,CAN-002008
union_standard_time,7718002,승용-고급형,소모품 및 하체정비,하체 부품,엔진 크로스멤버,교환,CAN-002007
union_standard_time,7718018,승용-고급형,기능정비,엔진 부품,서브 프레임ASSY,탈착,CAN-001264
union_standard_time,7718018,승용-고급형,기능정비,엔진 부품,서브 프레임ASSY,교환,CAN-001263
union_standard_time,7718019,승용-고급형,소모품 및 하체정비,하체 부품,센터멤버,탈착,CAN-001292
union_standard_time,7718019,승용-고급형,소모품 및 하체정비,하체 부품,센터멤버,교환,CAN-001291
union_standard_time,7718020,승용-고급형,기능정비,엔진 부품,리어 액슬빔(FF형),탈착,CAN-000693
union_standard_time,7718020,승용-고급형,기능정비,엔진 부품,리어 액슬빔(FF형),교환,CAN-000691
union_standard_time,7718020,승용-고급형,기능정비,엔진 부품,리어 액슬빔(FF형),오버홀,CAN-000692
union_standard_time,7718027,승용-고급형,기능정비,엔진 부품,뒤차축,탈착,CAN-000218
union_standard_time,7718027,승용-고급형,기능정비,엔진 부품,뒤차축,교환,CAN-000216
union_standard_time,7718027,승용-고급형,기능정비,엔진 부품,뒤차축,오버홀,CAN-000217
union_standard_time,7718032,승용-고급형,소모품 및 하체정비,하체 부품,리어서스펜션 크로스멤버,탈착,CAN-000613
union_standard_time,7718032,승용-고급형,소모품 및 하체정비,하체 부품,리어서스펜션 크로스멤버,교환,CAN-000611
union_standard_time,7718032,승용-고급형,소모품 및 하체정비,하체 부품,리어서스펜션 크로스멤버,오버홀,CAN-000612
union_standard_time,7718134,승용-고급형,기능정비,엔진 부품,프론트 스테빌라이져,탈착,CAN-003079
union_standard_time,7718134,승용-고급형,기능정비,엔진 부품,프론트 스테빌라이져,교환,CAN-003078
union_standard_time,7718235,승용-고급형,기능정비,엔진 부품,스테빌라이져(뒤),탈착,CAN-001362
union_standard_time,7718235,승용-고급형,기능정비,엔진 부품,스테빌라이져(뒤),교환,CAN-001361
union_standard_time,7718308,승용-고급형,소모품 및 하체정비,하체 부품,로워암(좌측),탈착,CAN-000388
union_standard_time,7718308,승용-고급형,소모품 및 하체정비,하체 부품,로워암(좌측),교환,CAN-000387
union_standard_time,7718314,승용-고급형,소모품 및 하체정비,하체 부품,프론트 허브베어링(좌측),오버홀,CAN-003180
union_standard_time,7718316,승용-고급형,소모품 및 하체정비,하체 부품,리어 허브베어링(좌측),오버홀,CAN-000770
union_standard_time,7718323,승용-고급형,소모품 및 하체정비,하체 부품,리어 서스펜션ASSY(좌측),탈착,CAN-000608
union_standard_time,7718323,승용-고급형,소모품 및 하체정비,하체 부품,리어 서스펜션ASSY(좌측),교환,CAN-000606
union_standard_time,7718323,승용-고급형,소모품 및 하체정비,하체 부품,리어 서스펜션ASSY(좌측),오버홀,CAN-000607
union_standard_time,7718330,승용-고급형,소모품 및 하체정비,하체 부품,"리어 서스펜션ASSY(좌,FR형)",탈착,CAN-000605
union_standard_time,7718330,승용-고급형,소모품 및 하체정비,하체 부품,"리어 서스펜션ASSY(좌,FR형)",교환,CAN-000603
union_standard_time,7718330,승용-고급형,소모품 및 하체정비,하체 부품,"리어 서스펜션ASSY(좌,FR형)",오버홀,CAN-000604
union_standard_time,7718409,승용-고급형,소모품 및 하체정비,하체 부품,로워암(우측),탈착,CAN-000386
union_standard_time,7718409,승용-고급형,소모품 및 하체정비,하체 부품,로워암(우측),교환,CAN-000385
union_standard_time,7718415,승용-고급형,소모품 및 하체정비,하체 부품,프론트 허브베어링(우측),오버홀,CAN-003179
union_standard_time,7718417,승용-고급형,소모품 및 하체정비,하체 부품,리어 허브베어링(우측),오버홀,CAN-000768
union_standard_time,7718424,승용-고급형,소모품 및 하체정비,하체 부품,리어 서스펜션ASSY(우측),탈착,CAN-000599
union_standard_time,7718424,승용-고급형,소모품 및 하체정비,하체 부품,리어 서스펜션ASSY(우측),교환,CAN-000597
union_standard_time,7718424,승용-고급형,소모품 및 하체정비,하체 부품,리어 서스펜션ASSY(우측),오버홀,CAN-000598
union_standard_time,7718431,승용-고급형,소모품 및 하체정비,하체 부품,"리어 서스펜션ASSY(우,FR형)",탈착,CAN-000596
union_standard_time,7718431,승용-고급형,소모품 및 하체정비,하체 부품,"리어 서스펜션ASSY(우,FR형)",교환,CAN-000594
union_standard_time,7718431,승용-고급형,소모품 및 하체정비,하체 부품,"리어 서스펜션ASSY(우,FR형)",오버홀,CAN-000595
union_standard_time,7719510,승용-고급형,소모품 및 하체정비,하체 부품,허브(앞좌),오버홀,CAN-003265
union_standard_time,7719611,승용-고급형,소모품 및 하체정비,하체 부품,허브(앞우),오버홀,CAN-003263
union_standard_time,7719712,승용-고급형,소모품 및 하체정비,하체 부품,허브(뒤좌),오버홀,CAN-003261
union_standard_time,7719813,승용-고급형,소모품 및 하체정비,하체 부품,허브(뒤우),오버홀,CAN-003259
union_standard_time,7728005,승용-고급형,기능정비,엔진 부품,디퍼렌셜 기어,탈착,CAN-000301
union_standard_time,7728005,승용-고급형,기능정비,엔진 부품,디퍼렌셜 기어,교환,CAN-000299
union_standard_time,7728005,승용-고급형,기능정비,엔진 부품,디퍼렌셜 기어,오버홀,CAN-000300
union_standard_time,7728006,승용-고급형,소모품 및 하체정비,하체 부품,에어서스펜션 리저브탱크,탈착,CAN-001788
union_standard_time,7728006,승용-고급형,소모품 및 하체정비,하체 부품,에어서스펜션 리저브탱크,교환,CAN-001787
union_standard_time,7728007,승용-고급형,소모품 및 하체정비,하체 부품,에어서스펜션 컴프레셔,탈착,CAN-001805
union_standard_time,7728007,승용-고급형,소모품 및 하체정비,하체 부품,에어서스펜션 컴프레셔,교환,CAN-001804
union_standard_time,7728027,승용-고급형,소모품 및 하체정비,하체 부품,스티어링컬럼ASSY,탈착,CAN-001401
union_standard_time,7728027,승용-고급형,소모품 및 하체정비,하체 부품,스티어링컬럼ASSY,교환,CAN-001400
union_standard_time,7728031,승용-고급형,소모품 및 하체정비,하체 부품,파워스티어링기어,탈착,CAN-002834
union_standard_time,7728031,승용-고급형,소모품 및 하체정비,하체 부품,파워스티어링기어,교환,CAN-002833
union_standard_time,7728038,승용-고급형,소모품 및 하체정비,하체 부품,파워스티어링 리져브 탱크,탈착,CAN-002839
union_standard_time,7728038,승용-고급형,소모품 및 하체정비,하체 부품,파워스티어링 리져브 탱크,교환,CAN-002838
union_standard_time,7728039,승용-고급형,소모품 및 하체정비,하체 부품,스티어링 오일 파이프#1,탈착,CAN-001389
union_standard_time,7728039,승용-고급형,소모품 및 하체정비,하체 부품,스티어링 오일 파이프#1,교환,CAN-001388
union_standard_time,7728040,승용-고급형,소모품 및 하체정비,하체 부품,스티어링 오일 파이프#2,탈착,CAN-001391
union_standard_time,7728040,승용-고급형,소모품 및 하체정비,하체 부품,스티어링 오일 파이프#2,교환,CAN-001390
union_standard_time,7728045,승용-고급형,기능정비,전기 및 램프,ABS하이드로릭유니트,탈착,CAN-000010
union_standard_time,7728045,승용-고급형,기능정비,전기 및 램프,ABS하이드로릭유니트,교환,CAN-000009
union_standard_time,7728051,승용-고급형,소모품 및 하체정비,브레이크/타이어,브레이크부스터&마스터실린더,탈착,CAN-001085
union_standard_time,7728051,승용-고급형,소모품 및 하체정비,브레이크/타이어,브레이크부스터&마스터실린더,교환,CAN-001084
union_standard_time,7728054,승용-고급형,소모품 및 하체정비,브레이크/타이어,브레이크&클러치페달,탈착,CAN-001077
union_standard_time,7728054,승용-고급형,소모품 및 하체정비,브레이크/타이어,브레이크&클러치페달,교환,CAN-001076
union_standard_time,7728056,승용-고급형,기능정비,엔진 부품,악셀레이터 페달,탈착,CAN-001607
union_standard_time,7728056,승용-고급형,기능정비,엔진 부품,악셀레이터 페달,교환,CAN-001606
union_standard_time,7728057,승용-고급형,소모품 및 하체정비,브레이크/타이어,브레이크페달,탈착,CAN-001120
union_standard_time,7728057,승용-고급형,소모품 및 하체정비,브레이크/타이어,브레이크페달,교환,CAN-001119
union_standard_time,7728058,승용-고급형,기능정비,엔진 부품,클러치 페달,탈착,CAN-002635
union_standard_time,7728058,승용-고급형,기능정비,엔진 부품,클러치 페달,교환,CAN-002634
union_standard_time,7728062,승용-고급형,소모품 및 하체정비,브레이크/타이어,전자식 파킹브레이크 ASSY,탈착,CAN-002380
union_standard_time,7728062,승용-고급형,소모품 및 하체정비,브레이크/타이어,전자식 파킹브레이크 ASSY,교환,CAN-002379
union_standard_time,7728063,승용-고급형,소모품 및 하체정비,브레이크/타이어,전자식 브레이크 진공펌프,탈착,CAN-002378
union_standard_time,7728063,승용-고급형,소모품 및 하체정비,브레이크/타이어,전자식 브레이크 진공펌프,교환,CAN-002377
union_standard_time,7728066,승용-고급형,기능정비,엔진 부품,클러치 마스터 실린더,탈착,CAN-002627
union_standard_time,7728066,승용-고급형,기능정비,엔진 부품,클러치 마스터 실린더,교환,CAN-002626
union_standard_time,7728067,승용-고급형,기능정비,엔진 부품,클러치 케이블,탈착,CAN-002633
union_standard_time,7728067,승용-고급형,기능정비,엔진 부품,클러치 케이블,교환,CAN-002632
union_standard_time,7728172,승용-고급형,기능정비,엔진 부품,"디퍼런셜 기어(프론트,AWD)",탈착,CAN-000298
union_standard_time,7728172,승용-고급형,기능정비,엔진 부품,"디퍼런셜 기어(프론트,AWD)",교환,CAN-000297
union_standard_time,7728273,승용-고급형,기능정비,엔진 부품,디퍼런셜 기어(리어),탈착,CAN-000296
union_standard_time,7728273,승용-고급형,기능정비,엔진 부품,디퍼런셜 기어(리어),교환,CAN-000295
union_standard_time,7728343,승용-고급형,소모품 및 하체정비,하체 부품,타이로드엔드(좌측),탈착,CAN-002647
union_standard_time,7728343,승용-고급형,소모품 및 하체정비,하체 부품,타이로드엔드(좌측),교환,CAN-002646
union_standard_time,7728444,승용-고급형,소모품 및 하체정비,하체 부품,타이로드엔드(우측),탈착,CAN-002645
union_standard_time,7728444,승용-고급형,소모품 및 하체정비,하체 부품,타이로드엔드(우측),교환,CAN-002644
union_standard_time,7728508,승용-고급형,소모품 및 하체정비,브레이크/타이어,타이어(앞좌),교환,CAN-002694
union_standard_time,7728522,승용-고급형,소모품 및 하체정비,브레이크/타이어,"휠(앞,좌)",교환,CAN-003398
union_standard_time,7728609,승용-고급형,소모품 및 하체정비,브레이크/타이어,타이어(앞우),교환,CAN-002693
union_standard_time,7728623,승용-고급형,소모품 및 하체정비,브레이크/타이어,"휠(앞,우)",교환,CAN-003397
union_standard_time,7728710,승용-고급형,소모품 및 하체정비,브레이크/타이어,타이어(뒤좌),교환,CAN-002691
union_standard_time,7728724,승용-고급형,소모품 및 하체정비,브레이크/타이어,"휠(뒤,좌)",교환,CAN-003393
union_standard_time,7728811,승용-고급형,소모품 및 하체정비,브레이크/타이어,타이어(뒤우),교환,CAN-002690
union_standard_time,7728825,승용-고급형,소모품 및 하체정비,브레이크/타이어,"휠(뒤,우)",교환,CAN-003392
union_standard_time,7729026,승용-고급형,소모품 및 하체정비,하체 부품,스티어링휠,탈착,CAN-001407
union_standard_time,7729026,승용-고급형,소모품 및 하체정비,하체 부품,스티어링휠,교환,CAN-001406
union_standard_time,7729060,승용-고급형,소모품 및 하체정비,브레이크/타이어,사이드 브레이크(핸드식),탈착,CAN-001173
union_standard_time,7729060,승용-고급형,소모품 및 하체정비,브레이크/타이어,사이드 브레이크(핸드식),교환,CAN-001172
union_standard_time,7729061,승용-고급형,소모품 및 하체정비,브레이크/타이어,사이드 브레이크(족동식),탈착,CAN-001171
union_standard_time,7729061,승용-고급형,소모품 및 하체정비,브레이크/타이어,사이드 브레이크(족동식),교환,CAN-001170
union_standard_time,7729546,승용-고급형,기능정비,전기 및 램프,ABS휠센서(앞좌),탈착,CAN-000018
union_standard_time,7729546,승용-고급형,기능정비,전기 및 램프,ABS휠센서(앞좌),교환,CAN-000017
union_standard_time,7729647,승용-고급형,기능정비,전기 및 램프,ABS휠센서(앞우),탈착,CAN-000016
union_standard_time,7729647,승용-고급형,기능정비,전기 및 램프,ABS휠센서(앞우),교환,CAN-000015
union_standard_time,7729748,승용-고급형,기능정비,전기 및 램프,ABS휠센서(뒤좌),탈착,CAN-000014
union_standard_time,7729748,승용-고급형,기능정비,전기 및 램프,ABS휠센서(뒤좌),교환,CAN-000013
union_standard_time,7729849,승용-고급형,기능정비,전기 및 램프,ABS휠센서(뒤우),탈착,CAN-000012
union_standard_time,7729849,승용-고급형,기능정비,전기 및 램프,ABS휠센서(뒤우),교환,CAN-000011
union_standard_time,7738003,승용-고급형,소모품 및 하체정비,브레이크/타이어,휠얼라인먼트(전자식),조정,CAN-003401
union_standard_time,7738004,승용-고급형,소모품 및 하체정비,브레이크/타이어,휠 얼라인먼트(기계식),조정,CAN-003399
union_standard_time,7738020,승용-고급형,소모품 및 하체정비,브레이크/타이어,브레이크 파이핑(전체),탈착,CAN-001116
union_standard_time,7738020,승용-고급형,소모품 및 하체정비,브레이크/타이어,브레이크 파이핑(전체),교환,CAN-001115
union_standard_time,7738021,승용-고급형,소모품 및 하체정비,브레이크/타이어,브레이크 에어빼기,조정,CAN-001091
union_standard_time,7738022,승용-고급형,기능정비,전기 및 램프,브레이크 에어빼기(ABS),조정,CAN-001090
union_standard_time,7738516,승용-고급형,소모품 및 하체정비,브레이크/타이어,"브레이크 캘리퍼(앞,좌)",탈착,CAN-001111
union_standard_time,7738516,승용-고급형,소모품 및 하체정비,브레이크/타이어,"브레이크 캘리퍼(앞,좌)",교환,CAN-001110
union_standard_time,7738617,승용-고급형,소모품 및 하체정비,브레이크/타이어,"브레이크 캘리퍼(앞,우)",탈착,CAN-001108
union_standard_time,7738617,승용-고급형,소모품 및 하체정비,브레이크/타이어,"브레이크 캘리퍼(앞,우)",교환,CAN-001107
union_standard_time,7738718,승용-고급형,소모품 및 하체정비,브레이크/타이어,"브레이크 캘리퍼(뒤,좌)",탈착,CAN-001105
union_standard_time,7738718,승용-고급형,소모품 및 하체정비,브레이크/타이어,"브레이크 캘리퍼(뒤,좌)",교환,CAN-001104
union_standard_time,7738819,승용-고급형,소모품 및 하체정비,브레이크/타이어,"브레이크 캘리퍼(뒤,우)",탈착,CAN-001102
union_standard_time,7738819,승용-고급형,소모품 및 하체정비,브레이크/타이어,"브레이크 캘리퍼(뒤,우)",교환,CAN-001101
union_standard_time,12180A1,승용-고급형,판금/도장정비,판금(탈부착),루프패널(선루프),교환,CAN-000464
union_standard_time,35781D6,승용-고급형,기능정비,엔진 부품,앞유리,탈착,CAN-001715
union_standard_time,35781D6,승용-고급형,기능정비,엔진 부품,앞유리,교환,CAN-001714
union_standard_time,35782D5,승용-고급형,기능정비,엔진 부품,뒤유리,탈착,CAN-000211
union_standard_time,35782D5,승용-고급형,기능정비,엔진 부품,뒤유리,교환,CAN-000210
union_standard_time,3568029,승용-고급형,소모품 및 하체정비,브레이크/타이어,예비타이어 공구함탈착,탈착,CAN-002152
union_standard_time,7748001,승용-고급형,기능정비,엔진 부품,차량크리닝(도장작업시),탈착,CAN-002395
union_standard_time,1028109,승용-고급형,기능정비,엔진 부품,라디에이터그릴(상부커버),탈착,CAN-000329
union_standard_time,1069387,승용-고급형,기능정비,엔진 부품,리어 휀다 가니쉬(좌측),탈착,CAN-000772
union_standard_time,1069488,승용-고급형,기능정비,엔진 부품,리어 휀다 가니쉬(우측),탈착,CAN-000771
union_standard_time,1129321,승용-고급형,판금/도장정비,판금(탈부착),프론트 도어 가니쉬(좌측),탈착,CAN-002936
union_standard_time,1129422,승용-고급형,판금/도장정비,판금(탈부착),프론트 도어 가니쉬(우측),탈착,CAN-002935
union_standard_time,1139321,승용-고급형,판금/도장정비,판금(탈부착),리어 도어 가니쉬(좌측),탈착,CAN-000493
union_standard_time,1139422,승용-고급형,판금/도장정비,판금(탈부착),리어 도어 가니쉬(우측),탈착,CAN-000492
union_standard_time,3569030,승용-고급형,판금/도장정비,판금(탈부착),에어덕트(범퍼탈착시),탈착,CAN-001763
union_standard_time,3559234,승용-고급형,판금/도장정비,판금(탈부착),트렁크룸내 매트(뒤범퍼탈착시),탈착,CAN-002753
union_standard_time,5678010,승용-고급형,기능정비,엔진 부품,엔진룸 커버,탈착,CAN-001941
union_standard_time,5679015,승용-고급형,기능정비,엔진 부품,엔진룸 커버(볼트형),탈착,CAN-001942
union_standard_time,1018101,지프-승용지프,판금/도장정비,판금(탈부착),프론트 범퍼,탈착,CAN-002997
union_standard_time,1018101,지프-승용지프,판금/도장정비,판금(탈부착),프론트 범퍼,교환,CAN-002995
union_standard_time,1018101,지프-승용지프,판금/도장정비,판금(탈부착),프론트 범퍼,오버홀,CAN-002996
union_standard_time,1019118,지프-승용지프,판금/도장정비,판금(탈부착),범퍼가드,탈착,CAN-001023
union_standard_time,1019118,지프-승용지프,판금/도장정비,판금(탈부착),범퍼가드,교환,CAN-001022
union_standard_time,1028101,지프-승용지프,기능정비,엔진 부품,라디에이터그릴,탈착,CAN-000320
union_standard_time,1028101,지프-승용지프,기능정비,엔진 부품,라디에이터그릴,교환,CAN-000318
union_standard_time,1038101,지프-승용지프,판금/도장정비,판금(탈부착),후드,탈착,CAN-003318
union_standard_time,1038101,지프-승용지프,판금/도장정비,판금(탈부착),후드,교환,CAN-003316
union_standard_time,1038101,지프-승용지프,판금/도장정비,판금(탈부착),후드,오버홀,CAN-003317
union_standard_time,1039106,지프-승용지프,판금/도장정비,판금(탈부착),후드 록크,탈착,CAN-003321
union_standard_time,1039106,지프-승용지프,판금/도장정비,판금(탈부착),후드 록크,교환,CAN-003320
union_standard_time,1039107,지프-승용지프,판금/도장정비,판금(탈부착),후드 케이블,탈착,CAN-003357
union_standard_time,1039107,지프-승용지프,판금/도장정비,판금(탈부착),후드 케이블,교환,CAN-003356
union_standard_time,1039108,지프-승용지프,판금/도장정비,판금(탈부착),후드 인슐레이션,탈착,CAN-003353
union_standard_time,1039108,지프-승용지프,판금/도장정비,판금(탈부착),후드 인슐레이션,교환,CAN-003352
union_standard_time,1039302,지프-승용지프,판금/도장정비,판금(탈부착),후드 힌지(좌측),탈착,CAN-003363
union_standard_time,1039302,지프-승용지프,판금/도장정비,판금(탈부착),후드 힌지(좌측),교환,CAN-003362
union_standard_time,1039304,지프-승용지프,판금/도장정비,판금(탈부착),후드 쇼버(좌측),탈착,CAN-003349
union_standard_time,1039304,지프-승용지프,판금/도장정비,판금(탈부착),후드 쇼버(좌측),교환,CAN-003348
union_standard_time,1039403,지프-승용지프,판금/도장정비,판금(탈부착),후드 힌지(우측),탈착,CAN-003361
union_standard_time,1039403,지프-승용지프,판금/도장정비,판금(탈부착),후드 힌지(우측),교환,CAN-003360
union_standard_time,1039405,지프-승용지프,판금/도장정비,판금(탈부착),후드 쇼버(우측),탈착,CAN-003347
union_standard_time,1039405,지프-승용지프,판금/도장정비,판금(탈부착),후드 쇼버(우측),교환,CAN-003346
union_standard_time,1048101,지프-승용지프,판금/도장정비,판금(탈부착),프론트 패널 ASSY,교환,CAN-003128
union_standard_time,1048108,지프-승용지프,판금/도장정비,판금(탈부착),프론트 패널 그룹,교환,CAN-003136
union_standard_time,1048306,지프-승용지프,판금/도장정비,판금(탈부착),사이드 서포트 패널 (헤드램,탈착,CAN-001175
union_standard_time,1048306,지프-승용지프,판금/도장정비,판금(탈부착),사이드 서포트 패널 (헤드램,교환,CAN-001174
union_standard_time,1048407,지프-승용지프,판금/도장정비,판금(탈부착),사이드 서포트 패널 (헤드램,탈착,CAN-001175
union_standard_time,1048407,지프-승용지프,판금/도장정비,판금(탈부착),사이드 서포트 패널 (헤드램,교환,CAN-001174
union_standard_time,1049127,지프-승용지프,기능정비,엔진 부품,라디에이터 가드,탈착,CAN-000317
union_standard_time,1049127,지프-승용지프,기능정비,엔진 부품,라디에이터 가드,교환,CAN-000316
union_standard_time,1058301,지프-승용지프,기능정비,전기 및 램프,헤드램프(좌측),탈착,CAN-003301
union_standard_time,1058301,지프-승용지프,기능정비,전기 및 램프,헤드램프(좌측),교환,CAN-003300
union_standard_time,1058320,지프-승용지프,기능정비,전기 및 램프,시그널램프(좌측),탈착,CAN-001503
union_standard_time,1058320,지프-승용지프,기능정비,전기 및 램프,시그널램프(좌측),교환,CAN-001502
union_standard_time,1058402,지프-승용지프,기능정비,전기 및 램프,헤드램프(우측),탈착,CAN-003299
union_standard_time,1058402,지프-승용지프,기능정비,전기 및 램프,헤드램프(우측),교환,CAN-003298
union_standard_time,1058421,지프-승용지프,기능정비,전기 및 램프,시그널램프(우측),탈착,CAN-001501
union_standard_time,1058421,지프-승용지프,기능정비,전기 및 램프,시그널램프(우측),교환,CAN-001500
union_standard_time,1058522,지프-승용지프,기능정비,엔진 부품,등화관제등(앞좌),탈착,CAN-000288
union_standard_time,1058522,지프-승용지프,기능정비,엔진 부품,등화관제등(앞좌),교환,CAN-000287
union_standard_time,1058623,지프-승용지프,기능정비,엔진 부품,등화관제등(앞우),탈착,CAN-000286
union_standard_time,1058623,지프-승용지프,기능정비,엔진 부품,등화관제등(앞우),교환,CAN-000285
union_standard_time,1058724,지프-승용지프,기능정비,엔진 부품,등화관제등(뒤좌),탈착,CAN-000284
union_standard_time,1058724,지프-승용지프,기능정비,엔진 부품,등화관제등(뒤좌),교환,CAN-000283
union_standard_time,1058825,지프-승용지프,기능정비,엔진 부품,등화관제등(뒤우),탈착,CAN-000282
union_standard_time,1058825,지프-승용지프,기능정비,엔진 부품,등화관제등(뒤우),교환,CAN-000281
union_standard_time,1059119,지프-승용지프,기능정비,전기 및 램프,헤드램프 가니쉬(일체형),탈착,CAN-003272
union_standard_time,1059119,지프-승용지프,기능정비,전기 및 램프,헤드램프 가니쉬(일체형),교환,CAN-003271
union_standard_time,1059317,지프-승용지프,기능정비,전기 및 램프,헤드램프 가니쉬(좌측),탈착,CAN-003274
union_standard_time,1059317,지프-승용지프,기능정비,전기 및 램프,헤드램프 가니쉬(좌측),교환,CAN-003273
union_standard_time,1059326,지프-승용지프,기능정비,전기 및 램프,포그램프(좌측),탈착,CAN-002911
union_standard_time,1059326,지프-승용지프,기능정비,전기 및 램프,포그램프(좌측),교환,CAN-002910
union_standard_time,1059418,지프-승용지프,기능정비,전기 및 램프,헤드램프 가니쉬(우측),탈착,CAN-003270
union_standard_time,1059418,지프-승용지프,기능정비,전기 및 램프,헤드램프 가니쉬(우측),교환,CAN-003269
union_standard_time,1059427,지프-승용지프,기능정비,전기 및 램프,포그램프(우측),탈착,CAN-002909
union_standard_time,1059427,지프-승용지프,기능정비,전기 및 램프,포그램프(우측),교환,CAN-002908
union_standard_time,1068301,지프-승용지프,기능정비,엔진 부품,프론트 휀다(좌측),탈착,CAN-003192
union_standard_time,1068301,지프-승용지프,기능정비,엔진 부품,프론트 휀다(좌측),교환,CAN-003191
union_standard_time,1068325,지프-승용지프,소모품 및 하체정비,브레이크/타이어,프론트 휠 하우스ASSY(좌측),교환,CAN-003198
union_standard_time,1068343,지프-승용지프,소모품 및 하체정비,브레이크/타이어,휠하우스 브레이스(좌측),교환,CAN-003417
union_standard_time,1068403,지프-승용지프,기능정비,엔진 부품,프론트 휀다(우측),탈착,CAN-003190
union_standard_time,1068403,지프-승용지프,기능정비,엔진 부품,프론트 휀다(우측),교환,CAN-003189
union_standard_time,1068434,지프-승용지프,소모품 및 하체정비,브레이크/타이어,프론트 휠 하우스ASSY(우측),교환,CAN-003197
union_standard_time,1068449,지프-승용지프,소모품 및 하체정비,브레이크/타이어,휠하우스 브레이스(우측),교환,CAN-003415
union_standard_time,1069309,지프-승용지프,소모품 및 하체정비,브레이크/타이어,프론트 휠 가드(좌측),탈착,CAN-003196
union_standard_time,1069309,지프-승용지프,소모품 및 하체정비,브레이크/타이어,프론트 휠 가드(좌측),교환,CAN-003195
union_standard_time,1069410,지프-승용지프,소모품 및 하체정비,브레이크/타이어,프론트 휠 가드(우측),탈착,CAN-003194
union_standard_time,1069410,지프-승용지프,소모품 및 하체정비,브레이크/타이어,프론트 휠 가드(우측),교환,CAN-003193
union_standard_time,1078001,지프-승용지프,기능정비,엔진 부품,카울그릴,탈착,CAN-002437
union_standard_time,1078001,지프-승용지프,기능정비,엔진 부품,카울그릴,교환,CAN-002436
union_standard_time,1078002,지프-승용지프,판금/도장정비,판금(탈부착),카울패널,교환,CAN-002454
union_standard_time,1078003,지프-승용지프,판금/도장정비,판금(탈부착),카울패널(내측 또는 일체형),교환,CAN-002455
union_standard_time,1078010,지프-승용지프,판금/도장정비,판금(탈부착),카울패널(어퍼),교환,CAN-002457
union_standard_time,1078011,지프-승용지프,판금/도장정비,판금(탈부착),카울패널(로워),교환,CAN-002456
union_standard_time,1078014,지프-승용지프,판금/도장정비,판금(탈부착),대쉬패널,교환,CAN-000144
union_standard_time,1078018,지프-승용지프,판금/도장정비,판금(탈부착),윈드쉬일드패널,교환,CAN-002240
union_standard_time,1078020,지프-승용지프,판금/도장정비,판금(탈부착),윈드실드 어퍼패널,교환,CAN-002242
union_standard_time,1078021,지프-승용지프,판금/도장정비,판금(탈부착),윈드실드 로워패널,교환,CAN-002241
union_standard_time,1078022,지프-승용지프,판금/도장정비,판금(탈부착),서포트패널(지프),교환,CAN-001269
union_standard_time,1078023,지프-승용지프,판금/도장정비,판금(탈부착),인스트루먼트패널,교환,CAN-002257
union_standard_time,1078024,지프-승용지프,소모품 및 하체정비,하체 부품,카울 크로스멤버,탈착,CAN-002449
union_standard_time,1078024,지프-승용지프,소모품 및 하체정비,하체 부품,카울 크로스멤버,교환,CAN-002448
union_standard_time,1088301,지프-승용지프,기능정비,엔진 부품,프론트 필러 ASSY(좌측),교환,CAN-003160
union_standard_time,1088302,지프-승용지프,기능정비,엔진 부품,"프론트 필러(외측,좌)",교환,CAN-003170
union_standard_time,1088304,지프-승용지프,판금/도장정비,판금(탈부착),앞도어필러(좌측),교환,CAN-001691
union_standard_time,1088307,지프-승용지프,기능정비,엔진 부품,윈도우 필러(좌측),교환,CAN-002239
union_standard_time,1088410,지프-승용지프,기능정비,엔진 부품,프론트 필러 ASSY(우측),교환,CAN-003159
union_standard_time,1088411,지프-승용지프,기능정비,엔진 부품,"프론트 필러(외측,우)",교환,CAN-003169
union_standard_time,1088413,지프-승용지프,판금/도장정비,판금(탈부착),앞도어필러(우측),교환,CAN-001689
union_standard_time,1088416,지프-승용지프,기능정비,엔진 부품,윈도우 필러(우측),교환,CAN-002237
union_standard_time,1128301,지프-승용지프,판금/도장정비,판금(탈부착),프론트 도어(좌측),탈착,CAN-002970
union_standard_time,1128301,지프-승용지프,판금/도장정비,판금(탈부착),프론트 도어(좌측),교환,CAN-002968
union_standard_time,1128301,지프-승용지프,판금/도장정비,판금(탈부착),프론트 도어(좌측),오버홀,CAN-002969
union_standard_time,1128317,지프-승용지프,판금/도장정비,판금(탈부착),캔버스형 도어(좌측),탈착,CAN-002507
union_standard_time,1128317,지프-승용지프,판금/도장정비,판금(탈부착),캔버스형 도어(좌측),교환,CAN-002505
union_standard_time,1128317,지프-승용지프,판금/도장정비,판금(탈부착),캔버스형 도어(좌측),오버홀,CAN-002506
union_standard_time,1128406,지프-승용지프,판금/도장정비,판금(탈부착),프론트 도어(우측),탈착,CAN-002954
union_standard_time,1128406,지프-승용지프,판금/도장정비,판금(탈부착),프론트 도어(우측),교환,CAN-002952
union_standard_time,1128406,지프-승용지프,판금/도장정비,판금(탈부착),프론트 도어(우측),오버홀,CAN-002953
union_standard_time,1128418,지프-승용지프,판금/도장정비,판금(탈부착),캔버스형 도어(우측),탈착,CAN-002504
union_standard_time,1128418,지프-승용지프,판금/도장정비,판금(탈부착),캔버스형 도어(우측),교환,CAN-002502
union_standard_time,1128418,지프-승용지프,판금/도장정비,판금(탈부착),캔버스형 도어(우측),오버홀,CAN-002503
union_standard_time,1169301,지프-승용지프,기능정비,엔진 부품,사이드 미러(좌측),탈착,CAN-001156
union_standard_time,1169301,지프-승용지프,기능정비,엔진 부품,사이드 미러(좌측),교환,CAN-001154
union_standard_time,1169302,지프-승용지프,기능정비,엔진 부품,"사이드 미러(좌,전동)",탈착,CAN-001153
union_standard_time,1169302,지프-승용지프,기능정비,엔진 부품,"사이드 미러(좌,전동)",교환,CAN-001152
union_standard_time,1169404,지프-승용지프,기능정비,엔진 부품,사이드 미러(우측),탈착,CAN-001144
union_standard_time,1169404,지프-승용지프,기능정비,엔진 부품,사이드 미러(우측),교환,CAN-001142
union_standard_time,1169405,지프-승용지프,기능정비,엔진 부품,"사이드 미러(우,전동)",탈착,CAN-001141
union_standard_time,1169405,지프-승용지프,기능정비,엔진 부품,"사이드 미러(우,전동)",교환,CAN-001140
union_standard_time,1178301,지프-승용지프,기능정비,엔진 부품,센터 필러 ASSY(좌측),교환,CAN-001304
union_standard_time,1178303,지프-승용지프,기능정비,엔진 부품,"센터 필러(외측,좌)",교환,CAN-001309
union_standard_time,1178405,지프-승용지프,기능정비,엔진 부품,센터 필러 ASSY(우측),교환,CAN-001303
union_standard_time,1178407,지프-승용지프,기능정비,엔진 부품,"센터 필러(외측,우)",교환,CAN-001307
union_standard_time,1188301,지프-승용지프,판금/도장정비,판금(탈부착),사이드스텝패널ASSY(좌측),교환,CAN-001193
union_standard_time,1188302,지프-승용지프,판금/도장정비,판금(탈부착),"사이드 스텝 패널(외측,좌)",교환,CAN-001200
union_standard_time,1188303,지프-승용지프,판금/도장정비,판금(탈부착),사이드 스텝 인너패널(좌측),교환,CAN-001189
union_standard_time,1188405,지프-승용지프,판금/도장정비,판금(탈부착),사이드스텝패널ASSY(우측),교환,CAN-001192
union_standard_time,1188406,지프-승용지프,판금/도장정비,판금(탈부착),"사이드 스텝 패널(외측,우)",교환,CAN-001198
union_standard_time,1188407,지프-승용지프,판금/도장정비,판금(탈부착),사이드 스텝 인너패널(우측),교환,CAN-001188
union_standard_time,1198309,지프-승용지프,기능정비,엔진 부품,"사이드스텝(좌,스텝분리형)",탈착,CAN-001191
union_standard_time,1198309,지프-승용지프,기능정비,엔진 부품,"사이드스텝(좌,스텝분리형)",교환,CAN-001190
union_standard_time,1198410,지프-승용지프,기능정비,엔진 부품,"사이드스텝(우,스텝분리형)",탈착,CAN-001187
union_standard_time,1198410,지프-승용지프,기능정비,엔진 부품,"사이드스텝(우,스텝분리형)",교환,CAN-001186
union_standard_time,1208317,지프-승용지프,기능정비,엔진 부품,"사이드 스트럭쳐(좌,외측)",교환,CAN-001206
union_standard_time,1208318,지프-승용지프,기능정비,엔진 부품,"사이드 스트럭쳐(좌,일체)",교환,CAN-001207
union_standard_time,1208421,지프-승용지프,기능정비,엔진 부품,"사이드 스트럭쳐(우,외측)",교환,CAN-001204
union_standard_time,1208422,지프-승용지프,기능정비,엔진 부품,"사이드 스트럭쳐(우,일체)",교환,CAN-001205
union_standard_time,1218001,지프-승용지프,판금/도장정비,판금(탈부착),루프패널,교환,CAN-000458
union_standard_time,1218006,지프-승용지프,판금/도장정비,판금(탈부착),루프패널(소프트탑),교환,CAN-000465
union_standard_time,1219009,지프-승용지프,판금/도장정비,판금(탈부착),루프 헤더 패널,교환,CAN-000473
union_standard_time,1219010,지프-승용지프,판금/도장정비,판금(탈부착),루프 리어 헤더 패널,교환,CAN-000398
union_standard_time,1219011,지프-승용지프,판금/도장정비,판금(탈부착),루프 오픈어블 ASSY,탈착,CAN-000414
union_standard_time,1219011,지프-승용지프,판금/도장정비,판금(탈부착),루프 오픈어블 ASSY,교환,CAN-000413
union_standard_time,1219016,지프-승용지프,판금/도장정비,판금(탈부착),루프 크로스 레일 NO.1,교환,CAN-000425
union_standard_time,1219017,지프-승용지프,판금/도장정비,판금(탈부착),루프 크로스 레일 NO.2,교환,CAN-000427
union_standard_time,1219018,지프-승용지프,판금/도장정비,판금(탈부착),루프 크로스 레일 NO.3,교환,CAN-000429
union_standard_time,1219019,지프-승용지프,판금/도장정비,판금(탈부착),루프 크로스 레일 NO.4,교환,CAN-000431
union_standard_time,1219027,지프-승용지프,판금/도장정비,판금(탈부착),루프 톱 씰링,탈착,CAN-000449
union_standard_time,1219027,지프-승용지프,판금/도장정비,판금(탈부착),루프 톱 씰링,교환,CAN-000448
union_standard_time,1219034,지프-승용지프,판금/도장정비,판금(탈부착),루프 톱 씰링(소프트탑),탈착,CAN-000453
union_standard_time,1219034,지프-승용지프,판금/도장정비,판금(탈부착),루프 톱 씰링(소프트탑),교환,CAN-000452
union_standard_time,1219314,지프-승용지프,판금/도장정비,판금(탈부착),루프 사이드 레일(좌측),교환,CAN-000407
union_standard_time,1219415,지프-승용지프,판금/도장정비,판금(탈부착),루프 사이드 레일(우측),교환,CAN-000406
union_standard_time,1228201,지프-승용지프,판금/도장정비,판금(탈부착),리어 범퍼,탈착,CAN-000536
union_standard_time,1228201,지프-승용지프,판금/도장정비,판금(탈부착),리어 범퍼,교환,CAN-000534
union_standard_time,1228201,지프-승용지프,판금/도장정비,판금(탈부착),리어 범퍼,오버홀,CAN-000535
union_standard_time,1248201,지프-승용지프,판금/도장정비,판금(탈부착),백도어,탈착,CAN-000960
union_standard_time,1248201,지프-승용지프,판금/도장정비,판금(탈부착),백도어,교환,CAN-000958
union_standard_time,1248201,지프-승용지프,판금/도장정비,판금(탈부착),백도어,오버홀,CAN-000959
union_standard_time,1248202,지프-승용지프,판금/도장정비,판금(탈부착),백도어(와이퍼 부착형),탈착,CAN-000983
union_standard_time,1248202,지프-승용지프,판금/도장정비,판금(탈부착),백도어(와이퍼 부착형),교환,CAN-000981
union_standard_time,1248202,지프-승용지프,판금/도장정비,판금(탈부착),백도어(와이퍼 부착형),오버홀,CAN-000982
union_standard_time,1248205,지프-승용지프,판금/도장정비,판금(탈부착),백도어(소프트탑),탈착,CAN-000969
union_standard_time,1248205,지프-승용지프,판금/도장정비,판금(탈부착),백도어(소프트탑),교환,CAN-000967
union_standard_time,1248205,지프-승용지프,판금/도장정비,판금(탈부착),백도어(소프트탑),오버홀,CAN-000968
union_standard_time,1249306,지프-승용지프,판금/도장정비,판금(탈부착),백도어 쇼버(좌측),탈착,CAN-000975
union_standard_time,1249306,지프-승용지프,판금/도장정비,판금(탈부착),백도어 쇼버(좌측),교환,CAN-000974
union_standard_time,1249408,지프-승용지프,판금/도장정비,판금(탈부착),백도어 쇼버(우측),탈착,CAN-000971
union_standard_time,1249408,지프-승용지프,판금/도장정비,판금(탈부착),백도어 쇼버(우측),교환,CAN-000970
union_standard_time,1258019,지프-승용지프,기능정비,엔진 부품,캔버스,탈착,CAN-002501
union_standard_time,1258019,지프-승용지프,기능정비,엔진 부품,캔버스,교환,CAN-002500
union_standard_time,1258020,지프-승용지프,기능정비,엔진 부품,탑바우,탈착,CAN-002700
union_standard_time,1258020,지프-승용지프,기능정비,엔진 부품,탑바우,교환,CAN-002699
union_standard_time,1258021,지프-승용지프,기능정비,엔진 부품,롤바아ASSY,탈착,CAN-000392
union_standard_time,1258021,지프-승용지프,기능정비,엔진 부품,롤바아ASSY,교환,CAN-000391
union_standard_time,1258206,지프-승용지프,판금/도장정비,판금(탈부착),백패널(리어패널),교환,CAN-001012
union_standard_time,1258207,지프-승용지프,소모품 및 하체정비,하체 부품,리어엔드크로스멤버,교환,CAN-000703
union_standard_time,1258209,지프-승용지프,판금/도장정비,판금(탈부착),백어퍼패널,교환,CAN-001010
union_standard_time,1258310,지프-승용지프,판금/도장정비,판금(탈부착),백어퍼코너패널(좌측),교환,CAN-001009
union_standard_time,1258411,지프-승용지프,판금/도장정비,판금(탈부착),백어퍼코너패널(우측),교환,CAN-001008
union_standard_time,1259214,지프-승용지프,기능정비,엔진 부품,스포일러,탈착,CAN-001424
union_standard_time,1259214,지프-승용지프,기능정비,엔진 부품,스포일러,교환,CAN-001423
union_standard_time,1268301,지프-승용지프,기능정비,전기 및 램프,리어 컴비네이션램프(좌측),탈착,CAN-000720
union_standard_time,1268301,지프-승용지프,기능정비,전기 및 램프,리어 컴비네이션램프(좌측),교환,CAN-000719
union_standard_time,1268309,지프-승용지프,판금/도장정비,판금(탈부착),"컴비램프(백도어 부착,좌)",탈착,CAN-002535
union_standard_time,1268309,지프-승용지프,판금/도장정비,판금(탈부착),"컴비램프(백도어 부착,좌)",교환,CAN-002534
union_standard_time,1268402,지프-승용지프,기능정비,전기 및 램프,리어 컴비네이션램프(우측),탈착,CAN-000718
union_standard_time,1268402,지프-승용지프,기능정비,전기 및 램프,리어 컴비네이션램프(우측),교환,CAN-000717
union_standard_time,1268410,지프-승용지프,판금/도장정비,판금(탈부착),"컴비램프(백도어 부착,우)",탈착,CAN-002533
union_standard_time,1268410,지프-승용지프,판금/도장정비,판금(탈부착),"컴비램프(백도어 부착,우)",교환,CAN-002532
union_standard_time,1269303,지프-승용지프,기능정비,엔진 부품,컴비네이션 피니셔(좌측),탈착,CAN-002527
union_standard_time,1269303,지프-승용지프,기능정비,엔진 부품,컴비네이션 피니셔(좌측),교환,CAN-002526
union_standard_time,1269404,지프-승용지프,기능정비,엔진 부품,컴비네이션 피니셔(우측),탈착,CAN-002525
union_standard_time,1269404,지프-승용지프,기능정비,엔진 부품,컴비네이션 피니셔(우측),교환,CAN-002524
union_standard_time,1288301,지프-승용지프,기능정비,엔진 부품,리어 휀다(좌측),교환,CAN-000787
union_standard_time,1288307,지프-승용지프,판금/도장정비,판금(탈부착),"리어휀다패널(내외측,좌)",교환,CAN-000793
union_standard_time,1288310,지프-승용지프,기능정비,엔진 부품,"리어휀다(소프트탑,좌)",교환,CAN-000784
union_standard_time,1288411,지프-승용지프,기능정비,엔진 부품,리어 휀다(우측),교환,CAN-000785
union_standard_time,1288417,지프-승용지프,판금/도장정비,판금(탈부착),"리어휀다패널(내외측,우)",교환,CAN-000792
union_standard_time,1288420,지프-승용지프,기능정비,엔진 부품,"리어휀다(소프트탑,우)",교환,CAN-000783
union_standard_time,1289321,지프-승용지프,판금/도장정비,판금(탈부착),"리어휀다패널(내측,좌)",교환,CAN-000796
union_standard_time,1289422,지프-승용지프,판금/도장정비,판금(탈부착),"리어휀다패널(내측,우)",교환,CAN-000794
union_standard_time,1298305,지프-승용지프,판금/도장정비,판금(탈부착),"쿼터사이드 로워패널(외측,좌,소",교환,CAN-002593
union_standard_time,1298307,지프-승용지프,판금/도장정비,판금(탈부착),"쿼터사이드 로워패널(내측,좌,소",교환,CAN-002591
union_standard_time,1298406,지프-승용지프,판금/도장정비,판금(탈부착),"쿼터사이드 로워패널(외측,우,소",교환,CAN-002592
union_standard_time,1298408,지프-승용지프,판금/도장정비,판금(탈부착),"쿼터사이드 로워패널(내측,우,소",교환,CAN-002590
union_standard_time,1328303,지프-승용지프,소모품 및 하체정비,브레이크/타이어,"리어 휠하우스(외측,좌)",교환,CAN-000811
union_standard_time,1328305,지프-승용지프,소모품 및 하체정비,브레이크/타이어,"리어 휠하우스(내측,좌)",교환,CAN-000809
union_standard_time,1328404,지프-승용지프,소모품 및 하체정비,브레이크/타이어,"리어 휠하우스(외측,우)",교환,CAN-000810
union_standard_time,1328406,지프-승용지프,소모품 및 하체정비,브레이크/타이어,"리어 휠하우스(내측,우)",교환,CAN-000808
union_standard_time,1338301,지프-승용지프,판금/도장정비,판금(탈부착),사이드패널ASSY(좌측),교환,CAN-001232
union_standard_time,1338302,지프-승용지프,판금/도장정비,판금(탈부착),"사이드패널(외측,좌)",교환,CAN-001236
union_standard_time,1338303,지프-승용지프,판금/도장정비,판금(탈부착),"사이드패널(내측,좌)",교환,CAN-001234
union_standard_time,1338404,지프-승용지프,판금/도장정비,판금(탈부착),사이드패널ASSY(우측),교환,CAN-001229
union_standard_time,1338405,지프-승용지프,판금/도장정비,판금(탈부착),"사이드패널(외측,우)",교환,CAN-001235
union_standard_time,1338406,지프-승용지프,판금/도장정비,판금(탈부착),"사이드패널(내측,우)",교환,CAN-001233
union_standard_time,1358301,지프-승용지프,판금/도장정비,판금(탈부착),"D 필러패널(외측,좌)",교환,CAN-000046
union_standard_time,1358303,지프-승용지프,판금/도장정비,판금(탈부착),"D 필러패널(내외측,좌)",교환,CAN-000042
union_standard_time,1358402,지프-승용지프,판금/도장정비,판금(탈부착),"D 필러패널(외측,우)",교환,CAN-000045
union_standard_time,1358404,지프-승용지프,판금/도장정비,판금(탈부착),"D 필러패널(내외측,우)",교환,CAN-000041
union_standard_time,1388006,지프-승용지프,판금/도장정비,판금(탈부착),파티션패널(실내칸막이),탈착,CAN-002876
union_standard_time,1388006,지프-승용지프,판금/도장정비,판금(탈부착),파티션패널(실내칸막이),교환,CAN-002875
union_standard_time,1408006,지프-승용지프,기능정비,엔진 부품,실내바닥(앞),교환,CAN-001539
union_standard_time,1428013,지프-승용지프,기능정비,엔진 부품,실내바닥(뒤),교환,CAN-001538
union_standard_time,1428220,지프-승용지프,기능정비,엔진 부품,익스텐션플로워(리어),교환,CAN-002249
union_standard_time,1428221,지프-승용지프,판금/도장정비,판금(탈부착),리어 플로어패널(승합),교환,CAN-000756
union_standard_time,1448004,지프-승용지프,기능정비,엔진 부품,프레임(지프),탈착,CAN-002918
union_standard_time,1448004,지프-승용지프,기능정비,엔진 부품,프레임(지프),교환,CAN-002917
union_standard_time,1448007,지프-승용지프,기능정비,엔진 부품,캐빈(운전대)온리,탈착,CAN-002489
union_standard_time,1448007,지프-승용지프,기능정비,엔진 부품,캐빈(운전대)온리,교환,CAN-002488
union_standard_time,1448009,지프-승용지프,기능정비,엔진 부품,캐빈(운전대)컴플리트,탈착,CAN-002493
union_standard_time,1448009,지프-승용지프,기능정비,엔진 부품,캐빈(운전대)컴플리트,교환,CAN-002492
union_standard_time,1449018,지프-승용지프,기능정비,엔진 부품,"캐빈마운팅볼트(1번,좌)",탈착,CAN-002483
union_standard_time,1449018,지프-승용지프,기능정비,엔진 부품,"캐빈마운팅볼트(1번,좌)",교환,CAN-002482
union_standard_time,1449019,지프-승용지프,기능정비,엔진 부품,"캐빈마운팅볼트(1번,우)",탈착,CAN-002481
union_standard_time,1449019,지프-승용지프,기능정비,엔진 부품,"캐빈마운팅볼트(1번,우)",교환,CAN-002480
union_standard_time,1458202,지프-승용지프,기능정비,엔진 부품,탑,탈착,CAN-002698
union_standard_time,1458202,지프-승용지프,기능정비,엔진 부품,탑,교환,CAN-002697
union_standard_time,3478001,지프-승용지프,소모품 및 하체정비,브레이크/타이어,크러쉬패드,탈착,CAN-002609
union_standard_time,3478001,지프-승용지프,소모품 및 하체정비,브레이크/타이어,크러쉬패드,교환,CAN-002608
union_standard_time,3478009,지프-승용지프,기능정비,엔진 부품,콘솔박스,탈착,CAN-002570
union_standard_time,3478009,지프-승용지프,기능정비,엔진 부품,콘솔박스,교환,CAN-002569
union_standard_time,3478020,지프-승용지프,기능정비,에어컨,히터모터(분리식),탈착,CAN-003442
union_standard_time,3478020,지프-승용지프,기능정비,에어컨,히터모터(분리식),교환,CAN-003441
union_standard_time,3478023,지프-승용지프,기능정비,에어컨,히터 및 에어컨 에버포레이터,탈착,CAN-003448
union_standard_time,3478023,지프-승용지프,기능정비,에어컨,히터 및 에어컨 에버포레이터,교환,CAN-003447
union_standard_time,3478402,지프-승용지프,기능정비,엔진 부품,프론트 시트(우측),탈착,CAN-003090
union_standard_time,3478402,지프-승용지프,기능정비,엔진 부품,프론트 시트(우측),교환,CAN-003089
union_standard_time,3479029,지프-승용지프,기능정비,엔진 부품,"에버포레이터(단독형,일반형)",탈착,CAN-001760
union_standard_time,3479029,지프-승용지프,기능정비,엔진 부품,"에버포레이터(단독형,일반형)",교환,CAN-001759
union_standard_time,3488008,지프-승용지프,기능정비,엔진 부품,리어 시트,탈착,CAN-000641
union_standard_time,3488008,지프-승용지프,기능정비,엔진 부품,리어 시트,교환,CAN-000640
union_standard_time,3488015,지프-승용지프,기능정비,엔진 부품,리어시트(2열),탈착,CAN-000619
union_standard_time,3488015,지프-승용지프,기능정비,엔진 부품,리어시트(2열),교환,CAN-000618
union_standard_time,3488016,지프-승용지프,기능정비,엔진 부품,리어시트(3열),탈착,CAN-000627
union_standard_time,3488016,지프-승용지프,기능정비,엔진 부품,리어시트(3열),교환,CAN-000626
union_standard_time,3488301,지프-승용지프,기능정비,엔진 부품,프론트 시트(좌측),탈착,CAN-003100
union_standard_time,3488301,지프-승용지프,기능정비,엔진 부품,프론트 시트(좌측),교환,CAN-003099
union_standard_time,3499017,지프-승용지프,기능정비,엔진 부품,안전밸트(2점식)NO.1,탈착,CAN-001619
union_standard_time,3499017,지프-승용지프,기능정비,엔진 부품,안전밸트(2점식)NO.1,교환,CAN-001618
union_standard_time,3499018,지프-승용지프,기능정비,엔진 부품,안전밸트(2점식)NO.2,탈착,CAN-001621
union_standard_time,3499018,지프-승용지프,기능정비,엔진 부품,안전밸트(2점식)NO.2,교환,CAN-001620
union_standard_time,3499019,지프-승용지프,기능정비,엔진 부품,안전밸트(2점식)NO.3,탈착,CAN-001623
union_standard_time,3499019,지프-승용지프,기능정비,엔진 부품,안전밸트(2점식)NO.3,교환,CAN-001622
union_standard_time,3499309,지프-승용지프,기능정비,엔진 부품,"안전밸트(2열,좌)",탈착,CAN-001617
union_standard_time,3499309,지프-승용지프,기능정비,엔진 부품,"안전밸트(2열,좌)",교환,CAN-001616
union_standard_time,3499413,지프-승용지프,기능정비,엔진 부품,"안전밸트(2열,우)",탈착,CAN-001615
union_standard_time,3499413,지프-승용지프,기능정비,엔진 부품,"안전밸트(2열,우)",교환,CAN-001614
union_standard_time,3499501,지프-승용지프,기능정비,엔진 부품,"안전벨트(앞,좌)",탈착,CAN-001665
union_standard_time,3499501,지프-승용지프,기능정비,엔진 부품,"안전벨트(앞,좌)",교환,CAN-001664
union_standard_time,3499502,지프-승용지프,기능정비,엔진 부품,"안전벨트(앞,좌,프리텐셔너)",탈착,CAN-001667
union_standard_time,3499502,지프-승용지프,기능정비,엔진 부품,"안전벨트(앞,좌,프리텐셔너)",교환,CAN-001666
union_standard_time,3499604,지프-승용지프,기능정비,엔진 부품,"안전벨트(앞,우)",탈착,CAN-001661
union_standard_time,3499604,지프-승용지프,기능정비,엔진 부품,"안전벨트(앞,우)",교환,CAN-001660
union_standard_time,3499605,지프-승용지프,기능정비,엔진 부품,"안전벨트(앞,우,프리텐셔너)",탈착,CAN-001663
union_standard_time,3499605,지프-승용지프,기능정비,엔진 부품,"안전벨트(앞,우,프리텐셔너)",교환,CAN-001662
union_standard_time,3499706,지프-승용지프,기능정비,엔진 부품,"안전벨트(뒤,좌)",탈착,CAN-001657
union_standard_time,3499706,지프-승용지프,기능정비,엔진 부품,"안전벨트(뒤,좌)",교환,CAN-001656
union_standard_time,3499807,지프-승용지프,기능정비,엔진 부품,"안전벨트(뒤,우)",탈착,CAN-001655
union_standard_time,3499807,지프-승용지프,기능정비,엔진 부품,"안전벨트(뒤,우)",교환,CAN-001654
union_standard_time,3508004,지프-승용지프,기능정비,전기 및 램프,크러쉬패드 배선,탈착,CAN-002611
union_standard_time,3508004,지프-승용지프,기능정비,전기 및 램프,크러쉬패드 배선,교환,CAN-002610
union_standard_time,3508006,지프-승용지프,기능정비,전기 및 램프,엔진룸배선,탈착,CAN-001923
union_standard_time,3508006,지프-승용지프,기능정비,전기 및 램프,엔진룸배선,교환,CAN-001922
union_standard_time,3508009,지프-승용지프,기능정비,전기 및 램프,엔진룸배선(디젤),탈착,CAN-001927
union_standard_time,3508009,지프-승용지프,기능정비,전기 및 램프,엔진룸배선(디젤),교환,CAN-001926
union_standard_time,3508011,지프-승용지프,기능정비,전기 및 램프,뒷배선,탈착,CAN-000252
union_standard_time,3508011,지프-승용지프,기능정비,전기 및 램프,뒷배선,교환,CAN-000251
union_standard_time,3508024,지프-승용지프,소모품 및 하체정비,소모품,밧데리,탈착,CAN-000878
union_standard_time,3508024,지프-승용지프,소모품 및 하체정비,소모품,밧데리,교환,CAN-000877
union_standard_time,3509019,지프-승용지프,기능정비,전기 및 램프,컴비네이션 스위치,탈착,CAN-002519
union_standard_time,3509019,지프-승용지프,기능정비,전기 및 램프,컴비네이션 스위치,교환,CAN-002518
union_standard_time,3509021,지프-승용지프,기능정비,엔진 부품,와이퍼 모터,탈착,CAN-002190
union_standard_time,3509021,지프-승용지프,기능정비,엔진 부품,와이퍼 모터,교환,CAN-002189
union_standard_time,3509022,지프-승용지프,기능정비,엔진 부품,와이퍼 링케이지,탈착,CAN-002188
union_standard_time,3509022,지프-승용지프,기능정비,엔진 부품,와이퍼 링케이지,교환,CAN-002187
union_standard_time,3518001,지프-승용지프,기능정비,에어컨,에어컨 컨덴샤,탈착,CAN-001823
union_standard_time,3518001,지프-승용지프,기능정비,에어컨,에어컨 컨덴샤,교환,CAN-001822
union_standard_time,3518013,지프-승용지프,기능정비,에어컨,에어컨 콤프레샤,탈착,CAN-001831
union_standard_time,3518013,지프-승용지프,기능정비,에어컨,에어컨 콤프레샤,교환,CAN-001830
union_standard_time,3518016,지프-승용지프,기능정비,엔진 부품,라디에이터,탈착,CAN-000315
union_standard_time,3518016,지프-승용지프,기능정비,엔진 부품,라디에이터,교환,CAN-000314
union_standard_time,3518017,지프-승용지프,기능정비,엔진 부품,라디에이터(A/T),탈착,CAN-000311
union_standard_time,3518017,지프-승용지프,기능정비,엔진 부품,라디에이터(A/T),교환,CAN-000310
union_standard_time,3518025,지프-승용지프,소모품 및 하체정비,오일류,오일쿨러(미션),탈착,CAN-002164
union_standard_time,3518025,지프-승용지프,소모품 및 하체정비,오일류,오일쿨러(미션),교환,CAN-002163
union_standard_time,3518027,지프-승용지프,소모품 및 하체정비,오일류,오일쿨러(파워오일),탈착,CAN-002168
union_standard_time,3518027,지프-승용지프,소모품 및 하체정비,오일류,오일쿨러(파워오일),교환,CAN-002167
union_standard_time,3518029,지프-승용지프,기능정비,엔진 부품,라디에이터 리저브탱크,탈착,CAN-000336
union_standard_time,3518029,지프-승용지프,기능정비,엔진 부품,라디에이터 리저브탱크,교환,CAN-000335
union_standard_time,3518030,지프-승용지프,기능정비,전기 및 램프,와셔탱크(앞),탈착,CAN-002186
union_standard_time,3518030,지프-승용지프,기능정비,전기 및 램프,와셔탱크(앞),교환,CAN-002185
union_standard_time,3518031,지프-승용지프,기능정비,전기 및 램프,와셔탱크(뒤),탈착,CAN-002184
union_standard_time,3518031,지프-승용지프,기능정비,전기 및 램프,와셔탱크(뒤),교환,CAN-002183
union_standard_time,3518032,지프-승용지프,기능정비,엔진 부품,알터네이터,탈착,CAN-001675
union_standard_time,3518032,지프-승용지프,기능정비,엔진 부품,알터네이터,교환,CAN-001674
union_standard_time,3518033,지프-승용지프,기능정비,엔진 부품,스타팅모터,탈착,CAN-001360
union_standard_time,3518033,지프-승용지프,기능정비,엔진 부품,스타팅모터,교환,CAN-001359
union_standard_time,3518034,지프-승용지프,기능정비,엔진 부품,디스트리뷰터,탈착,CAN-000291
union_standard_time,3518034,지프-승용지프,기능정비,엔진 부품,디스트리뷰터,교환,CAN-000290
union_standard_time,3519003,지프-승용지프,기능정비,에어컨,에어컨 파이프 NO.1,탈착,CAN-001833
union_standard_time,3519003,지프-승용지프,기능정비,에어컨,에어컨 파이프 NO.1,교환,CAN-001832
union_standard_time,3519004,지프-승용지프,기능정비,에어컨,에어컨 파이프 NO.2,탈착,CAN-001837
union_standard_time,3519004,지프-승용지프,기능정비,에어컨,에어컨 파이프 NO.2,교환,CAN-001836
union_standard_time,3519005,지프-승용지프,기능정비,에어컨,에어컨 파이프 NO.3,탈착,CAN-001841
union_standard_time,3519005,지프-승용지프,기능정비,에어컨,에어컨 파이프 NO.3,교환,CAN-001840
union_standard_time,3519006,지프-승용지프,기능정비,에어컨,에어컨 파이프 NO.4,탈착,CAN-001845
union_standard_time,3519006,지프-승용지프,기능정비,에어컨,에어컨 파이프 NO.4,교환,CAN-001844
union_standard_time,3519008,지프-승용지프,기능정비,엔진 부품,에어콘개스,교환,CAN-001861
union_standard_time,3519010,지프-승용지프,기능정비,에어컨,에어컨 휀,탈착,CAN-001855
union_standard_time,3519010,지프-승용지프,기능정비,에어컨,에어컨 휀,교환,CAN-001854
union_standard_time,3519012,지프-승용지프,기능정비,엔진 부품,리시버 드라이탱크,탈착,CAN-000487
union_standard_time,3519012,지프-승용지프,기능정비,엔진 부품,리시버 드라이탱크,교환,CAN-000486
union_standard_time,3519018,지프-승용지프,기능정비,엔진 부품,라디에이터 휀,탈착,CAN-000355
union_standard_time,3519018,지프-승용지프,기능정비,엔진 부품,라디에이터 휀,교환,CAN-000354
union_standard_time,3528001,지프-승용지프,기능정비,전기 및 램프,에어백모듈(운전석),탈착,CAN-001775
union_standard_time,3528001,지프-승용지프,기능정비,전기 및 램프,에어백모듈(운전석),교환,CAN-001774
union_standard_time,3528002,지프-승용지프,기능정비,전기 및 램프,에어백모듈(조수석),탈착,CAN-001777
union_standard_time,3528002,지프-승용지프,기능정비,전기 및 램프,에어백모듈(조수석),교환,CAN-001776
union_standard_time,3538001,지프-승용지프,기능정비,엔진 부품,컴퓨터(엔진),탈착,CAN-002555
union_standard_time,3538001,지프-승용지프,기능정비,엔진 부품,컴퓨터(엔진),교환,CAN-002554
union_standard_time,3538003,지프-승용지프,기능정비,엔진 부품,컴퓨터(자동밋션),탈착,CAN-002560
union_standard_time,3538003,지프-승용지프,기능정비,엔진 부품,컴퓨터(자동밋션),교환,CAN-002559
union_standard_time,3538005,지프-승용지프,기능정비,전기 및 램프,컴퓨터(ABS),탈착,CAN-002549
union_standard_time,3538005,지프-승용지프,기능정비,전기 및 램프,컴퓨터(ABS),교환,CAN-002548
union_standard_time,3538006,지프-승용지프,기능정비,전기 및 램프,컴퓨터(에어백),탈착,CAN-002553
union_standard_time,3538006,지프-승용지프,기능정비,전기 및 램프,컴퓨터(에어백),교환,CAN-002552
union_standard_time,3549301,지프-승용지프,기능정비,엔진 부품,프론트 필러 트림(좌측),탈착,CAN-003178
union_standard_time,3549301,지프-승용지프,기능정비,엔진 부품,프론트 필러 트림(좌측),교환,CAN-003177
union_standard_time,3549303,지프-승용지프,기능정비,엔진 부품,센터 필러 트림(좌측),탈착,CAN-001316
union_standard_time,3549303,지프-승용지프,기능정비,엔진 부품,센터 필러 트림(좌측),교환,CAN-001315
union_standard_time,3549305,지프-승용지프,기능정비,엔진 부품,리어 필러 트림(좌측),탈착,CAN-000764
union_standard_time,3549305,지프-승용지프,기능정비,엔진 부품,리어 필러 트림(좌측),교환,CAN-000763
union_standard_time,3549313,지프-승용지프,판금/도장정비,판금(탈부착),쿼터트림(좌측),탈착,CAN-002599
union_standard_time,3549313,지프-승용지프,판금/도장정비,판금(탈부착),쿼터트림(좌측),교환,CAN-002598
union_standard_time,3549402,지프-승용지프,기능정비,엔진 부품,프론트 필러 트림(우측),탈착,CAN-003176
union_standard_time,3549402,지프-승용지프,기능정비,엔진 부품,프론트 필러 트림(우측),교환,CAN-003175
union_standard_time,3549404,지프-승용지프,기능정비,엔진 부품,센터 필러 트림(우측),탈착,CAN-001314
union_standard_time,3549404,지프-승용지프,기능정비,엔진 부품,센터 필러 트림(우측),교환,CAN-001313
union_standard_time,3549406,지프-승용지프,기능정비,엔진 부품,리어 필러 트림(우측),탈착,CAN-000762
union_standard_time,3549406,지프-승용지프,기능정비,엔진 부품,리어 필러 트림(우측),교환,CAN-000761
union_standard_time,3549414,지프-승용지프,판금/도장정비,판금(탈부착),쿼터트림(우측),탈착,CAN-002597
union_standard_time,3549414,지프-승용지프,판금/도장정비,판금(탈부착),쿼터트림(우측),교환,CAN-002596
union_standard_time,3558009,지프-승용지프,기능정비,엔진 부품,언더커버,탈착,CAN-001741
union_standard_time,3558009,지프-승용지프,기능정비,엔진 부품,언더커버,교환,CAN-001740
union_standard_time,3558024,지프-승용지프,기능정비,엔진 부품,바닥메트,탈착,CAN-000872
union_standard_time,3558024,지프-승용지프,기능정비,엔진 부품,바닥메트,교환,CAN-000871
union_standard_time,3568001,지프-승용지프,기능정비,엔진 부품,안테나,탈착,CAN-001673
union_standard_time,3568001,지프-승용지프,기능정비,엔진 부품,안테나,교환,CAN-001672
union_standard_time,3578101,지프-승용지프,기능정비,엔진 부품,앞유리(접착식),탈착,CAN-001717
union_standard_time,3578101,지프-승용지프,기능정비,엔진 부품,앞유리(접착식),교환,CAN-001716
union_standard_time,3578202,지프-승용지프,기능정비,엔진 부품,뒷유리(접착식),탈착,CAN-000258
union_standard_time,3578202,지프-승용지프,기능정비,엔진 부품,뒷유리(접착식),교환,CAN-000257
union_standard_time,3578309,지프-승용지프,기능정비,엔진 부품,뒤휀다고정유리(좌측),탈착,CAN-000240
union_standard_time,3578309,지프-승용지프,기능정비,엔진 부품,뒤휀다고정유리(좌측),교환,CAN-000239
union_standard_time,3578410,지프-승용지프,기능정비,엔진 부품,"뒤휀다고정유리(접착식,우,승용)",탈착,CAN-000232
union_standard_time,3578410,지프-승용지프,기능정비,엔진 부품,"뒤휀다고정유리(접착식,우,승용)",교환,CAN-000231
union_standard_time,3578503,지프-승용지프,판금/도장정비,판금(탈부착),"문짝사각유리(앞,좌)",탈착,CAN-000852
union_standard_time,3578503,지프-승용지프,판금/도장정비,판금(탈부착),"문짝사각유리(앞,좌)",교환,CAN-000851
union_standard_time,3578517,지프-승용지프,판금/도장정비,판금(탈부착),"문짝삼각유리(앞,좌)",탈착,CAN-000860
union_standard_time,3578517,지프-승용지프,판금/도장정비,판금(탈부착),"문짝삼각유리(앞,좌)",교환,CAN-000859
union_standard_time,3578604,지프-승용지프,판금/도장정비,판금(탈부착),"문짝사각유리(앞,우)",탈착,CAN-000850
union_standard_time,3578604,지프-승용지프,판금/도장정비,판금(탈부착),"문짝사각유리(앞,우)",교환,CAN-000849
union_standard_time,3578618,지프-승용지프,판금/도장정비,판금(탈부착),"문짝삼각유리(앞,우)",탈착,CAN-000858
union_standard_time,3578618,지프-승용지프,판금/도장정비,판금(탈부착),"문짝삼각유리(앞,우)",교환,CAN-000857
union_standard_time,3578719,지프-승용지프,기능정비,엔진 부품,"뒤휀다고정유리(접착식,좌,밴)",탈착,CAN-000238
union_standard_time,3578719,지프-승용지프,기능정비,엔진 부품,"뒤휀다고정유리(접착식,좌,밴)",교환,CAN-000237
union_standard_time,3578820,지프-승용지프,기능정비,엔진 부품,"뒤휀다고정유리(접착식,우,밴)",탈착,CAN-000230
union_standard_time,3578820,지프-승용지프,기능정비,엔진 부품,"뒤휀다고정유리(접착식,우,밴)",교환,CAN-000229
union_standard_time,5588009,지프-승용지프,기능정비,엔진 부품,"엔진ASSY(가솔린,LPG)",탈착,CAN-001916
union_standard_time,5588009,지프-승용지프,기능정비,엔진 부품,"엔진ASSY(가솔린,LPG)",교환,CAN-001914
union_standard_time,5588009,지프-승용지프,기능정비,엔진 부품,"엔진ASSY(가솔린,LPG)",오버홀,CAN-001915
union_standard_time,5588010,지프-승용지프,기능정비,엔진 부품,엔진ASSY(디젤),탈착,CAN-001919
union_standard_time,5588010,지프-승용지프,기능정비,엔진 부품,엔진ASSY(디젤),교환,CAN-001917
union_standard_time,5588010,지프-승용지프,기능정비,엔진 부품,엔진ASSY(디젤),오버홀,CAN-001918
union_standard_time,5588016,지프-승용지프,기능정비,엔진 부품,"쇼트엔진(가솔린,LPG)",교환,CAN-001328
union_standard_time,5588016,지프-승용지프,기능정비,엔진 부품,"쇼트엔진(가솔린,LPG)",오버홀,CAN-001329
union_standard_time,5588017,지프-승용지프,기능정비,엔진 부품,쇼트엔진(디젤),교환,CAN-001330
union_standard_time,5588017,지프-승용지프,기능정비,엔진 부품,쇼트엔진(디젤),오버홀,CAN-001331
union_standard_time,5598003,지프-승용지프,기능정비,엔진 부품,실린더헤드(V형),오버홀,CAN-001569
union_standard_time,5598007,지프-승용지프,기능정비,엔진 부품,실린더헤드,오버홀,CAN-001572
union_standard_time,5598008,지프-승용지프,기능정비,엔진 부품,실린더헤드(가솔린),오버홀,CAN-001578
union_standard_time,5598009,지프-승용지프,기능정비,엔진 부품,실린더헤드(디젤),오버홀,CAN-001581
union_standard_time,5599015,지프-승용지프,기능정비,엔진 부품,엔진 마운틴 및 브라켓(앞),탈착,CAN-001970
union_standard_time,5599015,지프-승용지프,기능정비,엔진 부품,엔진 마운틴 및 브라켓(앞),교환,CAN-001969
union_standard_time,5599016,지프-승용지프,기능정비,엔진 부품,엔진 마운틴 및 브라켓(뒤),탈착,CAN-001958
union_standard_time,5599016,지프-승용지프,기능정비,엔진 부품,엔진 마운틴 및 브라켓(뒤),교환,CAN-001957
union_standard_time,5599311,지프-승용지프,기능정비,엔진 부품,엔진 마운틴 및 브라켓(좌측),탈착,CAN-001980
union_standard_time,5599311,지프-승용지프,기능정비,엔진 부품,엔진 마운틴 및 브라켓(좌측),교환,CAN-001979
union_standard_time,5599413,지프-승용지프,기능정비,엔진 부품,엔진 마운틴 및 브라켓(우측),탈착,CAN-001976
union_standard_time,5599413,지프-승용지프,기능정비,엔진 부품,엔진 마운틴 및 브라켓(우측),교환,CAN-001975
union_standard_time,5608001,지프-승용지프,기능정비,엔진 부품,타이밍커버,탈착,CAN-002673
union_standard_time,5608001,지프-승용지프,기능정비,엔진 부품,타이밍커버,교환,CAN-002672
union_standard_time,5608004,지프-승용지프,기능정비,엔진 부품,타이밍커버(V형엔진),탈착,CAN-002671
union_standard_time,5608004,지프-승용지프,기능정비,엔진 부품,타이밍커버(V형엔진),교환,CAN-002670
union_standard_time,5608006,지프-승용지프,기능정비,엔진 부품,타이밍 밸트,탈착,CAN-002651
union_standard_time,5608006,지프-승용지프,기능정비,엔진 부품,타이밍 밸트,교환,CAN-002650
union_standard_time,5618001,지프-승용지프,소모품 및 하체정비,소모품,에어크리너,탈착,CAN-001867
union_standard_time,5618001,지프-승용지프,소모품 및 하체정비,소모품,에어크리너,교환,CAN-001866
union_standard_time,5618010,지프-승용지프,기능정비,엔진 부품,드로틀바디,탈착,CAN-000262
union_standard_time,5618010,지프-승용지프,기능정비,엔진 부품,드로틀바디,교환,CAN-000261
union_standard_time,5618011,지프-승용지프,기능정비,엔진 부품,드로틀바디서보,탈착,CAN-000268
union_standard_time,5618011,지프-승용지프,기능정비,엔진 부품,드로틀바디서보,교환,CAN-000267
union_standard_time,5628002,지프-승용지프,기능정비,엔진 부품,인젝터NO1,탈착,CAN-002281
union_standard_time,5628002,지프-승용지프,기능정비,엔진 부품,인젝터NO1,교환,CAN-002280
union_standard_time,5628003,지프-승용지프,기능정비,전기 및 램프,인젝터NO2,탈착,CAN-002283
union_standard_time,5628003,지프-승용지프,기능정비,전기 및 램프,인젝터NO2,교환,CAN-002282
union_standard_time,5628004,지프-승용지프,기능정비,엔진 부품,인젝터NO3,탈착,CAN-002285
union_standard_time,5628004,지프-승용지프,기능정비,엔진 부품,인젝터NO3,교환,CAN-002284
union_standard_time,5628005,지프-승용지프,기능정비,엔진 부품,인젝터NO4,탈착,CAN-002287
union_standard_time,5628005,지프-승용지프,기능정비,엔진 부품,인젝터NO4,교환,CAN-002286
union_standard_time,5628006,지프-승용지프,기능정비,엔진 부품,인젝터NO5,탈착,CAN-002289
union_standard_time,5628006,지프-승용지프,기능정비,엔진 부품,인젝터NO5,교환,CAN-002288
union_standard_time,5628007,지프-승용지프,기능정비,엔진 부품,인젝터NO6,탈착,CAN-002291
union_standard_time,5628007,지프-승용지프,기능정비,엔진 부품,인젝터NO6,교환,CAN-002290
union_standard_time,5628008,지프-승용지프,기능정비,엔진 부품,인젝터NO7,탈착,CAN-002293
union_standard_time,5628008,지프-승용지프,기능정비,엔진 부품,인젝터NO7,교환,CAN-002292
union_standard_time,5628009,지프-승용지프,기능정비,엔진 부품,인젝터NO8,탈착,CAN-002295
union_standard_time,5628009,지프-승용지프,기능정비,엔진 부품,인젝터NO8,교환,CAN-002294
union_standard_time,5628010,지프-승용지프,기능정비,엔진 부품,인젝션 노즐 NO.1,탈착,CAN-002261
union_standard_time,5628010,지프-승용지프,기능정비,엔진 부품,인젝션 노즐 NO.1,교환,CAN-002260
union_standard_time,5628011,지프-승용지프,기능정비,엔진 부품,인젝션 노즐 NO.2,탈착,CAN-002263
union_standard_time,5628011,지프-승용지프,기능정비,엔진 부품,인젝션 노즐 NO.2,교환,CAN-002262
union_standard_time,5628012,지프-승용지프,기능정비,엔진 부품,인젝션 노즐 NO.3,탈착,CAN-002265
union_standard_time,5628012,지프-승용지프,기능정비,엔진 부품,인젝션 노즐 NO.3,교환,CAN-002264
union_standard_time,5628013,지프-승용지프,기능정비,엔진 부품,인젝션 노즐 NO.4,탈착,CAN-002267
union_standard_time,5628013,지프-승용지프,기능정비,엔진 부품,인젝션 노즐 NO.4,교환,CAN-002266
union_standard_time,5628014,지프-승용지프,기능정비,엔진 부품,인젝션 노즐 NO.5,탈착,CAN-002269
union_standard_time,5628014,지프-승용지프,기능정비,엔진 부품,인젝션 노즐 NO.5,교환,CAN-002268
union_standard_time,5628015,지프-승용지프,기능정비,엔진 부품,인젝션 노즐 NO.6,탈착,CAN-002271
union_standard_time,5628015,지프-승용지프,기능정비,엔진 부품,인젝션 노즐 NO.6,교환,CAN-002270
union_standard_time,5638001,지프-승용지프,소모품 및 하체정비,오일류,엔진 오일팬,탈착,CAN-001993
union_standard_time,5638001,지프-승용지프,소모품 및 하체정비,오일류,엔진 오일팬,교환,CAN-001992
union_standard_time,5638006,지프-승용지프,소모품 및 하체정비,오일류,엔진오일 펌프,탈착,CAN-001999
union_standard_time,5638006,지프-승용지프,소모품 및 하체정비,오일류,엔진오일 펌프,교환,CAN-001998
union_standard_time,5638009,지프-승용지프,기능정비,엔진 부품,워터펌프,탈착,CAN-002230
union_standard_time,5638009,지프-승용지프,기능정비,엔진 부품,워터펌프,교환,CAN-002229
union_standard_time,5638019,지프-승용지프,소모품 및 하체정비,하체 부품,파워스티어링 펌프,탈착,CAN-002852
union_standard_time,5638019,지프-승용지프,소모품 및 하체정비,하체 부품,파워스티어링 펌프,교환,CAN-002851
union_standard_time,5648001,지프-승용지프,기능정비,엔진 부품,흡기매니홀드,탈착,CAN-003434
union_standard_time,5648001,지프-승용지프,기능정비,엔진 부품,흡기매니홀드,교환,CAN-003433
union_standard_time,5648004,지프-승용지프,기능정비,엔진 부품,흡기매니홀드(V형),탈착,CAN-003430
union_standard_time,5648004,지프-승용지프,기능정비,엔진 부품,흡기매니홀드(V형),교환,CAN-003429
union_standard_time,5648006,지프-승용지프,기능정비,엔진 부품,배기매니홀드,탈착,CAN-000903
union_standard_time,5648006,지프-승용지프,기능정비,엔진 부품,배기매니홀드,교환,CAN-000902
union_standard_time,5648009,지프-승용지프,기능정비,엔진 부품,배기매니홀드(V형),탈착,CAN-000899
union_standard_time,5648009,지프-승용지프,기능정비,엔진 부품,배기매니홀드(V형),교환,CAN-000898
union_standard_time,5658003,지프-승용지프,기능정비,엔진 부품,배가파이프1번(프론트),탈착,CAN-000889
union_standard_time,5658003,지프-승용지프,기능정비,엔진 부품,배가파이프1번(프론트),교환,CAN-000888
union_standard_time,5658008,지프-승용지프,기능정비,엔진 부품,배기파이프2번(미들),탈착,CAN-000933
union_standard_time,5658008,지프-승용지프,기능정비,엔진 부품,배기파이프2번(미들),교환,CAN-000932
union_standard_time,5658010,지프-승용지프,기능정비,엔진 부품,배기파이프3번(머플러),탈착,CAN-000939
union_standard_time,5658010,지프-승용지프,기능정비,엔진 부품,배기파이프3번(머플러),교환,CAN-000938
union_standard_time,5658012,지프-승용지프,기능정비,엔진 부품,테일파이프,탈착,CAN-002718
union_standard_time,5658012,지프-승용지프,기능정비,엔진 부품,테일파이프,교환,CAN-002717
union_standard_time,5668001,지프-승용지프,기능정비,엔진 부품,연료탱크,탈착,CAN-002034
union_standard_time,5668001,지프-승용지프,기능정비,엔진 부품,연료탱크,교환,CAN-002032
union_standard_time,5668001,지프-승용지프,기능정비,엔진 부품,연료탱크,오버홀,CAN-002033
union_standard_time,5668003,지프-승용지프,기능정비,엔진 부품,인젝션(연료)펌프,탈착,CAN-002274
union_standard_time,5668003,지프-승용지프,기능정비,엔진 부품,인젝션(연료)펌프,교환,CAN-002272
union_standard_time,5668003,지프-승용지프,기능정비,엔진 부품,인젝션(연료)펌프,오버홀,CAN-002273
union_standard_time,5668016,지프-승용지프,기능정비,엔진 부품,LPG봄베,탈착,CAN-000082
union_standard_time,5668016,지프-승용지프,기능정비,엔진 부품,LPG봄베,교환,CAN-000081
union_standard_time,5668017,지프-승용지프,기능정비,엔진 부품,LPG 믹서,탈착,CAN-000080
union_standard_time,5668017,지프-승용지프,기능정비,엔진 부품,LPG 믹서,교환,CAN-000079
union_standard_time,5668018,지프-승용지프,기능정비,엔진 부품,베이퍼라이져,탈착,CAN-001031
union_standard_time,5668018,지프-승용지프,기능정비,엔진 부품,베이퍼라이져,교환,CAN-001030
union_standard_time,5678001,지프-승용지프,소모품 및 하체정비,오일류,오일쿨러,탈착,CAN-002162
union_standard_time,5678001,지프-승용지프,소모품 및 하체정비,오일류,오일쿨러,교환,CAN-002161
union_standard_time,5678002,지프-승용지프,소모품 및 하체정비,브레이크/타이어,오일쿨러 및 휠터바디,탈착,CAN-002166
union_standard_time,5678002,지프-승용지프,소모품 및 하체정비,브레이크/타이어,오일쿨러 및 휠터바디,교환,CAN-002165
union_standard_time,5678005,지프-승용지프,기능정비,엔진 부품,터보챠져(과급기),탈착,CAN-002705
union_standard_time,5678005,지프-승용지프,기능정비,엔진 부품,터보챠져(과급기),교환,CAN-002704
union_standard_time,5678006,지프-승용지프,기능정비,엔진 부품,인터쿨러,탈착,CAN-002299
union_standard_time,5678006,지프-승용지프,기능정비,엔진 부품,인터쿨러,교환,CAN-002298
union_standard_time,7688001,지프-승용지프,기능정비,엔진 부품,트랜스미션(M/T),탈착,CAN-002732
union_standard_time,7688001,지프-승용지프,기능정비,엔진 부품,트랜스미션(M/T),교환,CAN-002730
union_standard_time,7688001,지프-승용지프,기능정비,엔진 부품,트랜스미션(M/T),오버홀,CAN-002731
union_standard_time,7688002,지프-승용지프,기능정비,엔진 부품,트랜스미션(A/T),탈착,CAN-002725
union_standard_time,7688002,지프-승용지프,기능정비,엔진 부품,트랜스미션(A/T),교환,CAN-002723
union_standard_time,7688002,지프-승용지프,기능정비,엔진 부품,트랜스미션(A/T),오버홀,CAN-002724
union_standard_time,7688014,지프-승용지프,기능정비,엔진 부품,트랜스퍼ASSY,탈착,CAN-002749
union_standard_time,7688014,지프-승용지프,기능정비,엔진 부품,트랜스퍼ASSY,교환,CAN-002747
union_standard_time,7688014,지프-승용지프,기능정비,엔진 부품,트랜스퍼ASSY,오버홀,CAN-002748
union_standard_time,7689017,지프-승용지프,기능정비,엔진 부품,체인지레버(M/T),탈착,CAN-002427
union_standard_time,7689017,지프-승용지프,기능정비,엔진 부품,체인지레버(M/T),교환,CAN-002426
union_standard_time,7689018,지프-승용지프,기능정비,엔진 부품,체인지레버(A/T),탈착,CAN-002425
union_standard_time,7689018,지프-승용지프,기능정비,엔진 부품,체인지레버(A/T),교환,CAN-002424
union_standard_time,7698006,지프-승용지프,기능정비,엔진 부품,프로펠라샤프트(앞),탈착,CAN-002932
union_standard_time,7698006,지프-승용지프,기능정비,엔진 부품,프로펠라샤프트(앞),교환,CAN-002931
union_standard_time,7698007,지프-승용지프,기능정비,엔진 부품,프로펠라샤프트(뒤),탈착,CAN-002930
union_standard_time,7698007,지프-승용지프,기능정비,엔진 부품,프로펠라샤프트(뒤),교환,CAN-002929
union_standard_time,7698014,지프-승용지프,기능정비,엔진 부품,프론트 액슬,탈착,CAN-003103
union_standard_time,7698014,지프-승용지프,기능정비,엔진 부품,프론트 액슬,교환,CAN-003101
union_standard_time,7698014,지프-승용지프,기능정비,엔진 부품,프론트 액슬,오버홀,CAN-003102
union_standard_time,7698310,지프-승용지프,소모품 및 하체정비,하체 부품,프론트 서스펜션ASSY(좌측),탈착,CAN-003068
union_standard_time,7698310,지프-승용지프,소모품 및 하체정비,하체 부품,프론트 서스펜션ASSY(좌측),교환,CAN-003066
union_standard_time,7698310,지프-승용지프,소모품 및 하체정비,하체 부품,프론트 서스펜션ASSY(좌측),오버홀,CAN-003067
union_standard_time,7698411,지프-승용지프,소모품 및 하체정비,하체 부품,프론트 서스펜션ASSY(우측),탈착,CAN-003065
union_standard_time,7698411,지프-승용지프,소모품 및 하체정비,하체 부품,프론트 서스펜션ASSY(우측),교환,CAN-003063
union_standard_time,7698411,지프-승용지프,소모품 및 하체정비,하체 부품,프론트 서스펜션ASSY(우측),오버홀,CAN-003064
union_standard_time,7718021,지프-승용지프,기능정비,엔진 부품,리어 액슬 ASSY,탈착,CAN-000681
union_standard_time,7718021,지프-승용지프,기능정비,엔진 부품,리어 액슬 ASSY,교환,CAN-000679
union_standard_time,7718021,지프-승용지프,기능정비,엔진 부품,리어 액슬 ASSY,오버홀,CAN-000680
union_standard_time,7718032,지프-승용지프,소모품 및 하체정비,하체 부품,리어 서스펜션 크로스멤버,탈착,CAN-000613
union_standard_time,7718032,지프-승용지프,소모품 및 하체정비,하체 부품,리어 서스펜션 크로스멤버,교환,CAN-000611
union_standard_time,7728005,지프-승용지프,기능정비,엔진 부품,디퍼런셜 기어,오버홀,CAN-000293
union_standard_time,7728027,지프-승용지프,소모품 및 하체정비,하체 부품,스티어링 컬럼ASSY,탈착,CAN-001401
union_standard_time,7728027,지프-승용지프,소모품 및 하체정비,하체 부품,스티어링 컬럼ASSY,교환,CAN-001400
union_standard_time,7728031,지프-승용지프,소모품 및 하체정비,하체 부품,파워스티어링기어,탈착,CAN-002834
union_standard_time,7728031,지프-승용지프,소모품 및 하체정비,하체 부품,파워스티어링기어,교환,CAN-002833
union_standard_time,7728035,지프-승용지프,소모품 및 하체정비,하체 부품,스티어링 링케이지,탈착,CAN-001387
union_standard_time,7728035,지프-승용지프,소모품 및 하체정비,하체 부품,스티어링 링케이지,교환,CAN-001386
union_standard_time,7728045,지프-승용지프,기능정비,전기 및 램프,ABS 하이드로릭 유니트,탈착,CAN-000010
union_standard_time,7728045,지프-승용지프,기능정비,전기 및 램프,ABS 하이드로릭 유니트,교환,CAN-000009
union_standard_time,7728051,지프-승용지프,소모품 및 하체정비,브레이크/타이어,브레이크부스터&마스터 실린더,탈착,CAN-001085
union_standard_time,7728051,지프-승용지프,소모품 및 하체정비,브레이크/타이어,브레이크부스터&마스터 실린더,교환,CAN-001084
union_standard_time,7728059,지프-승용지프,소모품 및 하체정비,브레이크/타이어,클러치 및 브레이크패달 브라켓,탈착,CAN-002631
union_standard_time,7728059,지프-승용지프,소모품 및 하체정비,브레이크/타이어,클러치 및 브레이크패달 브라켓,교환,CAN-002630
union_standard_time,7728066,지프-승용지프,기능정비,엔진 부품,클러치마스터 실린더,탈착,CAN-002627
union_standard_time,7728066,지프-승용지프,기능정비,엔진 부품,클러치마스터 실린더,교환,CAN-002626
union_standard_time,7728067,지프-승용지프,기능정비,엔진 부품,클러치 케이블,탈착,CAN-002633
union_standard_time,7728067,지프-승용지프,기능정비,엔진 부품,클러치 케이블,교환,CAN-002632
union_standard_time,7728508,지프-승용지프,소모품 및 하체정비,브레이크/타이어,"타이어(앞,좌)",교환,CAN-002694
union_standard_time,7728609,지프-승용지프,소모품 및 하체정비,브레이크/타이어,"타이어(앞,우)",교환,CAN-002693
union_standard_time,7728710,지프-승용지프,소모품 및 하체정비,브레이크/타이어,"타이어(뒤,좌)",교환,CAN-002691
union_standard_time,7728811,지프-승용지프,소모품 및 하체정비,브레이크/타이어,"타이어(뒤,우)",교환,CAN-002690
union_standard_time,7729026,지프-승용지프,소모품 및 하체정비,하체 부품,스티어링 휠,탈착,CAN-001407
union_standard_time,7729026,지프-승용지프,소모품 및 하체정비,하체 부품,스티어링 휠,교환,CAN-001406
union_standard_time,7729060,지프-승용지프,소모품 및 하체정비,브레이크/타이어,사이드 브레이크(핸드식),탈착,CAN-001173
union_standard_time,7729060,지프-승용지프,소모품 및 하체정비,브레이크/타이어,사이드 브레이크(핸드식),교환,CAN-001172
union_standard_time,7729546,지프-승용지프,기능정비,전기 및 램프,"ABS 센서(앞,좌)",탈착,CAN-000008
union_standard_time,7729546,지프-승용지프,기능정비,전기 및 램프,"ABS 센서(앞,좌)",교환,CAN-000007
union_standard_time,7729647,지프-승용지프,기능정비,전기 및 램프,"ABS 센서(앞,우)",탈착,CAN-000006
union_standard_time,7729647,지프-승용지프,기능정비,전기 및 램프,"ABS 센서(앞,우)",교환,CAN-000005
union_standard_time,7729748,지프-승용지프,기능정비,전기 및 램프,"ABS 센서(뒤,좌)",탈착,CAN-000004
union_standard_time,7729748,지프-승용지프,기능정비,전기 및 램프,"ABS 센서(뒤,좌)",교환,CAN-000003
union_standard_time,7729849,지프-승용지프,기능정비,전기 및 램프,"ABS 센서(뒤,우)",탈착,CAN-000002
union_standard_time,7729849,지프-승용지프,기능정비,전기 및 램프,"ABS 센서(뒤,우)",교환,CAN-000001
union_standard_time,7738003,지프-승용지프,소모품 및 하체정비,브레이크/타이어,휠 얼라인먼트(전자식),조정,CAN-003401
union_standard_time,7738004,지프-승용지프,소모품 및 하체정비,브레이크/타이어,휠 얼라인먼트(기계식),조정,CAN-003399
union_standard_time,1018101,지프-승합지프,판금/도장정비,판금(탈부착),프론트 범퍼,탈착,CAN-002997
union_standard_time,1018101,지프-승합지프,판금/도장정비,판금(탈부착),프론트 범퍼,교환,CAN-002995
union_standard_time,1018101,지프-승합지프,판금/도장정비,판금(탈부착),프론트 범퍼,오버홀,CAN-002996
union_standard_time,1019118,지프-승합지프,판금/도장정비,판금(탈부착),범퍼가드,탈착,CAN-001023
union_standard_time,1019118,지프-승합지프,판금/도장정비,판금(탈부착),범퍼가드,교환,CAN-001022
union_standard_time,1028101,지프-승합지프,기능정비,엔진 부품,라디에이터그릴,탈착,CAN-000320
union_standard_time,1028101,지프-승합지프,기능정비,엔진 부품,라디에이터그릴,교환,CAN-000318
union_standard_time,1038101,지프-승합지프,판금/도장정비,판금(탈부착),후드,탈착,CAN-003318
union_standard_time,1038101,지프-승합지프,판금/도장정비,판금(탈부착),후드,교환,CAN-003316
union_standard_time,1038101,지프-승합지프,판금/도장정비,판금(탈부착),후드,오버홀,CAN-003317
union_standard_time,1039106,지프-승합지프,판금/도장정비,판금(탈부착),후드 록크,탈착,CAN-003321
union_standard_time,1039106,지프-승합지프,판금/도장정비,판금(탈부착),후드 록크,교환,CAN-003320
union_standard_time,1039107,지프-승합지프,판금/도장정비,판금(탈부착),후드 케이블,탈착,CAN-003357
union_standard_time,1039107,지프-승합지프,판금/도장정비,판금(탈부착),후드 케이블,교환,CAN-003356
union_standard_time,1039108,지프-승합지프,판금/도장정비,판금(탈부착),후드 인슐레이션,탈착,CAN-003353
union_standard_time,1039108,지프-승합지프,판금/도장정비,판금(탈부착),후드 인슐레이션,교환,CAN-003352
union_standard_time,1039302,지프-승합지프,판금/도장정비,판금(탈부착),후드 힌지(좌측),탈착,CAN-003363
union_standard_time,1039302,지프-승합지프,판금/도장정비,판금(탈부착),후드 힌지(좌측),교환,CAN-003362
union_standard_time,1039403,지프-승합지프,판금/도장정비,판금(탈부착),후드 힌지(우측),탈착,CAN-003361
union_standard_time,1039403,지프-승합지프,판금/도장정비,판금(탈부착),후드 힌지(우측),교환,CAN-003360
union_standard_time,1048101,지프-승합지프,판금/도장정비,판금(탈부착),프론트 패널 ASSY,교환,CAN-003128
union_standard_time,1048108,지프-승합지프,판금/도장정비,판금(탈부착),프론트 패널 그룹,교환,CAN-003136
union_standard_time,1048134,지프-승합지프,판금/도장정비,판금(탈부착),프론트 엔드판넬,교환,CAN-003117
union_standard_time,1058301,지프-승합지프,기능정비,전기 및 램프,헤드램프(좌측),탈착,CAN-003301
union_standard_time,1058301,지프-승합지프,기능정비,전기 및 램프,헤드램프(좌측),교환,CAN-003300
union_standard_time,1058320,지프-승합지프,기능정비,전기 및 램프,시그널램프(좌측),탈착,CAN-001503
union_standard_time,1058320,지프-승합지프,기능정비,전기 및 램프,시그널램프(좌측),교환,CAN-001502
union_standard_time,1058402,지프-승합지프,기능정비,전기 및 램프,헤드램프(우측),탈착,CAN-003299
union_standard_time,1058402,지프-승합지프,기능정비,전기 및 램프,헤드램프(우측),교환,CAN-003298
union_standard_time,1058421,지프-승합지프,기능정비,전기 및 램프,시그널램프(우측),탈착,CAN-001501
union_standard_time,1058421,지프-승합지프,기능정비,전기 및 램프,시그널램프(우측),교환,CAN-001500
union_standard_time,1058522,지프-승합지프,기능정비,엔진 부품,등화관제등(앞좌),탈착,CAN-000288
union_standard_time,1058522,지프-승합지프,기능정비,엔진 부품,등화관제등(앞좌),교환,CAN-000287
union_standard_time,1058623,지프-승합지프,기능정비,엔진 부품,등화관제등(앞우),탈착,CAN-000286
union_standard_time,1058623,지프-승합지프,기능정비,엔진 부품,등화관제등(앞우),교환,CAN-000285
union_standard_time,1058724,지프-승합지프,기능정비,엔진 부품,등화관제등(뒤좌),탈착,CAN-000284
union_standard_time,1058724,지프-승합지프,기능정비,엔진 부품,등화관제등(뒤좌),교환,CAN-000283
union_standard_time,1058825,지프-승합지프,기능정비,엔진 부품,등화관제등(뒤우),탈착,CAN-000282
union_standard_time,1058825,지프-승합지프,기능정비,엔진 부품,등화관제등(뒤우),교환,CAN-000281
union_standard_time,1059119,지프-승합지프,기능정비,전기 및 램프,헤드램프 가니쉬(일체형),탈착,CAN-003272
union_standard_time,1059119,지프-승합지프,기능정비,전기 및 램프,헤드램프 가니쉬(일체형),교환,CAN-003271
union_standard_time,1059317,지프-승합지프,기능정비,전기 및 램프,헤드램프 가니쉬(좌측),탈착,CAN-003274
union_standard_time,1059317,지프-승합지프,기능정비,전기 및 램프,헤드램프 가니쉬(좌측),교환,CAN-003273
union_standard_time,1059326,지프-승합지프,기능정비,전기 및 램프,포그램프(좌측),탈착,CAN-002911
union_standard_time,1059326,지프-승합지프,기능정비,전기 및 램프,포그램프(좌측),교환,CAN-002910
union_standard_time,1059418,지프-승합지프,기능정비,전기 및 램프,헤드램프 가니쉬(우측),탈착,CAN-003270
union_standard_time,1059418,지프-승합지프,기능정비,전기 및 램프,헤드램프 가니쉬(우측),교환,CAN-003269
union_standard_time,1059427,지프-승합지프,기능정비,전기 및 램프,포그램프(우측),탈착,CAN-002909
union_standard_time,1059427,지프-승합지프,기능정비,전기 및 램프,포그램프(우측),교환,CAN-002908
union_standard_time,1068301,지프-승합지프,기능정비,엔진 부품,프론트 휀다(좌측),탈착,CAN-003192
union_standard_time,1068301,지프-승합지프,기능정비,엔진 부품,프론트 휀다(좌측),교환,CAN-003191
union_standard_time,1068325,지프-승합지프,소모품 및 하체정비,브레이크/타이어,프론트 휠 하우스ASSY(좌측),교환,CAN-003198
union_standard_time,1068343,지프-승합지프,소모품 및 하체정비,브레이크/타이어,휠하우스 브레이스(좌측),교환,CAN-003417
union_standard_time,1068359,지프-승합지프,소모품 및 하체정비,하체 부품,"앞사이드멤버(단독,좌)",교환,CAN-001713
union_standard_time,1068403,지프-승합지프,기능정비,엔진 부품,프론트 휀다(우측),탈착,CAN-003190
union_standard_time,1068403,지프-승합지프,기능정비,엔진 부품,프론트 휀다(우측),교환,CAN-003189
union_standard_time,1068434,지프-승합지프,소모품 및 하체정비,브레이크/타이어,프론트 휠 하우스ASSY(우측),교환,CAN-003197
union_standard_time,1068449,지프-승합지프,소모품 및 하체정비,브레이크/타이어,휠하우스 브레이스(우측),교환,CAN-003415
union_standard_time,1068465,지프-승합지프,소모품 및 하체정비,하체 부품,"앞사이드멤버(단독,우)",교환,CAN-001712
union_standard_time,1069309,지프-승합지프,소모품 및 하체정비,브레이크/타이어,프론트 휠 가드(좌측),탈착,CAN-003196
union_standard_time,1069309,지프-승합지프,소모품 및 하체정비,브레이크/타이어,프론트 휠 가드(좌측),교환,CAN-003195
union_standard_time,1069410,지프-승합지프,소모품 및 하체정비,브레이크/타이어,프론트 휠 가드(우측),탈착,CAN-003194
union_standard_time,1069410,지프-승합지프,소모품 및 하체정비,브레이크/타이어,프론트 휠 가드(우측),교환,CAN-003193
union_standard_time,1078001,지프-승합지프,기능정비,엔진 부품,카울그릴,탈착,CAN-002437
union_standard_time,1078001,지프-승합지프,기능정비,엔진 부품,카울그릴,교환,CAN-002436
union_standard_time,1078002,지프-승합지프,판금/도장정비,판금(탈부착),카울패널,교환,CAN-002454
union_standard_time,1078003,지프-승합지프,판금/도장정비,판금(탈부착),카울패널(내측 또는 일체형),교환,CAN-002455
union_standard_time,1078005,지프-승합지프,판금/도장정비,판금(탈부착),카울 프론트 패널,교환,CAN-002459
union_standard_time,1078010,지프-승합지프,판금/도장정비,판금(탈부착),카울패널(어퍼),교환,CAN-002457
union_standard_time,1078011,지프-승합지프,판금/도장정비,판금(탈부착),카울패널(로워),교환,CAN-002456
union_standard_time,1078014,지프-승합지프,판금/도장정비,판금(탈부착),대쉬패널,교환,CAN-000144
union_standard_time,1078022,지프-승합지프,판금/도장정비,판금(탈부착),서포트패널(지프),교환,CAN-001269
union_standard_time,1078024,지프-승합지프,소모품 및 하체정비,하체 부품,카울 크로스멤버,탈착,CAN-002449
union_standard_time,1078024,지프-승합지프,소모품 및 하체정비,하체 부품,카울 크로스멤버,교환,CAN-002448
union_standard_time,1088301,지프-승합지프,기능정비,엔진 부품,프론트 필러 ASSY(좌측),교환,CAN-003160
union_standard_time,1088302,지프-승합지프,기능정비,엔진 부품,"프론트 필러(외측,좌)",교환,CAN-003170
union_standard_time,1088304,지프-승합지프,판금/도장정비,판금(탈부착),앞도어필러(좌측),교환,CAN-001691
union_standard_time,1088306,지프-승합지프,판금/도장정비,판금(탈부착),"앞도어필러(좌,내측)",교환,CAN-001690
union_standard_time,1088307,지프-승합지프,기능정비,엔진 부품,윈도우 필러(좌측),교환,CAN-002239
union_standard_time,1088309,지프-승합지프,기능정비,엔진 부품,"윈도우 필러(좌,내측)",교환,CAN-002238
union_standard_time,1088410,지프-승합지프,기능정비,엔진 부품,프론트 필러 ASSY(우측),교환,CAN-003159
union_standard_time,1088411,지프-승합지프,기능정비,엔진 부품,"프론트 필러(외측,우)",교환,CAN-003169
union_standard_time,1088413,지프-승합지프,판금/도장정비,판금(탈부착),앞도어필러(우측),교환,CAN-001689
union_standard_time,1088415,지프-승합지프,판금/도장정비,판금(탈부착),"앞도어필러(우,내측)",교환,CAN-001688
union_standard_time,1088416,지프-승합지프,기능정비,엔진 부품,윈도우 필러(우측),교환,CAN-002237
union_standard_time,1088418,지프-승합지프,기능정비,엔진 부품,"윈도우 필러(우,내측)",교환,CAN-002236
union_standard_time,1128301,지프-승합지프,판금/도장정비,판금(탈부착),프론트 도어(좌측),탈착,CAN-002970
union_standard_time,1128301,지프-승합지프,판금/도장정비,판금(탈부착),프론트 도어(좌측),교환,CAN-002968
union_standard_time,1128301,지프-승합지프,판금/도장정비,판금(탈부착),프론트 도어(좌측),오버홀,CAN-002969
union_standard_time,1128406,지프-승합지프,판금/도장정비,판금(탈부착),프론트 도어(우측),탈착,CAN-002954
union_standard_time,1128406,지프-승합지프,판금/도장정비,판금(탈부착),프론트 도어(우측),교환,CAN-002952
union_standard_time,1128406,지프-승합지프,판금/도장정비,판금(탈부착),프론트 도어(우측),오버홀,CAN-002953
union_standard_time,1138301,지프-승합지프,판금/도장정비,판금(탈부착),리어 도어(좌측),탈착,CAN-000513
union_standard_time,1138301,지프-승합지프,판금/도장정비,판금(탈부착),리어 도어(좌측),교환,CAN-000511
union_standard_time,1138301,지프-승합지프,판금/도장정비,판금(탈부착),리어 도어(좌측),오버홀,CAN-000512
union_standard_time,1138407,지프-승합지프,판금/도장정비,판금(탈부착),리어 도어(우측),탈착,CAN-000504
union_standard_time,1138407,지프-승합지프,판금/도장정비,판금(탈부착),리어 도어(우측),교환,CAN-000502
union_standard_time,1138407,지프-승합지프,판금/도장정비,판금(탈부착),리어 도어(우측),오버홀,CAN-000503
union_standard_time,1148304,지프-승합지프,기능정비,엔진 부품,상부레일(좌측),탈착,CAN-001260
union_standard_time,1148304,지프-승합지프,기능정비,엔진 부품,상부레일(좌측),교환,CAN-001259
union_standard_time,1169301,지프-승합지프,기능정비,엔진 부품,사이드 미러(좌측),탈착,CAN-001156
union_standard_time,1169301,지프-승합지프,기능정비,엔진 부품,사이드 미러(좌측),교환,CAN-001154
union_standard_time,1169302,지프-승합지프,기능정비,엔진 부품,"사이드 미러(좌,전동)",탈착,CAN-001153
union_standard_time,1169302,지프-승합지프,기능정비,엔진 부품,"사이드 미러(좌,전동)",교환,CAN-001152
union_standard_time,1169404,지프-승합지프,기능정비,엔진 부품,사이드 미러(우측),탈착,CAN-001144
union_standard_time,1169404,지프-승합지프,기능정비,엔진 부품,사이드 미러(우측),교환,CAN-001142
union_standard_time,1169405,지프-승합지프,기능정비,엔진 부품,"사이드 미러(우,전동)",탈착,CAN-001141
union_standard_time,1169405,지프-승합지프,기능정비,엔진 부품,"사이드 미러(우,전동)",교환,CAN-001140
union_standard_time,1178301,지프-승합지프,기능정비,엔진 부품,센터 필러 ASSY(좌측),교환,CAN-001304
union_standard_time,1178303,지프-승합지프,기능정비,엔진 부품,"센터 필러(외측,좌)",교환,CAN-001309
union_standard_time,1178405,지프-승합지프,기능정비,엔진 부품,센터 필러 ASSY(우측),교환,CAN-001303
union_standard_time,1178407,지프-승합지프,기능정비,엔진 부품,"센터 필러(외측,우)",교환,CAN-001307
union_standard_time,1188301,지프-승합지프,판금/도장정비,판금(탈부착),사이드스텝패널ASSY(좌측),교환,CAN-001193
union_standard_time,1188302,지프-승합지프,판금/도장정비,판금(탈부착),"사이드 스텝 패널(외측,좌)",교환,CAN-001200
union_standard_time,1188303,지프-승합지프,판금/도장정비,판금(탈부착),사이드 스텝 인너패널(좌측),교환,CAN-001189
union_standard_time,1188405,지프-승합지프,판금/도장정비,판금(탈부착),사이드스텝패널ASSY(우측),교환,CAN-001192
union_standard_time,1188406,지프-승합지프,판금/도장정비,판금(탈부착),"사이드 스텝 패널(외측,우)",교환,CAN-001198
union_standard_time,1188407,지프-승합지프,판금/도장정비,판금(탈부착),사이드 스텝 인너패널(우측),교환,CAN-001188
union_standard_time,1198309,지프-승합지프,기능정비,엔진 부품,"사이드스텝(좌,스텝분리형)",탈착,CAN-001191
union_standard_time,1198309,지프-승합지프,기능정비,엔진 부품,"사이드스텝(좌,스텝분리형)",교환,CAN-001190
union_standard_time,1198410,지프-승합지프,기능정비,엔진 부품,"사이드스텝(우,스텝분리형)",탈착,CAN-001187
union_standard_time,1198410,지프-승합지프,기능정비,엔진 부품,"사이드스텝(우,스텝분리형)",교환,CAN-001186
union_standard_time,1208303,지프-승합지프,기능정비,엔진 부품,"사이드 프레임ASSY(외측,좌)",교환,CAN-001238
union_standard_time,1208305,지프-승합지프,기능정비,엔진 부품,"사이드 프레임ASSY(일체,좌)",교환,CAN-001240
union_standard_time,1208311,지프-승합지프,기능정비,엔진 부품,"사이드 프레임(외측,좌) II",교환,CAN-001246
union_standard_time,1208313,지프-승합지프,기능정비,엔진 부품,"사이드 프레임(일체,좌) II",교환,CAN-001251
union_standard_time,1208404,지프-승합지프,기능정비,엔진 부품,"사이드 프레임ASSY(외측,우)",교환,CAN-001237
union_standard_time,1208406,지프-승합지프,기능정비,엔진 부품,"사이드 프레임ASSY(일체,우)",교환,CAN-001239
union_standard_time,1208412,지프-승합지프,기능정비,엔진 부품,"사이드 프레임(외측,우) II",교환,CAN-001244
union_standard_time,1208414,지프-승합지프,기능정비,엔진 부품,"사이드 프레임(일체,우) II",교환,CAN-001249
union_standard_time,1218001,지프-승합지프,판금/도장정비,판금(탈부착),루프패널,교환,CAN-000458
union_standard_time,1219009,지프-승합지프,판금/도장정비,판금(탈부착),루프 헤더 패널,교환,CAN-000473
union_standard_time,1219010,지프-승합지프,판금/도장정비,판금(탈부착),루프 리어 헤더 패널,교환,CAN-000398
union_standard_time,1219016,지프-승합지프,판금/도장정비,판금(탈부착),루프 크로스 레일 NO.1,교환,CAN-000425
union_standard_time,1219017,지프-승합지프,판금/도장정비,판금(탈부착),루프 크로스 레일 NO.2,교환,CAN-000427
union_standard_time,1219018,지프-승합지프,판금/도장정비,판금(탈부착),루프 크로스 레일 NO.3,교환,CAN-000429
union_standard_time,1219019,지프-승합지프,판금/도장정비,판금(탈부착),루프 크로스 레일 NO.4,교환,CAN-000431
union_standard_time,1219027,지프-승합지프,판금/도장정비,판금(탈부착),루프 톱 씰링,탈착,CAN-000449
union_standard_time,1219027,지프-승합지프,판금/도장정비,판금(탈부착),루프 톱 씰링,교환,CAN-000448
union_standard_time,1219314,지프-승합지프,판금/도장정비,판금(탈부착),루프 사이드 레일(좌측),교환,CAN-000407
union_standard_time,1219415,지프-승합지프,판금/도장정비,판금(탈부착),루프 사이드 레일(우측),교환,CAN-000406
union_standard_time,1228201,지프-승합지프,판금/도장정비,판금(탈부착),리어 범퍼,탈착,CAN-000536
union_standard_time,1228201,지프-승합지프,판금/도장정비,판금(탈부착),리어 범퍼,교환,CAN-000534
union_standard_time,1228201,지프-승합지프,판금/도장정비,판금(탈부착),리어 범퍼,오버홀,CAN-000535
union_standard_time,1248201,지프-승합지프,판금/도장정비,판금(탈부착),백도어,탈착,CAN-000960
union_standard_time,1248201,지프-승합지프,판금/도장정비,판금(탈부착),백도어,교환,CAN-000958
union_standard_time,1248201,지프-승합지프,판금/도장정비,판금(탈부착),백도어,오버홀,CAN-000959
union_standard_time,1248202,지프-승합지프,판금/도장정비,판금(탈부착),백도어(와이퍼 부착형),탈착,CAN-000983
union_standard_time,1248202,지프-승합지프,판금/도장정비,판금(탈부착),백도어(와이퍼 부착형),교환,CAN-000981
union_standard_time,1248202,지프-승합지프,판금/도장정비,판금(탈부착),백도어(와이퍼 부착형),오버홀,CAN-000982
union_standard_time,1249306,지프-승합지프,판금/도장정비,판금(탈부착),백도어 쇼버(좌측),탈착,CAN-000975
union_standard_time,1249306,지프-승합지프,판금/도장정비,판금(탈부착),백도어 쇼버(좌측),교환,CAN-000974
union_standard_time,1249408,지프-승합지프,판금/도장정비,판금(탈부착),백도어 쇼버(우측),탈착,CAN-000971
union_standard_time,1249408,지프-승합지프,판금/도장정비,판금(탈부착),백도어 쇼버(우측),교환,CAN-000970
union_standard_time,1258206,지프-승합지프,판금/도장정비,판금(탈부착),백패널(리어 패널),교환,CAN-001012
union_standard_time,1258207,지프-승합지프,소모품 및 하체정비,하체 부품,리어엔드크로스멤버,교환,CAN-000703
union_standard_time,1259214,지프-승합지프,기능정비,엔진 부품,스포일러,탈착,CAN-001424
union_standard_time,1259214,지프-승합지프,기능정비,엔진 부품,스포일러,교환,CAN-001423
union_standard_time,1268301,지프-승합지프,기능정비,전기 및 램프,리어 컴비네이션램프(좌측),탈착,CAN-000720
union_standard_time,1268301,지프-승합지프,기능정비,전기 및 램프,리어 컴비네이션램프(좌측),교환,CAN-000719
union_standard_time,1268309,지프-승합지프,판금/도장정비,판금(탈부착),"컴비램프(백도어 부착,좌)",탈착,CAN-002535
union_standard_time,1268309,지프-승합지프,판금/도장정비,판금(탈부착),"컴비램프(백도어 부착,좌)",교환,CAN-002534
union_standard_time,1268312,지프-승합지프,판금/도장정비,판금(탈부착),컴비네이션패널(좌측),교환,CAN-002522
union_standard_time,1268402,지프-승합지프,기능정비,전기 및 램프,리어 컴비네이션램프(우측),탈착,CAN-000718
union_standard_time,1268402,지프-승합지프,기능정비,전기 및 램프,리어 컴비네이션램프(우측),교환,CAN-000717
union_standard_time,1268410,지프-승합지프,판금/도장정비,판금(탈부착),"컴비램프(백도어 부착,우)",탈착,CAN-002533
union_standard_time,1268410,지프-승합지프,판금/도장정비,판금(탈부착),"컴비램프(백도어 부착,우)",교환,CAN-002532
union_standard_time,1268413,지프-승합지프,판금/도장정비,판금(탈부착),컴비네이션패널(우측),교환,CAN-002520
union_standard_time,1269303,지프-승합지프,기능정비,엔진 부품,컴비네이션 피니셔(좌측),탈착,CAN-002527
union_standard_time,1269303,지프-승합지프,기능정비,엔진 부품,컴비네이션 피니셔(좌측),교환,CAN-002526
union_standard_time,1269404,지프-승합지프,기능정비,엔진 부품,컴비네이션 피니셔(우측),탈착,CAN-002525
union_standard_time,1269404,지프-승합지프,기능정비,엔진 부품,컴비네이션 피니셔(우측),교환,CAN-002524
union_standard_time,1288301,지프-승합지프,기능정비,엔진 부품,리어 휀다(좌측),교환,CAN-000787
union_standard_time,1288307,지프-승합지프,판금/도장정비,판금(탈부착),"리어휀다패널(내외측,좌)",교환,CAN-000793
union_standard_time,1288411,지프-승합지프,기능정비,엔진 부품,리어 휀다(우측),교환,CAN-000785
union_standard_time,1288417,지프-승합지프,판금/도장정비,판금(탈부착),"리어휀다패널(내외측,우)",교환,CAN-000792
union_standard_time,1289321,지프-승합지프,판금/도장정비,판금(탈부착),"리어휀다패널(내측,좌)",교환,CAN-000796
union_standard_time,1289422,지프-승합지프,판금/도장정비,판금(탈부착),"리어휀다패널(내측,우)",교환,CAN-000794
union_standard_time,1358301,지프-승합지프,판금/도장정비,판금(탈부착),"D 필러패널(외측,좌)",교환,CAN-000046
union_standard_time,1358303,지프-승합지프,판금/도장정비,판금(탈부착),"D 필러패널(내측,좌)",교환,CAN-000044
union_standard_time,1358402,지프-승합지프,판금/도장정비,판금(탈부착),"D 필러패널(외측,우)",교환,CAN-000045
union_standard_time,1358404,지프-승합지프,판금/도장정비,판금(탈부착),"D 필러패널(내측,우)",교환,CAN-000043
union_standard_time,1388006,지프-승합지프,판금/도장정비,판금(탈부착),파티션패널(실내칸막이),탈착,CAN-002876
union_standard_time,1388006,지프-승합지프,판금/도장정비,판금(탈부착),파티션패널(실내칸막이),교환,CAN-002875
union_standard_time,1408006,지프-승합지프,기능정비,엔진 부품,실내바닥(앞),교환,CAN-001539
union_standard_time,1428013,지프-승합지프,기능정비,엔진 부품,실내바닥(뒤),교환,CAN-001538
union_standard_time,1428119,지프-승합지프,기능정비,엔진 부품,익스텐션플로워(프론트),교환,CAN-002250
union_standard_time,1428220,지프-승합지프,기능정비,엔진 부품,익스텐션플로워(리어),교환,CAN-002249
union_standard_time,1428221,지프-승합지프,판금/도장정비,판금(탈부착),리어 플로어패널(승합),교환,CAN-000756
union_standard_time,1448004,지프-승합지프,기능정비,엔진 부품,프레임(지프),탈착,CAN-002918
union_standard_time,1448004,지프-승합지프,기능정비,엔진 부품,프레임(지프),교환,CAN-002917
union_standard_time,1448007,지프-승합지프,기능정비,엔진 부품,캐빈(운전대)온리,탈착,CAN-002489
union_standard_time,1448007,지프-승합지프,기능정비,엔진 부품,캐빈(운전대)온리,교환,CAN-002488
union_standard_time,1448009,지프-승합지프,기능정비,엔진 부품,캐빈(운전대)컴플리트,탈착,CAN-002493
union_standard_time,1448009,지프-승합지프,기능정비,엔진 부품,캐빈(운전대)컴플리트,교환,CAN-002492
union_standard_time,1458202,지프-승합지프,기능정비,엔진 부품,탑,탈착,CAN-002698
union_standard_time,1458202,지프-승합지프,기능정비,엔진 부품,탑,교환,CAN-002697
union_standard_time,3478001,지프-승합지프,소모품 및 하체정비,브레이크/타이어,크러쉬패드,탈착,CAN-002609
union_standard_time,3478001,지프-승합지프,소모품 및 하체정비,브레이크/타이어,크러쉬패드,교환,CAN-002608
union_standard_time,3478009,지프-승합지프,기능정비,엔진 부품,콘솔박스,탈착,CAN-002570
union_standard_time,3478009,지프-승합지프,기능정비,엔진 부품,콘솔박스,교환,CAN-002569
union_standard_time,3478020,지프-승합지프,기능정비,에어컨,히터모터(분리식),탈착,CAN-003442
union_standard_time,3478020,지프-승합지프,기능정비,에어컨,히터모터(분리식),교환,CAN-003441
union_standard_time,3478021,지프-승합지프,기능정비,에어컨,뒤 히터,탈착,CAN-000250
union_standard_time,3478021,지프-승합지프,기능정비,에어컨,뒤 히터,교환,CAN-000249
union_standard_time,3478023,지프-승합지프,기능정비,에어컨,히터 및 에어컨 에버포레이터,탈착,CAN-003448
union_standard_time,3478023,지프-승합지프,기능정비,에어컨,히터 및 에어컨 에버포레이터,교환,CAN-003447
union_standard_time,3478025,지프-승합지프,기능정비,엔진 부품,리어 에버포레이터,탈착,CAN-000700
union_standard_time,3478025,지프-승합지프,기능정비,엔진 부품,리어 에버포레이터,교환,CAN-000699
union_standard_time,3478402,지프-승합지프,기능정비,엔진 부품,프론트 시트(우측),탈착,CAN-003090
union_standard_time,3478402,지프-승합지프,기능정비,엔진 부품,프론트 시트(우측),교환,CAN-003089
union_standard_time,3479029,지프-승합지프,기능정비,엔진 부품,"에버포레이터(단독형,일반형)",탈착,CAN-001760
union_standard_time,3479029,지프-승합지프,기능정비,엔진 부품,"에버포레이터(단독형,일반형)",교환,CAN-001759
union_standard_time,3488008,지프-승합지프,기능정비,엔진 부품,리어 시트,탈착,CAN-000641
union_standard_time,3488008,지프-승합지프,기능정비,엔진 부품,리어 시트,교환,CAN-000640
union_standard_time,3488015,지프-승합지프,기능정비,엔진 부품,리어시트(2열),탈착,CAN-000619
union_standard_time,3488015,지프-승합지프,기능정비,엔진 부품,리어시트(2열),교환,CAN-000618
union_standard_time,3488016,지프-승합지프,기능정비,엔진 부품,리어시트(3열),탈착,CAN-000627
union_standard_time,3488016,지프-승합지프,기능정비,엔진 부품,리어시트(3열),교환,CAN-000626
union_standard_time,3488301,지프-승합지프,기능정비,엔진 부품,프론트 시트(좌측),탈착,CAN-003100
union_standard_time,3488301,지프-승합지프,기능정비,엔진 부품,프론트 시트(좌측),교환,CAN-003099
union_standard_time,3499017,지프-승합지프,기능정비,엔진 부품,안전밸트(2점식)NO.1,탈착,CAN-001619
union_standard_time,3499017,지프-승합지프,기능정비,엔진 부품,안전밸트(2점식)NO.1,교환,CAN-001618
union_standard_time,3499018,지프-승합지프,기능정비,엔진 부품,안전밸트(2점식)NO.2,탈착,CAN-001621
union_standard_time,3499018,지프-승합지프,기능정비,엔진 부품,안전밸트(2점식)NO.2,교환,CAN-001620
union_standard_time,3499019,지프-승합지프,기능정비,엔진 부품,안전밸트(2점식)NO.3,탈착,CAN-001623
union_standard_time,3499019,지프-승합지프,기능정비,엔진 부품,안전밸트(2점식)NO.3,교환,CAN-001622
union_standard_time,3499309,지프-승합지프,기능정비,엔진 부품,"안전밸트(2열,좌)",탈착,CAN-001617
union_standard_time,3499309,지프-승합지프,기능정비,엔진 부품,"안전밸트(2열,좌)",교환,CAN-001616
union_standard_time,3499413,지프-승합지프,기능정비,엔진 부품,"안전밸트(2열,우)",탈착,CAN-001615
union_standard_time,3499413,지프-승합지프,기능정비,엔진 부품,"안전밸트(2열,우)",교환,CAN-001614
union_standard_time,3499501,지프-승합지프,기능정비,엔진 부품,"안전벨트(앞,좌)",탈착,CAN-001665
union_standard_time,3499501,지프-승합지프,기능정비,엔진 부품,"안전벨트(앞,좌)",교환,CAN-001664
union_standard_time,3499502,지프-승합지프,기능정비,엔진 부품,"안전벨트(앞,좌,프리텐셔너)",탈착,CAN-001667
union_standard_time,3499502,지프-승합지프,기능정비,엔진 부품,"안전벨트(앞,좌,프리텐셔너)",교환,CAN-001666
union_standard_time,3499604,지프-승합지프,기능정비,엔진 부품,"안전벨트(앞,우)",탈착,CAN-001661
union_standard_time,3499604,지프-승합지프,기능정비,엔진 부품,"안전벨트(앞,우)",교환,CAN-001660
union_standard_time,3499605,지프-승합지프,기능정비,엔진 부품,"안전벨트(앞,우,프리텐셔너)",탈착,CAN-001663
union_standard_time,3499605,지프-승합지프,기능정비,엔진 부품,"안전벨트(앞,우,프리텐셔너)",교환,CAN-001662
union_standard_time,3499706,지프-승합지프,기능정비,엔진 부품,"안전벨트(뒤,좌)",탈착,CAN-001657
union_standard_time,3499706,지프-승합지프,기능정비,엔진 부품,"안전벨트(뒤,좌)",교환,CAN-001656
union_standard_time,3499807,지프-승합지프,기능정비,엔진 부품,"안전벨트(뒤,우)",탈착,CAN-001655
union_standard_time,3499807,지프-승합지프,기능정비,엔진 부품,"안전벨트(뒤,우)",교환,CAN-001654
union_standard_time,3508004,지프-승합지프,기능정비,전기 및 램프,크러쉬패드 배선,탈착,CAN-002611
union_standard_time,3508004,지프-승합지프,기능정비,전기 및 램프,크러쉬패드 배선,교환,CAN-002610
union_standard_time,3508006,지프-승합지프,기능정비,전기 및 램프,엔진룸배선,탈착,CAN-001923
union_standard_time,3508006,지프-승합지프,기능정비,전기 및 램프,엔진룸배선,교환,CAN-001922
union_standard_time,3508009,지프-승합지프,기능정비,전기 및 램프,엔진룸배선(디젤),탈착,CAN-001927
union_standard_time,3508009,지프-승합지프,기능정비,전기 및 램프,엔진룸배선(디젤),교환,CAN-001926
union_standard_time,3508011,지프-승합지프,기능정비,전기 및 램프,뒷배선,탈착,CAN-000252
union_standard_time,3508011,지프-승합지프,기능정비,전기 및 램프,뒷배선,교환,CAN-000251
union_standard_time,3508024,지프-승합지프,소모품 및 하체정비,소모품,밧데리,탈착,CAN-000878
union_standard_time,3508024,지프-승합지프,소모품 및 하체정비,소모품,밧데리,교환,CAN-000877
union_standard_time,3509019,지프-승합지프,기능정비,전기 및 램프,컴비네이션 스위치,탈착,CAN-002519
union_standard_time,3509019,지프-승합지프,기능정비,전기 및 램프,컴비네이션 스위치,교환,CAN-002518
union_standard_time,3509021,지프-승합지프,기능정비,엔진 부품,와이퍼 모터,탈착,CAN-002190
union_standard_time,3509021,지프-승합지프,기능정비,엔진 부품,와이퍼 모터,교환,CAN-002189
union_standard_time,3509022,지프-승합지프,기능정비,엔진 부품,와이퍼 링케이지,탈착,CAN-002188
union_standard_time,3509022,지프-승합지프,기능정비,엔진 부품,와이퍼 링케이지,교환,CAN-002187
union_standard_time,3518001,지프-승합지프,기능정비,에어컨,에어컨 컨덴샤,탈착,CAN-001823
union_standard_time,3518001,지프-승합지프,기능정비,에어컨,에어컨 컨덴샤,교환,CAN-001822
union_standard_time,3518013,지프-승합지프,기능정비,에어컨,에어컨 콤프레샤,탈착,CAN-001831
union_standard_time,3518013,지프-승합지프,기능정비,에어컨,에어컨 콤프레샤,교환,CAN-001830
union_standard_time,3518016,지프-승합지프,기능정비,엔진 부품,라디에이터,탈착,CAN-000315
union_standard_time,3518016,지프-승합지프,기능정비,엔진 부품,라디에이터,교환,CAN-000314
union_standard_time,3518017,지프-승합지프,기능정비,엔진 부품,라디에이터(A/T),탈착,CAN-000311
union_standard_time,3518017,지프-승합지프,기능정비,엔진 부품,라디에이터(A/T),교환,CAN-000310
union_standard_time,3518025,지프-승합지프,소모품 및 하체정비,오일류,오일쿨러(미션),탈착,CAN-002164
union_standard_time,3518025,지프-승합지프,소모품 및 하체정비,오일류,오일쿨러(미션),교환,CAN-002163
union_standard_time,3518027,지프-승합지프,소모품 및 하체정비,오일류,오일쿨러(파워오일),탈착,CAN-002168
union_standard_time,3518027,지프-승합지프,소모품 및 하체정비,오일류,오일쿨러(파워오일),교환,CAN-002167
union_standard_time,3518029,지프-승합지프,기능정비,엔진 부품,라디에이터 리져브탱크,탈착,CAN-000338
union_standard_time,3518029,지프-승합지프,기능정비,엔진 부품,라디에이터 리져브탱크,교환,CAN-000337
union_standard_time,3518030,지프-승합지프,기능정비,전기 및 램프,와셔탱크(앞),탈착,CAN-002186
union_standard_time,3518030,지프-승합지프,기능정비,전기 및 램프,와셔탱크(앞),교환,CAN-002185
union_standard_time,3518031,지프-승합지프,기능정비,전기 및 램프,와셔탱크(뒤),탈착,CAN-002184
union_standard_time,3518031,지프-승합지프,기능정비,전기 및 램프,와셔탱크(뒤),교환,CAN-002183
union_standard_time,3518032,지프-승합지프,기능정비,엔진 부품,알터네이터,탈착,CAN-001675
union_standard_time,3518032,지프-승합지프,기능정비,엔진 부품,알터네이터,교환,CAN-001674
union_standard_time,3518033,지프-승합지프,기능정비,엔진 부품,스타팅모터,탈착,CAN-001360
union_standard_time,3518033,지프-승합지프,기능정비,엔진 부품,스타팅모터,교환,CAN-001359
union_standard_time,3518034,지프-승합지프,기능정비,엔진 부품,디스트리뷰터,탈착,CAN-000291
union_standard_time,3518034,지프-승합지프,기능정비,엔진 부품,디스트리뷰터,교환,CAN-000290
union_standard_time,3519003,지프-승합지프,기능정비,에어컨,에어컨 파이프 NO.1,탈착,CAN-001833
union_standard_time,3519003,지프-승합지프,기능정비,에어컨,에어컨 파이프 NO.1,교환,CAN-001832
union_standard_time,3519004,지프-승합지프,기능정비,에어컨,에어컨 파이프 NO.2,탈착,CAN-001837
union_standard_time,3519004,지프-승합지프,기능정비,에어컨,에어컨 파이프 NO.2,교환,CAN-001836
union_standard_time,3519005,지프-승합지프,기능정비,에어컨,에어컨 파이프 NO.3,탈착,CAN-001841
union_standard_time,3519005,지프-승합지프,기능정비,에어컨,에어컨 파이프 NO.3,교환,CAN-001840
union_standard_time,3519006,지프-승합지프,기능정비,에어컨,에어컨 파이프 NO.4,탈착,CAN-001845
union_standard_time,3519006,지프-승합지프,기능정비,에어컨,에어컨 파이프 NO.4,교환,CAN-001844
union_standard_time,3519008,지프-승합지프,기능정비,엔진 부품,에어콘개스,교환,CAN-001861
union_standard_time,3519010,지프-승합지프,기능정비,에어컨,에어컨 휀,탈착,CAN-001855
union_standard_time,3519010,지프-승합지프,기능정비,에어컨,에어컨 휀,교환,CAN-001854
union_standard_time,3519012,지프-승합지프,기능정비,엔진 부품,리시버 드라이탱크,탈착,CAN-000487
union_standard_time,3519012,지프-승합지프,기능정비,엔진 부품,리시버 드라이탱크,교환,CAN-000486
union_standard_time,3519018,지프-승합지프,기능정비,엔진 부품,라디에이터 휀,탈착,CAN-000355
union_standard_time,3519018,지프-승합지프,기능정비,엔진 부품,라디에이터 휀,교환,CAN-000354
union_standard_time,3528001,지프-승합지프,기능정비,전기 및 램프,에어백모듈(운전석),탈착,CAN-001775
union_standard_time,3528001,지프-승합지프,기능정비,전기 및 램프,에어백모듈(운전석),교환,CAN-001774
union_standard_time,3528002,지프-승합지프,기능정비,전기 및 램프,에어백모듈(조수석),탈착,CAN-001777
union_standard_time,3528002,지프-승합지프,기능정비,전기 및 램프,에어백모듈(조수석),교환,CAN-001776
union_standard_time,3538001,지프-승합지프,기능정비,엔진 부품,컴퓨터(엔진),탈착,CAN-002555
union_standard_time,3538001,지프-승합지프,기능정비,엔진 부품,컴퓨터(엔진),교환,CAN-002554
union_standard_time,3538003,지프-승합지프,기능정비,엔진 부품,컴퓨터(자동밋션),탈착,CAN-002560
union_standard_time,3538003,지프-승합지프,기능정비,엔진 부품,컴퓨터(자동밋션),교환,CAN-002559
union_standard_time,3538005,지프-승합지프,기능정비,전기 및 램프,컴퓨터(ABS),탈착,CAN-002549
union_standard_time,3538005,지프-승합지프,기능정비,전기 및 램프,컴퓨터(ABS),교환,CAN-002548
union_standard_time,3538006,지프-승합지프,기능정비,전기 및 램프,컴퓨터(에어백),탈착,CAN-002553
union_standard_time,3538006,지프-승합지프,기능정비,전기 및 램프,컴퓨터(에어백),교환,CAN-002552
union_standard_time,3538011,지프-승합지프,판금/도장정비,판금(탈부착),선루프기구(전동식),탈착,CAN-001271
union_standard_time,3538011,지프-승합지프,판금/도장정비,판금(탈부착),선루프기구(전동식),교환,CAN-001270
union_standard_time,3549301,지프-승합지프,기능정비,엔진 부품,프론트 필러 트림(좌측),탈착,CAN-003178
union_standard_time,3549301,지프-승합지프,기능정비,엔진 부품,프론트 필러 트림(좌측),교환,CAN-003177
union_standard_time,3549303,지프-승합지프,기능정비,엔진 부품,센터 필러 트림(좌측),탈착,CAN-001316
union_standard_time,3549303,지프-승합지프,기능정비,엔진 부품,센터 필러 트림(좌측),교환,CAN-001315
union_standard_time,3549305,지프-승합지프,기능정비,엔진 부품,리어 필러 트림(좌측),탈착,CAN-000764
union_standard_time,3549305,지프-승합지프,기능정비,엔진 부품,리어 필러 트림(좌측),교환,CAN-000763
union_standard_time,3549307,지프-승합지프,판금/도장정비,판금(탈부착),트렁크룸내 트림(좌측),탈착,CAN-002765
union_standard_time,3549307,지프-승합지프,판금/도장정비,판금(탈부착),트렁크룸내 트림(좌측),교환,CAN-002764
union_standard_time,3549313,지프-승합지프,판금/도장정비,판금(탈부착),쿼터트림(좌측),탈착,CAN-002599
union_standard_time,3549313,지프-승합지프,판금/도장정비,판금(탈부착),쿼터트림(좌측),교환,CAN-002598
union_standard_time,3549402,지프-승합지프,기능정비,엔진 부품,프론트 필러 트림(우측),탈착,CAN-003176
union_standard_time,3549402,지프-승합지프,기능정비,엔진 부품,프론트 필러 트림(우측),교환,CAN-003175
union_standard_time,3549404,지프-승합지프,기능정비,엔진 부품,센터 필러 트림(우측),탈착,CAN-001314
union_standard_time,3549404,지프-승합지프,기능정비,엔진 부품,센터 필러 트림(우측),교환,CAN-001313
union_standard_time,3549406,지프-승합지프,기능정비,엔진 부품,리어 필러 트림(우측),탈착,CAN-000762
union_standard_time,3549406,지프-승합지프,기능정비,엔진 부품,리어 필러 트림(우측),교환,CAN-000761
union_standard_time,3549408,지프-승합지프,판금/도장정비,판금(탈부착),트렁크룸내 트림(우측),탈착,CAN-002763
union_standard_time,3549408,지프-승합지프,판금/도장정비,판금(탈부착),트렁크룸내 트림(우측),교환,CAN-002762
union_standard_time,3549414,지프-승합지프,판금/도장정비,판금(탈부착),쿼터트림(우측),탈착,CAN-002597
union_standard_time,3549414,지프-승합지프,판금/도장정비,판금(탈부착),쿼터트림(우측),교환,CAN-002596
union_standard_time,3558009,지프-승합지프,기능정비,엔진 부품,언더커버,탈착,CAN-001741
union_standard_time,3558009,지프-승합지프,기능정비,엔진 부품,언더커버,교환,CAN-001740
union_standard_time,3558024,지프-승합지프,기능정비,엔진 부품,바닥메트,탈착,CAN-000872
union_standard_time,3558024,지프-승합지프,기능정비,엔진 부품,바닥메트,교환,CAN-000871
union_standard_time,3568001,지프-승합지프,기능정비,엔진 부품,안테나,탈착,CAN-001673
union_standard_time,3568001,지프-승합지프,기능정비,엔진 부품,안테나,교환,CAN-001672
union_standard_time,3578101,지프-승합지프,기능정비,엔진 부품,앞유리(접착식),탈착,CAN-001717
union_standard_time,3578101,지프-승합지프,기능정비,엔진 부품,앞유리(접착식),교환,CAN-001716
union_standard_time,3578202,지프-승합지프,기능정비,엔진 부품,뒷유리(접착식),탈착,CAN-000258
union_standard_time,3578202,지프-승합지프,기능정비,엔진 부품,뒷유리(접착식),교환,CAN-000257
union_standard_time,3578309,지프-승합지프,기능정비,엔진 부품,뒤휀다고정유리(좌측),탈착,CAN-000240
union_standard_time,3578309,지프-승합지프,기능정비,엔진 부품,뒤휀다고정유리(좌측),교환,CAN-000239
union_standard_time,3578410,지프-승합지프,기능정비,엔진 부품,"뒤휀다고정유리(접착식,우)",탈착,CAN-000228
union_standard_time,3578410,지프-승합지프,기능정비,엔진 부품,"뒤휀다고정유리(접착식,우)",교환,CAN-000227
union_standard_time,3578503,지프-승합지프,판금/도장정비,판금(탈부착),"문짝사각유리(앞,좌)",탈착,CAN-000852
union_standard_time,3578503,지프-승합지프,판금/도장정비,판금(탈부착),"문짝사각유리(앞,좌)",교환,CAN-000851
union_standard_time,3578517,지프-승합지프,판금/도장정비,판금(탈부착),"문짝삼각유리(앞,좌)",탈착,CAN-000860
union_standard_time,3578517,지프-승합지프,판금/도장정비,판금(탈부착),"문짝삼각유리(앞,좌)",교환,CAN-000859
union_standard_time,3578604,지프-승합지프,판금/도장정비,판금(탈부착),"문짝사각유리(앞,우)",탈착,CAN-000850
union_standard_time,3578604,지프-승합지프,판금/도장정비,판금(탈부착),"문짝사각유리(앞,우)",교환,CAN-000849
union_standard_time,3578618,지프-승합지프,판금/도장정비,판금(탈부착),"문짝삼각유리(앞,우)",탈착,CAN-000858
union_standard_time,3578618,지프-승합지프,판금/도장정비,판금(탈부착),"문짝삼각유리(앞,우)",교환,CAN-000857
union_standard_time,3578705,지프-승합지프,판금/도장정비,판금(탈부착),"문짝사각유리(뒤,좌)",탈착,CAN-000848
union_standard_time,3578705,지프-승합지프,판금/도장정비,판금(탈부착),"문짝사각유리(뒤,좌)",교환,CAN-000847
union_standard_time,3578707,지프-승합지프,판금/도장정비,판금(탈부착),문짝삼각유리(뒤도어)(좌측),탈착,CAN-000856
union_standard_time,3578707,지프-승합지프,판금/도장정비,판금(탈부착),문짝삼각유리(뒤도어)(좌측),교환,CAN-000855
union_standard_time,3578806,지프-승합지프,판금/도장정비,판금(탈부착),"문짝사각유리(뒤,우)",탈착,CAN-000846
union_standard_time,3578806,지프-승합지프,판금/도장정비,판금(탈부착),"문짝사각유리(뒤,우)",교환,CAN-000845
union_standard_time,3578808,지프-승합지프,판금/도장정비,판금(탈부착),문짝삼각유리(뒤도어)(우측),탈착,CAN-000854
union_standard_time,3578808,지프-승합지프,판금/도장정비,판금(탈부착),문짝삼각유리(뒤도어)(우측),교환,CAN-000853
union_standard_time,5588006,지프-승합지프,기능정비,엔진 부품,엔진 ASSY,탈착,CAN-001913
union_standard_time,5588006,지프-승합지프,기능정비,엔진 부품,엔진 ASSY,교환,CAN-001911
union_standard_time,5588006,지프-승합지프,기능정비,엔진 부품,엔진 ASSY,오버홀,CAN-001912
union_standard_time,5588009,지프-승합지프,기능정비,엔진 부품,"엔진ASSY(가솔린,LPG)",탈착,CAN-001916
union_standard_time,5588009,지프-승합지프,기능정비,엔진 부품,"엔진ASSY(가솔린,LPG)",교환,CAN-001914
union_standard_time,5588009,지프-승합지프,기능정비,엔진 부품,"엔진ASSY(가솔린,LPG)",오버홀,CAN-001915
union_standard_time,5588010,지프-승합지프,기능정비,엔진 부품,엔진ASSY(디젤),탈착,CAN-001919
union_standard_time,5588010,지프-승합지프,기능정비,엔진 부품,엔진ASSY(디젤),교환,CAN-001917
union_standard_time,5588010,지프-승합지프,기능정비,엔진 부품,엔진ASSY(디젤),오버홀,CAN-001918
union_standard_time,5588016,지프-승합지프,기능정비,엔진 부품,"쇼트엔진(가솔린,LPG)",교환,CAN-001328
union_standard_time,5588016,지프-승합지프,기능정비,엔진 부품,"쇼트엔진(가솔린,LPG)",오버홀,CAN-001329
union_standard_time,5588017,지프-승합지프,기능정비,엔진 부품,쇼트엔진(디젤),교환,CAN-001330
union_standard_time,5588017,지프-승합지프,기능정비,엔진 부품,쇼트엔진(디젤),오버홀,CAN-001331
union_standard_time,5598003,지프-승합지프,기능정비,엔진 부품,실린더헤드(V형),오버홀,CAN-001569
union_standard_time,5598007,지프-승합지프,기능정비,엔진 부품,실린더헤드,오버홀,CAN-001572
union_standard_time,5598008,지프-승합지프,기능정비,엔진 부품,실린더헤드(가솔린),오버홀,CAN-001578
union_standard_time,5598009,지프-승합지프,기능정비,엔진 부품,실린더헤드(디젤),오버홀,CAN-001581
union_standard_time,5599015,지프-승합지프,기능정비,엔진 부품,엔진 마운틴 및 브라켓(앞),탈착,CAN-001970
union_standard_time,5599015,지프-승합지프,기능정비,엔진 부품,엔진 마운틴 및 브라켓(앞),교환,CAN-001969
union_standard_time,5599016,지프-승합지프,기능정비,엔진 부품,엔진 마운틴 및 브라켓(뒤),탈착,CAN-001958
union_standard_time,5599016,지프-승합지프,기능정비,엔진 부품,엔진 마운틴 및 브라켓(뒤),교환,CAN-001957
union_standard_time,5599311,지프-승합지프,기능정비,엔진 부품,엔진 마운틴 및 브라켓(좌측),탈착,CAN-001980
union_standard_time,5599311,지프-승합지프,기능정비,엔진 부품,엔진 마운틴 및 브라켓(좌측),교환,CAN-001979
union_standard_time,5599413,지프-승합지프,기능정비,엔진 부품,엔진 마운틴 및 브라켓(우측),탈착,CAN-001976
union_standard_time,5599413,지프-승합지프,기능정비,엔진 부품,엔진 마운틴 및 브라켓(우측),교환,CAN-001975
union_standard_time,5608001,지프-승합지프,기능정비,엔진 부품,타이밍커버,탈착,CAN-002673
union_standard_time,5608001,지프-승합지프,기능정비,엔진 부품,타이밍커버,교환,CAN-002672
union_standard_time,5608004,지프-승합지프,기능정비,엔진 부품,타이밍커버(V형엔진),탈착,CAN-002671
union_standard_time,5608004,지프-승합지프,기능정비,엔진 부품,타이밍커버(V형엔진),교환,CAN-002670
union_standard_time,5608006,지프-승합지프,기능정비,엔진 부품,타이밍 밸트,탈착,CAN-002651
union_standard_time,5608006,지프-승합지프,기능정비,엔진 부품,타이밍 밸트,교환,CAN-002650
union_standard_time,5618001,지프-승합지프,소모품 및 하체정비,소모품,에어크리너,탈착,CAN-001867
union_standard_time,5618001,지프-승합지프,소모품 및 하체정비,소모품,에어크리너,교환,CAN-001866
union_standard_time,5618010,지프-승합지프,기능정비,엔진 부품,드로틀바디,탈착,CAN-000262
union_standard_time,5618010,지프-승합지프,기능정비,엔진 부품,드로틀바디,교환,CAN-000261
union_standard_time,5618011,지프-승합지프,기능정비,엔진 부품,드로틀바디서보,탈착,CAN-000268
union_standard_time,5618011,지프-승합지프,기능정비,엔진 부품,드로틀바디서보,교환,CAN-000267
union_standard_time,5628002,지프-승합지프,기능정비,엔진 부품,인젝터NO1,탈착,CAN-002281
union_standard_time,5628002,지프-승합지프,기능정비,엔진 부품,인젝터NO1,교환,CAN-002280
union_standard_time,5628003,지프-승합지프,기능정비,전기 및 램프,인젝터NO2,탈착,CAN-002283
union_standard_time,5628003,지프-승합지프,기능정비,전기 및 램프,인젝터NO2,교환,CAN-002282
union_standard_time,5628004,지프-승합지프,기능정비,엔진 부품,인젝터NO3,탈착,CAN-002285
union_standard_time,5628004,지프-승합지프,기능정비,엔진 부품,인젝터NO3,교환,CAN-002284
union_standard_time,5628005,지프-승합지프,기능정비,엔진 부품,인젝터NO4,탈착,CAN-002287
union_standard_time,5628005,지프-승합지프,기능정비,엔진 부품,인젝터NO4,교환,CAN-002286
union_standard_time,5628006,지프-승합지프,기능정비,엔진 부품,인젝터NO5,탈착,CAN-002289
union_standard_time,5628006,지프-승합지프,기능정비,엔진 부품,인젝터NO5,교환,CAN-002288
union_standard_time,5628007,지프-승합지프,기능정비,엔진 부품,인젝터NO6,탈착,CAN-002291
union_standard_time,5628007,지프-승합지프,기능정비,엔진 부품,인젝터NO6,교환,CAN-002290
union_standard_time,5628008,지프-승합지프,기능정비,엔진 부품,인젝터NO7,탈착,CAN-002293
union_standard_time,5628008,지프-승합지프,기능정비,엔진 부품,인젝터NO7,교환,CAN-002292
union_standard_time,5628009,지프-승합지프,기능정비,엔진 부품,인젝터NO8,탈착,CAN-002295
union_standard_time,5628009,지프-승합지프,기능정비,엔진 부품,인젝터NO8,교환,CAN-002294
union_standard_time,5628010,지프-승합지프,기능정비,엔진 부품,인젝션 노즐 NO.1,탈착,CAN-002261
union_standard_time,5628010,지프-승합지프,기능정비,엔진 부품,인젝션 노즐 NO.1,교환,CAN-002260
union_standard_time,5628011,지프-승합지프,기능정비,엔진 부품,인젝션 노즐 NO.2,탈착,CAN-002263
union_standard_time,5628011,지프-승합지프,기능정비,엔진 부품,인젝션 노즐 NO.2,교환,CAN-002262
union_standard_time,5628012,지프-승합지프,기능정비,엔진 부품,인젝션 노즐 NO.3,탈착,CAN-002265
union_standard_time,5628012,지프-승합지프,기능정비,엔진 부품,인젝션 노즐 NO.3,교환,CAN-002264
union_standard_time,5628013,지프-승합지프,기능정비,엔진 부품,인젝션 노즐 NO.4,탈착,CAN-002267
union_standard_time,5628013,지프-승합지프,기능정비,엔진 부품,인젝션 노즐 NO.4,교환,CAN-002266
union_standard_time,5628014,지프-승합지프,기능정비,엔진 부품,인젝션 노즐 NO.5,탈착,CAN-002269
union_standard_time,5628014,지프-승합지프,기능정비,엔진 부품,인젝션 노즐 NO.5,교환,CAN-002268
union_standard_time,5628015,지프-승합지프,기능정비,엔진 부품,인젝션 노즐 NO.6,탈착,CAN-002271
union_standard_time,5628015,지프-승합지프,기능정비,엔진 부품,인젝션 노즐 NO.6,교환,CAN-002270
union_standard_time,5638001,지프-승합지프,소모품 및 하체정비,오일류,엔진 오일팬,탈착,CAN-001993
union_standard_time,5638001,지프-승합지프,소모품 및 하체정비,오일류,엔진 오일팬,교환,CAN-001992
union_standard_time,5638006,지프-승합지프,소모품 및 하체정비,오일류,엔진오일 펌프,탈착,CAN-001999
union_standard_time,5638006,지프-승합지프,소모품 및 하체정비,오일류,엔진오일 펌프,교환,CAN-001998
union_standard_time,5638009,지프-승합지프,기능정비,엔진 부품,워터펌프,탈착,CAN-002230
union_standard_time,5638009,지프-승합지프,기능정비,엔진 부품,워터펌프,교환,CAN-002229
union_standard_time,5638019,지프-승합지프,소모품 및 하체정비,하체 부품,파워스티어링 펌프,탈착,CAN-002852
union_standard_time,5638019,지프-승합지프,소모품 및 하체정비,하체 부품,파워스티어링 펌프,교환,CAN-002851
union_standard_time,5648001,지프-승합지프,기능정비,엔진 부품,흡기매니홀드,탈착,CAN-003434
union_standard_time,5648001,지프-승합지프,기능정비,엔진 부품,흡기매니홀드,교환,CAN-003433
union_standard_time,5648004,지프-승합지프,기능정비,엔진 부품,흡기매니홀드(V형),탈착,CAN-003430
union_standard_time,5648004,지프-승합지프,기능정비,엔진 부품,흡기매니홀드(V형),교환,CAN-003429
union_standard_time,5648006,지프-승합지프,기능정비,엔진 부품,배기매니홀드,탈착,CAN-000903
union_standard_time,5648006,지프-승합지프,기능정비,엔진 부품,배기매니홀드,교환,CAN-000902
union_standard_time,5648009,지프-승합지프,기능정비,엔진 부품,배기매니홀드(V형),탈착,CAN-000899
union_standard_time,5648009,지프-승합지프,기능정비,엔진 부품,배기매니홀드(V형),교환,CAN-000898
union_standard_time,5658003,지프-승합지프,기능정비,엔진 부품,배가파이프1번(프론트),탈착,CAN-000889
union_standard_time,5658003,지프-승합지프,기능정비,엔진 부품,배가파이프1번(프론트),교환,CAN-000888
union_standard_time,5658008,지프-승합지프,기능정비,엔진 부품,배기파이프2번(미들),탈착,CAN-000933
union_standard_time,5658008,지프-승합지프,기능정비,엔진 부품,배기파이프2번(미들),교환,CAN-000932
union_standard_time,5658010,지프-승합지프,기능정비,엔진 부품,배기파이프3번(머플러),탈착,CAN-000939
union_standard_time,5658010,지프-승합지프,기능정비,엔진 부품,배기파이프3번(머플러),교환,CAN-000938
union_standard_time,5658012,지프-승합지프,기능정비,엔진 부품,테일파이프,탈착,CAN-002718
union_standard_time,5658012,지프-승합지프,기능정비,엔진 부품,테일파이프,교환,CAN-002717
union_standard_time,5668001,지프-승합지프,기능정비,엔진 부품,연료탱크,탈착,CAN-002034
union_standard_time,5668001,지프-승합지프,기능정비,엔진 부품,연료탱크,교환,CAN-002032
union_standard_time,5668001,지프-승합지프,기능정비,엔진 부품,연료탱크,오버홀,CAN-002033
union_standard_time,5668003,지프-승합지프,기능정비,엔진 부품,인젝션(연료)펌프,탈착,CAN-002274
union_standard_time,5668003,지프-승합지프,기능정비,엔진 부품,인젝션(연료)펌프,교환,CAN-002272
union_standard_time,5668003,지프-승합지프,기능정비,엔진 부품,인젝션(연료)펌프,오버홀,CAN-002273
union_standard_time,5668016,지프-승합지프,기능정비,엔진 부품,LPG봄베,탈착,CAN-000082
union_standard_time,5668016,지프-승합지프,기능정비,엔진 부품,LPG봄베,교환,CAN-000081
union_standard_time,5668017,지프-승합지프,기능정비,엔진 부품,LPG 믹서,탈착,CAN-000080
union_standard_time,5668017,지프-승합지프,기능정비,엔진 부품,LPG 믹서,교환,CAN-000079
union_standard_time,5668018,지프-승합지프,기능정비,엔진 부품,베이퍼라이져,탈착,CAN-001031
union_standard_time,5668018,지프-승합지프,기능정비,엔진 부품,베이퍼라이져,교환,CAN-001030
union_standard_time,5678001,지프-승합지프,소모품 및 하체정비,오일류,오일쿨러,탈착,CAN-002162
union_standard_time,5678001,지프-승합지프,소모품 및 하체정비,오일류,오일쿨러,교환,CAN-002161
union_standard_time,5678002,지프-승합지프,소모품 및 하체정비,브레이크/타이어,오일쿨러 및 휠터바디,탈착,CAN-002166
union_standard_time,5678002,지프-승합지프,소모품 및 하체정비,브레이크/타이어,오일쿨러 및 휠터바디,교환,CAN-002165
union_standard_time,5678005,지프-승합지프,기능정비,엔진 부품,터보챠져(과급기),탈착,CAN-002705
union_standard_time,5678005,지프-승합지프,기능정비,엔진 부품,터보챠져(과급기),교환,CAN-002704
union_standard_time,5678006,지프-승합지프,기능정비,엔진 부품,인터쿨러,탈착,CAN-002299
union_standard_time,5678006,지프-승합지프,기능정비,엔진 부품,인터쿨러,교환,CAN-002298
union_standard_time,7688001,지프-승합지프,기능정비,엔진 부품,트랜스미션(M/T),탈착,CAN-002732
union_standard_time,7688001,지프-승합지프,기능정비,엔진 부품,트랜스미션(M/T),교환,CAN-002730
union_standard_time,7688001,지프-승합지프,기능정비,엔진 부품,트랜스미션(M/T),오버홀,CAN-002731
union_standard_time,7688002,지프-승합지프,기능정비,엔진 부품,트랜스미션(A/T),탈착,CAN-002725
union_standard_time,7688002,지프-승합지프,기능정비,엔진 부품,트랜스미션(A/T),교환,CAN-002723
union_standard_time,7688002,지프-승합지프,기능정비,엔진 부품,트랜스미션(A/T),오버홀,CAN-002724
union_standard_time,7688014,지프-승합지프,기능정비,엔진 부품,트랜스퍼ASSY,탈착,CAN-002749
union_standard_time,7688014,지프-승합지프,기능정비,엔진 부품,트랜스퍼ASSY,교환,CAN-002747
union_standard_time,7688014,지프-승합지프,기능정비,엔진 부품,트랜스퍼ASSY,오버홀,CAN-002748
union_standard_time,7689017,지프-승합지프,기능정비,엔진 부품,체인지레버(M/T),탈착,CAN-002427
union_standard_time,7689017,지프-승합지프,기능정비,엔진 부품,체인지레버(M/T),교환,CAN-002426
union_standard_time,7689018,지프-승합지프,기능정비,엔진 부품,체인지레버(A/T),탈착,CAN-002425
union_standard_time,7689018,지프-승합지프,기능정비,엔진 부품,체인지레버(A/T),교환,CAN-002424
union_standard_time,7698006,지프-승합지프,기능정비,엔진 부품,프로펠라샤프트(앞),탈착,CAN-002932
union_standard_time,7698006,지프-승합지프,기능정비,엔진 부품,프로펠라샤프트(앞),교환,CAN-002931
union_standard_time,7698007,지프-승합지프,기능정비,엔진 부품,프로펠라샤프트(뒤),탈착,CAN-002930
union_standard_time,7698007,지프-승합지프,기능정비,엔진 부품,프로펠라샤프트(뒤),교환,CAN-002929
union_standard_time,7698014,지프-승합지프,기능정비,엔진 부품,프론트 액슬,탈착,CAN-003103
union_standard_time,7698014,지프-승합지프,기능정비,엔진 부품,프론트 액슬,교환,CAN-003101
union_standard_time,7698014,지프-승합지프,기능정비,엔진 부품,프론트 액슬,오버홀,CAN-003102
union_standard_time,7698310,지프-승합지프,소모품 및 하체정비,하체 부품,프론트 서스펜션ASSY(좌측),탈착,CAN-003068
union_standard_time,7698310,지프-승합지프,소모품 및 하체정비,하체 부품,프론트 서스펜션ASSY(좌측),교환,CAN-003066
union_standard_time,7698310,지프-승합지프,소모품 및 하체정비,하체 부품,프론트 서스펜션ASSY(좌측),오버홀,CAN-003067
union_standard_time,7698411,지프-승합지프,소모품 및 하체정비,하체 부품,프론트 서스펜션ASSY(우측),탈착,CAN-003065
union_standard_time,7698411,지프-승합지프,소모품 및 하체정비,하체 부품,프론트 서스펜션ASSY(우측),교환,CAN-003063
union_standard_time,7698411,지프-승합지프,소모품 및 하체정비,하체 부품,프론트 서스펜션ASSY(우측),오버홀,CAN-003064
union_standard_time,7718021,지프-승합지프,기능정비,엔진 부품,리어 액슬 ASSY,탈착,CAN-000681
union_standard_time,7718021,지프-승합지프,기능정비,엔진 부품,리어 액슬 ASSY,교환,CAN-000679
union_standard_time,7718021,지프-승합지프,기능정비,엔진 부품,리어 액슬 ASSY,오버홀,CAN-000680
union_standard_time,7718032,지프-승합지프,소모품 및 하체정비,하체 부품,리어 서스펜션 크로스멤버,탈착,CAN-000613
union_standard_time,7718032,지프-승합지프,소모품 및 하체정비,하체 부품,리어 서스펜션 크로스멤버,교환,CAN-000611
union_standard_time,7728005,지프-승합지프,기능정비,엔진 부품,디퍼런셜 기어,오버홀,CAN-000293
union_standard_time,7728027,지프-승합지프,소모품 및 하체정비,하체 부품,스티어링 컬럼ASSY,탈착,CAN-001401
union_standard_time,7728027,지프-승합지프,소모품 및 하체정비,하체 부품,스티어링 컬럼ASSY,교환,CAN-001400
union_standard_time,7728031,지프-승합지프,소모품 및 하체정비,하체 부품,파워스티어링기어,탈착,CAN-002834
union_standard_time,7728031,지프-승합지프,소모품 및 하체정비,하체 부품,파워스티어링기어,교환,CAN-002833
union_standard_time,7728035,지프-승합지프,소모품 및 하체정비,하체 부품,스티어링 링케이지,탈착,CAN-001387
union_standard_time,7728035,지프-승합지프,소모품 및 하체정비,하체 부품,스티어링 링케이지,교환,CAN-001386
union_standard_time,7728045,지프-승합지프,기능정비,전기 및 램프,ABS 하이드로릭 유니트,탈착,CAN-000010
union_standard_time,7728045,지프-승합지프,기능정비,전기 및 램프,ABS 하이드로릭 유니트,교환,CAN-000009
union_standard_time,7728051,지프-승합지프,소모품 및 하체정비,브레이크/타이어,브레이크부스터&마스터 실린더,탈착,CAN-001085
union_standard_time,7728051,지프-승합지프,소모품 및 하체정비,브레이크/타이어,브레이크부스터&마스터 실린더,교환,CAN-001084
union_standard_time,7728059,지프-승합지프,소모품 및 하체정비,브레이크/타이어,클러치 및 브레이크패달 브라켓,탈착,CAN-002631
union_standard_time,7728059,지프-승합지프,소모품 및 하체정비,브레이크/타이어,클러치 및 브레이크패달 브라켓,교환,CAN-002630
union_standard_time,7728066,지프-승합지프,기능정비,엔진 부품,클러치마스터 실린더,탈착,CAN-002627
union_standard_time,7728066,지프-승합지프,기능정비,엔진 부품,클러치마스터 실린더,교환,CAN-002626
union_standard_time,7728508,지프-승합지프,소모품 및 하체정비,브레이크/타이어,"타이어(앞,좌)",교환,CAN-002694
union_standard_time,7728609,지프-승합지프,소모품 및 하체정비,브레이크/타이어,"타이어(앞,우)",교환,CAN-002693
union_standard_time,7728710,지프-승합지프,소모품 및 하체정비,브레이크/타이어,"타이어(뒤,좌)",교환,CAN-002691
union_standard_time,7728811,지프-승합지프,소모품 및 하체정비,브레이크/타이어,"타이어(뒤,우)",교환,CAN-002690
union_standard_time,7729026,지프-승합지프,소모품 및 하체정비,하체 부품,스티어링 휠,탈착,CAN-001407
union_standard_time,7729026,지프-승합지프,소모품 및 하체정비,하체 부품,스티어링 휠,교환,CAN-001406
union_standard_time,7729060,지프-승합지프,소모품 및 하체정비,브레이크/타이어,사이드 브레이크(핸드식),탈착,CAN-001173
union_standard_time,7729060,지프-승합지프,소모품 및 하체정비,브레이크/타이어,사이드 브레이크(핸드식),교환,CAN-001172
union_standard_time,7729546,지프-승합지프,기능정비,전기 및 램프,"ABS 센서(앞,좌)",탈착,CAN-000008
union_standard_time,7729546,지프-승합지프,기능정비,전기 및 램프,"ABS 센서(앞,좌)",교환,CAN-000007
union_standard_time,7729647,지프-승합지프,기능정비,전기 및 램프,"ABS 센서(앞,우)",탈착,CAN-000006
union_standard_time,7729647,지프-승합지프,기능정비,전기 및 램프,"ABS 센서(앞,우)",교환,CAN-000005
union_standard_time,7729748,지프-승합지프,기능정비,전기 및 램프,"ABS 센서(뒤,좌)",탈착,CAN-000004
union_standard_time,7729748,지프-승합지프,기능정비,전기 및 램프,"ABS 센서(뒤,좌)",교환,CAN-000003
union_standard_time,7729849,지프-승합지프,기능정비,전기 및 램프,"ABS 센서(뒤,우)",탈착,CAN-000002
union_standard_time,7729849,지프-승합지프,기능정비,전기 및 램프,"ABS 센서(뒤,우)",교환,CAN-000001
union_standard_time,7738003,지프-승합지프,소모품 및 하체정비,브레이크/타이어,휠 얼라인먼트(전자식),조정,CAN-003401
union_standard_time,7738004,지프-승합지프,소모품 및 하체정비,브레이크/타이어,휠 얼라인먼트(기계식),조정,CAN-003399
union_standard_time,1018101,화물-경형화물,판금/도장정비,판금(탈부착),프론트 범퍼,탈착,CAN-002997
union_standard_time,1018101,화물-경형화물,판금/도장정비,판금(탈부착),프론트 범퍼,교환,CAN-002995
union_standard_time,1018101,화물-경형화물,판금/도장정비,판금(탈부착),프론트 범퍼,오버홀,CAN-002996
union_standard_time,1028101,화물-경형화물,기능정비,엔진 부품,라디에이터그릴,탈착,CAN-000320
union_standard_time,1028101,화물-경형화물,기능정비,엔진 부품,라디에이터그릴,교환,CAN-000318
union_standard_time,1048101,화물-경형화물,판금/도장정비,판금(탈부착),프론트 패널 ASSY,교환,CAN-003128
union_standard_time,1048125,화물-경형화물,판금/도장정비,판금(탈부착),앞패널 로워크로스멤버,교환,CAN-001727
union_standard_time,1058301,화물-경형화물,기능정비,전기 및 램프,헤드램프(좌측),탈착,CAN-003301
union_standard_time,1058301,화물-경형화물,기능정비,전기 및 램프,헤드램프(좌측),교환,CAN-003300
union_standard_time,1058320,화물-경형화물,기능정비,전기 및 램프,시그널램프(좌측),탈착,CAN-001503
union_standard_time,1058320,화물-경형화물,기능정비,전기 및 램프,시그널램프(좌측),교환,CAN-001502
union_standard_time,1058402,화물-경형화물,기능정비,전기 및 램프,헤드램프(우측),탈착,CAN-003299
union_standard_time,1058402,화물-경형화물,기능정비,전기 및 램프,헤드램프(우측),교환,CAN-003298
union_standard_time,1058421,화물-경형화물,기능정비,전기 및 램프,시그널램프(우측),탈착,CAN-001501
union_standard_time,1058421,화물-경형화물,기능정비,전기 및 램프,시그널램프(우측),교환,CAN-001500
union_standard_time,1059326,화물-경형화물,기능정비,전기 및 램프,포그램프(좌측),탈착,CAN-002911
union_standard_time,1059326,화물-경형화물,기능정비,전기 및 램프,포그램프(좌측),교환,CAN-002910
union_standard_time,1059427,화물-경형화물,기능정비,전기 및 램프,포그램프(우측),탈착,CAN-002909
union_standard_time,1059427,화물-경형화물,기능정비,전기 및 램프,포그램프(우측),교환,CAN-002908
union_standard_time,1088304,화물-경형화물,판금/도장정비,판금(탈부착),앞도어필러(좌측),교환,CAN-001691
union_standard_time,1088307,화물-경형화물,기능정비,엔진 부품,윈도우 필러(좌측),교환,CAN-002239
union_standard_time,1088413,화물-경형화물,판금/도장정비,판금(탈부착),앞도어필러(우측),교환,CAN-001689
union_standard_time,1088416,화물-경형화물,기능정비,엔진 부품,윈도우 필러(우측),교환,CAN-002237
union_standard_time,1128311,화물-경형화물,판금/도장정비,판금(탈부착),"앞도어(좌,화물)",탈착,CAN-001687
union_standard_time,1128311,화물-경형화물,판금/도장정비,판금(탈부착),"앞도어(좌,화물)",교환,CAN-001685
union_standard_time,1128311,화물-경형화물,판금/도장정비,판금(탈부착),"앞도어(좌,화물)",오버홀,CAN-001686
union_standard_time,1128312,화물-경형화물,판금/도장정비,판금(탈부착),"앞도어(좌,전동,화물)",탈착,CAN-001684
union_standard_time,1128312,화물-경형화물,판금/도장정비,판금(탈부착),"앞도어(좌,전동,화물)",교환,CAN-001682
union_standard_time,1128312,화물-경형화물,판금/도장정비,판금(탈부착),"앞도어(좌,전동,화물)",오버홀,CAN-001683
union_standard_time,1128314,화물-경형화물,판금/도장정비,판금(탈부착),"앞도어(우,전동,화물)",탈착,CAN-001678
union_standard_time,1128314,화물-경형화물,판금/도장정비,판금(탈부착),"앞도어(우,전동,화물)",교환,CAN-001676
union_standard_time,1128314,화물-경형화물,판금/도장정비,판금(탈부착),"앞도어(우,전동,화물)",오버홀,CAN-001677
union_standard_time,1128413,화물-경형화물,판금/도장정비,판금(탈부착),"앞도어(우,화물)",탈착,CAN-001681
union_standard_time,1128413,화물-경형화물,판금/도장정비,판금(탈부착),"앞도어(우,화물)",교환,CAN-001679
union_standard_time,1128413,화물-경형화물,판금/도장정비,판금(탈부착),"앞도어(우,화물)",오버홀,CAN-001680
union_standard_time,1169301,화물-경형화물,기능정비,엔진 부품,사이드 미러(좌측),탈착,CAN-001156
union_standard_time,1169301,화물-경형화물,기능정비,엔진 부품,사이드 미러(좌측),교환,CAN-001154
union_standard_time,1169404,화물-경형화물,기능정비,엔진 부품,사이드 미러(우측),탈착,CAN-001144
union_standard_time,1169404,화물-경형화물,기능정비,엔진 부품,사이드 미러(우측),교환,CAN-001142
union_standard_time,1198301,화물-경형화물,기능정비,엔진 부품,사이드씰(좌측),교환,CAN-001217
union_standard_time,1198405,화물-경형화물,기능정비,엔진 부품,사이드씰(우측),교환,CAN-001216
union_standard_time,1218001,화물-경형화물,판금/도장정비,판금(탈부착),루프패널,교환,CAN-000458
union_standard_time,1219028,화물-경형화물,판금/도장정비,판금(탈부착),루프 톱실링(화물),탈착,CAN-000447
union_standard_time,1219028,화물-경형화물,판금/도장정비,판금(탈부착),루프 톱실링(화물),교환,CAN-000446
union_standard_time,1268301,화물-경형화물,기능정비,전기 및 램프,리어 컴비네이션램프(좌측),탈착,CAN-000720
union_standard_time,1268301,화물-경형화물,기능정비,전기 및 램프,리어 컴비네이션램프(좌측),교환,CAN-000719
union_standard_time,1268314,화물-경형화물,판금/도장정비,판금(탈부착),컴비램프 브라켓패널(좌측),탈착,CAN-002543
union_standard_time,1268314,화물-경형화물,판금/도장정비,판금(탈부착),컴비램프 브라켓패널(좌측),교환,CAN-002542
union_standard_time,1268402,화물-경형화물,기능정비,전기 및 램프,리어 컴비네이션램프(우측),탈착,CAN-000718
union_standard_time,1268402,화물-경형화물,기능정비,전기 및 램프,리어 컴비네이션램프(우측),교환,CAN-000717
union_standard_time,1268415,화물-경형화물,판금/도장정비,판금(탈부착),컴비램프 브라켓패널(우측),탈착,CAN-002541
union_standard_time,1268415,화물-경형화물,판금/도장정비,판금(탈부착),컴비램프 브라켓패널(우측),교환,CAN-002540
union_standard_time,1348301,화물-경형화물,판금/도장정비,판금(탈부착),도어 리어필러(좌측),교환,CAN-000165
union_standard_time,1348406,화물-경형화물,판금/도장정비,판금(탈부착),도어 리어필러(우측),교환,CAN-000161
union_standard_time,1428004,화물-경형화물,판금/도장정비,판금(탈부착),운전대 바닥패널(앞),교환,CAN-002201
union_standard_time,1448001,화물-경형화물,판금/도장정비,판금(탈부착),운전대 백패널,교환,CAN-002202
union_standard_time,1448007,화물-경형화물,기능정비,엔진 부품,캐빈(운전대)온리,탈착,CAN-002489
union_standard_time,1448007,화물-경형화물,기능정비,엔진 부품,캐빈(운전대)온리,교환,CAN-002488
union_standard_time,1448009,화물-경형화물,기능정비,엔진 부품,캐빈(운전대)컴플리트,탈착,CAN-002493
union_standard_time,1448009,화물-경형화물,기능정비,엔진 부품,캐빈(운전대)컴플리트,교환,CAN-002492
union_standard_time,1458201,화물-경형화물,기능정비,엔진 부품,적재함,탈착,CAN-002307
union_standard_time,1458201,화물-경형화물,기능정비,엔진 부품,적재함,교환,CAN-002306
union_standard_time,1458202,화물-경형화물,기능정비,엔진 부품,탑,탈착,CAN-002698
union_standard_time,1458202,화물-경형화물,기능정비,엔진 부품,탑,교환,CAN-002697
union_standard_time,1458204,화물-경형화물,기능정비,엔진 부품,로드레스트,탈착,CAN-000381
union_standard_time,1458204,화물-경형화물,기능정비,엔진 부품,로드레스트,교환,CAN-000380
union_standard_time,1458209,화물-경형화물,기능정비,엔진 부품,적재함 뒷문,탈착,CAN-002311
union_standard_time,1458209,화물-경형화물,기능정비,엔진 부품,적재함 뒷문,교환,CAN-002310
union_standard_time,1458213,화물-경형화물,기능정비,엔진 부품,적재함 스텝 ASSY,탈착,CAN-002317
union_standard_time,1458213,화물-경형화물,기능정비,엔진 부품,적재함 스텝 ASSY,교환,CAN-002316
union_standard_time,1458305,화물-경형화물,기능정비,엔진 부품,적재함 옆문(좌측),탈착,CAN-002321
union_standard_time,1458305,화물-경형화물,기능정비,엔진 부품,적재함 옆문(좌측),교환,CAN-002320
union_standard_time,1458407,화물-경형화물,기능정비,엔진 부품,적재함 옆문(우측),탈착,CAN-002319
union_standard_time,1458407,화물-경형화물,기능정비,엔진 부품,적재함 옆문(우측),교환,CAN-002318
union_standard_time,1468205,화물-경형화물,소모품 및 하체정비,브레이크/타이어,스페어타이어 캐리어,탈착,CAN-001420
union_standard_time,1468205,화물-경형화물,소모품 및 하체정비,브레이크/타이어,스페어타이어 캐리어,교환,CAN-001419
union_standard_time,1468301,화물-경형화물,소모품 및 하체정비,브레이크/타이어,"휠하우스(화물,좌)",탈착,CAN-003424
union_standard_time,1468301,화물-경형화물,소모품 및 하체정비,브레이크/타이어,"휠하우스(화물,좌)",교환,CAN-003423
union_standard_time,1468402,화물-경형화물,소모품 및 하체정비,브레이크/타이어,"휠하우스(화물,우)",탈착,CAN-003422
union_standard_time,1468402,화물-경형화물,소모품 및 하체정비,브레이크/타이어,"휠하우스(화물,우)",교환,CAN-003421
union_standard_time,1469513,화물-경형화물,기능정비,엔진 부품,머드가드(앞좌),탈착,CAN-000829
union_standard_time,1469513,화물-경형화물,기능정비,엔진 부품,머드가드(앞좌),교환,CAN-000828
union_standard_time,1469614,화물-경형화물,기능정비,엔진 부품,머드가드(앞우),탈착,CAN-000827
union_standard_time,1469614,화물-경형화물,기능정비,엔진 부품,머드가드(앞우),교환,CAN-000826
union_standard_time,1469715,화물-경형화물,기능정비,엔진 부품,머드가드(뒤좌),탈착,CAN-000825
union_standard_time,1469715,화물-경형화물,기능정비,엔진 부품,머드가드(뒤좌),교환,CAN-000824
union_standard_time,1469816,화물-경형화물,기능정비,엔진 부품,머드가드(뒤우),탈착,CAN-000823
union_standard_time,1469816,화물-경형화물,기능정비,엔진 부품,머드가드(뒤우),교환,CAN-000822
union_standard_time,3478001,화물-경형화물,소모품 및 하체정비,브레이크/타이어,크러시패드,탈착,CAN-002613
union_standard_time,3478001,화물-경형화물,소모품 및 하체정비,브레이크/타이어,크러시패드,교환,CAN-002612
union_standard_time,3478009,화물-경형화물,기능정비,엔진 부품,콘솔박스,탈착,CAN-002570
union_standard_time,3478009,화물-경형화물,기능정비,엔진 부품,콘솔박스,교환,CAN-002569
union_standard_time,3478020,화물-경형화물,기능정비,에어컨,히터모터(분리식),탈착,CAN-003442
union_standard_time,3478020,화물-경형화물,기능정비,에어컨,히터모터(분리식),교환,CAN-003441
union_standard_time,3478024,화물-경형화물,기능정비,에어컨,에어컨 에바포레이터(화물),탈착,CAN-001819
union_standard_time,3478024,화물-경형화물,기능정비,에어컨,에어컨 에바포레이터(화물),교환,CAN-001818
union_standard_time,3478402,화물-경형화물,기능정비,엔진 부품,프론트 시트(우측),탈착,CAN-003090
union_standard_time,3478402,화물-경형화물,기능정비,엔진 부품,프론트 시트(우측),교환,CAN-003089
union_standard_time,3479019,화물-경형화물,기능정비,에어컨,히터 유니트,탈착,CAN-003452
union_standard_time,3479019,화물-경형화물,기능정비,에어컨,히터 유니트,교환,CAN-003451
union_standard_time,3488301,화물-경형화물,기능정비,엔진 부품,프론트 시트(좌측),탈착,CAN-003100
union_standard_time,3488301,화물-경형화물,기능정비,엔진 부품,프론트 시트(좌측),교환,CAN-003099
union_standard_time,3488329,화물-경형화물,기능정비,엔진 부품,시트기어(좌측),탈착,CAN-001519
union_standard_time,3488329,화물-경형화물,기능정비,엔진 부품,시트기어(좌측),교환,CAN-001518
union_standard_time,3488430,화물-경형화물,기능정비,엔진 부품,시트기어(우측),탈착,CAN-001517
union_standard_time,3488430,화물-경형화물,기능정비,엔진 부품,시트기어(우측),교환,CAN-001516
union_standard_time,3499017,화물-경형화물,기능정비,엔진 부품,안전밸트(2점식)NO.1,탈착,CAN-001619
union_standard_time,3499017,화물-경형화물,기능정비,엔진 부품,안전밸트(2점식)NO.1,교환,CAN-001618
union_standard_time,3499018,화물-경형화물,기능정비,엔진 부품,안전밸트(2점식)NO.2,탈착,CAN-001621
union_standard_time,3499018,화물-경형화물,기능정비,엔진 부품,안전밸트(2점식)NO.2,교환,CAN-001620
union_standard_time,3499019,화물-경형화물,기능정비,엔진 부품,안전밸트(2점식)NO.3,탈착,CAN-001623
union_standard_time,3499019,화물-경형화물,기능정비,엔진 부품,안전밸트(2점식)NO.3,교환,CAN-001622
union_standard_time,3499501,화물-경형화물,기능정비,엔진 부품,"안전벨트(앞,좌)",탈착,CAN-001665
union_standard_time,3499501,화물-경형화물,기능정비,엔진 부품,"안전벨트(앞,좌)",교환,CAN-001664
union_standard_time,3499604,화물-경형화물,기능정비,엔진 부품,"안전벨트(앞,우)",탈착,CAN-001661
union_standard_time,3499604,화물-경형화물,기능정비,엔진 부품,"안전벨트(앞,우)",교환,CAN-001660
union_standard_time,3508001,화물-경형화물,기능정비,엔진 부품,키셋트,탈착,CAN-002641
union_standard_time,3508001,화물-경형화물,기능정비,엔진 부품,키셋트,교환,CAN-002640
union_standard_time,3508003,화물-경형화물,기능정비,전기 및 램프,앞배선,탈착,CAN-001694
union_standard_time,3508003,화물-경형화물,기능정비,전기 및 램프,앞배선,교환,CAN-001693
union_standard_time,3508004,화물-경형화물,기능정비,전기 및 램프,크러쉬패드 배선,탈착,CAN-002611
union_standard_time,3508004,화물-경형화물,기능정비,전기 및 램프,크러쉬패드 배선,교환,CAN-002610
union_standard_time,3508006,화물-경형화물,기능정비,전기 및 램프,엔진룸배선,탈착,CAN-001923
union_standard_time,3508006,화물-경형화물,기능정비,전기 및 램프,엔진룸배선,교환,CAN-001922
union_standard_time,3508011,화물-경형화물,기능정비,전기 및 램프,뒷배선,탈착,CAN-000252
union_standard_time,3508011,화물-경형화물,기능정비,전기 및 램프,뒷배선,교환,CAN-000251
union_standard_time,3508020,화물-경형화물,기능정비,엔진 부품,와이퍼 모터 및 링케이지,탈착,CAN-002192
union_standard_time,3508020,화물-경형화물,기능정비,엔진 부품,와이퍼 모터 및 링케이지,교환,CAN-002191
union_standard_time,3508024,화물-경형화물,소모품 및 하체정비,소모품,밧데리,탈착,CAN-000878
union_standard_time,3508024,화물-경형화물,소모품 및 하체정비,소모품,밧데리,교환,CAN-000877
union_standard_time,3509019,화물-경형화물,기능정비,전기 및 램프,컴비네이션 스위치,탈착,CAN-002519
union_standard_time,3509019,화물-경형화물,기능정비,전기 및 램프,컴비네이션 스위치,교환,CAN-002518
union_standard_time,3518001,화물-경형화물,기능정비,에어컨,에어컨 컨덴샤,탈착,CAN-001823
union_standard_time,3518001,화물-경형화물,기능정비,에어컨,에어컨 컨덴샤,교환,CAN-001822
union_standard_time,3518013,화물-경형화물,기능정비,에어컨,에어컨 컴프레샤,탈착,CAN-001825
union_standard_time,3518013,화물-경형화물,기능정비,에어컨,에어컨 컴프레샤,교환,CAN-001824
union_standard_time,3518016,화물-경형화물,기능정비,엔진 부품,라디에이터,탈착,CAN-000315
union_standard_time,3518016,화물-경형화물,기능정비,엔진 부품,라디에이터,교환,CAN-000314
union_standard_time,3518029,화물-경형화물,기능정비,엔진 부품,라디에이터 리저브탱크,탈착,CAN-000336
union_standard_time,3518029,화물-경형화물,기능정비,엔진 부품,라디에이터 리저브탱크,교환,CAN-000335
union_standard_time,3518030,화물-경형화물,기능정비,전기 및 램프,와셔탱크(앞),탈착,CAN-002186
union_standard_time,3518030,화물-경형화물,기능정비,전기 및 램프,와셔탱크(앞),교환,CAN-002185
union_standard_time,3518032,화물-경형화물,기능정비,엔진 부품,알터네이터,탈착,CAN-001675
union_standard_time,3518032,화물-경형화물,기능정비,엔진 부품,알터네이터,교환,CAN-001674
union_standard_time,3518033,화물-경형화물,기능정비,엔진 부품,스타팅모터,탈착,CAN-001360
union_standard_time,3518033,화물-경형화물,기능정비,엔진 부품,스타팅모터,교환,CAN-001359
union_standard_time,3518034,화물-경형화물,기능정비,엔진 부품,디스트리뷰터,탈착,CAN-000291
union_standard_time,3518034,화물-경형화물,기능정비,엔진 부품,디스트리뷰터,교환,CAN-000290
union_standard_time,3519003,화물-경형화물,기능정비,에어컨,에어컨 파이프 NO.1,탈착,CAN-001833
union_standard_time,3519003,화물-경형화물,기능정비,에어컨,에어컨 파이프 NO.1,교환,CAN-001832
union_standard_time,3519004,화물-경형화물,기능정비,에어컨,에어컨 파이프 NO.2,탈착,CAN-001837
union_standard_time,3519004,화물-경형화물,기능정비,에어컨,에어컨 파이프 NO.2,교환,CAN-001836
union_standard_time,3519005,화물-경형화물,기능정비,에어컨,에어컨 파이프 NO.3,탈착,CAN-001841
union_standard_time,3519005,화물-경형화물,기능정비,에어컨,에어컨 파이프 NO.3,교환,CAN-001840
union_standard_time,3519006,화물-경형화물,기능정비,에어컨,에어컨 파이프 NO.4,탈착,CAN-001845
union_standard_time,3519006,화물-경형화물,기능정비,에어컨,에어컨 파이프 NO.4,교환,CAN-001844
union_standard_time,3519012,화물-경형화물,기능정비,엔진 부품,리시버 드라이탱크,탈착,CAN-000487
union_standard_time,3519012,화물-경형화물,기능정비,엔진 부품,리시버 드라이탱크,교환,CAN-000486
union_standard_time,3519018,화물-경형화물,기능정비,엔진 부품,라디에이터 휀,탈착,CAN-000355
union_standard_time,3519018,화물-경형화물,기능정비,엔진 부품,라디에이터 휀,교환,CAN-000354
union_standard_time,3568001,화물-경형화물,기능정비,엔진 부품,안테나,탈착,CAN-001673
union_standard_time,3568001,화물-경형화물,기능정비,엔진 부품,안테나,교환,CAN-001672
union_standard_time,3578101,화물-경형화물,기능정비,엔진 부품,앞유리(접착식),탈착,CAN-001717
union_standard_time,3578101,화물-경형화물,기능정비,엔진 부품,앞유리(접착식),교환,CAN-001716
union_standard_time,3578202,화물-경형화물,기능정비,엔진 부품,뒷유리(접착식),탈착,CAN-000258
union_standard_time,3578202,화물-경형화물,기능정비,엔진 부품,뒷유리(접착식),교환,CAN-000257
union_standard_time,3578503,화물-경형화물,판금/도장정비,판금(탈부착),"문짝사각유리(앞,좌)",탈착,CAN-000852
union_standard_time,3578503,화물-경형화물,판금/도장정비,판금(탈부착),"문짝사각유리(앞,좌)",교환,CAN-000851
union_standard_time,3578604,화물-경형화물,판금/도장정비,판금(탈부착),"문짝사각유리(앞,우)",탈착,CAN-000850
union_standard_time,3578604,화물-경형화물,판금/도장정비,판금(탈부착),"문짝사각유리(앞,우)",교환,CAN-000849
union_standard_time,5588006,화물-경형화물,기능정비,엔진 부품,엔진 ASSY,탈착,CAN-001913
union_standard_time,5588006,화물-경형화물,기능정비,엔진 부품,엔진 ASSY,교환,CAN-001911
union_standard_time,5588006,화물-경형화물,기능정비,엔진 부품,엔진 ASSY,오버홀,CAN-001912
union_standard_time,5588015,화물-경형화물,기능정비,엔진 부품,쇼트엔진,교환,CAN-001327
union_standard_time,5598007,화물-경형화물,기능정비,엔진 부품,실린더헤드,오버홀,CAN-001572
union_standard_time,5599015,화물-경형화물,기능정비,엔진 부품,엔진 마운틴 및 브라켓(앞),탈착,CAN-001970
union_standard_time,5599015,화물-경형화물,기능정비,엔진 부품,엔진 마운틴 및 브라켓(앞),교환,CAN-001969
union_standard_time,5599016,화물-경형화물,기능정비,엔진 부품,엔진 마운틴 및 브라켓(뒤),탈착,CAN-001958
union_standard_time,5599016,화물-경형화물,기능정비,엔진 부품,엔진 마운틴 및 브라켓(뒤),교환,CAN-001957
union_standard_time,5599311,화물-경형화물,기능정비,엔진 부품,엔진 마운틴 및 브라켓(좌측),탈착,CAN-001980
union_standard_time,5599311,화물-경형화물,기능정비,엔진 부품,엔진 마운틴 및 브라켓(좌측),교환,CAN-001979
union_standard_time,5599413,화물-경형화물,기능정비,엔진 부품,엔진 마운틴 및 브라켓(우측),탈착,CAN-001976
union_standard_time,5599413,화물-경형화물,기능정비,엔진 부품,엔진 마운틴 및 브라켓(우측),교환,CAN-001975
union_standard_time,5608001,화물-경형화물,기능정비,엔진 부품,타이밍커버,탈착,CAN-002673
union_standard_time,5608001,화물-경형화물,기능정비,엔진 부품,타이밍커버,교환,CAN-002672
union_standard_time,5608006,화물-경형화물,기능정비,엔진 부품,타이밍 밸트,탈착,CAN-002651
union_standard_time,5608006,화물-경형화물,기능정비,엔진 부품,타이밍 밸트,교환,CAN-002650
union_standard_time,5608007,화물-경형화물,기능정비,엔진 부품,타이밍 기어,탈착,CAN-002649
union_standard_time,5608007,화물-경형화물,기능정비,엔진 부품,타이밍 기어,교환,CAN-002648
union_standard_time,5618001,화물-경형화물,소모품 및 하체정비,소모품,에어크리너,탈착,CAN-001867
union_standard_time,5618001,화물-경형화물,소모품 및 하체정비,소모품,에어크리너,교환,CAN-001866
union_standard_time,5638001,화물-경형화물,소모품 및 하체정비,오일류,엔진오일팬,탈착,CAN-001993
union_standard_time,5638001,화물-경형화물,소모품 및 하체정비,오일류,엔진오일팬,교환,CAN-001992
union_standard_time,5638006,화물-경형화물,소모품 및 하체정비,오일류,엔진오일 펌프,탈착,CAN-001999
union_standard_time,5638006,화물-경형화물,소모품 및 하체정비,오일류,엔진오일 펌프,교환,CAN-001998
union_standard_time,5638009,화물-경형화물,기능정비,엔진 부품,워터펌프,탈착,CAN-002230
union_standard_time,5638009,화물-경형화물,기능정비,엔진 부품,워터펌프,교환,CAN-002229
union_standard_time,5638019,화물-경형화물,소모품 및 하체정비,하체 부품,파워스티어링 펌프,탈착,CAN-002852
union_standard_time,5638019,화물-경형화물,소모품 및 하체정비,하체 부품,파워스티어링 펌프,교환,CAN-002851
union_standard_time,5648001,화물-경형화물,기능정비,엔진 부품,흡기매니홀드,탈착,CAN-003434
union_standard_time,5648001,화물-경형화물,기능정비,엔진 부품,흡기매니홀드,교환,CAN-003433
union_standard_time,5648006,화물-경형화물,기능정비,엔진 부품,배기매니홀드,탈착,CAN-000903
union_standard_time,5648006,화물-경형화물,기능정비,엔진 부품,배기매니홀드,교환,CAN-000902
union_standard_time,5658003,화물-경형화물,기능정비,엔진 부품,배가파이프1번(프론트),탈착,CAN-000889
union_standard_time,5658003,화물-경형화물,기능정비,엔진 부품,배가파이프1번(프론트),교환,CAN-000888
union_standard_time,5658008,화물-경형화물,기능정비,엔진 부품,배기파이프2번(미들),탈착,CAN-000933
union_standard_time,5658008,화물-경형화물,기능정비,엔진 부품,배기파이프2번(미들),교환,CAN-000932
union_standard_time,5658010,화물-경형화물,기능정비,엔진 부품,배기파이프3번(머플러),탈착,CAN-000939
union_standard_time,5658010,화물-경형화물,기능정비,엔진 부품,배기파이프3번(머플러),교환,CAN-000938
union_standard_time,5668001,화물-경형화물,기능정비,엔진 부품,연료탱크,탈착,CAN-002034
union_standard_time,5668001,화물-경형화물,기능정비,엔진 부품,연료탱크,교환,CAN-002032
union_standard_time,5668001,화물-경형화물,기능정비,엔진 부품,연료탱크,오버홀,CAN-002033
union_standard_time,5668011,화물-경형화물,기능정비,엔진 부품,캬부레터 ASSY,탈착,CAN-002509
union_standard_time,5668011,화물-경형화물,기능정비,엔진 부품,캬부레터 ASSY,교환,CAN-002508
union_standard_time,5668012,화물-경형화물,소모품 및 하체정비,소모품,연료 세디멘터 및 필터,탈착,CAN-002027
union_standard_time,5668012,화물-경형화물,소모품 및 하체정비,소모품,연료 세디멘터 및 필터,교환,CAN-002026
union_standard_time,5668016,화물-경형화물,기능정비,엔진 부품,LPG봄베,탈착,CAN-000082
union_standard_time,5668016,화물-경형화물,기능정비,엔진 부품,LPG봄베,교환,CAN-000081
union_standard_time,5668017,화물-경형화물,기능정비,엔진 부품,LPG 믹서,탈착,CAN-000080
union_standard_time,5668017,화물-경형화물,기능정비,엔진 부품,LPG 믹서,교환,CAN-000079
union_standard_time,5668018,화물-경형화물,기능정비,엔진 부품,베이퍼라이져,탈착,CAN-001031
union_standard_time,5668018,화물-경형화물,기능정비,엔진 부품,베이퍼라이져,교환,CAN-001030
union_standard_time,7688005,화물-경형화물,기능정비,엔진 부품,트랜스밋션,탈착,CAN-002738
union_standard_time,7688005,화물-경형화물,기능정비,엔진 부품,트랜스밋션,교환,CAN-002736
union_standard_time,7688005,화물-경형화물,기능정비,엔진 부품,트랜스밋션,오버홀,CAN-002737
union_standard_time,7689016,화물-경형화물,기능정비,엔진 부품,체인지레버,탈착,CAN-002429
union_standard_time,7689016,화물-경형화물,기능정비,엔진 부품,체인지레버,교환,CAN-002428
union_standard_time,7689017,화물-경형화물,기능정비,엔진 부품,체인지레버(M/T),탈착,CAN-002427
union_standard_time,7689017,화물-경형화물,기능정비,엔진 부품,체인지레버(M/T),교환,CAN-002426
union_standard_time,7689018,화물-경형화물,기능정비,엔진 부품,체인지레버(A/T),탈착,CAN-002425
union_standard_time,7689018,화물-경형화물,기능정비,엔진 부품,체인지레버(A/T),교환,CAN-002424
union_standard_time,7698006,화물-경형화물,기능정비,엔진 부품,프로펠라샤프트(앞),탈착,CAN-002932
union_standard_time,7698006,화물-경형화물,기능정비,엔진 부품,프로펠라샤프트(앞),교환,CAN-002931
union_standard_time,7698007,화물-경형화물,기능정비,엔진 부품,프로펠라샤프트(뒤),탈착,CAN-002930
union_standard_time,7698007,화물-경형화물,기능정비,엔진 부품,프로펠라샤프트(뒤),교환,CAN-002929
union_standard_time,7698310,화물-경형화물,소모품 및 하체정비,하체 부품,프론트 서스펜션ASSY(좌측),탈착,CAN-003068
union_standard_time,7698310,화물-경형화물,소모품 및 하체정비,하체 부품,프론트 서스펜션ASSY(좌측),교환,CAN-003066
union_standard_time,7698310,화물-경형화물,소모품 및 하체정비,하체 부품,프론트 서스펜션ASSY(좌측),오버홀,CAN-003067
union_standard_time,7698411,화물-경형화물,소모품 및 하체정비,하체 부품,프론트 서스펜션ASSY(우측),탈착,CAN-003065
union_standard_time,7698411,화물-경형화물,소모품 및 하체정비,하체 부품,프론트 서스펜션ASSY(우측),교환,CAN-003063
union_standard_time,7698411,화물-경형화물,소모품 및 하체정비,하체 부품,프론트 서스펜션ASSY(우측),오버홀,CAN-003064
union_standard_time,7708505,화물-경형화물,기능정비,엔진 부품,판스프링(앞좌),탈착,CAN-002888
union_standard_time,7708505,화물-경형화물,기능정비,엔진 부품,판스프링(앞좌),교환,CAN-002886
union_standard_time,7708505,화물-경형화물,기능정비,엔진 부품,판스프링(앞좌),오버홀,CAN-002887
union_standard_time,7708606,화물-경형화물,기능정비,엔진 부품,판스프링(앞우),탈착,CAN-002885
union_standard_time,7708606,화물-경형화물,기능정비,엔진 부품,판스프링(앞우),교환,CAN-002883
union_standard_time,7708606,화물-경형화물,기능정비,엔진 부품,판스프링(앞우),오버홀,CAN-002884
union_standard_time,7708707,화물-경형화물,기능정비,엔진 부품,판스프링(뒤좌),탈착,CAN-002882
union_standard_time,7708707,화물-경형화물,기능정비,엔진 부품,판스프링(뒤좌),교환,CAN-002880
union_standard_time,7708707,화물-경형화물,기능정비,엔진 부품,판스프링(뒤좌),오버홀,CAN-002881
union_standard_time,7708809,화물-경형화물,기능정비,엔진 부품,판스프링(뒤우),탈착,CAN-002879
union_standard_time,7708809,화물-경형화물,기능정비,엔진 부품,판스프링(뒤우),교환,CAN-002877
union_standard_time,7708809,화물-경형화물,기능정비,엔진 부품,판스프링(뒤우),오버홀,CAN-002878
union_standard_time,7709501,화물-경형화물,기능정비,엔진 부품,쇽업쇼버(앞좌),탈착,CAN-001349
union_standard_time,7709501,화물-경형화물,기능정비,엔진 부품,쇽업쇼버(앞좌),교환,CAN-001347
union_standard_time,7709602,화물-경형화물,기능정비,엔진 부품,쇽업쇼버(앞우),탈착,CAN-001346
union_standard_time,7709602,화물-경형화물,기능정비,엔진 부품,쇽업쇼버(앞우),교환,CAN-001344
union_standard_time,7709703,화물-경형화물,기능정비,엔진 부품,쇽업쇼버(뒤좌),탈착,CAN-001339
union_standard_time,7709703,화물-경형화물,기능정비,엔진 부품,쇽업쇼버(뒤좌),교환,CAN-001338
union_standard_time,7709804,화물-경형화물,기능정비,엔진 부품,쇽업쇼버(뒤우),탈착,CAN-001337
union_standard_time,7709804,화물-경형화물,기능정비,엔진 부품,쇽업쇼버(뒤우),교환,CAN-001336
union_standard_time,7718022,화물-경형화물,기능정비,엔진 부품,리어액슬하우징 ASSY,탈착,CAN-000696
union_standard_time,7718022,화물-경형화물,기능정비,엔진 부품,리어액슬하우징 ASSY,교환,CAN-000694
union_standard_time,7718022,화물-경형화물,기능정비,엔진 부품,리어액슬하우징 ASSY,오버홀,CAN-000695
union_standard_time,7719510,화물-경형화물,소모품 및 하체정비,하체 부품,허브(앞좌),오버홀,CAN-003265
union_standard_time,7719611,화물-경형화물,소모품 및 하체정비,하체 부품,허브(앞우),오버홀,CAN-003263
union_standard_time,7719712,화물-경형화물,소모품 및 하체정비,하체 부품,허브(뒤좌),오버홀,CAN-003261
union_standard_time,7719813,화물-경형화물,소모품 및 하체정비,하체 부품,허브(뒤우),오버홀,CAN-003259
union_standard_time,7728005,화물-경형화물,기능정비,엔진 부품,디퍼런셜 기어,탈착,CAN-000294
union_standard_time,7728005,화물-경형화물,기능정비,엔진 부품,디퍼런셜 기어,교환,CAN-000292
union_standard_time,7728005,화물-경형화물,기능정비,엔진 부품,디퍼런셜 기어,오버홀,CAN-000293
union_standard_time,7728012,화물-경형화물,소모품 및 하체정비,브레이크/타이어,타이어#1,교환,CAN-002681
union_standard_time,7728013,화물-경형화물,소모품 및 하체정비,브레이크/타이어,타이어#2,교환,CAN-002682
union_standard_time,7728014,화물-경형화물,소모품 및 하체정비,브레이크/타이어,타이어#3,교환,CAN-002683
union_standard_time,7728015,화물-경형화물,소모품 및 하체정비,브레이크/타이어,타이어#4,교환,CAN-002684
union_standard_time,7728016,화물-경형화물,소모품 및 하체정비,브레이크/타이어,타이어#5,교환,CAN-002685
union_standard_time,7728017,화물-경형화물,소모품 및 하체정비,브레이크/타이어,타이어#6,교환,CAN-002686
union_standard_time,7728027,화물-경형화물,소모품 및 하체정비,하체 부품,스티어링 컬럼ASSY,탈착,CAN-001401
union_standard_time,7728027,화물-경형화물,소모품 및 하체정비,하체 부품,스티어링 컬럼ASSY,교환,CAN-001400
union_standard_time,7728031,화물-경형화물,소모품 및 하체정비,하체 부품,파워스티어링기어,탈착,CAN-002834
union_standard_time,7728031,화물-경형화물,소모품 및 하체정비,하체 부품,파워스티어링기어,교환,CAN-002833
union_standard_time,7728033,화물-경형화물,소모품 및 하체정비,하체 부품,메뉴얼스티어링기어,탈착,CAN-000833
union_standard_time,7728033,화물-경형화물,소모품 및 하체정비,하체 부품,메뉴얼스티어링기어,교환,CAN-000832
union_standard_time,7728051,화물-경형화물,소모품 및 하체정비,브레이크/타이어,브레이크부스터&마스터 실린더,탈착,CAN-001085
union_standard_time,7728051,화물-경형화물,소모품 및 하체정비,브레이크/타이어,브레이크부스터&마스터 실린더,교환,CAN-001084
union_standard_time,7728056,화물-경형화물,기능정비,엔진 부품,악셀레이터 패달,탈착,CAN-001605
union_standard_time,7728056,화물-경형화물,기능정비,엔진 부품,악셀레이터 패달,교환,CAN-001604
union_standard_time,7728059,화물-경형화물,소모품 및 하체정비,브레이크/타이어,클러치 및 브레이크패달 브라켓,탈착,CAN-002631
union_standard_time,7728059,화물-경형화물,소모품 및 하체정비,브레이크/타이어,클러치 및 브레이크패달 브라켓,교환,CAN-002630
union_standard_time,7728066,화물-경형화물,기능정비,엔진 부품,클러치 마스터 실린더,탈착,CAN-002627
union_standard_time,7728066,화물-경형화물,기능정비,엔진 부품,클러치 마스터 실린더,교환,CAN-002626
union_standard_time,7728508,화물-경형화물,소모품 및 하체정비,브레이크/타이어,"타이어(앞,좌)",교환,CAN-002694
union_standard_time,7728609,화물-경형화물,소모품 및 하체정비,브레이크/타이어,"타이어(앞,우)",교환,CAN-002693
union_standard_time,7728710,화물-경형화물,소모품 및 하체정비,브레이크/타이어,"타이어(뒤,좌)",교환,CAN-002691
union_standard_time,7728811,화물-경형화물,소모품 및 하체정비,브레이크/타이어,"타이어(뒤,우)",교환,CAN-002690
union_standard_time,7729026,화물-경형화물,소모품 및 하체정비,하체 부품,스티어링 휠,탈착,CAN-001407
union_standard_time,7729026,화물-경형화물,소모품 및 하체정비,하체 부품,스티어링 휠,교환,CAN-001406
union_standard_time,7729060,화물-경형화물,소모품 및 하체정비,브레이크/타이어,사이드 브레이크(핸드식),탈착,CAN-001173
union_standard_time,7729060,화물-경형화물,소모품 및 하체정비,브레이크/타이어,사이드 브레이크(핸드식),교환,CAN-001172
union_standard_time,7738001,화물-경형화물,기능정비,엔진 부품,각종계기케이블,탈착,CAN-000112
union_standard_time,7738001,화물-경형화물,기능정비,엔진 부품,각종계기케이블,교환,CAN-000111
union_standard_time,1018101,화물-소형화물,판금/도장정비,판금(탈부착),프론트 범퍼,탈착,CAN-002997
union_standard_time,1018101,화물-소형화물,판금/도장정비,판금(탈부착),프론트 범퍼,교환,CAN-002995
union_standard_time,1018101,화물-소형화물,판금/도장정비,판금(탈부착),프론트 범퍼,오버홀,CAN-002996
union_standard_time,1018106,화물-소형화물,판금/도장정비,판금(탈부착),프론트 범퍼(우레탄),탈착,CAN-003020
union_standard_time,1018106,화물-소형화물,판금/도장정비,판금(탈부착),프론트 범퍼(우레탄),교환,CAN-003018
union_standard_time,1018106,화물-소형화물,판금/도장정비,판금(탈부착),프론트 범퍼(우레탄),오버홀,CAN-003019
union_standard_time,1028101,화물-소형화물,기능정비,엔진 부품,라디에이터그릴,탈착,CAN-000320
union_standard_time,1028101,화물-소형화물,기능정비,엔진 부품,라디에이터그릴,교환,CAN-000318
union_standard_time,1038101,화물-소형화물,판금/도장정비,판금(탈부착),후드,탈착,CAN-003318
union_standard_time,1038101,화물-소형화물,판금/도장정비,판금(탈부착),후드,교환,CAN-003316
union_standard_time,1038101,화물-소형화물,판금/도장정비,판금(탈부착),후드,오버홀,CAN-003317
union_standard_time,1039106,화물-소형화물,판금/도장정비,판금(탈부착),후드 록크,탈착,CAN-003321
union_standard_time,1039106,화물-소형화물,판금/도장정비,판금(탈부착),후드 록크,교환,CAN-003320
union_standard_time,1039107,화물-소형화물,판금/도장정비,판금(탈부착),후드 케이블,탈착,CAN-003357
union_standard_time,1039107,화물-소형화물,판금/도장정비,판금(탈부착),후드 케이블,교환,CAN-003356
union_standard_time,1039108,화물-소형화물,판금/도장정비,판금(탈부착),후드 인슐레이션,탈착,CAN-003353
union_standard_time,1039108,화물-소형화물,판금/도장정비,판금(탈부착),후드 인슐레이션,교환,CAN-003352
union_standard_time,1039302,화물-소형화물,판금/도장정비,판금(탈부착),후드 힌지(좌측),탈착,CAN-003363
union_standard_time,1039302,화물-소형화물,판금/도장정비,판금(탈부착),후드 힌지(좌측),교환,CAN-003362
union_standard_time,1039403,화물-소형화물,판금/도장정비,판금(탈부착),후드 힌지(우측),탈착,CAN-003361
union_standard_time,1039403,화물-소형화물,판금/도장정비,판금(탈부착),후드 힌지(우측),교환,CAN-003360
union_standard_time,1048101,화물-소형화물,판금/도장정비,판금(탈부착),프론트 패널 ASSY,교환,CAN-003128
union_standard_time,1048109,화물-소형화물,판금/도장정비,판금(탈부착),프론트 패널 ASSY(코너패널 일,교환,CAN-003135
union_standard_time,1048122,화물-소형화물,판금/도장정비,판금(탈부착),앞패널 어퍼크로스멤버,교환,CAN-001729
union_standard_time,1048125,화물-소형화물,판금/도장정비,판금(탈부착),앞패널 로워크로스멤버,교환,CAN-001727
union_standard_time,1048132,화물-소형화물,소모품 및 하체정비,하체 부품,라디에이터멤버,교환,CAN-000339
union_standard_time,1048306,화물-소형화물,판금/도장정비,판금(탈부착),사이드 서포트 패널 (헤드램프패,교환,CAN-001178
union_standard_time,1048407,화물-소형화물,판금/도장정비,판금(탈부착),사이드 서포트 패널 (헤드램프패,교환,CAN-001178
union_standard_time,1049114,화물-소형화물,기능정비,엔진 부품,센타스테이,탈착,CAN-001289
union_standard_time,1049114,화물-소형화물,기능정비,엔진 부품,센타스테이,교환,CAN-001288
union_standard_time,1058301,화물-소형화물,기능정비,전기 및 램프,헤드램프(좌측),탈착,CAN-003301
union_standard_time,1058301,화물-소형화물,기능정비,전기 및 램프,헤드램프(좌측),교환,CAN-003300
union_standard_time,1058320,화물-소형화물,기능정비,전기 및 램프,시그널램프(좌측),탈착,CAN-001503
union_standard_time,1058320,화물-소형화물,기능정비,전기 및 램프,시그널램프(좌측),교환,CAN-001502
union_standard_time,1058402,화물-소형화물,기능정비,전기 및 램프,헤드램프(우측),탈착,CAN-003299
union_standard_time,1058402,화물-소형화물,기능정비,전기 및 램프,헤드램프(우측),교환,CAN-003298
union_standard_time,1058421,화물-소형화물,기능정비,전기 및 램프,시그널램프(우측),탈착,CAN-001501
union_standard_time,1058421,화물-소형화물,기능정비,전기 및 램프,시그널램프(우측),교환,CAN-001500
union_standard_time,1059326,화물-소형화물,기능정비,전기 및 램프,포그램프(좌측),탈착,CAN-002911
union_standard_time,1059326,화물-소형화물,기능정비,전기 및 램프,포그램프(좌측),교환,CAN-002910
union_standard_time,1059427,화물-소형화물,기능정비,전기 및 램프,포그램프(우측),탈착,CAN-002909
union_standard_time,1059427,화물-소형화물,기능정비,전기 및 램프,포그램프(우측),교환,CAN-002908
union_standard_time,1068301,화물-소형화물,기능정비,엔진 부품,프론트 휀다(좌측),탈착,CAN-003192
union_standard_time,1068301,화물-소형화물,기능정비,엔진 부품,프론트 휀다(좌측),교환,CAN-003191
union_standard_time,1068307,화물-소형화물,판금/도장정비,판금(탈부착),코너패널(좌측),탈착,CAN-002565
union_standard_time,1068307,화물-소형화물,판금/도장정비,판금(탈부착),코너패널(좌측),교환,CAN-002564
union_standard_time,1068325,화물-소형화물,소모품 및 하체정비,브레이크/타이어,프론트 휠 하우스ASSY(좌측),교환,CAN-003198
union_standard_time,1068343,화물-소형화물,소모품 및 하체정비,브레이크/타이어,휠하우스 브레이스(좌측),교환,CAN-003417
union_standard_time,1068403,화물-소형화물,기능정비,엔진 부품,프론트 휀다(우측),탈착,CAN-003190
union_standard_time,1068403,화물-소형화물,기능정비,엔진 부품,프론트 휀다(우측),교환,CAN-003189
union_standard_time,1068408,화물-소형화물,판금/도장정비,판금(탈부착),코너패널(우측),탈착,CAN-002563
union_standard_time,1068408,화물-소형화물,판금/도장정비,판금(탈부착),코너패널(우측),교환,CAN-002562
union_standard_time,1068434,화물-소형화물,소모품 및 하체정비,브레이크/타이어,프론트 휠 하우스ASSY(우측),교환,CAN-003197
union_standard_time,1068449,화물-소형화물,소모품 및 하체정비,브레이크/타이어,휠하우스 브레이스(우측),교환,CAN-003415
union_standard_time,1068527,화물-소형화물,소모품 및 하체정비,브레이크/타이어,"프론트 휠 하우스(앞부분,좌)",교환,CAN-003202
union_standard_time,1068636,화물-소형화물,소모품 및 하체정비,브레이크/타이어,"프론트 휠 하우스(앞부분,우)",교환,CAN-003201
union_standard_time,1069309,화물-소형화물,소모품 및 하체정비,브레이크/타이어,프론트 휠 가드(좌측),탈착,CAN-003196
union_standard_time,1069309,화물-소형화물,소모품 및 하체정비,브레이크/타이어,프론트 휠 가드(좌측),교환,CAN-003195
union_standard_time,1069410,화물-소형화물,소모품 및 하체정비,브레이크/타이어,프론트 휠 가드(우측),탈착,CAN-003194
union_standard_time,1069410,화물-소형화물,소모품 및 하체정비,브레이크/타이어,프론트 휠 가드(우측),교환,CAN-003193
union_standard_time,1078001,화물-소형화물,기능정비,엔진 부품,카울그릴,탈착,CAN-002437
union_standard_time,1078001,화물-소형화물,기능정비,엔진 부품,카울그릴,교환,CAN-002436
union_standard_time,1078002,화물-소형화물,판금/도장정비,판금(탈부착),카울패널,교환,CAN-002454
union_standard_time,1078013,화물-소형화물,판금/도장정비,판금(탈부착),대쉬 로워패널,교환,CAN-000138
union_standard_time,1078014,화물-소형화물,판금/도장정비,판금(탈부착),대쉬패널,교환,CAN-000144
union_standard_time,1078026,화물-소형화물,소모품 및 하체정비,하체 부품,카울크로스멤버(용접식),교환,CAN-002450
union_standard_time,1088301,화물-소형화물,기능정비,엔진 부품,프론트 필러 ASSY(좌측),교환,CAN-003160
union_standard_time,1088302,화물-소형화물,기능정비,엔진 부품,"프론트 필러(외측,좌)",교환,CAN-003170
union_standard_time,1088304,화물-소형화물,판금/도장정비,판금(탈부착),앞도어필러(좌측),교환,CAN-001691
union_standard_time,1088307,화물-소형화물,기능정비,엔진 부품,윈도우 필러(좌측),교환,CAN-002239
union_standard_time,1088410,화물-소형화물,기능정비,엔진 부품,프론트 필러 ASSY(우측),교환,CAN-003159
union_standard_time,1088411,화물-소형화물,기능정비,엔진 부품,"프론트 필러(외측,우)",교환,CAN-003169
union_standard_time,1088413,화물-소형화물,판금/도장정비,판금(탈부착),앞도어필러(우측),교환,CAN-001689
union_standard_time,1088416,화물-소형화물,기능정비,엔진 부품,윈도우 필러(우측),교환,CAN-002237
union_standard_time,1128301,화물-소형화물,판금/도장정비,판금(탈부착),프론트 도어(좌측),탈착,CAN-002970
union_standard_time,1128301,화물-소형화물,판금/도장정비,판금(탈부착),프론트 도어(좌측),교환,CAN-002968
union_standard_time,1128301,화물-소형화물,판금/도장정비,판금(탈부착),프론트 도어(좌측),오버홀,CAN-002969
union_standard_time,1128311,화물-소형화물,판금/도장정비,판금(탈부착),"앞도어(좌,화물)",탈착,CAN-001687
union_standard_time,1128311,화물-소형화물,판금/도장정비,판금(탈부착),"앞도어(좌,화물)",교환,CAN-001685
union_standard_time,1128311,화물-소형화물,판금/도장정비,판금(탈부착),"앞도어(좌,화물)",오버홀,CAN-001686
union_standard_time,1128312,화물-소형화물,판금/도장정비,판금(탈부착),"앞도어(좌,전동,화물)",탈착,CAN-001684
union_standard_time,1128312,화물-소형화물,판금/도장정비,판금(탈부착),"앞도어(좌,전동,화물)",교환,CAN-001682
union_standard_time,1128312,화물-소형화물,판금/도장정비,판금(탈부착),"앞도어(좌,전동,화물)",오버홀,CAN-001683
union_standard_time,1128314,화물-소형화물,판금/도장정비,판금(탈부착),"앞도어(우,전동,화물)",탈착,CAN-001678
union_standard_time,1128314,화물-소형화물,판금/도장정비,판금(탈부착),"앞도어(우,전동,화물)",교환,CAN-001676
union_standard_time,1128314,화물-소형화물,판금/도장정비,판금(탈부착),"앞도어(우,전동,화물)",오버홀,CAN-001677
union_standard_time,1128406,화물-소형화물,판금/도장정비,판금(탈부착),프론트 도어(우측),탈착,CAN-002954
union_standard_time,1128406,화물-소형화물,판금/도장정비,판금(탈부착),프론트 도어(우측),교환,CAN-002952
union_standard_time,1128406,화물-소형화물,판금/도장정비,판금(탈부착),프론트 도어(우측),오버홀,CAN-002953
union_standard_time,1128413,화물-소형화물,판금/도장정비,판금(탈부착),"앞도어(우,화물)",탈착,CAN-001681
union_standard_time,1128413,화물-소형화물,판금/도장정비,판금(탈부착),"앞도어(우,화물)",교환,CAN-001679
union_standard_time,1128413,화물-소형화물,판금/도장정비,판금(탈부착),"앞도어(우,화물)",오버홀,CAN-001680
union_standard_time,1138313,화물-소형화물,판금/도장정비,판금(탈부착),"뒤도어(좌,화물)",탈착,CAN-000178
union_standard_time,1138313,화물-소형화물,판금/도장정비,판금(탈부착),"뒤도어(좌,화물)",교환,CAN-000176
union_standard_time,1138313,화물-소형화물,판금/도장정비,판금(탈부착),"뒤도어(좌,화물)",오버홀,CAN-000177
union_standard_time,1138314,화물-소형화물,판금/도장정비,판금(탈부착),"뒤도어(좌,전동,화물)",탈착,CAN-000175
union_standard_time,1138314,화물-소형화물,판금/도장정비,판금(탈부착),"뒤도어(좌,전동,화물)",교환,CAN-000173
union_standard_time,1138314,화물-소형화물,판금/도장정비,판금(탈부착),"뒤도어(좌,전동,화물)",오버홀,CAN-000174
union_standard_time,1138415,화물-소형화물,판금/도장정비,판금(탈부착),"뒤도어(우,화물)",탈착,CAN-000172
union_standard_time,1138415,화물-소형화물,판금/도장정비,판금(탈부착),"뒤도어(우,화물)",교환,CAN-000170
union_standard_time,1138415,화물-소형화물,판금/도장정비,판금(탈부착),"뒤도어(우,화물)",오버홀,CAN-000171
union_standard_time,1138416,화물-소형화물,판금/도장정비,판금(탈부착),"뒤도어(우,전동,화물)",탈착,CAN-000169
union_standard_time,1138416,화물-소형화물,판금/도장정비,판금(탈부착),"뒤도어(우,전동,화물)",교환,CAN-000167
union_standard_time,1138416,화물-소형화물,판금/도장정비,판금(탈부착),"뒤도어(우,전동,화물)",오버홀,CAN-000168
union_standard_time,1169301,화물-소형화물,기능정비,엔진 부품,사이드 미러(좌측),탈착,CAN-001156
union_standard_time,1169301,화물-소형화물,기능정비,엔진 부품,사이드 미러(좌측),교환,CAN-001154
union_standard_time,1169404,화물-소형화물,기능정비,엔진 부품,사이드 미러(우측),탈착,CAN-001144
union_standard_time,1169404,화물-소형화물,기능정비,엔진 부품,사이드 미러(우측),교환,CAN-001142
union_standard_time,1178301,화물-소형화물,기능정비,엔진 부품,센터 필러 ASSY(좌측),교환,CAN-001304
union_standard_time,1178405,화물-소형화물,기능정비,엔진 부품,센터 필러 ASSY(우측),교환,CAN-001303
union_standard_time,1188301,화물-소형화물,판금/도장정비,판금(탈부착),사이드스텝패널ASSY(좌측),교환,CAN-001193
union_standard_time,1188405,화물-소형화물,판금/도장정비,판금(탈부착),사이드스텝패널ASSY(우측),교환,CAN-001192
union_standard_time,1198301,화물-소형화물,기능정비,엔진 부품,사이드씰(좌측),교환,CAN-001217
union_standard_time,1198405,화물-소형화물,기능정비,엔진 부품,사이드씰(우측),교환,CAN-001216
union_standard_time,1208301,화물-소형화물,기능정비,엔진 부품,"사이드프레임 ASSY(화물,좌)",교환,CAN-001242
union_standard_time,1208402,화물-소형화물,기능정비,엔진 부품,"사이드프레임 ASSY(화물,우)",교환,CAN-001241
union_standard_time,1218001,화물-소형화물,판금/도장정비,판금(탈부착),루프패널,교환,CAN-000458
union_standard_time,1218003,화물-소형화물,판금/도장정비,판금(탈부착),루프패널(더블캡),교환,CAN-000460
union_standard_time,1219009,화물-소형화물,판금/도장정비,판금(탈부착),루프 헤더 패널,교환,CAN-000473
union_standard_time,1219028,화물-소형화물,판금/도장정비,판금(탈부착),루프 톱실링(화물),탈착,CAN-000447
union_standard_time,1219028,화물-소형화물,판금/도장정비,판금(탈부착),루프 톱실링(화물),교환,CAN-000446
union_standard_time,1219029,화물-소형화물,판금/도장정비,판금(탈부착),루프 톱실링(더블캡),탈착,CAN-000439
union_standard_time,1219029,화물-소형화물,판금/도장정비,판금(탈부착),루프 톱실링(더블캡),교환,CAN-000438
union_standard_time,1228201,화물-소형화물,판금/도장정비,판금(탈부착),리어 범퍼,탈착,CAN-000536
union_standard_time,1228201,화물-소형화물,판금/도장정비,판금(탈부착),리어 범퍼,교환,CAN-000534
union_standard_time,1268301,화물-소형화물,기능정비,전기 및 램프,리어 컴비네이션램프(좌측),탈착,CAN-000720
union_standard_time,1268301,화물-소형화물,기능정비,전기 및 램프,리어 컴비네이션램프(좌측),교환,CAN-000719
union_standard_time,1268314,화물-소형화물,판금/도장정비,판금(탈부착),컴비램프 브라켓패널(좌측),탈착,CAN-002543
union_standard_time,1268314,화물-소형화물,판금/도장정비,판금(탈부착),컴비램프 브라켓패널(좌측),교환,CAN-002542
union_standard_time,1268402,화물-소형화물,기능정비,전기 및 램프,리어 컴비네이션램프(우측),탈착,CAN-000718
union_standard_time,1268402,화물-소형화물,기능정비,전기 및 램프,리어 컴비네이션램프(우측),교환,CAN-000717
union_standard_time,1268415,화물-소형화물,판금/도장정비,판금(탈부착),컴비램프 브라켓패널(우측),탈착,CAN-002541
union_standard_time,1268415,화물-소형화물,판금/도장정비,판금(탈부착),컴비램프 브라켓패널(우측),교환,CAN-002540
union_standard_time,1348301,화물-소형화물,판금/도장정비,판금(탈부착),도어 리어필러(좌측),교환,CAN-000165
union_standard_time,1348303,화물-소형화물,판금/도장정비,판금(탈부착),"도어 리어필러(좌,킹캡)",교환,CAN-000166
union_standard_time,1348304,화물-소형화물,판금/도장정비,판금(탈부착),"도어 리어필러(외측,좌)",교환,CAN-000158
union_standard_time,1348305,화물-소형화물,판금/도장정비,판금(탈부착),"도어 리어필러(외측,킹캡,좌)",교환,CAN-000160
union_standard_time,1348406,화물-소형화물,판금/도장정비,판금(탈부착),도어 리어필러(우측),교환,CAN-000161
union_standard_time,1348407,화물-소형화물,판금/도장정비,판금(탈부착),"도어 리어필러(우,킹캡)",교환,CAN-000162
union_standard_time,1348408,화물-소형화물,판금/도장정비,판금(탈부착),"도어 리어필러(외측,우)",교환,CAN-000157
union_standard_time,1348409,화물-소형화물,판금/도장정비,판금(탈부착),"도어 리어필러(외측,킹캡,우)",교환,CAN-000159
union_standard_time,1428001,화물-소형화물,기능정비,엔진 부품,운전대 전체바닥,교환,CAN-002205
union_standard_time,1428004,화물-소형화물,판금/도장정비,판금(탈부착),운전대 바닥패널(앞),교환,CAN-002201
union_standard_time,1428005,화물-소형화물,판금/도장정비,판금(탈부착),운전대 바닥패널(뒤),교환,CAN-002199
union_standard_time,1428006,화물-소형화물,판금/도장정비,판금(탈부착),"운전대 바닥패널(뒤,더블캡)",교환,CAN-002200
union_standard_time,1448001,화물-소형화물,판금/도장정비,판금(탈부착),운전대 백패널,교환,CAN-002202
union_standard_time,1448007,화물-소형화물,기능정비,엔진 부품,캐빈(운전대)온리,탈착,CAN-002489
union_standard_time,1448007,화물-소형화물,기능정비,엔진 부품,캐빈(운전대)온리,교환,CAN-002488
union_standard_time,1448008,화물-소형화물,기능정비,엔진 부품,캐빈(운전대)온리(더블캡),탈착,CAN-002491
union_standard_time,1448008,화물-소형화물,기능정비,엔진 부품,캐빈(운전대)온리(더블캡),교환,CAN-002490
union_standard_time,1448009,화물-소형화물,기능정비,엔진 부품,캐빈(운전대)컴플리트,탈착,CAN-002493
union_standard_time,1448009,화물-소형화물,기능정비,엔진 부품,캐빈(운전대)컴플리트,교환,CAN-002492
union_standard_time,1448010,화물-소형화물,기능정비,엔진 부품,캐빈(운전대)컴플리트(더블캡),탈착,CAN-002495
union_standard_time,1448010,화물-소형화물,기능정비,엔진 부품,캐빈(운전대)컴플리트(더블캡),교환,CAN-002494
union_standard_time,1458201,화물-소형화물,기능정비,엔진 부품,적재함,탈착,CAN-002307
union_standard_time,1458201,화물-소형화물,기능정비,엔진 부품,적재함,교환,CAN-002306
union_standard_time,1458202,화물-소형화물,기능정비,엔진 부품,탑,탈착,CAN-002698
union_standard_time,1458202,화물-소형화물,기능정비,엔진 부품,탑,교환,CAN-002697
union_standard_time,1458204,화물-소형화물,기능정비,엔진 부품,로드레스트,탈착,CAN-000381
union_standard_time,1458204,화물-소형화물,기능정비,엔진 부품,로드레스트,교환,CAN-000380
union_standard_time,1458209,화물-소형화물,기능정비,엔진 부품,적재함 뒷문,탈착,CAN-002311
union_standard_time,1458209,화물-소형화물,기능정비,엔진 부품,적재함 뒷문,교환,CAN-002310
union_standard_time,1458213,화물-소형화물,기능정비,엔진 부품,적재함 스텝 ASSY,탈착,CAN-002317
union_standard_time,1458213,화물-소형화물,기능정비,엔진 부품,적재함 스텝 ASSY,교환,CAN-002316
union_standard_time,1458214,화물-소형화물,소모품 및 하체정비,하체 부품,적재함 크로스멤버#1,교환,CAN-002324
union_standard_time,1458215,화물-소형화물,소모품 및 하체정비,하체 부품,적재함 크로스멤버#2,교환,CAN-002325
union_standard_time,1458305,화물-소형화물,기능정비,엔진 부품,적재함 옆문(좌측),탈착,CAN-002321
union_standard_time,1458305,화물-소형화물,기능정비,엔진 부품,적재함 옆문(좌측),교환,CAN-002320
union_standard_time,1458407,화물-소형화물,기능정비,엔진 부품,적재함 옆문(우측),탈착,CAN-002319
union_standard_time,1458407,화물-소형화물,기능정비,엔진 부품,적재함 옆문(우측),교환,CAN-002318
union_standard_time,1468205,화물-소형화물,소모품 및 하체정비,브레이크/타이어,스페어타이어 캐리어,탈착,CAN-001420
union_standard_time,1468205,화물-소형화물,소모품 및 하체정비,브레이크/타이어,스페어타이어 캐리어,교환,CAN-001419
union_standard_time,1468301,화물-소형화물,소모품 및 하체정비,브레이크/타이어,"휠하우스(화물,좌)",탈착,CAN-003424
union_standard_time,1468301,화물-소형화물,소모품 및 하체정비,브레이크/타이어,"휠하우스(화물,좌)",교환,CAN-003423
union_standard_time,1468402,화물-소형화물,소모품 및 하체정비,브레이크/타이어,"휠하우스(화물,우)",탈착,CAN-003422
union_standard_time,1468402,화물-소형화물,소모품 및 하체정비,브레이크/타이어,"휠하우스(화물,우)",교환,CAN-003421
union_standard_time,1469513,화물-소형화물,기능정비,엔진 부품,머드가드(앞좌),탈착,CAN-000829
union_standard_time,1469513,화물-소형화물,기능정비,엔진 부품,머드가드(앞좌),교환,CAN-000828
union_standard_time,1469614,화물-소형화물,기능정비,엔진 부품,머드가드(앞우),탈착,CAN-000827
union_standard_time,1469614,화물-소형화물,기능정비,엔진 부품,머드가드(앞우),교환,CAN-000826
union_standard_time,1469715,화물-소형화물,기능정비,엔진 부품,머드가드(뒤좌),탈착,CAN-000825
union_standard_time,1469715,화물-소형화물,기능정비,엔진 부품,머드가드(뒤좌),교환,CAN-000824
union_standard_time,1469816,화물-소형화물,기능정비,엔진 부품,머드가드(뒤우),탈착,CAN-000823
union_standard_time,1469816,화물-소형화물,기능정비,엔진 부품,머드가드(뒤우),교환,CAN-000822
union_standard_time,3478001,화물-소형화물,소모품 및 하체정비,브레이크/타이어,크러시패드,탈착,CAN-002613
union_standard_time,3478001,화물-소형화물,소모품 및 하체정비,브레이크/타이어,크러시패드,교환,CAN-002612
union_standard_time,3478009,화물-소형화물,기능정비,엔진 부품,콘솔박스,탈착,CAN-002570
union_standard_time,3478009,화물-소형화물,기능정비,엔진 부품,콘솔박스,교환,CAN-002569
union_standard_time,3478020,화물-소형화물,기능정비,에어컨,히터모터(분리식),탈착,CAN-003442
union_standard_time,3478020,화물-소형화물,기능정비,에어컨,히터모터(분리식),교환,CAN-003441
union_standard_time,3478024,화물-소형화물,기능정비,에어컨,에어컨 에바포레이터(화물),탈착,CAN-001819
union_standard_time,3478024,화물-소형화물,기능정비,에어컨,에어컨 에바포레이터(화물),교환,CAN-001818
union_standard_time,3478402,화물-소형화물,기능정비,엔진 부품,프론트 시트(우측),탈착,CAN-003090
union_standard_time,3478402,화물-소형화물,기능정비,엔진 부품,프론트 시트(우측),교환,CAN-003089
union_standard_time,3479019,화물-소형화물,기능정비,에어컨,히터 유니트,탈착,CAN-003452
union_standard_time,3479019,화물-소형화물,기능정비,에어컨,히터 유니트,교환,CAN-003451
union_standard_time,3488008,화물-소형화물,기능정비,엔진 부품,리어 시트,탈착,CAN-000641
union_standard_time,3488008,화물-소형화물,기능정비,엔진 부품,리어 시트,교환,CAN-000640
union_standard_time,3488301,화물-소형화물,기능정비,엔진 부품,프론트 시트(좌측),탈착,CAN-003100
union_standard_time,3488301,화물-소형화물,기능정비,엔진 부품,프론트 시트(좌측),교환,CAN-003099
union_standard_time,3488329,화물-소형화물,기능정비,엔진 부품,시트기어(좌측),탈착,CAN-001519
union_standard_time,3488329,화물-소형화물,기능정비,엔진 부품,시트기어(좌측),교환,CAN-001518
union_standard_time,3488430,화물-소형화물,기능정비,엔진 부품,시트기어(우측),탈착,CAN-001517
union_standard_time,3488430,화물-소형화물,기능정비,엔진 부품,시트기어(우측),교환,CAN-001516
union_standard_time,3499017,화물-소형화물,기능정비,엔진 부품,안전밸트(2점식)NO.1,탈착,CAN-001619
union_standard_time,3499017,화물-소형화물,기능정비,엔진 부품,안전밸트(2점식)NO.1,교환,CAN-001618
union_standard_time,3499018,화물-소형화물,기능정비,엔진 부품,안전밸트(2점식)NO.2,탈착,CAN-001621
union_standard_time,3499018,화물-소형화물,기능정비,엔진 부품,안전밸트(2점식)NO.2,교환,CAN-001620
union_standard_time,3499019,화물-소형화물,기능정비,엔진 부품,안전밸트(2점식)NO.3,탈착,CAN-001623
union_standard_time,3499019,화물-소형화물,기능정비,엔진 부품,안전밸트(2점식)NO.3,교환,CAN-001622
union_standard_time,3499501,화물-소형화물,기능정비,엔진 부품,"안전벨트(앞,좌)",탈착,CAN-001665
union_standard_time,3499501,화물-소형화물,기능정비,엔진 부품,"안전벨트(앞,좌)",교환,CAN-001664
union_standard_time,3499604,화물-소형화물,기능정비,엔진 부품,"안전벨트(앞,우)",탈착,CAN-001661
union_standard_time,3499604,화물-소형화물,기능정비,엔진 부품,"안전벨트(앞,우)",교환,CAN-001660
union_standard_time,3499706,화물-소형화물,기능정비,엔진 부품,"안전벨트(뒤,좌)",탈착,CAN-001657
union_standard_time,3499706,화물-소형화물,기능정비,엔진 부품,"안전벨트(뒤,좌)",교환,CAN-001656
union_standard_time,3499807,화물-소형화물,기능정비,엔진 부품,"안전벨트(뒤,우)",탈착,CAN-001655
union_standard_time,3499807,화물-소형화물,기능정비,엔진 부품,"안전벨트(뒤,우)",교환,CAN-001654
union_standard_time,3508001,화물-소형화물,기능정비,엔진 부품,키셋트,탈착,CAN-002641
union_standard_time,3508001,화물-소형화물,기능정비,엔진 부품,키셋트,교환,CAN-002640
union_standard_time,3508004,화물-소형화물,기능정비,전기 및 램프,크러쉬패드 배선,탈착,CAN-002611
union_standard_time,3508004,화물-소형화물,기능정비,전기 및 램프,크러쉬패드 배선,교환,CAN-002610
union_standard_time,3508006,화물-소형화물,기능정비,전기 및 램프,엔진룸배선,탈착,CAN-001923
union_standard_time,3508006,화물-소형화물,기능정비,전기 및 램프,엔진룸배선,교환,CAN-001922
union_standard_time,3508011,화물-소형화물,기능정비,전기 및 램프,뒷배선,탈착,CAN-000252
union_standard_time,3508011,화물-소형화물,기능정비,전기 및 램프,뒷배선,교환,CAN-000251
union_standard_time,3508020,화물-소형화물,기능정비,엔진 부품,와이퍼 모터 및 링케이지,탈착,CAN-002192
union_standard_time,3508020,화물-소형화물,기능정비,엔진 부품,와이퍼 모터 및 링케이지,교환,CAN-002191
union_standard_time,3508024,화물-소형화물,소모품 및 하체정비,소모품,밧데리,탈착,CAN-000878
union_standard_time,3508024,화물-소형화물,소모품 및 하체정비,소모품,밧데리,교환,CAN-000877
union_standard_time,3509019,화물-소형화물,기능정비,전기 및 램프,컴비네이션 스위치,탈착,CAN-002519
union_standard_time,3509019,화물-소형화물,기능정비,전기 및 램프,컴비네이션 스위치,교환,CAN-002518
union_standard_time,3518001,화물-소형화물,기능정비,에어컨,에어컨 컨덴샤,탈착,CAN-001823
union_standard_time,3518001,화물-소형화물,기능정비,에어컨,에어컨 컨덴샤,교환,CAN-001822
union_standard_time,3518013,화물-소형화물,기능정비,에어컨,에어컨 컴프레샤,탈착,CAN-001825
union_standard_time,3518013,화물-소형화물,기능정비,에어컨,에어컨 컴프레샤,교환,CAN-001824
union_standard_time,3518016,화물-소형화물,기능정비,엔진 부품,라디에이터,탈착,CAN-000315
union_standard_time,3518016,화물-소형화물,기능정비,엔진 부품,라디에이터,교환,CAN-000314
union_standard_time,3518025,화물-소형화물,소모품 및 하체정비,오일류,오일쿨러(미션),탈착,CAN-002164
union_standard_time,3518025,화물-소형화물,소모품 및 하체정비,오일류,오일쿨러(미션),교환,CAN-002163
union_standard_time,3518029,화물-소형화물,기능정비,엔진 부품,라디에이터 리저브탱크,탈착,CAN-000336
union_standard_time,3518029,화물-소형화물,기능정비,엔진 부품,라디에이터 리저브탱크,교환,CAN-000335
union_standard_time,3518030,화물-소형화물,기능정비,전기 및 램프,와셔탱크(앞),탈착,CAN-002186
union_standard_time,3518030,화물-소형화물,기능정비,전기 및 램프,와셔탱크(앞),교환,CAN-002185
union_standard_time,3518032,화물-소형화물,기능정비,엔진 부품,알터네이터,탈착,CAN-001675
union_standard_time,3518032,화물-소형화물,기능정비,엔진 부품,알터네이터,교환,CAN-001674
union_standard_time,3518033,화물-소형화물,기능정비,엔진 부품,스타팅모터,탈착,CAN-001360
union_standard_time,3518033,화물-소형화물,기능정비,엔진 부품,스타팅모터,교환,CAN-001359
union_standard_time,3519003,화물-소형화물,기능정비,에어컨,에어컨 파이프 NO.1,탈착,CAN-001833
union_standard_time,3519003,화물-소형화물,기능정비,에어컨,에어컨 파이프 NO.1,교환,CAN-001832
union_standard_time,3519004,화물-소형화물,기능정비,에어컨,에어컨 파이프 NO.2,탈착,CAN-001837
union_standard_time,3519004,화물-소형화물,기능정비,에어컨,에어컨 파이프 NO.2,교환,CAN-001836
union_standard_time,3519005,화물-소형화물,기능정비,에어컨,에어컨 파이프 NO.3,탈착,CAN-001841
union_standard_time,3519005,화물-소형화물,기능정비,에어컨,에어컨 파이프 NO.3,교환,CAN-001840
union_standard_time,3519006,화물-소형화물,기능정비,에어컨,에어컨 파이프 NO.4,탈착,CAN-001845
union_standard_time,3519006,화물-소형화물,기능정비,에어컨,에어컨 파이프 NO.4,교환,CAN-001844
union_standard_time,3519008,화물-소형화물,기능정비,에어컨,에어컨 개스,교환,CAN-001813
union_standard_time,3519010,화물-소형화물,기능정비,에어컨,에어컨휀,탈착,CAN-001855
union_standard_time,3519010,화물-소형화물,기능정비,에어컨,에어컨휀,교환,CAN-001854
union_standard_time,3519012,화물-소형화물,기능정비,엔진 부품,리시버 드라이탱크,탈착,CAN-000487
union_standard_time,3519012,화물-소형화물,기능정비,엔진 부품,리시버 드라이탱크,교환,CAN-000486
union_standard_time,3519018,화물-소형화물,기능정비,엔진 부품,라디에이터 휀,탈착,CAN-000355
union_standard_time,3519018,화물-소형화물,기능정비,엔진 부품,라디에이터 휀,교환,CAN-000354
union_standard_time,3528001,화물-소형화물,기능정비,전기 및 램프,에어백모듈(운전석),탈착,CAN-001775
union_standard_time,3528001,화물-소형화물,기능정비,전기 및 램프,에어백모듈(운전석),교환,CAN-001774
union_standard_time,3538001,화물-소형화물,기능정비,엔진 부품,컴퓨터(엔진),탈착,CAN-002555
union_standard_time,3538001,화물-소형화물,기능정비,엔진 부품,컴퓨터(엔진),교환,CAN-002554
union_standard_time,3538003,화물-소형화물,기능정비,엔진 부품,컴퓨터(자동밋션),탈착,CAN-002560
union_standard_time,3538003,화물-소형화물,기능정비,엔진 부품,컴퓨터(자동밋션),교환,CAN-002559
union_standard_time,3538006,화물-소형화물,기능정비,전기 및 램프,컴퓨터(에어백),탈착,CAN-002553
union_standard_time,3538006,화물-소형화물,기능정비,전기 및 램프,컴퓨터(에어백),교환,CAN-002552
union_standard_time,3549025,화물-소형화물,판금/도장정비,판금(탈부착),운전석 백패널 트림,탈착,CAN-002211
union_standard_time,3549025,화물-소형화물,판금/도장정비,판금(탈부착),운전석 백패널 트림,교환,CAN-002210
union_standard_time,3549301,화물-소형화물,기능정비,엔진 부품,프론트 필러 트림(좌측),탈착,CAN-003178
union_standard_time,3549301,화물-소형화물,기능정비,엔진 부품,프론트 필러 트림(좌측),교환,CAN-003177
union_standard_time,3549305,화물-소형화물,기능정비,엔진 부품,리어 필러 트림(좌측),탈착,CAN-000764
union_standard_time,3549305,화물-소형화물,기능정비,엔진 부품,리어 필러 트림(좌측),교환,CAN-000763
union_standard_time,3549402,화물-소형화물,기능정비,엔진 부품,프론트 필러 트림(우측),탈착,CAN-003176
union_standard_time,3549402,화물-소형화물,기능정비,엔진 부품,프론트 필러 트림(우측),교환,CAN-003175
union_standard_time,3549406,화물-소형화물,기능정비,엔진 부품,리어 필러 트림(우측),탈착,CAN-000762
union_standard_time,3549406,화물-소형화물,기능정비,엔진 부품,리어 필러 트림(우측),교환,CAN-000761
union_standard_time,3558024,화물-소형화물,기능정비,엔진 부품,바닥메트,탈착,CAN-000872
union_standard_time,3558024,화물-소형화물,기능정비,엔진 부품,바닥메트,교환,CAN-000871
union_standard_time,3568001,화물-소형화물,기능정비,엔진 부품,안테나,탈착,CAN-001673
union_standard_time,3568001,화물-소형화물,기능정비,엔진 부품,안테나,교환,CAN-001672
union_standard_time,3578101,화물-소형화물,기능정비,엔진 부품,앞유리(접착식),탈착,CAN-001717
union_standard_time,3578101,화물-소형화물,기능정비,엔진 부품,앞유리(접착식),교환,CAN-001716
union_standard_time,3578202,화물-소형화물,기능정비,엔진 부품,뒷유리(접착식),탈착,CAN-000258
union_standard_time,3578202,화물-소형화물,기능정비,엔진 부품,뒷유리(접착식),교환,CAN-000257
union_standard_time,3578321,화물-소형화물,기능정비,엔진 부품,고정창 사각유리(좌측),탈착,CAN-000121
union_standard_time,3578321,화물-소형화물,기능정비,엔진 부품,고정창 사각유리(좌측),교환,CAN-000120
union_standard_time,3578422,화물-소형화물,기능정비,엔진 부품,고정창 사각유리(우측),탈착,CAN-000119
union_standard_time,3578422,화물-소형화물,기능정비,엔진 부품,고정창 사각유리(우측),교환,CAN-000118
union_standard_time,3578503,화물-소형화물,판금/도장정비,판금(탈부착),"문짝사각유리(앞,좌)",탈착,CAN-000852
union_standard_time,3578503,화물-소형화물,판금/도장정비,판금(탈부착),"문짝사각유리(앞,좌)",교환,CAN-000851
union_standard_time,3578517,화물-소형화물,판금/도장정비,판금(탈부착),"문짝삼각유리(앞,좌)",탈착,CAN-000860
union_standard_time,3578517,화물-소형화물,판금/도장정비,판금(탈부착),"문짝삼각유리(앞,좌)",교환,CAN-000859
union_standard_time,3578523,화물-소형화물,기능정비,엔진 부품,프론트 필러 고정유리(좌측),교환,CAN-003167
union_standard_time,3578604,화물-소형화물,판금/도장정비,판금(탈부착),"문짝사각유리(앞,우)",탈착,CAN-000850
union_standard_time,3578604,화물-소형화물,판금/도장정비,판금(탈부착),"문짝사각유리(앞,우)",교환,CAN-000849
union_standard_time,3578618,화물-소형화물,판금/도장정비,판금(탈부착),"문짝삼각유리(앞,우)",탈착,CAN-000858
union_standard_time,3578618,화물-소형화물,판금/도장정비,판금(탈부착),"문짝삼각유리(앞,우)",교환,CAN-000857
union_standard_time,3578624,화물-소형화물,기능정비,엔진 부품,프론트 필러 고정유리(우측),교환,CAN-003165
union_standard_time,3578705,화물-소형화물,판금/도장정비,판금(탈부착),"문짝사각유리(뒤,좌)",탈착,CAN-000848
union_standard_time,3578705,화물-소형화물,판금/도장정비,판금(탈부착),"문짝사각유리(뒤,좌)",교환,CAN-000847
union_standard_time,3578806,화물-소형화물,판금/도장정비,판금(탈부착),"문짝사각유리(뒤,우)",탈착,CAN-000846
union_standard_time,3578806,화물-소형화물,판금/도장정비,판금(탈부착),"문짝사각유리(뒤,우)",교환,CAN-000845
union_standard_time,5588004,화물-소형화물,기능정비,엔진 부품,엔진 ASSY(V형),탈착,CAN-001908
union_standard_time,5588004,화물-소형화물,기능정비,엔진 부품,엔진 ASSY(V형),교환,CAN-001906
union_standard_time,5588004,화물-소형화물,기능정비,엔진 부품,엔진 ASSY(V형),오버홀,CAN-001907
union_standard_time,5588006,화물-소형화물,기능정비,엔진 부품,엔진 ASSY,탈착,CAN-001913
union_standard_time,5588006,화물-소형화물,기능정비,엔진 부품,엔진 ASSY,교환,CAN-001911
union_standard_time,5588006,화물-소형화물,기능정비,엔진 부품,엔진 ASSY,오버홀,CAN-001912
union_standard_time,5588013,화물-소형화물,기능정비,엔진 부품,"엔진 ASSY(V형,쇼트엔진)",교환,CAN-001909
union_standard_time,5588015,화물-소형화물,기능정비,엔진 부품,쇼트엔진,교환,CAN-001327
union_standard_time,5598003,화물-소형화물,기능정비,엔진 부품,"실린더헤드(V형,#1)",오버홀,CAN-001564
union_standard_time,5598004,화물-소형화물,기능정비,엔진 부품,"실린더헤드(V형,#2)",오버홀,CAN-001567
union_standard_time,5598007,화물-소형화물,기능정비,엔진 부품,실린더헤드,오버홀,CAN-001572
union_standard_time,5599015,화물-소형화물,기능정비,엔진 부품,엔진 마운틴 및 브라켓(앞),탈착,CAN-001970
union_standard_time,5599015,화물-소형화물,기능정비,엔진 부품,엔진 마운틴 및 브라켓(앞),교환,CAN-001969
union_standard_time,5599016,화물-소형화물,기능정비,엔진 부품,엔진 마운틴 및 브라켓(뒤),탈착,CAN-001958
union_standard_time,5599016,화물-소형화물,기능정비,엔진 부품,엔진 마운틴 및 브라켓(뒤),교환,CAN-001957
union_standard_time,5599311,화물-소형화물,기능정비,엔진 부품,엔진 마운틴 및 브라켓(좌측),탈착,CAN-001980
union_standard_time,5599311,화물-소형화물,기능정비,엔진 부품,엔진 마운틴 및 브라켓(좌측),교환,CAN-001979
union_standard_time,5599413,화물-소형화물,기능정비,엔진 부품,엔진 마운틴 및 브라켓(우측),탈착,CAN-001976
union_standard_time,5599413,화물-소형화물,기능정비,엔진 부품,엔진 마운틴 및 브라켓(우측),교환,CAN-001975
union_standard_time,5608001,화물-소형화물,기능정비,엔진 부품,타이밍커버,탈착,CAN-002673
union_standard_time,5608001,화물-소형화물,기능정비,엔진 부품,타이밍커버,교환,CAN-002672
union_standard_time,5608006,화물-소형화물,기능정비,엔진 부품,타이밍 밸트,탈착,CAN-002651
union_standard_time,5608006,화물-소형화물,기능정비,엔진 부품,타이밍 밸트,교환,CAN-002650
union_standard_time,5608007,화물-소형화물,기능정비,엔진 부품,타이밍 기어,탈착,CAN-002649
union_standard_time,5608007,화물-소형화물,기능정비,엔진 부품,타이밍 기어,교환,CAN-002648
union_standard_time,5618001,화물-소형화물,소모품 및 하체정비,소모품,에어크리너,탈착,CAN-001867
union_standard_time,5618001,화물-소형화물,소모품 및 하체정비,소모품,에어크리너,교환,CAN-001866
union_standard_time,5638001,화물-소형화물,소모품 및 하체정비,오일류,엔진오일팬,탈착,CAN-001993
union_standard_time,5638001,화물-소형화물,소모품 및 하체정비,오일류,엔진오일팬,교환,CAN-001992
union_standard_time,5638006,화물-소형화물,소모품 및 하체정비,오일류,엔진오일 펌프,탈착,CAN-001999
union_standard_time,5638006,화물-소형화물,소모품 및 하체정비,오일류,엔진오일 펌프,교환,CAN-001998
union_standard_time,5638009,화물-소형화물,기능정비,엔진 부품,워터펌프,탈착,CAN-002230
union_standard_time,5638009,화물-소형화물,기능정비,엔진 부품,워터펌프,교환,CAN-002229
union_standard_time,5638019,화물-소형화물,소모품 및 하체정비,하체 부품,파워스티어링 펌프,탈착,CAN-002852
union_standard_time,5638019,화물-소형화물,소모품 및 하체정비,하체 부품,파워스티어링 펌프,교환,CAN-002851
union_standard_time,5648001,화물-소형화물,기능정비,엔진 부품,흡기매니홀드,탈착,CAN-003434
union_standard_time,5648001,화물-소형화물,기능정비,엔진 부품,흡기매니홀드,교환,CAN-003433
union_standard_time,5648004,화물-소형화물,기능정비,엔진 부품,흡기매니홀드(V형),탈착,CAN-003430
union_standard_time,5648004,화물-소형화물,기능정비,엔진 부품,흡기매니홀드(V형),교환,CAN-003429
union_standard_time,5648006,화물-소형화물,기능정비,엔진 부품,배기매니홀드,탈착,CAN-000903
union_standard_time,5648006,화물-소형화물,기능정비,엔진 부품,배기매니홀드,교환,CAN-000902
union_standard_time,5648009,화물-소형화물,기능정비,엔진 부품,배기매니홀드(V형 NO.1),탈착,CAN-000895
union_standard_time,5648009,화물-소형화물,기능정비,엔진 부품,배기매니홀드(V형 NO.1),교환,CAN-000894
union_standard_time,5648010,화물-소형화물,기능정비,엔진 부품,배기매니홀드(V형 NO.2),탈착,CAN-000897
union_standard_time,5648010,화물-소형화물,기능정비,엔진 부품,배기매니홀드(V형 NO.2),교환,CAN-000896
union_standard_time,5658003,화물-소형화물,기능정비,엔진 부품,배가파이프1번(프론트),탈착,CAN-000889
union_standard_time,5658003,화물-소형화물,기능정비,엔진 부품,배가파이프1번(프론트),교환,CAN-000888
union_standard_time,5658006,화물-소형화물,기능정비,엔진 부품,"배가파이프1번(프론트,V형 NO.1)",탈착,CAN-000883
union_standard_time,5658006,화물-소형화물,기능정비,엔진 부품,"배가파이프1번(프론트,V형 NO.1)",교환,CAN-000882
union_standard_time,5658007,화물-소형화물,기능정비,엔진 부품,"배가파이프1번(프론트,V형 NO.2)",탈착,CAN-000885
union_standard_time,5658007,화물-소형화물,기능정비,엔진 부품,"배가파이프1번(프론트,V형 NO.2)",교환,CAN-000884
union_standard_time,5658008,화물-소형화물,기능정비,엔진 부품,배기파이프2번(미들),탈착,CAN-000933
union_standard_time,5658008,화물-소형화물,기능정비,엔진 부품,배기파이프2번(미들),교환,CAN-000932
union_standard_time,5658010,화물-소형화물,기능정비,엔진 부품,배기파이프3번(머플러),탈착,CAN-000939
union_standard_time,5658010,화물-소형화물,기능정비,엔진 부품,배기파이프3번(머플러),교환,CAN-000938
union_standard_time,5668001,화물-소형화물,기능정비,엔진 부품,연료탱크,탈착,CAN-002034
union_standard_time,5668001,화물-소형화물,기능정비,엔진 부품,연료탱크,교환,CAN-002032
union_standard_time,5668001,화물-소형화물,기능정비,엔진 부품,연료탱크,오버홀,CAN-002033
union_standard_time,5668003,화물-소형화물,기능정비,엔진 부품,인젝션(연료)펌프,탈착,CAN-002274
union_standard_time,5668003,화물-소형화물,기능정비,엔진 부품,인젝션(연료)펌프,교환,CAN-002272
union_standard_time,5668012,화물-소형화물,소모품 및 하체정비,소모품,연료 세디멘터 및 필터,탈착,CAN-002027
union_standard_time,5668012,화물-소형화물,소모품 및 하체정비,소모품,연료 세디멘터 및 필터,교환,CAN-002026
union_standard_time,5668016,화물-소형화물,기능정비,엔진 부품,LPG봄베,탈착,CAN-000082
union_standard_time,5668016,화물-소형화물,기능정비,엔진 부품,LPG봄베,교환,CAN-000081
union_standard_time,5668017,화물-소형화물,기능정비,엔진 부품,LPG 믹서,탈착,CAN-000080
union_standard_time,5668017,화물-소형화물,기능정비,엔진 부품,LPG 믹서,교환,CAN-000079
union_standard_time,5678001,화물-소형화물,소모품 및 하체정비,오일류,오일쿨러,탈착,CAN-002162
union_standard_time,5678001,화물-소형화물,소모품 및 하체정비,오일류,오일쿨러,교환,CAN-002161
union_standard_time,5678005,화물-소형화물,기능정비,엔진 부품,터보챠져(과급기),탈착,CAN-002705
union_standard_time,5678005,화물-소형화물,기능정비,엔진 부품,터보챠져(과급기),교환,CAN-002704
union_standard_time,5678006,화물-소형화물,기능정비,엔진 부품,인터쿨러,탈착,CAN-002299
union_standard_time,5678006,화물-소형화물,기능정비,엔진 부품,인터쿨러,교환,CAN-002298
union_standard_time,7688001,화물-소형화물,기능정비,엔진 부품,트랜스미션(M/T),탈착,CAN-002732
union_standard_time,7688001,화물-소형화물,기능정비,엔진 부품,트랜스미션(M/T),교환,CAN-002730
union_standard_time,7688001,화물-소형화물,기능정비,엔진 부품,트랜스미션(M/T),오버홀,CAN-002731
union_standard_time,7688002,화물-소형화물,기능정비,엔진 부품,트랜스미션(A/T),탈착,CAN-002725
union_standard_time,7688002,화물-소형화물,기능정비,엔진 부품,트랜스미션(A/T),교환,CAN-002723
union_standard_time,7688002,화물-소형화물,기능정비,엔진 부품,트랜스미션(A/T),오버홀,CAN-002724
union_standard_time,7688007,화물-소형화물,소모품 및 하체정비,오일류,자동변속기오일팬,탈착,CAN-002305
union_standard_time,7688007,화물-소형화물,소모품 및 하체정비,오일류,자동변속기오일팬,교환,CAN-002304
union_standard_time,7689016,화물-소형화물,기능정비,엔진 부품,체인지레버,탈착,CAN-002429
union_standard_time,7689016,화물-소형화물,기능정비,엔진 부품,체인지레버,교환,CAN-002428
union_standard_time,7689017,화물-소형화물,기능정비,엔진 부품,체인지레버(M/T),탈착,CAN-002427
union_standard_time,7689017,화물-소형화물,기능정비,엔진 부품,체인지레버(M/T),교환,CAN-002426
union_standard_time,7689018,화물-소형화물,기능정비,엔진 부품,체인지레버(A/T),탈착,CAN-002425
union_standard_time,7689018,화물-소형화물,기능정비,엔진 부품,체인지레버(A/T),교환,CAN-002424
union_standard_time,7698006,화물-소형화물,기능정비,엔진 부품,프로펠라샤프트(앞),탈착,CAN-002932
union_standard_time,7698006,화물-소형화물,기능정비,엔진 부품,프로펠라샤프트(앞),교환,CAN-002931
union_standard_time,7698007,화물-소형화물,기능정비,엔진 부품,프로펠라샤프트(뒤),탈착,CAN-002930
union_standard_time,7698007,화물-소형화물,기능정비,엔진 부품,프로펠라샤프트(뒤),교환,CAN-002929
union_standard_time,7698014,화물-소형화물,기능정비,엔진 부품,프론트 액슬,탈착,CAN-003103
union_standard_time,7698014,화물-소형화물,기능정비,엔진 부품,프론트 액슬,교환,CAN-003101
union_standard_time,7698310,화물-소형화물,소모품 및 하체정비,하체 부품,프론트 서스펜션ASSY(좌측),탈착,CAN-003068
union_standard_time,7698310,화물-소형화물,소모품 및 하체정비,하체 부품,프론트 서스펜션ASSY(좌측),교환,CAN-003066
union_standard_time,7698310,화물-소형화물,소모품 및 하체정비,하체 부품,프론트 서스펜션ASSY(좌측),오버홀,CAN-003067
union_standard_time,7698411,화물-소형화물,소모품 및 하체정비,하체 부품,프론트 서스펜션ASSY(우측),탈착,CAN-003065
union_standard_time,7698411,화물-소형화물,소모품 및 하체정비,하체 부품,프론트 서스펜션ASSY(우측),교환,CAN-003063
union_standard_time,7698411,화물-소형화물,소모품 및 하체정비,하체 부품,프론트 서스펜션ASSY(우측),오버홀,CAN-003064
union_standard_time,7708505,화물-소형화물,기능정비,엔진 부품,판스프링(앞좌),탈착,CAN-002888
union_standard_time,7708505,화물-소형화물,기능정비,엔진 부품,판스프링(앞좌),교환,CAN-002886
union_standard_time,7708606,화물-소형화물,기능정비,엔진 부품,판스프링(앞우),탈착,CAN-002885
union_standard_time,7708606,화물-소형화물,기능정비,엔진 부품,판스프링(앞우),교환,CAN-002883
union_standard_time,7708707,화물-소형화물,기능정비,엔진 부품,판스프링(뒤좌),탈착,CAN-002882
union_standard_time,7708707,화물-소형화물,기능정비,엔진 부품,판스프링(뒤좌),교환,CAN-002880
union_standard_time,7708809,화물-소형화물,기능정비,엔진 부품,판스프링(뒤우),탈착,CAN-002879
union_standard_time,7708809,화물-소형화물,기능정비,엔진 부품,판스프링(뒤우),교환,CAN-002877
union_standard_time,7709501,화물-소형화물,기능정비,엔진 부품,쇽업쇼버(앞좌),탈착,CAN-001349
union_standard_time,7709501,화물-소형화물,기능정비,엔진 부품,쇽업쇼버(앞좌),교환,CAN-001347
union_standard_time,7709602,화물-소형화물,기능정비,엔진 부품,쇽업쇼버(앞우),탈착,CAN-001346
union_standard_time,7709602,화물-소형화물,기능정비,엔진 부품,쇽업쇼버(앞우),교환,CAN-001344
union_standard_time,7709703,화물-소형화물,기능정비,엔진 부품,쇽업쇼버(뒤좌),탈착,CAN-001339
union_standard_time,7709703,화물-소형화물,기능정비,엔진 부품,쇽업쇼버(뒤좌),교환,CAN-001338
union_standard_time,7709804,화물-소형화물,기능정비,엔진 부품,쇽업쇼버(뒤우),탈착,CAN-001337
union_standard_time,7709804,화물-소형화물,기능정비,엔진 부품,쇽업쇼버(뒤우),교환,CAN-001336
union_standard_time,7718022,화물-소형화물,기능정비,엔진 부품,리어액슬하우징 ASSY,탈착,CAN-000696
union_standard_time,7718022,화물-소형화물,기능정비,엔진 부품,리어액슬하우징 ASSY,교환,CAN-000694
union_standard_time,7718022,화물-소형화물,기능정비,엔진 부품,리어액슬하우징 ASSY,오버홀,CAN-000695
union_standard_time,7719510,화물-소형화물,소모품 및 하체정비,하체 부품,허브(앞좌),오버홀,CAN-003265
union_standard_time,7719611,화물-소형화물,소모품 및 하체정비,하체 부품,허브(앞우),오버홀,CAN-003263
union_standard_time,7719712,화물-소형화물,소모품 및 하체정비,하체 부품,허브(뒤좌),오버홀,CAN-003261
union_standard_time,7719813,화물-소형화물,소모품 및 하체정비,하체 부품,허브(뒤우),오버홀,CAN-003259
union_standard_time,7728005,화물-소형화물,기능정비,엔진 부품,디퍼런셜 기어,탈착,CAN-000294
union_standard_time,7728005,화물-소형화물,기능정비,엔진 부품,디퍼런셜 기어,교환,CAN-000292
union_standard_time,7728005,화물-소형화물,기능정비,엔진 부품,디퍼런셜 기어,오버홀,CAN-000293
union_standard_time,7728012,화물-소형화물,소모품 및 하체정비,브레이크/타이어,타이어#1,교환,CAN-002681
union_standard_time,7728013,화물-소형화물,소모품 및 하체정비,브레이크/타이어,타이어#2,교환,CAN-002682
union_standard_time,7728014,화물-소형화물,소모품 및 하체정비,브레이크/타이어,타이어#3,교환,CAN-002683
union_standard_time,7728015,화물-소형화물,소모품 및 하체정비,브레이크/타이어,타이어#4,교환,CAN-002684
union_standard_time,7728016,화물-소형화물,소모품 및 하체정비,브레이크/타이어,타이어#5,교환,CAN-002685
union_standard_time,7728017,화물-소형화물,소모품 및 하체정비,브레이크/타이어,타이어#6,교환,CAN-002686
union_standard_time,7728027,화물-소형화물,소모품 및 하체정비,하체 부품,스티어링 컬럼ASSY,탈착,CAN-001401
union_standard_time,7728027,화물-소형화물,소모품 및 하체정비,하체 부품,스티어링 컬럼ASSY,교환,CAN-001400
union_standard_time,7728031,화물-소형화물,소모품 및 하체정비,하체 부품,파워스티어링기어,탈착,CAN-002834
union_standard_time,7728031,화물-소형화물,소모품 및 하체정비,하체 부품,파워스티어링기어,교환,CAN-002833
union_standard_time,7728033,화물-소형화물,소모품 및 하체정비,하체 부품,메뉴얼스티어링기어,탈착,CAN-000833
union_standard_time,7728033,화물-소형화물,소모품 및 하체정비,하체 부품,메뉴얼스티어링기어,교환,CAN-000832
union_standard_time,7728045,화물-소형화물,기능정비,전기 및 램프,ABS 하이드로릭 유니트,탈착,CAN-000010
union_standard_time,7728045,화물-소형화물,기능정비,전기 및 램프,ABS 하이드로릭 유니트,교환,CAN-000009
union_standard_time,7728051,화물-소형화물,소모품 및 하체정비,브레이크/타이어,브레이크부스터&마스터 실린더,탈착,CAN-001085
union_standard_time,7728051,화물-소형화물,소모품 및 하체정비,브레이크/타이어,브레이크부스터&마스터 실린더,교환,CAN-001084
union_standard_time,7728054,화물-소형화물,소모품 및 하체정비,브레이크/타이어,브레이크&클러치페달,탈착,CAN-001077
union_standard_time,7728054,화물-소형화물,소모품 및 하체정비,브레이크/타이어,브레이크&클러치페달,교환,CAN-001076
union_standard_time,7728059,화물-소형화물,소모품 및 하체정비,브레이크/타이어,클러치 및 브레이크패달 브라켓,탈착,CAN-002631
union_standard_time,7728059,화물-소형화물,소모품 및 하체정비,브레이크/타이어,클러치 및 브레이크패달 브라켓,교환,CAN-002630
union_standard_time,7728066,화물-소형화물,기능정비,엔진 부품,클러치 마스터 실린더,탈착,CAN-002627
union_standard_time,7728066,화물-소형화물,기능정비,엔진 부품,클러치 마스터 실린더,교환,CAN-002626
union_standard_time,7728508,화물-소형화물,소모품 및 하체정비,브레이크/타이어,"타이어(앞,좌)",교환,CAN-002694
union_standard_time,7728609,화물-소형화물,소모품 및 하체정비,브레이크/타이어,"타이어(앞,우)",교환,CAN-002693
union_standard_time,7728710,화물-소형화물,소모품 및 하체정비,브레이크/타이어,"타이어(뒤,좌)",교환,CAN-002691
union_standard_time,7728811,화물-소형화물,소모품 및 하체정비,브레이크/타이어,"타이어(뒤,우)",교환,CAN-002690
union_standard_time,7729026,화물-소형화물,소모품 및 하체정비,하체 부품,스티어링 휠,탈착,CAN-001407
union_standard_time,7729026,화물-소형화물,소모품 및 하체정비,하체 부품,스티어링 휠,교환,CAN-001406
union_standard_time,7729060,화물-소형화물,소모품 및 하체정비,브레이크/타이어,사이드 브레이크(핸드식),탈착,CAN-001173
union_standard_time,7729060,화물-소형화물,소모품 및 하체정비,브레이크/타이어,사이드 브레이크(핸드식),교환,CAN-001172
union_standard_time,7729546,화물-소형화물,기능정비,전기 및 램프,"ABS 센서(앞,좌)",탈착,CAN-000008
union_standard_time,7729546,화물-소형화물,기능정비,전기 및 램프,"ABS 센서(앞,좌)",교환,CAN-000007
union_standard_time,7729647,화물-소형화물,기능정비,전기 및 램프,"ABS 센서(앞,우)",탈착,CAN-000006
union_standard_time,7729647,화물-소형화물,기능정비,전기 및 램프,"ABS 센서(앞,우)",교환,CAN-000005
union_standard_time,7729748,화물-소형화물,기능정비,전기 및 램프,"ABS 센서(뒤,좌)",탈착,CAN-000004
union_standard_time,7729748,화물-소형화물,기능정비,전기 및 램프,"ABS 센서(뒤,좌)",교환,CAN-000003
union_standard_time,7729849,화물-소형화물,기능정비,전기 및 램프,"ABS 센서(뒤,우)",탈착,CAN-000002
union_standard_time,7729849,화물-소형화물,기능정비,전기 및 램프,"ABS 센서(뒤,우)",교환,CAN-000001
union_standard_time,7738001,화물-소형화물,기능정비,엔진 부품,각종계기케이블,탈착,CAN-000112
union_standard_time,7738001,화물-소형화물,기능정비,엔진 부품,각종계기케이블,교환,CAN-000111
union_standard_time,7738005,화물-소형화물,기능정비,엔진 부품,호이스트실린더,탈착,CAN-003308
union_standard_time,7738005,화물-소형화물,기능정비,엔진 부품,호이스트실린더,교환,CAN-003306
union_standard_time,7738005,화물-소형화물,기능정비,엔진 부품,호이스트실린더,오버홀,CAN-003307
union_standard_time,1018101,화물-중형화물,판금/도장정비,판금(탈부착),프론트 범퍼,탈착,CAN-002997
union_standard_time,1018101,화물-중형화물,판금/도장정비,판금(탈부착),프론트 범퍼,교환,CAN-002995
union_standard_time,1018101,화물-중형화물,판금/도장정비,판금(탈부착),프론트 범퍼,오버홀,CAN-002996
union_standard_time,1028101,화물-중형화물,기능정비,엔진 부품,라디에이터그릴,탈착,CAN-000320
union_standard_time,1028101,화물-중형화물,기능정비,엔진 부품,라디에이터그릴,교환,CAN-000318
union_standard_time,1038101,화물-중형화물,판금/도장정비,판금(탈부착),후드,탈착,CAN-003318
union_standard_time,1038101,화물-중형화물,판금/도장정비,판금(탈부착),후드,교환,CAN-003316
union_standard_time,1038101,화물-중형화물,판금/도장정비,판금(탈부착),후드,오버홀,CAN-003317
union_standard_time,1039106,화물-중형화물,판금/도장정비,판금(탈부착),후드 록크,탈착,CAN-003321
union_standard_time,1039106,화물-중형화물,판금/도장정비,판금(탈부착),후드 록크,교환,CAN-003320
union_standard_time,1039107,화물-중형화물,판금/도장정비,판금(탈부착),후드 케이블,탈착,CAN-003357
union_standard_time,1039107,화물-중형화물,판금/도장정비,판금(탈부착),후드 케이블,교환,CAN-003356
union_standard_time,1039302,화물-중형화물,판금/도장정비,판금(탈부착),후드 힌지(좌측),탈착,CAN-003363
union_standard_time,1039302,화물-중형화물,판금/도장정비,판금(탈부착),후드 힌지(좌측),교환,CAN-003362
union_standard_time,1039403,화물-중형화물,판금/도장정비,판금(탈부착),후드 힌지(우측),탈착,CAN-003361
union_standard_time,1039403,화물-중형화물,판금/도장정비,판금(탈부착),후드 힌지(우측),교환,CAN-003360
union_standard_time,1048101,화물-중형화물,판금/도장정비,판금(탈부착),프론트 패널 ASSY,교환,CAN-003128
union_standard_time,1048102,화물-중형화물,판금/도장정비,판금(탈부착),프론트 패널 ASSY(조립식),탈착,CAN-003134
union_standard_time,1048102,화물-중형화물,판금/도장정비,판금(탈부착),프론트 패널 ASSY(조립식),교환,CAN-003132
union_standard_time,1048122,화물-중형화물,판금/도장정비,판금(탈부착),앞패널 어퍼크로스멤버,교환,CAN-001729
union_standard_time,1048123,화물-중형화물,판금/도장정비,판금(탈부착),보드인너패널(내측앞패널),교환,CAN-001048
union_standard_time,1048124,화물-중형화물,판금/도장정비,판금(탈부착),앞패널 센타크로스멤버,교환,CAN-001728
union_standard_time,1048125,화물-중형화물,판금/도장정비,판금(탈부착),앞패널 로워크로스멤버,교환,CAN-001727
union_standard_time,1058301,화물-중형화물,기능정비,전기 및 램프,헤드램프(좌측),탈착,CAN-003301
union_standard_time,1058301,화물-중형화물,기능정비,전기 및 램프,헤드램프(좌측),교환,CAN-003300
union_standard_time,1058320,화물-중형화물,기능정비,전기 및 램프,시그널램프(좌측),탈착,CAN-001503
union_standard_time,1058320,화물-중형화물,기능정비,전기 및 램프,시그널램프(좌측),교환,CAN-001502
union_standard_time,1058402,화물-중형화물,기능정비,전기 및 램프,헤드램프(우측),탈착,CAN-003299
union_standard_time,1058402,화물-중형화물,기능정비,전기 및 램프,헤드램프(우측),교환,CAN-003298
union_standard_time,1058421,화물-중형화물,기능정비,전기 및 램프,시그널램프(우측),탈착,CAN-001501
union_standard_time,1058421,화물-중형화물,기능정비,전기 및 램프,시그널램프(우측),교환,CAN-001500
union_standard_time,1059326,화물-중형화물,기능정비,전기 및 램프,포그램프(좌측),탈착,CAN-002911
union_standard_time,1059326,화물-중형화물,기능정비,전기 및 램프,포그램프(좌측),교환,CAN-002910
union_standard_time,1059427,화물-중형화물,기능정비,전기 및 램프,포그램프(우측),탈착,CAN-002909
union_standard_time,1059427,화물-중형화물,기능정비,전기 및 램프,포그램프(우측),교환,CAN-002908
union_standard_time,1068307,화물-중형화물,판금/도장정비,판금(탈부착),코너패널(좌측),탈착,CAN-002565
union_standard_time,1068307,화물-중형화물,판금/도장정비,판금(탈부착),코너패널(좌측),교환,CAN-002564
union_standard_time,1068408,화물-중형화물,판금/도장정비,판금(탈부착),코너패널(우측),탈착,CAN-002563
union_standard_time,1068408,화물-중형화물,판금/도장정비,판금(탈부착),코너패널(우측),교환,CAN-002562
union_standard_time,1088304,화물-중형화물,판금/도장정비,판금(탈부착),앞도어필러(좌측),교환,CAN-001691
union_standard_time,1088307,화물-중형화물,기능정비,엔진 부품,윈도우 필러(좌측),교환,CAN-002239
union_standard_time,1088413,화물-중형화물,판금/도장정비,판금(탈부착),앞도어필러(우측),교환,CAN-001689
union_standard_time,1088416,화물-중형화물,기능정비,엔진 부품,윈도우 필러(우측),교환,CAN-002237
union_standard_time,1128311,화물-중형화물,판금/도장정비,판금(탈부착),"앞도어(좌,화물)",탈착,CAN-001687
union_standard_time,1128311,화물-중형화물,판금/도장정비,판금(탈부착),"앞도어(좌,화물)",교환,CAN-001685
union_standard_time,1128311,화물-중형화물,판금/도장정비,판금(탈부착),"앞도어(좌,화물)",오버홀,CAN-001686
union_standard_time,1128312,화물-중형화물,판금/도장정비,판금(탈부착),"앞도어(좌,전동,화물)",탈착,CAN-001684
union_standard_time,1128312,화물-중형화물,판금/도장정비,판금(탈부착),"앞도어(좌,전동,화물)",교환,CAN-001682
union_standard_time,1128312,화물-중형화물,판금/도장정비,판금(탈부착),"앞도어(좌,전동,화물)",오버홀,CAN-001683
union_standard_time,1128314,화물-중형화물,판금/도장정비,판금(탈부착),"앞도어(우,전동,화물)",탈착,CAN-001678
union_standard_time,1128314,화물-중형화물,판금/도장정비,판금(탈부착),"앞도어(우,전동,화물)",교환,CAN-001676
union_standard_time,1128314,화물-중형화물,판금/도장정비,판금(탈부착),"앞도어(우,전동,화물)",오버홀,CAN-001677
union_standard_time,1128413,화물-중형화물,판금/도장정비,판금(탈부착),"앞도어(우,화물)",탈착,CAN-001681
union_standard_time,1128413,화물-중형화물,판금/도장정비,판금(탈부착),"앞도어(우,화물)",교환,CAN-001679
union_standard_time,1128413,화물-중형화물,판금/도장정비,판금(탈부착),"앞도어(우,화물)",오버홀,CAN-001680
union_standard_time,1138313,화물-중형화물,판금/도장정비,판금(탈부착),"뒤도어(좌,화물)",탈착,CAN-000178
union_standard_time,1138313,화물-중형화물,판금/도장정비,판금(탈부착),"뒤도어(좌,화물)",교환,CAN-000176
union_standard_time,1138313,화물-중형화물,판금/도장정비,판금(탈부착),"뒤도어(좌,화물)",오버홀,CAN-000177
union_standard_time,1138314,화물-중형화물,판금/도장정비,판금(탈부착),"뒤도어(좌,전동,화물)",탈착,CAN-000175
union_standard_time,1138314,화물-중형화물,판금/도장정비,판금(탈부착),"뒤도어(좌,전동,화물)",교환,CAN-000173
union_standard_time,1138314,화물-중형화물,판금/도장정비,판금(탈부착),"뒤도어(좌,전동,화물)",오버홀,CAN-000174
union_standard_time,1138415,화물-중형화물,판금/도장정비,판금(탈부착),"뒤도어(우,화물)",탈착,CAN-000172
union_standard_time,1138415,화물-중형화물,판금/도장정비,판금(탈부착),"뒤도어(우,화물)",교환,CAN-000170
union_standard_time,1138415,화물-중형화물,판금/도장정비,판금(탈부착),"뒤도어(우,화물)",오버홀,CAN-000171
union_standard_time,1138416,화물-중형화물,판금/도장정비,판금(탈부착),"뒤도어(우,전동,화물)",탈착,CAN-000169
union_standard_time,1138416,화물-중형화물,판금/도장정비,판금(탈부착),"뒤도어(우,전동,화물)",교환,CAN-000167
union_standard_time,1138416,화물-중형화물,판금/도장정비,판금(탈부착),"뒤도어(우,전동,화물)",오버홀,CAN-000168
union_standard_time,1169301,화물-중형화물,기능정비,엔진 부품,사이드 미러(좌측),탈착,CAN-001156
union_standard_time,1169301,화물-중형화물,기능정비,엔진 부품,사이드 미러(좌측),교환,CAN-001154
union_standard_time,1169404,화물-중형화물,기능정비,엔진 부품,사이드 미러(우측),탈착,CAN-001144
union_standard_time,1169404,화물-중형화물,기능정비,엔진 부품,사이드 미러(우측),교환,CAN-001142
union_standard_time,1178301,화물-중형화물,기능정비,엔진 부품,센터 필러 ASSY(좌측),교환,CAN-001304
union_standard_time,1178309,화물-중형화물,기능정비,엔진 부품,"센터 필러(인너,좌)",교환,CAN-001312
union_standard_time,1178405,화물-중형화물,기능정비,엔진 부품,센터 필러 ASSY(우측),교환,CAN-001303
union_standard_time,1178410,화물-중형화물,기능정비,엔진 부품,"센터 필러(인너,우)",교환,CAN-001311
union_standard_time,1188301,화물-중형화물,판금/도장정비,판금(탈부착),사이드스텝패널ASSY(좌측),교환,CAN-001193
union_standard_time,1188405,화물-중형화물,판금/도장정비,판금(탈부착),사이드스텝패널ASSY(우측),교환,CAN-001192
union_standard_time,1198016,화물-중형화물,기능정비,엔진 부품,가니쉬 #1,탈착,CAN-000098
union_standard_time,1198016,화물-중형화물,기능정비,엔진 부품,가니쉬 #1,교환,CAN-000097
union_standard_time,1198017,화물-중형화물,기능정비,엔진 부품,가니쉬 #2,탈착,CAN-000100
union_standard_time,1198017,화물-중형화물,기능정비,엔진 부품,가니쉬 #2,교환,CAN-000099
union_standard_time,1198301,화물-중형화물,기능정비,엔진 부품,사이드씰(좌측),교환,CAN-001217
union_standard_time,1198309,화물-중형화물,기능정비,엔진 부품,"사이드스텝(좌,스텝분리형)",탈착,CAN-001191
union_standard_time,1198309,화물-중형화물,기능정비,엔진 부품,"사이드스텝(좌,스텝분리형)",교환,CAN-001190
union_standard_time,1198405,화물-중형화물,기능정비,엔진 부품,사이드씰(우측),교환,CAN-001216
union_standard_time,1198410,화물-중형화물,기능정비,엔진 부품,"사이드스텝(우,스텝분리형)",탈착,CAN-001187
union_standard_time,1198410,화물-중형화물,기능정비,엔진 부품,"사이드스텝(우,스텝분리형)",교환,CAN-001186
union_standard_time,1208301,화물-중형화물,기능정비,엔진 부품,"사이드프레임 ASSY(화물,좌)",교환,CAN-001242
union_standard_time,1208402,화물-중형화물,기능정비,엔진 부품,"사이드프레임 ASSY(화물,우)",교환,CAN-001241
union_standard_time,1218001,화물-중형화물,판금/도장정비,판금(탈부착),루프패널,교환,CAN-000458
union_standard_time,1218003,화물-중형화물,판금/도장정비,판금(탈부착),루프패널(더블캡),교환,CAN-000460
union_standard_time,1219028,화물-중형화물,판금/도장정비,판금(탈부착),루프 톱실링(화물),탈착,CAN-000447
union_standard_time,1219028,화물-중형화물,판금/도장정비,판금(탈부착),루프 톱실링(화물),교환,CAN-000446
union_standard_time,1219029,화물-중형화물,판금/도장정비,판금(탈부착),루프 톱실링(더블캡),탈착,CAN-000439
union_standard_time,1219029,화물-중형화물,판금/도장정비,판금(탈부착),루프 톱실링(더블캡),교환,CAN-000438
union_standard_time,1228201,화물-중형화물,판금/도장정비,판금(탈부착),리어 범퍼,탈착,CAN-000536
union_standard_time,1228201,화물-중형화물,판금/도장정비,판금(탈부착),리어 범퍼,교환,CAN-000534
union_standard_time,1228206,화물-중형화물,판금/도장정비,판금(탈부착),리어 범퍼(용접식),탈착,CAN-000553
union_standard_time,1228206,화물-중형화물,판금/도장정비,판금(탈부착),리어 범퍼(용접식),교환,CAN-000552
union_standard_time,1268301,화물-중형화물,기능정비,전기 및 램프,리어 컴비네이션램프(좌측),탈착,CAN-000720
union_standard_time,1268301,화물-중형화물,기능정비,전기 및 램프,리어 컴비네이션램프(좌측),교환,CAN-000719
union_standard_time,1268314,화물-중형화물,판금/도장정비,판금(탈부착),컴비램프 브라켓패널(좌측),탈착,CAN-002543
union_standard_time,1268314,화물-중형화물,판금/도장정비,판금(탈부착),컴비램프 브라켓패널(좌측),교환,CAN-002542
union_standard_time,1268402,화물-중형화물,기능정비,전기 및 램프,리어 컴비네이션램프(우측),탈착,CAN-000718
union_standard_time,1268402,화물-중형화물,기능정비,전기 및 램프,리어 컴비네이션램프(우측),교환,CAN-000717
union_standard_time,1268415,화물-중형화물,판금/도장정비,판금(탈부착),컴비램프 브라켓패널(우측),탈착,CAN-002541
union_standard_time,1268415,화물-중형화물,판금/도장정비,판금(탈부착),컴비램프 브라켓패널(우측),교환,CAN-002540
union_standard_time,1348301,화물-중형화물,판금/도장정비,판금(탈부착),도어 리어필러(좌측),교환,CAN-000165
union_standard_time,1348310,화물-중형화물,판금/도장정비,판금(탈부착),"도어 리어필러(인너,좌)",교환,CAN-000164
union_standard_time,1348406,화물-중형화물,판금/도장정비,판금(탈부착),도어 리어필러(우측),교환,CAN-000161
union_standard_time,1348411,화물-중형화물,판금/도장정비,판금(탈부착),"도어 리어필러(인너,우)",교환,CAN-000163
union_standard_time,1428001,화물-중형화물,기능정비,엔진 부품,운전대 전체바닥,교환,CAN-002205
union_standard_time,1428002,화물-중형화물,기능정비,엔진 부품,운전대 전체바닥(더블캡),교환,CAN-002206
union_standard_time,1428004,화물-중형화물,판금/도장정비,판금(탈부착),운전대 바닥패널(앞),교환,CAN-002201
union_standard_time,1428005,화물-중형화물,판금/도장정비,판금(탈부착),운전대 바닥패널(뒤),교환,CAN-002199
union_standard_time,1428006,화물-중형화물,판금/도장정비,판금(탈부착),"운전대 바닥패널(뒤,더블캡)",교환,CAN-002200
union_standard_time,1448001,화물-중형화물,판금/도장정비,판금(탈부착),운전대 백패널,교환,CAN-002202
union_standard_time,1448002,화물-중형화물,소모품 및 하체정비,하체 부품,프레임프론트크로스멤버,탈착,CAN-002920
union_standard_time,1448002,화물-중형화물,소모품 및 하체정비,하체 부품,프레임프론트크로스멤버,교환,CAN-002919
union_standard_time,1448003,화물-중형화물,소모품 및 하체정비,하체 부품,프레임리어크로스멤버,탈착,CAN-002916
union_standard_time,1448003,화물-중형화물,소모품 및 하체정비,하체 부품,프레임리어크로스멤버,교환,CAN-002915
union_standard_time,1448007,화물-중형화물,기능정비,엔진 부품,캐빈(운전대)온리,탈착,CAN-002489
union_standard_time,1448007,화물-중형화물,기능정비,엔진 부품,캐빈(운전대)온리,교환,CAN-002488
union_standard_time,1448008,화물-중형화물,기능정비,엔진 부품,캐빈(운전대)온리(더블캡),탈착,CAN-002491
union_standard_time,1448008,화물-중형화물,기능정비,엔진 부품,캐빈(운전대)온리(더블캡),교환,CAN-002490
union_standard_time,1448009,화물-중형화물,기능정비,엔진 부품,캐빈(운전대)컴플리트,탈착,CAN-002493
union_standard_time,1448009,화물-중형화물,기능정비,엔진 부품,캐빈(운전대)컴플리트,교환,CAN-002492
union_standard_time,1448010,화물-중형화물,기능정비,엔진 부품,캐빈(운전대)컴플리트(더블캡),탈착,CAN-002495
union_standard_time,1448010,화물-중형화물,기능정비,엔진 부품,캐빈(운전대)컴플리트(더블캡),교환,CAN-002494
union_standard_time,1449013,화물-중형화물,기능정비,엔진 부품,캐빈스테이 ASSY,탈착,CAN-002487
union_standard_time,1449013,화물-중형화물,기능정비,엔진 부품,캐빈스테이 ASSY,교환,CAN-002486
union_standard_time,1449014,화물-중형화물,기능정비,엔진 부품,캐빈로크장치 ASSY,탈착,CAN-002477
union_standard_time,1449014,화물-중형화물,기능정비,엔진 부품,캐빈로크장치 ASSY,교환,CAN-002476
union_standard_time,1449015,화물-중형화물,기능정비,엔진 부품,캐빈마운팅브라켓 ASSY,탈착,CAN-002485
union_standard_time,1449015,화물-중형화물,기능정비,엔진 부품,캐빈마운팅브라켓 ASSY,교환,CAN-002484
union_standard_time,1458201,화물-중형화물,기능정비,엔진 부품,적재함,탈착,CAN-002307
union_standard_time,1458201,화물-중형화물,기능정비,엔진 부품,적재함,교환,CAN-002306
union_standard_time,1458203,화물-중형화물,기능정비,엔진 부품,"적재함 탑, 탱크로리",탈착,CAN-002327
union_standard_time,1458203,화물-중형화물,기능정비,엔진 부품,"적재함 탑, 탱크로리",교환,CAN-002326
union_standard_time,1458204,화물-중형화물,기능정비,엔진 부품,로드레스트,탈착,CAN-000381
union_standard_time,1458204,화물-중형화물,기능정비,엔진 부품,로드레스트,교환,CAN-000380
union_standard_time,1458209,화물-중형화물,기능정비,엔진 부품,적재함 뒷문,탈착,CAN-002311
union_standard_time,1458209,화물-중형화물,기능정비,엔진 부품,적재함 뒷문,교환,CAN-002310
union_standard_time,1458305,화물-중형화물,기능정비,엔진 부품,적재함 옆문(좌측),탈착,CAN-002321
union_standard_time,1458305,화물-중형화물,기능정비,엔진 부품,적재함 옆문(좌측),교환,CAN-002320
union_standard_time,1458407,화물-중형화물,기능정비,엔진 부품,적재함 옆문(우측),탈착,CAN-002319
union_standard_time,1458407,화물-중형화물,기능정비,엔진 부품,적재함 옆문(우측),교환,CAN-002318
union_standard_time,1459212,화물-중형화물,기능정비,엔진 부품,적재함 뒤힌지 체크,탈착,CAN-002309
union_standard_time,1459212,화물-중형화물,기능정비,엔진 부품,적재함 뒤힌지 체크,교환,CAN-002308
union_standard_time,1468205,화물-중형화물,소모품 및 하체정비,브레이크/타이어,스페어타이어 캐리어,탈착,CAN-001420
union_standard_time,1468205,화물-중형화물,소모품 및 하체정비,브레이크/타이어,스페어타이어 캐리어,교환,CAN-001419
union_standard_time,1468206,화물-중형화물,소모품 및 하체정비,브레이크/타이어,스페어타이어 캐리어#2,탈착,CAN-001418
union_standard_time,1468206,화물-중형화물,소모품 및 하체정비,브레이크/타이어,스페어타이어 캐리어#2,교환,CAN-001417
union_standard_time,1468301,화물-중형화물,소모품 및 하체정비,브레이크/타이어,"휠하우스(화물,좌)",탈착,CAN-003424
union_standard_time,1468301,화물-중형화물,소모품 및 하체정비,브레이크/타이어,"휠하우스(화물,좌)",교환,CAN-003423
union_standard_time,1468309,화물-중형화물,기능정비,엔진 부품,가드레일(좌측),탈착,CAN-000108
union_standard_time,1468309,화물-중형화물,기능정비,엔진 부품,가드레일(좌측),교환,CAN-000107
union_standard_time,1468311,화물-중형화물,기능정비,엔진 부품,"가드레일(좌,조립식)",탈착,CAN-000106
union_standard_time,1468311,화물-중형화물,기능정비,엔진 부품,"가드레일(좌,조립식)",교환,CAN-000105
union_standard_time,1468402,화물-중형화물,소모품 및 하체정비,브레이크/타이어,"휠하우스(화물,우)",탈착,CAN-003422
union_standard_time,1468402,화물-중형화물,소모품 및 하체정비,브레이크/타이어,"휠하우스(화물,우)",교환,CAN-003421
union_standard_time,1468410,화물-중형화물,기능정비,엔진 부품,가드레일(우측),탈착,CAN-000104
union_standard_time,1468410,화물-중형화물,기능정비,엔진 부품,가드레일(우측),교환,CAN-000103
union_standard_time,1468412,화물-중형화물,기능정비,엔진 부품,"가드레일(우,조립식)",탈착,CAN-000102
union_standard_time,1468412,화물-중형화물,기능정비,엔진 부품,"가드레일(우,조립식)",교환,CAN-000101
union_standard_time,1469513,화물-중형화물,기능정비,엔진 부품,머드가드(앞좌),탈착,CAN-000829
union_standard_time,1469513,화물-중형화물,기능정비,엔진 부품,머드가드(앞좌),교환,CAN-000828
union_standard_time,1469614,화물-중형화물,기능정비,엔진 부품,머드가드(앞우),탈착,CAN-000827
union_standard_time,1469614,화물-중형화물,기능정비,엔진 부품,머드가드(앞우),교환,CAN-000826
union_standard_time,1469715,화물-중형화물,기능정비,엔진 부품,머드가드(뒤좌),탈착,CAN-000825
union_standard_time,1469715,화물-중형화물,기능정비,엔진 부품,머드가드(뒤좌),교환,CAN-000824
union_standard_time,1469816,화물-중형화물,기능정비,엔진 부품,머드가드(뒤우),탈착,CAN-000823
union_standard_time,1469816,화물-중형화물,기능정비,엔진 부품,머드가드(뒤우),교환,CAN-000822
union_standard_time,3478001,화물-중형화물,소모품 및 하체정비,브레이크/타이어,크러시패드,탈착,CAN-002613
union_standard_time,3478001,화물-중형화물,소모품 및 하체정비,브레이크/타이어,크러시패드,교환,CAN-002612
union_standard_time,3478006,화물-중형화물,소모품 및 하체정비,브레이크/타이어,크러시패드분리형덮개,탈착,CAN-002615
union_standard_time,3478006,화물-중형화물,소모품 및 하체정비,브레이크/타이어,크러시패드분리형덮개,교환,CAN-002614
union_standard_time,3478009,화물-중형화물,기능정비,엔진 부품,콘솔박스,탈착,CAN-002570
union_standard_time,3478009,화물-중형화물,기능정비,엔진 부품,콘솔박스,교환,CAN-002569
union_standard_time,3478024,화물-중형화물,기능정비,에어컨,에어컨 에바포레이터(화물),탈착,CAN-001819
union_standard_time,3478024,화물-중형화물,기능정비,에어컨,에어컨 에바포레이터(화물),교환,CAN-001818
union_standard_time,3478402,화물-중형화물,기능정비,엔진 부품,프론트 시트(우측),탈착,CAN-003090
union_standard_time,3478402,화물-중형화물,기능정비,엔진 부품,프론트 시트(우측),교환,CAN-003089
union_standard_time,3479019,화물-중형화물,기능정비,에어컨,히터 유니트,탈착,CAN-003452
union_standard_time,3479019,화물-중형화물,기능정비,에어컨,히터 유니트,교환,CAN-003451
union_standard_time,3488008,화물-중형화물,기능정비,엔진 부품,리어 시트,탈착,CAN-000641
union_standard_time,3488008,화물-중형화물,기능정비,엔진 부품,리어 시트,교환,CAN-000640
union_standard_time,3488301,화물-중형화물,기능정비,엔진 부품,프론트 시트(좌측),탈착,CAN-003100
union_standard_time,3488301,화물-중형화물,기능정비,엔진 부품,프론트 시트(좌측),교환,CAN-003099
union_standard_time,3488329,화물-중형화물,기능정비,엔진 부품,시트기어(좌측),탈착,CAN-001519
union_standard_time,3488329,화물-중형화물,기능정비,엔진 부품,시트기어(좌측),교환,CAN-001518
union_standard_time,3488430,화물-중형화물,기능정비,엔진 부품,시트기어(우측),탈착,CAN-001517
union_standard_time,3488430,화물-중형화물,기능정비,엔진 부품,시트기어(우측),교환,CAN-001516
union_standard_time,3499017,화물-중형화물,기능정비,엔진 부품,안전밸트(2점식)NO.1,탈착,CAN-001619
union_standard_time,3499017,화물-중형화물,기능정비,엔진 부품,안전밸트(2점식)NO.1,교환,CAN-001618
union_standard_time,3499018,화물-중형화물,기능정비,엔진 부품,안전밸트(2점식)NO.2,탈착,CAN-001621
union_standard_time,3499018,화물-중형화물,기능정비,엔진 부품,안전밸트(2점식)NO.2,교환,CAN-001620
union_standard_time,3499019,화물-중형화물,기능정비,엔진 부품,안전밸트(2점식)NO.3,탈착,CAN-001623
union_standard_time,3499019,화물-중형화물,기능정비,엔진 부품,안전밸트(2점식)NO.3,교환,CAN-001622
union_standard_time,3499501,화물-중형화물,기능정비,엔진 부품,"안전벨트(앞,좌)",탈착,CAN-001665
union_standard_time,3499501,화물-중형화물,기능정비,엔진 부품,"안전벨트(앞,좌)",교환,CAN-001664
union_standard_time,3499604,화물-중형화물,기능정비,엔진 부품,"안전벨트(앞,우)",탈착,CAN-001661
union_standard_time,3499604,화물-중형화물,기능정비,엔진 부품,"안전벨트(앞,우)",교환,CAN-001660
union_standard_time,3499706,화물-중형화물,기능정비,엔진 부품,"안전벨트(뒤,좌)",탈착,CAN-001657
union_standard_time,3499706,화물-중형화물,기능정비,엔진 부품,"안전벨트(뒤,좌)",교환,CAN-001656
union_standard_time,3499807,화물-중형화물,기능정비,엔진 부품,"안전벨트(뒤,우)",탈착,CAN-001655
union_standard_time,3499807,화물-중형화물,기능정비,엔진 부품,"안전벨트(뒤,우)",교환,CAN-001654
union_standard_time,3508001,화물-중형화물,기능정비,엔진 부품,키셋트,탈착,CAN-002641
union_standard_time,3508001,화물-중형화물,기능정비,엔진 부품,키셋트,교환,CAN-002640
union_standard_time,3508004,화물-중형화물,기능정비,전기 및 램프,크러쉬패드 배선,탈착,CAN-002611
union_standard_time,3508004,화물-중형화물,기능정비,전기 및 램프,크러쉬패드 배선,교환,CAN-002610
union_standard_time,3508006,화물-중형화물,기능정비,전기 및 램프,엔진룸배선,탈착,CAN-001923
union_standard_time,3508006,화물-중형화물,기능정비,전기 및 램프,엔진룸배선,교환,CAN-001922
union_standard_time,3508011,화물-중형화물,기능정비,전기 및 램프,뒷배선,탈착,CAN-000252
union_standard_time,3508011,화물-중형화물,기능정비,전기 및 램프,뒷배선,교환,CAN-000251
union_standard_time,3508015,화물-중형화물,기능정비,전기 및 램프,전체배선,탈착,CAN-002382
union_standard_time,3508015,화물-중형화물,기능정비,전기 및 램프,전체배선,교환,CAN-002381
union_standard_time,3508020,화물-중형화물,기능정비,엔진 부품,와이퍼 모터 및 링케이지,탈착,CAN-002192
union_standard_time,3508020,화물-중형화물,기능정비,엔진 부품,와이퍼 모터 및 링케이지,교환,CAN-002191
union_standard_time,3508024,화물-중형화물,소모품 및 하체정비,소모품,밧데리,탈착,CAN-000878
union_standard_time,3508024,화물-중형화물,소모품 및 하체정비,소모품,밧데리,교환,CAN-000877
union_standard_time,3509019,화물-중형화물,기능정비,전기 및 램프,컴비네이션 스위치,탈착,CAN-002519
union_standard_time,3509019,화물-중형화물,기능정비,전기 및 램프,컴비네이션 스위치,교환,CAN-002518
union_standard_time,3518001,화물-중형화물,기능정비,에어컨,에어컨 컨덴샤,탈착,CAN-001823
union_standard_time,3518001,화물-중형화물,기능정비,에어컨,에어컨 컨덴샤,교환,CAN-001822
union_standard_time,3518013,화물-중형화물,기능정비,에어컨,에어컨 컴프레샤,탈착,CAN-001825
union_standard_time,3518013,화물-중형화물,기능정비,에어컨,에어컨 컴프레샤,교환,CAN-001824
union_standard_time,3518016,화물-중형화물,기능정비,엔진 부품,라디에이터,탈착,CAN-000315
union_standard_time,3518016,화물-중형화물,기능정비,엔진 부품,라디에이터,교환,CAN-000314
union_standard_time,3518029,화물-중형화물,기능정비,엔진 부품,라디에이터 리저브탱크,탈착,CAN-000336
union_standard_time,3518029,화물-중형화물,기능정비,엔진 부품,라디에이터 리저브탱크,교환,CAN-000335
union_standard_time,3518030,화물-중형화물,기능정비,전기 및 램프,와셔탱크(앞),탈착,CAN-002186
union_standard_time,3518030,화물-중형화물,기능정비,전기 및 램프,와셔탱크(앞),교환,CAN-002185
union_standard_time,3518032,화물-중형화물,기능정비,엔진 부품,알터네이터,탈착,CAN-001675
union_standard_time,3518032,화물-중형화물,기능정비,엔진 부품,알터네이터,교환,CAN-001674
union_standard_time,3518033,화물-중형화물,기능정비,엔진 부품,스타팅모터,탈착,CAN-001360
union_standard_time,3518033,화물-중형화물,기능정비,엔진 부품,스타팅모터,교환,CAN-001359
union_standard_time,3519003,화물-중형화물,기능정비,에어컨,에어컨 파이프 NO.1,탈착,CAN-001833
union_standard_time,3519003,화물-중형화물,기능정비,에어컨,에어컨 파이프 NO.1,교환,CAN-001832
union_standard_time,3519004,화물-중형화물,기능정비,에어컨,에어컨 파이프 NO.2,탈착,CAN-001837
union_standard_time,3519004,화물-중형화물,기능정비,에어컨,에어컨 파이프 NO.2,교환,CAN-001836
union_standard_time,3519005,화물-중형화물,기능정비,에어컨,에어컨 파이프 NO.3,탈착,CAN-001841
union_standard_time,3519005,화물-중형화물,기능정비,에어컨,에어컨 파이프 NO.3,교환,CAN-001840
union_standard_time,3519006,화물-중형화물,기능정비,에어컨,에어컨 파이프 NO.4,탈착,CAN-001845
union_standard_time,3519006,화물-중형화물,기능정비,에어컨,에어컨 파이프 NO.4,교환,CAN-001844
union_standard_time,3519012,화물-중형화물,기능정비,엔진 부품,리시버 드라이탱크,탈착,CAN-000487
union_standard_time,3519012,화물-중형화물,기능정비,엔진 부품,리시버 드라이탱크,교환,CAN-000486
union_standard_time,3519018,화물-중형화물,기능정비,엔진 부품,라디에이터 휀,탈착,CAN-000355
union_standard_time,3519018,화물-중형화물,기능정비,엔진 부품,라디에이터 휀,교환,CAN-000354
union_standard_time,3549301,화물-중형화물,기능정비,엔진 부품,프론트 필러 트림(좌측),탈착,CAN-003178
union_standard_time,3549301,화물-중형화물,기능정비,엔진 부품,프론트 필러 트림(좌측),교환,CAN-003177
union_standard_time,3549402,화물-중형화물,기능정비,엔진 부품,프론트 필러 트림(우측),탈착,CAN-003176
union_standard_time,3549402,화물-중형화물,기능정비,엔진 부품,프론트 필러 트림(우측),교환,CAN-003175
union_standard_time,3568001,화물-중형화물,기능정비,엔진 부품,안테나,탈착,CAN-001673
union_standard_time,3568001,화물-중형화물,기능정비,엔진 부품,안테나,교환,CAN-001672
union_standard_time,3568020,화물-중형화물,기능정비,전기 및 램프,스피드 인디케이터램프(속도등),탈착,CAN-001426
union_standard_time,3568020,화물-중형화물,기능정비,전기 및 램프,스피드 인디케이터램프(속도등),교환,CAN-001425
union_standard_time,3578025,화물-중형화물,기능정비,엔진 부품,발판유리(우측),탈착,CAN-000876
union_standard_time,3578025,화물-중형화물,기능정비,엔진 부품,발판유리(우측),교환,CAN-000875
union_standard_time,3578101,화물-중형화물,기능정비,엔진 부품,앞유리(접착식),탈착,CAN-001717
union_standard_time,3578101,화물-중형화물,기능정비,엔진 부품,앞유리(접착식),교환,CAN-001716
union_standard_time,3578202,화물-중형화물,기능정비,엔진 부품,뒷유리(접착식),탈착,CAN-000258
union_standard_time,3578202,화물-중형화물,기능정비,엔진 부품,뒷유리(접착식),교환,CAN-000257
union_standard_time,3578321,화물-중형화물,기능정비,엔진 부품,고정창 사각유리(좌측),탈착,CAN-000121
union_standard_time,3578321,화물-중형화물,기능정비,엔진 부품,고정창 사각유리(좌측),교환,CAN-000120
union_standard_time,3578422,화물-중형화물,기능정비,엔진 부품,고정창 사각유리(우측),탈착,CAN-000119
union_standard_time,3578422,화물-중형화물,기능정비,엔진 부품,고정창 사각유리(우측),교환,CAN-000118
union_standard_time,3578503,화물-중형화물,판금/도장정비,판금(탈부착),"문짝사각유리(앞,좌)",탈착,CAN-000852
union_standard_time,3578503,화물-중형화물,판금/도장정비,판금(탈부착),"문짝사각유리(앞,좌)",교환,CAN-000851
union_standard_time,3578517,화물-중형화물,판금/도장정비,판금(탈부착),"문짝삼각유리(앞,좌)",탈착,CAN-000860
union_standard_time,3578517,화물-중형화물,판금/도장정비,판금(탈부착),"문짝삼각유리(앞,좌)",교환,CAN-000859
union_standard_time,3578604,화물-중형화물,판금/도장정비,판금(탈부착),"문짝사각유리(앞,우)",탈착,CAN-000850
union_standard_time,3578604,화물-중형화물,판금/도장정비,판금(탈부착),"문짝사각유리(앞,우)",교환,CAN-000849
union_standard_time,3578618,화물-중형화물,판금/도장정비,판금(탈부착),"문짝삼각유리(앞,우)",탈착,CAN-000858
union_standard_time,3578618,화물-중형화물,판금/도장정비,판금(탈부착),"문짝삼각유리(앞,우)",교환,CAN-000857
union_standard_time,5588006,화물-중형화물,기능정비,엔진 부품,엔진 ASSY,탈착,CAN-001913
union_standard_time,5588006,화물-중형화물,기능정비,엔진 부품,엔진 ASSY,교환,CAN-001911
union_standard_time,5588006,화물-중형화물,기능정비,엔진 부품,엔진 ASSY,오버홀,CAN-001912
union_standard_time,5588015,화물-중형화물,기능정비,엔진 부품,쇼트엔진,교환,CAN-001327
union_standard_time,5598007,화물-중형화물,기능정비,엔진 부품,실린더헤드,오버홀,CAN-001572
union_standard_time,5599015,화물-중형화물,기능정비,엔진 부품,엔진 마운틴 및 브라켓(앞),탈착,CAN-001970
union_standard_time,5599015,화물-중형화물,기능정비,엔진 부품,엔진 마운틴 및 브라켓(앞),교환,CAN-001969
union_standard_time,5599016,화물-중형화물,기능정비,엔진 부품,엔진 마운틴 및 브라켓(뒤),탈착,CAN-001958
union_standard_time,5599016,화물-중형화물,기능정비,엔진 부품,엔진 마운틴 및 브라켓(뒤),교환,CAN-001957
union_standard_time,5599311,화물-중형화물,기능정비,엔진 부품,엔진 마운틴 및 브라켓(좌측),탈착,CAN-001980
union_standard_time,5599311,화물-중형화물,기능정비,엔진 부품,엔진 마운틴 및 브라켓(좌측),교환,CAN-001979
union_standard_time,5599413,화물-중형화물,기능정비,엔진 부품,엔진 마운틴 및 브라켓(우측),탈착,CAN-001976
union_standard_time,5599413,화물-중형화물,기능정비,엔진 부품,엔진 마운틴 및 브라켓(우측),교환,CAN-001975
union_standard_time,5608001,화물-중형화물,기능정비,엔진 부품,타이밍커버,탈착,CAN-002673
union_standard_time,5608001,화물-중형화물,기능정비,엔진 부품,타이밍커버,교환,CAN-002672
union_standard_time,5608006,화물-중형화물,기능정비,엔진 부품,타이밍 밸트,탈착,CAN-002651
union_standard_time,5608006,화물-중형화물,기능정비,엔진 부품,타이밍 밸트,교환,CAN-002650
union_standard_time,5608007,화물-중형화물,기능정비,엔진 부품,타이밍 기어,탈착,CAN-002649
union_standard_time,5608007,화물-중형화물,기능정비,엔진 부품,타이밍 기어,교환,CAN-002648
union_standard_time,5618001,화물-중형화물,소모품 및 하체정비,소모품,에어크리너,탈착,CAN-001867
union_standard_time,5618001,화물-중형화물,소모품 및 하체정비,소모품,에어크리너,교환,CAN-001866
union_standard_time,5638001,화물-중형화물,소모품 및 하체정비,오일류,엔진오일팬,탈착,CAN-001993
union_standard_time,5638001,화물-중형화물,소모품 및 하체정비,오일류,엔진오일팬,교환,CAN-001992
union_standard_time,5638006,화물-중형화물,소모품 및 하체정비,오일류,엔진오일 펌프,탈착,CAN-001999
union_standard_time,5638006,화물-중형화물,소모품 및 하체정비,오일류,엔진오일 펌프,교환,CAN-001998
union_standard_time,5638009,화물-중형화물,기능정비,엔진 부품,워터펌프,탈착,CAN-002230
union_standard_time,5638009,화물-중형화물,기능정비,엔진 부품,워터펌프,교환,CAN-002229
union_standard_time,5638019,화물-중형화물,소모품 및 하체정비,하체 부품,파워스티어링 펌프,탈착,CAN-002852
union_standard_time,5638019,화물-중형화물,소모품 및 하체정비,하체 부품,파워스티어링 펌프,교환,CAN-002851
union_standard_time,5648001,화물-중형화물,기능정비,엔진 부품,흡기매니홀드,탈착,CAN-003434
union_standard_time,5648001,화물-중형화물,기능정비,엔진 부품,흡기매니홀드,교환,CAN-003433
union_standard_time,5648006,화물-중형화물,기능정비,엔진 부품,배기매니홀드,탈착,CAN-000903
union_standard_time,5648006,화물-중형화물,기능정비,엔진 부품,배기매니홀드,교환,CAN-000902
union_standard_time,5658003,화물-중형화물,기능정비,엔진 부품,배가파이프1번(프론트),탈착,CAN-000889
union_standard_time,5658003,화물-중형화물,기능정비,엔진 부품,배가파이프1번(프론트),교환,CAN-000888
union_standard_time,5658008,화물-중형화물,기능정비,엔진 부품,배기파이프2번(미들),탈착,CAN-000933
union_standard_time,5658008,화물-중형화물,기능정비,엔진 부품,배기파이프2번(미들),교환,CAN-000932
union_standard_time,5658010,화물-중형화물,기능정비,엔진 부품,배기파이프3번(머플러),탈착,CAN-000939
union_standard_time,5658010,화물-중형화물,기능정비,엔진 부품,배기파이프3번(머플러),교환,CAN-000938
union_standard_time,5658017,화물-중형화물,소모품 및 하체정비,브레이크/타이어,배기 브레이크 유니트,탈착,CAN-000917
union_standard_time,5658017,화물-중형화물,소모품 및 하체정비,브레이크/타이어,배기 브레이크 유니트,교환,CAN-000916
union_standard_time,5668001,화물-중형화물,기능정비,엔진 부품,연료탱크,탈착,CAN-002034
union_standard_time,5668001,화물-중형화물,기능정비,엔진 부품,연료탱크,교환,CAN-002032
union_standard_time,5668001,화물-중형화물,기능정비,엔진 부품,연료탱크,오버홀,CAN-002033
union_standard_time,5668003,화물-중형화물,기능정비,엔진 부품,인젝션(연료)펌프,탈착,CAN-002274
union_standard_time,5668003,화물-중형화물,기능정비,엔진 부품,인젝션(연료)펌프,교환,CAN-002272
union_standard_time,5668012,화물-중형화물,소모품 및 하체정비,소모품,연료 세디멘터 및 필터,탈착,CAN-002027
union_standard_time,5668012,화물-중형화물,소모품 및 하체정비,소모품,연료 세디멘터 및 필터,교환,CAN-002026
union_standard_time,5678001,화물-중형화물,소모품 및 하체정비,오일류,오일쿨러,탈착,CAN-002162
union_standard_time,5678001,화물-중형화물,소모품 및 하체정비,오일류,오일쿨러,교환,CAN-002161
union_standard_time,5678004,화물-중형화물,기능정비,엔진 부품,에어 컴프레샤,탈착,CAN-001858
union_standard_time,5678004,화물-중형화물,기능정비,엔진 부품,에어 컴프레샤,교환,CAN-001857
union_standard_time,5678005,화물-중형화물,기능정비,엔진 부품,터보챠져(과급기),탈착,CAN-002705
union_standard_time,5678005,화물-중형화물,기능정비,엔진 부품,터보챠져(과급기),교환,CAN-002704
union_standard_time,5678006,화물-중형화물,기능정비,엔진 부품,인터쿨러,탈착,CAN-002299
union_standard_time,5678006,화물-중형화물,기능정비,엔진 부품,인터쿨러,교환,CAN-002298
union_standard_time,7688005,화물-중형화물,기능정비,엔진 부품,트랜스밋션,탈착,CAN-002738
union_standard_time,7688005,화물-중형화물,기능정비,엔진 부품,트랜스밋션,교환,CAN-002736
union_standard_time,7688005,화물-중형화물,기능정비,엔진 부품,트랜스밋션,오버홀,CAN-002737
union_standard_time,7689016,화물-중형화물,기능정비,엔진 부품,체인지레버,탈착,CAN-002429
union_standard_time,7689016,화물-중형화물,기능정비,엔진 부품,체인지레버,교환,CAN-002428
union_standard_time,7689017,화물-중형화물,기능정비,엔진 부품,체인지레버(M/T),탈착,CAN-002427
union_standard_time,7689017,화물-중형화물,기능정비,엔진 부품,체인지레버(M/T),교환,CAN-002426
union_standard_time,7689018,화물-중형화물,기능정비,엔진 부품,체인지레버(A/T),탈착,CAN-002425
union_standard_time,7689018,화물-중형화물,기능정비,엔진 부품,체인지레버(A/T),교환,CAN-002424
union_standard_time,7698006,화물-중형화물,기능정비,엔진 부품,프로펠라샤프트(앞),탈착,CAN-002932
union_standard_time,7698006,화물-중형화물,기능정비,엔진 부품,프로펠라샤프트(앞),교환,CAN-002931
union_standard_time,7698007,화물-중형화물,기능정비,엔진 부품,프로펠라샤프트(뒤),탈착,CAN-002930
union_standard_time,7698007,화물-중형화물,기능정비,엔진 부품,프로펠라샤프트(뒤),교환,CAN-002929
union_standard_time,7698014,화물-중형화물,기능정비,엔진 부품,프론트 액슬,탈착,CAN-003103
union_standard_time,7698014,화물-중형화물,기능정비,엔진 부품,프론트 액슬,교환,CAN-003101
union_standard_time,7698014,화물-중형화물,기능정비,엔진 부품,프론트 액슬,오버홀,CAN-003102
union_standard_time,7708505,화물-중형화물,기능정비,엔진 부품,판스프링(앞좌),탈착,CAN-002888
union_standard_time,7708505,화물-중형화물,기능정비,엔진 부품,판스프링(앞좌),교환,CAN-002886
union_standard_time,7708606,화물-중형화물,기능정비,엔진 부품,판스프링(앞우),탈착,CAN-002885
union_standard_time,7708606,화물-중형화물,기능정비,엔진 부품,판스프링(앞우),교환,CAN-002883
union_standard_time,7708707,화물-중형화물,기능정비,엔진 부품,판스프링(뒤좌),탈착,CAN-002882
union_standard_time,7708707,화물-중형화물,기능정비,엔진 부품,판스프링(뒤좌),교환,CAN-002880
union_standard_time,7708809,화물-중형화물,기능정비,엔진 부품,판스프링(뒤우),탈착,CAN-002879
union_standard_time,7708809,화물-중형화물,기능정비,엔진 부품,판스프링(뒤우),교환,CAN-002877
union_standard_time,7709501,화물-중형화물,기능정비,엔진 부품,쇽업쇼버(앞좌),탈착,CAN-001349
union_standard_time,7709501,화물-중형화물,기능정비,엔진 부품,쇽업쇼버(앞좌),교환,CAN-001347
union_standard_time,7709602,화물-중형화물,기능정비,엔진 부품,쇽업쇼버(앞우),탈착,CAN-001346
union_standard_time,7709602,화물-중형화물,기능정비,엔진 부품,쇽업쇼버(앞우),교환,CAN-001344
union_standard_time,7709703,화물-중형화물,기능정비,엔진 부품,쇽업쇼버(뒤좌),탈착,CAN-001339
union_standard_time,7709703,화물-중형화물,기능정비,엔진 부품,쇽업쇼버(뒤좌),교환,CAN-001338
union_standard_time,7709804,화물-중형화물,기능정비,엔진 부품,쇽업쇼버(뒤우),탈착,CAN-001337
union_standard_time,7709804,화물-중형화물,기능정비,엔진 부품,쇽업쇼버(뒤우),교환,CAN-001336
union_standard_time,7718021,화물-중형화물,기능정비,엔진 부품,리어 액슬 ASSY,탈착,CAN-000681
union_standard_time,7718021,화물-중형화물,기능정비,엔진 부품,리어 액슬 ASSY,교환,CAN-000679
union_standard_time,7718022,화물-중형화물,기능정비,엔진 부품,리어액슬하우징 ASSY,오버홀,CAN-000695
union_standard_time,7719510,화물-중형화물,소모품 및 하체정비,하체 부품,허브(앞좌),오버홀,CAN-003265
union_standard_time,7719611,화물-중형화물,소모품 및 하체정비,하체 부품,허브(앞우),오버홀,CAN-003263
union_standard_time,7719712,화물-중형화물,소모품 및 하체정비,하체 부품,허브(뒤좌),오버홀,CAN-003261
union_standard_time,7719813,화물-중형화물,소모품 및 하체정비,하체 부품,허브(뒤우),오버홀,CAN-003259
union_standard_time,7728005,화물-중형화물,기능정비,엔진 부품,디퍼런셜 기어,탈착,CAN-000294
union_standard_time,7728005,화물-중형화물,기능정비,엔진 부품,디퍼런셜 기어,교환,CAN-000292
union_standard_time,7728005,화물-중형화물,기능정비,엔진 부품,디퍼런셜 기어,오버홀,CAN-000293
union_standard_time,7728012,화물-중형화물,소모품 및 하체정비,브레이크/타이어,타이어#1,교환,CAN-002681
union_standard_time,7728013,화물-중형화물,소모품 및 하체정비,브레이크/타이어,타이어#2,교환,CAN-002682
union_standard_time,7728014,화물-중형화물,소모품 및 하체정비,브레이크/타이어,타이어#3,교환,CAN-002683
union_standard_time,7728015,화물-중형화물,소모품 및 하체정비,브레이크/타이어,타이어#4,교환,CAN-002684
union_standard_time,7728016,화물-중형화물,소모품 및 하체정비,브레이크/타이어,타이어#5,교환,CAN-002685
union_standard_time,7728017,화물-중형화물,소모품 및 하체정비,브레이크/타이어,타이어#6,교환,CAN-002686
union_standard_time,7728018,화물-중형화물,소모품 및 하체정비,브레이크/타이어,타이어#7,교환,CAN-002687
union_standard_time,7728019,화물-중형화물,소모품 및 하체정비,브레이크/타이어,타이어#8,교환,CAN-002688
union_standard_time,7728020,화물-중형화물,소모품 및 하체정비,브레이크/타이어,타이어#9,교환,CAN-002689
union_standard_time,7728021,화물-중형화물,소모품 및 하체정비,브레이크/타이어,타이어#10,교환,CAN-002680
union_standard_time,7728027,화물-중형화물,소모품 및 하체정비,하체 부품,스티어링 컬럼ASSY,탈착,CAN-001401
union_standard_time,7728027,화물-중형화물,소모품 및 하체정비,하체 부품,스티어링 컬럼ASSY,교환,CAN-001400
union_standard_time,7728031,화물-중형화물,소모품 및 하체정비,하체 부품,파워스티어링기어,탈착,CAN-002834
union_standard_time,7728031,화물-중형화물,소모품 및 하체정비,하체 부품,파워스티어링기어,교환,CAN-002833
union_standard_time,7728033,화물-중형화물,소모품 및 하체정비,하체 부품,메뉴얼스티어링기어,탈착,CAN-000833
union_standard_time,7728033,화물-중형화물,소모품 및 하체정비,하체 부품,메뉴얼스티어링기어,교환,CAN-000832
union_standard_time,7728051,화물-중형화물,소모품 및 하체정비,브레이크/타이어,브레이크부스터&마스터 실린더,탈착,CAN-001085
union_standard_time,7728051,화물-중형화물,소모품 및 하체정비,브레이크/타이어,브레이크부스터&마스터 실린더,교환,CAN-001084
union_standard_time,7728059,화물-중형화물,소모품 및 하체정비,브레이크/타이어,클러치 및 브레이크패달 브라켓,탈착,CAN-002631
union_standard_time,7728059,화물-중형화물,소모품 및 하체정비,브레이크/타이어,클러치 및 브레이크패달 브라켓,교환,CAN-002630
union_standard_time,7728066,화물-중형화물,기능정비,엔진 부품,클러치 마스터 실린더,탈착,CAN-002627
union_standard_time,7728066,화물-중형화물,기능정비,엔진 부품,클러치 마스터 실린더,교환,CAN-002626
union_standard_time,7728508,화물-중형화물,소모품 및 하체정비,브레이크/타이어,"타이어(앞,좌)",교환,CAN-002694
union_standard_time,7728609,화물-중형화물,소모품 및 하체정비,브레이크/타이어,"타이어(앞,우)",교환,CAN-002693
union_standard_time,7728710,화물-중형화물,소모품 및 하체정비,브레이크/타이어,"타이어(뒤,좌)",교환,CAN-002691
union_standard_time,7728811,화물-중형화물,소모품 및 하체정비,브레이크/타이어,"타이어(뒤,우)",교환,CAN-002690
union_standard_time,7729026,화물-중형화물,소모품 및 하체정비,하체 부품,스티어링 휠,탈착,CAN-001407
union_standard_time,7729026,화물-중형화물,소모품 및 하체정비,하체 부품,스티어링 휠,교환,CAN-001406
union_standard_time,7729060,화물-중형화물,소모품 및 하체정비,브레이크/타이어,사이드 브레이크(핸드식),탈착,CAN-001173
union_standard_time,7729060,화물-중형화물,소모품 및 하체정비,브레이크/타이어,사이드 브레이크(핸드식),교환,CAN-001172
union_standard_time,7738001,화물-중형화물,기능정비,엔진 부품,각종계기케이블,탈착,CAN-000112
union_standard_time,7738001,화물-중형화물,기능정비,엔진 부품,각종계기케이블,교환,CAN-000111
union_standard_time,7738005,화물-중형화물,기능정비,엔진 부품,호이스트실린더,탈착,CAN-003308
union_standard_time,7738005,화물-중형화물,기능정비,엔진 부품,호이스트실린더,교환,CAN-003306
union_standard_time,7738005,화물-중형화물,기능정비,엔진 부품,호이스트실린더,오버홀,CAN-003307
union_standard_time,7738006,화물-중형화물,기능정비,엔진 부품,에어탱크,탈착,CAN-001874
union_standard_time,7738006,화물-중형화물,기능정비,엔진 부품,에어탱크,교환,CAN-001873
union_standard_time,7738007,화물-중형화물,기능정비,엔진 부품,공구박스,탈착,CAN-000123
union_standard_time,7738007,화물-중형화물,기능정비,엔진 부품,공구박스,교환,CAN-000122
union_standard_time,7738008,화물-중형화물,기능정비,엔진 부품,공구박스(프레임용접식),탈착,CAN-000125
union_standard_time,7738008,화물-중형화물,기능정비,엔진 부품,공구박스(프레임용접식),교환,CAN-000124
union_standard_time,1018101,화물-대형화물,판금/도장정비,판금(탈부착),프론트 범퍼,탈착,CAN-002997
union_standard_time,1018101,화물-대형화물,판금/도장정비,판금(탈부착),프론트 범퍼,교환,CAN-002995
union_standard_time,1018101,화물-대형화물,판금/도장정비,판금(탈부착),프론트 범퍼,오버홀,CAN-002996
union_standard_time,1028101,화물-대형화물,기능정비,엔진 부품,라디에이터그릴,탈착,CAN-000320
union_standard_time,1028101,화물-대형화물,기능정비,엔진 부품,라디에이터그릴,교환,CAN-000318
union_standard_time,1038101,화물-대형화물,판금/도장정비,판금(탈부착),후드,탈착,CAN-003318
union_standard_time,1038101,화물-대형화물,판금/도장정비,판금(탈부착),후드,교환,CAN-003316
union_standard_time,1039106,화물-대형화물,판금/도장정비,판금(탈부착),후드 록크,탈착,CAN-003321
union_standard_time,1039106,화물-대형화물,판금/도장정비,판금(탈부착),후드 록크,교환,CAN-003320
union_standard_time,1039107,화물-대형화물,판금/도장정비,판금(탈부착),후드 케이블,탈착,CAN-003357
union_standard_time,1039107,화물-대형화물,판금/도장정비,판금(탈부착),후드 케이블,교환,CAN-003356
union_standard_time,1039302,화물-대형화물,판금/도장정비,판금(탈부착),후드 힌지(좌측),탈착,CAN-003363
union_standard_time,1039302,화물-대형화물,판금/도장정비,판금(탈부착),후드 힌지(좌측),교환,CAN-003362
union_standard_time,1039403,화물-대형화물,판금/도장정비,판금(탈부착),후드 힌지(우측),탈착,CAN-003361
union_standard_time,1039403,화물-대형화물,판금/도장정비,판금(탈부착),후드 힌지(우측),교환,CAN-003360
union_standard_time,1048101,화물-대형화물,판금/도장정비,판금(탈부착),프론트 패널 ASSY,교환,CAN-003128
union_standard_time,1048102,화물-대형화물,판금/도장정비,판금(탈부착),프론트 패널 ASSY(조립식),탈착,CAN-003134
union_standard_time,1048102,화물-대형화물,판금/도장정비,판금(탈부착),프론트 패널 ASSY(조립식),교환,CAN-003132
union_standard_time,1048122,화물-대형화물,판금/도장정비,판금(탈부착),앞패널 어퍼크로스멤버,교환,CAN-001729
union_standard_time,1048123,화물-대형화물,판금/도장정비,판금(탈부착),보드인너패널(내측앞패널),교환,CAN-001048
union_standard_time,1048124,화물-대형화물,판금/도장정비,판금(탈부착),앞패널 센타크로스멤버,교환,CAN-001728
union_standard_time,1048125,화물-대형화물,판금/도장정비,판금(탈부착),앞패널 로워크로스멤버,교환,CAN-001727
union_standard_time,1058301,화물-대형화물,기능정비,전기 및 램프,헤드램프(좌측),탈착,CAN-003301
union_standard_time,1058301,화물-대형화물,기능정비,전기 및 램프,헤드램프(좌측),교환,CAN-003300
union_standard_time,1058320,화물-대형화물,기능정비,전기 및 램프,시그널램프(좌측),탈착,CAN-001503
union_standard_time,1058320,화물-대형화물,기능정비,전기 및 램프,시그널램프(좌측),교환,CAN-001502
union_standard_time,1058402,화물-대형화물,기능정비,전기 및 램프,헤드램프(우측),탈착,CAN-003299
union_standard_time,1058402,화물-대형화물,기능정비,전기 및 램프,헤드램프(우측),교환,CAN-003298
union_standard_time,1058421,화물-대형화물,기능정비,전기 및 램프,시그널램프(우측),탈착,CAN-001501
union_standard_time,1058421,화물-대형화물,기능정비,전기 및 램프,시그널램프(우측),교환,CAN-001500
union_standard_time,1059326,화물-대형화물,기능정비,전기 및 램프,포그램프(좌측),탈착,CAN-002911
union_standard_time,1059326,화물-대형화물,기능정비,전기 및 램프,포그램프(좌측),교환,CAN-002910
union_standard_time,1059427,화물-대형화물,기능정비,전기 및 램프,포그램프(우측),탈착,CAN-002909
union_standard_time,1059427,화물-대형화물,기능정비,전기 및 램프,포그램프(우측),교환,CAN-002908
union_standard_time,1068307,화물-대형화물,판금/도장정비,판금(탈부착),코너패널(좌측),탈착,CAN-002565
union_standard_time,1068307,화물-대형화물,판금/도장정비,판금(탈부착),코너패널(좌측),교환,CAN-002564
union_standard_time,1068408,화물-대형화물,판금/도장정비,판금(탈부착),코너패널(우측),탈착,CAN-002563
union_standard_time,1068408,화물-대형화물,판금/도장정비,판금(탈부착),코너패널(우측),교환,CAN-002562
union_standard_time,1088304,화물-대형화물,판금/도장정비,판금(탈부착),앞도어필러(좌측),교환,CAN-001691
union_standard_time,1088307,화물-대형화물,기능정비,엔진 부품,윈도우 필러(좌측),교환,CAN-002239
union_standard_time,1088413,화물-대형화물,판금/도장정비,판금(탈부착),앞도어필러(우측),교환,CAN-001689
union_standard_time,1088416,화물-대형화물,기능정비,엔진 부품,윈도우 필러(우측),교환,CAN-002237
union_standard_time,1128311,화물-대형화물,판금/도장정비,판금(탈부착),"앞도어(좌,화물)",탈착,CAN-001687
union_standard_time,1128311,화물-대형화물,판금/도장정비,판금(탈부착),"앞도어(좌,화물)",교환,CAN-001685
union_standard_time,1128311,화물-대형화물,판금/도장정비,판금(탈부착),"앞도어(좌,화물)",오버홀,CAN-001686
union_standard_time,1128312,화물-대형화물,판금/도장정비,판금(탈부착),"앞도어(좌,전동,화물)",탈착,CAN-001684
union_standard_time,1128312,화물-대형화물,판금/도장정비,판금(탈부착),"앞도어(좌,전동,화물)",교환,CAN-001682
union_standard_time,1128312,화물-대형화물,판금/도장정비,판금(탈부착),"앞도어(좌,전동,화물)",오버홀,CAN-001683
union_standard_time,1128314,화물-대형화물,판금/도장정비,판금(탈부착),"앞도어(우,전동,화물)",탈착,CAN-001678
union_standard_time,1128314,화물-대형화물,판금/도장정비,판금(탈부착),"앞도어(우,전동,화물)",교환,CAN-001676
union_standard_time,1128314,화물-대형화물,판금/도장정비,판금(탈부착),"앞도어(우,전동,화물)",오버홀,CAN-001677
union_standard_time,1128413,화물-대형화물,판금/도장정비,판금(탈부착),"앞도어(우,화물)",탈착,CAN-001681
union_standard_time,1128413,화물-대형화물,판금/도장정비,판금(탈부착),"앞도어(우,화물)",교환,CAN-001679
union_standard_time,1128413,화물-대형화물,판금/도장정비,판금(탈부착),"앞도어(우,화물)",오버홀,CAN-001680
union_standard_time,1138313,화물-대형화물,판금/도장정비,판금(탈부착),"뒤도어(좌,화물)",탈착,CAN-000178
union_standard_time,1138313,화물-대형화물,판금/도장정비,판금(탈부착),"뒤도어(좌,화물)",교환,CAN-000176
union_standard_time,1138313,화물-대형화물,판금/도장정비,판금(탈부착),"뒤도어(좌,화물)",오버홀,CAN-000177
union_standard_time,1138314,화물-대형화물,판금/도장정비,판금(탈부착),"뒤도어(좌,전동,화물)",탈착,CAN-000175
union_standard_time,1138314,화물-대형화물,판금/도장정비,판금(탈부착),"뒤도어(좌,전동,화물)",교환,CAN-000173
union_standard_time,1138314,화물-대형화물,판금/도장정비,판금(탈부착),"뒤도어(좌,전동,화물)",오버홀,CAN-000174
union_standard_time,1138415,화물-대형화물,판금/도장정비,판금(탈부착),"뒤도어(우,화물)",탈착,CAN-000172
union_standard_time,1138415,화물-대형화물,판금/도장정비,판금(탈부착),"뒤도어(우,화물)",교환,CAN-000170
union_standard_time,1138415,화물-대형화물,판금/도장정비,판금(탈부착),"뒤도어(우,화물)",오버홀,CAN-000171
union_standard_time,1138416,화물-대형화물,판금/도장정비,판금(탈부착),"뒤도어(우,전동,화물)",탈착,CAN-000169
union_standard_time,1138416,화물-대형화물,판금/도장정비,판금(탈부착),"뒤도어(우,전동,화물)",교환,CAN-000167
union_standard_time,1138416,화물-대형화물,판금/도장정비,판금(탈부착),"뒤도어(우,전동,화물)",오버홀,CAN-000168
union_standard_time,1169301,화물-대형화물,기능정비,엔진 부품,사이드 미러(좌측),탈착,CAN-001156
union_standard_time,1169301,화물-대형화물,기능정비,엔진 부품,사이드 미러(좌측),교환,CAN-001154
union_standard_time,1169404,화물-대형화물,기능정비,엔진 부품,사이드 미러(우측),탈착,CAN-001144
union_standard_time,1169404,화물-대형화물,기능정비,엔진 부품,사이드 미러(우측),교환,CAN-001142
union_standard_time,1198016,화물-대형화물,기능정비,엔진 부품,가니쉬 #1,탈착,CAN-000098
union_standard_time,1198016,화물-대형화물,기능정비,엔진 부품,가니쉬 #1,교환,CAN-000097
union_standard_time,1198017,화물-대형화물,기능정비,엔진 부품,가니쉬 #2,탈착,CAN-000100
union_standard_time,1198017,화물-대형화물,기능정비,엔진 부품,가니쉬 #2,교환,CAN-000099
union_standard_time,1198301,화물-대형화물,기능정비,엔진 부품,사이드씰(좌측),교환,CAN-001217
union_standard_time,1198309,화물-대형화물,기능정비,엔진 부품,"사이드스텝(좌,스텝분리형)",탈착,CAN-001191
union_standard_time,1198309,화물-대형화물,기능정비,엔진 부품,"사이드스텝(좌,스텝분리형)",교환,CAN-001190
union_standard_time,1198405,화물-대형화물,기능정비,엔진 부품,사이드씰(우측),교환,CAN-001216
union_standard_time,1198410,화물-대형화물,기능정비,엔진 부품,"사이드스텝(우,스텝분리형)",탈착,CAN-001187
union_standard_time,1198410,화물-대형화물,기능정비,엔진 부품,"사이드스텝(우,스텝분리형)",교환,CAN-001186
union_standard_time,1208301,화물-대형화물,기능정비,엔진 부품,"사이드프레임 ASSY(화물,좌)",교환,CAN-001242
union_standard_time,1208402,화물-대형화물,기능정비,엔진 부품,"사이드프레임 ASSY(화물,우)",교환,CAN-001241
union_standard_time,1218001,화물-대형화물,판금/도장정비,판금(탈부착),루프패널,교환,CAN-000458
union_standard_time,1219028,화물-대형화물,판금/도장정비,판금(탈부착),루프 톱실링(화물),탈착,CAN-000447
union_standard_time,1219028,화물-대형화물,판금/도장정비,판금(탈부착),루프 톱실링(화물),교환,CAN-000446
union_standard_time,1228201,화물-대형화물,판금/도장정비,판금(탈부착),리어 범퍼,탈착,CAN-000536
union_standard_time,1228201,화물-대형화물,판금/도장정비,판금(탈부착),리어 범퍼,교환,CAN-000534
union_standard_time,1228206,화물-대형화물,판금/도장정비,판금(탈부착),리어 범퍼(용접식),탈착,CAN-000553
union_standard_time,1228206,화물-대형화물,판금/도장정비,판금(탈부착),리어 범퍼(용접식),교환,CAN-000552
union_standard_time,1268301,화물-대형화물,기능정비,전기 및 램프,리어 컴비네이션램프(좌측),탈착,CAN-000720
union_standard_time,1268301,화물-대형화물,기능정비,전기 및 램프,리어 컴비네이션램프(좌측),교환,CAN-000719
union_standard_time,1268314,화물-대형화물,판금/도장정비,판금(탈부착),컴비램프 브라켓패널(좌측),탈착,CAN-002543
union_standard_time,1268314,화물-대형화물,판금/도장정비,판금(탈부착),컴비램프 브라켓패널(좌측),교환,CAN-002542
union_standard_time,1268402,화물-대형화물,기능정비,전기 및 램프,리어 컴비네이션램프(우측),탈착,CAN-000718
union_standard_time,1268402,화물-대형화물,기능정비,전기 및 램프,리어 컴비네이션램프(우측),교환,CAN-000717
union_standard_time,1268415,화물-대형화물,판금/도장정비,판금(탈부착),컴비램프 브라켓패널(우측),탈착,CAN-002541
union_standard_time,1268415,화물-대형화물,판금/도장정비,판금(탈부착),컴비램프 브라켓패널(우측),교환,CAN-002540
union_standard_time,1348301,화물-대형화물,판금/도장정비,판금(탈부착),도어 리어필러(좌측),교환,CAN-000165
union_standard_time,1348310,화물-대형화물,판금/도장정비,판금(탈부착),"도어 리어필러(인너,좌)",교환,CAN-000164
union_standard_time,1348406,화물-대형화물,판금/도장정비,판금(탈부착),도어 리어필러(우측),교환,CAN-000161
union_standard_time,1348411,화물-대형화물,판금/도장정비,판금(탈부착),"도어 리어필러(인너,우)",교환,CAN-000163
union_standard_time,1428001,화물-대형화물,기능정비,엔진 부품,운전대 전체바닥,교환,CAN-002205
union_standard_time,1428004,화물-대형화물,판금/도장정비,판금(탈부착),운전대 바닥패널(앞),교환,CAN-002201
union_standard_time,1428005,화물-대형화물,판금/도장정비,판금(탈부착),운전대 바닥패널(뒤),교환,CAN-002199
union_standard_time,1448001,화물-대형화물,판금/도장정비,판금(탈부착),운전대 백패널,교환,CAN-002202
union_standard_time,1448002,화물-대형화물,소모품 및 하체정비,하체 부품,프레임프론트크로스멤버,탈착,CAN-002920
union_standard_time,1448002,화물-대형화물,소모품 및 하체정비,하체 부품,프레임프론트크로스멤버,교환,CAN-002919
union_standard_time,1448003,화물-대형화물,소모품 및 하체정비,하체 부품,프레임리어크로스멤버,탈착,CAN-002916
union_standard_time,1448003,화물-대형화물,소모품 및 하체정비,하체 부품,프레임리어크로스멤버,교환,CAN-002915
union_standard_time,1448007,화물-대형화물,기능정비,엔진 부품,캐빈(운전대)온리,탈착,CAN-002489
union_standard_time,1448007,화물-대형화물,기능정비,엔진 부품,캐빈(운전대)온리,교환,CAN-002488
union_standard_time,1448009,화물-대형화물,기능정비,엔진 부품,캐빈(운전대)컴플리트,탈착,CAN-002493
union_standard_time,1448009,화물-대형화물,기능정비,엔진 부품,캐빈(운전대)컴플리트,교환,CAN-002492
union_standard_time,1449013,화물-대형화물,기능정비,엔진 부품,캐빈스테이 ASSY,탈착,CAN-002487
union_standard_time,1449013,화물-대형화물,기능정비,엔진 부품,캐빈스테이 ASSY,교환,CAN-002486
union_standard_time,1449014,화물-대형화물,기능정비,엔진 부품,캐빈로크장치 ASSY,탈착,CAN-002477
union_standard_time,1449014,화물-대형화물,기능정비,엔진 부품,캐빈로크장치 ASSY,교환,CAN-002476
union_standard_time,1449015,화물-대형화물,기능정비,엔진 부품,캐빈마운팅브라켓 ASSY,탈착,CAN-002485
union_standard_time,1449015,화물-대형화물,기능정비,엔진 부품,캐빈마운팅브라켓 ASSY,교환,CAN-002484
union_standard_time,1458201,화물-대형화물,기능정비,엔진 부품,적재함,탈착,CAN-002307
union_standard_time,1458201,화물-대형화물,기능정비,엔진 부품,적재함,교환,CAN-002306
union_standard_time,1458203,화물-대형화물,기능정비,엔진 부품,"적재함 탑, 탱크로리",탈착,CAN-002327
union_standard_time,1458203,화물-대형화물,기능정비,엔진 부품,"적재함 탑, 탱크로리",교환,CAN-002326
union_standard_time,1458204,화물-대형화물,기능정비,엔진 부품,로드레스트,탈착,CAN-000381
union_standard_time,1458204,화물-대형화물,기능정비,엔진 부품,로드레스트,교환,CAN-000380
union_standard_time,1458209,화물-대형화물,기능정비,엔진 부품,적재함 뒷문,탈착,CAN-002311
union_standard_time,1458209,화물-대형화물,기능정비,엔진 부품,적재함 뒷문,교환,CAN-002310
union_standard_time,1458305,화물-대형화물,기능정비,엔진 부품,적재함 옆문(좌측),탈착,CAN-002321
union_standard_time,1458305,화물-대형화물,기능정비,엔진 부품,적재함 옆문(좌측),교환,CAN-002320
union_standard_time,1458407,화물-대형화물,기능정비,엔진 부품,적재함 옆문(우측),탈착,CAN-002319
union_standard_time,1458407,화물-대형화물,기능정비,엔진 부품,적재함 옆문(우측),교환,CAN-002318
union_standard_time,1459212,화물-대형화물,기능정비,엔진 부품,적재함 뒤힌지 체크,탈착,CAN-002309
union_standard_time,1459212,화물-대형화물,기능정비,엔진 부품,적재함 뒤힌지 체크,교환,CAN-002308
union_standard_time,1468205,화물-대형화물,소모품 및 하체정비,브레이크/타이어,스페어타이어 캐리어,탈착,CAN-001420
union_standard_time,1468205,화물-대형화물,소모품 및 하체정비,브레이크/타이어,스페어타이어 캐리어,교환,CAN-001419
union_standard_time,1468206,화물-대형화물,소모품 및 하체정비,브레이크/타이어,스페어타이어 캐리어#2,탈착,CAN-001418
union_standard_time,1468206,화물-대형화물,소모품 및 하체정비,브레이크/타이어,스페어타이어 캐리어#2,교환,CAN-001417
union_standard_time,1468301,화물-대형화물,소모품 및 하체정비,브레이크/타이어,"휠하우스(화물,좌)",탈착,CAN-003424
union_standard_time,1468301,화물-대형화물,소모품 및 하체정비,브레이크/타이어,"휠하우스(화물,좌)",교환,CAN-003423
union_standard_time,1468309,화물-대형화물,기능정비,엔진 부품,가드레일(좌측),탈착,CAN-000108
union_standard_time,1468309,화물-대형화물,기능정비,엔진 부품,가드레일(좌측),교환,CAN-000107
union_standard_time,1468311,화물-대형화물,기능정비,엔진 부품,"가드레일(좌,조립식)",탈착,CAN-000106
union_standard_time,1468311,화물-대형화물,기능정비,엔진 부품,"가드레일(좌,조립식)",교환,CAN-000105
union_standard_time,1468402,화물-대형화물,소모품 및 하체정비,브레이크/타이어,"휠하우스(화물,우)",탈착,CAN-003422
union_standard_time,1468402,화물-대형화물,소모품 및 하체정비,브레이크/타이어,"휠하우스(화물,우)",교환,CAN-003421
union_standard_time,1468410,화물-대형화물,기능정비,엔진 부품,가드레일(우측),탈착,CAN-000104
union_standard_time,1468410,화물-대형화물,기능정비,엔진 부품,가드레일(우측),교환,CAN-000103
union_standard_time,1468412,화물-대형화물,기능정비,엔진 부품,"가드레일(우,조립식)",탈착,CAN-000102
union_standard_time,1468412,화물-대형화물,기능정비,엔진 부품,"가드레일(우,조립식)",교환,CAN-000101
union_standard_time,1469513,화물-대형화물,기능정비,엔진 부품,머드가드(앞좌),탈착,CAN-000829
union_standard_time,1469513,화물-대형화물,기능정비,엔진 부품,머드가드(앞좌),교환,CAN-000828
union_standard_time,1469614,화물-대형화물,기능정비,엔진 부품,머드가드(앞우),탈착,CAN-000827
union_standard_time,1469614,화물-대형화물,기능정비,엔진 부품,머드가드(앞우),교환,CAN-000826
union_standard_time,1469715,화물-대형화물,기능정비,엔진 부품,머드가드(뒤좌),탈착,CAN-000825
union_standard_time,1469715,화물-대형화물,기능정비,엔진 부품,머드가드(뒤좌),교환,CAN-000824
union_standard_time,1469816,화물-대형화물,기능정비,엔진 부품,머드가드(뒤우),탈착,CAN-000823
union_standard_time,1469816,화물-대형화물,기능정비,엔진 부품,머드가드(뒤우),교환,CAN-000822
union_standard_time,3478001,화물-대형화물,소모품 및 하체정비,브레이크/타이어,크러시패드,탈착,CAN-002613
union_standard_time,3478001,화물-대형화물,소모품 및 하체정비,브레이크/타이어,크러시패드,교환,CAN-002612
union_standard_time,3478006,화물-대형화물,소모품 및 하체정비,브레이크/타이어,크러시패드분리형덮개,탈착,CAN-002615
union_standard_time,3478006,화물-대형화물,소모품 및 하체정비,브레이크/타이어,크러시패드분리형덮개,교환,CAN-002614
union_standard_time,3478009,화물-대형화물,기능정비,엔진 부품,콘솔박스,탈착,CAN-002570
union_standard_time,3478009,화물-대형화물,기능정비,엔진 부품,콘솔박스,교환,CAN-002569
union_standard_time,3478020,화물-대형화물,기능정비,에어컨,히터모터(분리식),탈착,CAN-003442
union_standard_time,3478020,화물-대형화물,기능정비,에어컨,히터모터(분리식),교환,CAN-003441
union_standard_time,3478024,화물-대형화물,기능정비,에어컨,에어컨 에바포레이터(화물),탈착,CAN-001819
union_standard_time,3478024,화물-대형화물,기능정비,에어컨,에어컨 에바포레이터(화물),교환,CAN-001818
union_standard_time,3478402,화물-대형화물,기능정비,엔진 부품,프론트 시트(우측),탈착,CAN-003090
union_standard_time,3478402,화물-대형화물,기능정비,엔진 부품,프론트 시트(우측),교환,CAN-003089
union_standard_time,3479019,화물-대형화물,기능정비,에어컨,히터 유니트,탈착,CAN-003452
union_standard_time,3479019,화물-대형화물,기능정비,에어컨,히터 유니트,교환,CAN-003451
union_standard_time,3488008,화물-대형화물,기능정비,엔진 부품,리어 시트,탈착,CAN-000641
union_standard_time,3488008,화물-대형화물,기능정비,엔진 부품,리어 시트,교환,CAN-000640
union_standard_time,3488301,화물-대형화물,기능정비,엔진 부품,프론트 시트(좌측),탈착,CAN-003100
union_standard_time,3488301,화물-대형화물,기능정비,엔진 부품,프론트 시트(좌측),교환,CAN-003099
union_standard_time,3488329,화물-대형화물,기능정비,엔진 부품,시트기어(좌측),탈착,CAN-001519
union_standard_time,3488329,화물-대형화물,기능정비,엔진 부품,시트기어(좌측),교환,CAN-001518
union_standard_time,3488430,화물-대형화물,기능정비,엔진 부품,시트기어(우측),탈착,CAN-001517
union_standard_time,3488430,화물-대형화물,기능정비,엔진 부품,시트기어(우측),교환,CAN-001516
union_standard_time,3499017,화물-대형화물,기능정비,엔진 부품,안전밸트(2점식)NO.1,탈착,CAN-001619
union_standard_time,3499017,화물-대형화물,기능정비,엔진 부품,안전밸트(2점식)NO.1,교환,CAN-001618
union_standard_time,3499018,화물-대형화물,기능정비,엔진 부품,안전밸트(2점식)NO.2,탈착,CAN-001621
union_standard_time,3499018,화물-대형화물,기능정비,엔진 부품,안전밸트(2점식)NO.2,교환,CAN-001620
union_standard_time,3499019,화물-대형화물,기능정비,엔진 부품,안전밸트(2점식)NO.3,탈착,CAN-001623
union_standard_time,3499019,화물-대형화물,기능정비,엔진 부품,안전밸트(2점식)NO.3,교환,CAN-001622
union_standard_time,3499501,화물-대형화물,기능정비,엔진 부품,"안전벨트(앞,좌)",탈착,CAN-001665
union_standard_time,3499501,화물-대형화물,기능정비,엔진 부품,"안전벨트(앞,좌)",교환,CAN-001664
union_standard_time,3499604,화물-대형화물,기능정비,엔진 부품,"안전벨트(앞,우)",탈착,CAN-001661
union_standard_time,3499604,화물-대형화물,기능정비,엔진 부품,"안전벨트(앞,우)",교환,CAN-001660
union_standard_time,3499706,화물-대형화물,기능정비,엔진 부품,"안전벨트(뒤,좌)",탈착,CAN-001657
union_standard_time,3499706,화물-대형화물,기능정비,엔진 부품,"안전벨트(뒤,좌)",교환,CAN-001656
union_standard_time,3499807,화물-대형화물,기능정비,엔진 부품,"안전벨트(뒤,우)",탈착,CAN-001655
union_standard_time,3499807,화물-대형화물,기능정비,엔진 부품,"안전벨트(뒤,우)",교환,CAN-001654
union_standard_time,3508001,화물-대형화물,기능정비,엔진 부품,키셋트,탈착,CAN-002641
union_standard_time,3508001,화물-대형화물,기능정비,엔진 부품,키셋트,교환,CAN-002640
union_standard_time,3508004,화물-대형화물,기능정비,전기 및 램프,크러쉬패드 배선,탈착,CAN-002611
union_standard_time,3508004,화물-대형화물,기능정비,전기 및 램프,크러쉬패드 배선,교환,CAN-002610
union_standard_time,3508006,화물-대형화물,기능정비,전기 및 램프,엔진룸배선,탈착,CAN-001923
union_standard_time,3508006,화물-대형화물,기능정비,전기 및 램프,엔진룸배선,교환,CAN-001922
union_standard_time,3508011,화물-대형화물,기능정비,전기 및 램프,뒷배선,탈착,CAN-000252
union_standard_time,3508011,화물-대형화물,기능정비,전기 및 램프,뒷배선,교환,CAN-000251
union_standard_time,3508015,화물-대형화물,기능정비,전기 및 램프,전체배선,탈착,CAN-002382
union_standard_time,3508015,화물-대형화물,기능정비,전기 및 램프,전체배선,교환,CAN-002381
union_standard_time,3508020,화물-대형화물,기능정비,엔진 부품,와이퍼 모터 및 링케이지,탈착,CAN-002192
union_standard_time,3508020,화물-대형화물,기능정비,엔진 부품,와이퍼 모터 및 링케이지,교환,CAN-002191
union_standard_time,3508024,화물-대형화물,소모품 및 하체정비,소모품,밧데리,탈착,CAN-000878
union_standard_time,3508024,화물-대형화물,소모품 및 하체정비,소모품,밧데리,교환,CAN-000877
union_standard_time,3509019,화물-대형화물,기능정비,전기 및 램프,컴비네이션 스위치,탈착,CAN-002519
union_standard_time,3509019,화물-대형화물,기능정비,전기 및 램프,컴비네이션 스위치,교환,CAN-002518
union_standard_time,3518001,화물-대형화물,기능정비,에어컨,에어컨 컨덴샤,탈착,CAN-001823
union_standard_time,3518001,화물-대형화물,기능정비,에어컨,에어컨 컨덴샤,교환,CAN-001822
union_standard_time,3518013,화물-대형화물,기능정비,에어컨,에어컨 컴프레샤,탈착,CAN-001825
union_standard_time,3518013,화물-대형화물,기능정비,에어컨,에어컨 컴프레샤,교환,CAN-001824
union_standard_time,3518016,화물-대형화물,기능정비,엔진 부품,라디에이터,탈착,CAN-000315
union_standard_time,3518016,화물-대형화물,기능정비,엔진 부품,라디에이터,교환,CAN-000314
union_standard_time,3518029,화물-대형화물,기능정비,엔진 부품,라디에이터 리저브탱크,탈착,CAN-000336
union_standard_time,3518029,화물-대형화물,기능정비,엔진 부품,라디에이터 리저브탱크,교환,CAN-000335
union_standard_time,3518030,화물-대형화물,기능정비,전기 및 램프,와셔탱크(앞),탈착,CAN-002186
union_standard_time,3518030,화물-대형화물,기능정비,전기 및 램프,와셔탱크(앞),교환,CAN-002185
union_standard_time,3518032,화물-대형화물,기능정비,엔진 부품,알터네이터,탈착,CAN-001675
union_standard_time,3518032,화물-대형화물,기능정비,엔진 부품,알터네이터,교환,CAN-001674
union_standard_time,3518033,화물-대형화물,기능정비,엔진 부품,스타팅모터,탈착,CAN-001360
union_standard_time,3518033,화물-대형화물,기능정비,엔진 부품,스타팅모터,교환,CAN-001359
union_standard_time,3519003,화물-대형화물,기능정비,에어컨,에어컨 파이프 NO.1,탈착,CAN-001833
union_standard_time,3519003,화물-대형화물,기능정비,에어컨,에어컨 파이프 NO.1,교환,CAN-001832
union_standard_time,3519004,화물-대형화물,기능정비,에어컨,에어컨 파이프 NO.2,탈착,CAN-001837
union_standard_time,3519004,화물-대형화물,기능정비,에어컨,에어컨 파이프 NO.2,교환,CAN-001836
union_standard_time,3519005,화물-대형화물,기능정비,에어컨,에어컨 파이프 NO.3,탈착,CAN-001841
union_standard_time,3519005,화물-대형화물,기능정비,에어컨,에어컨 파이프 NO.3,교환,CAN-001840
union_standard_time,3519006,화물-대형화물,기능정비,에어컨,에어컨 파이프 NO.4,탈착,CAN-001845
union_standard_time,3519006,화물-대형화물,기능정비,에어컨,에어컨 파이프 NO.4,교환,CAN-001844
union_standard_time,3519012,화물-대형화물,기능정비,엔진 부품,리시버 드라이탱크,탈착,CAN-000487
union_standard_time,3519012,화물-대형화물,기능정비,엔진 부품,리시버 드라이탱크,교환,CAN-000486
union_standard_time,3519018,화물-대형화물,기능정비,엔진 부품,라디에이터 휀,탈착,CAN-000355
union_standard_time,3519018,화물-대형화물,기능정비,엔진 부품,라디에이터 휀,교환,CAN-000354
union_standard_time,3549301,화물-대형화물,기능정비,엔진 부품,프론트 필러 트림(좌측),탈착,CAN-003178
union_standard_time,3549301,화물-대형화물,기능정비,엔진 부품,프론트 필러 트림(좌측),교환,CAN-003177
union_standard_time,3549402,화물-대형화물,기능정비,엔진 부품,프론트 필러 트림(우측),탈착,CAN-003176
union_standard_time,3549402,화물-대형화물,기능정비,엔진 부품,프론트 필러 트림(우측),교환,CAN-003175
union_standard_time,3568001,화물-대형화물,기능정비,엔진 부품,안테나,탈착,CAN-001673
union_standard_time,3568001,화물-대형화물,기능정비,엔진 부품,안테나,교환,CAN-001672
union_standard_time,3568020,화물-대형화물,기능정비,전기 및 램프,스피드 인디케이터램프(속도등),탈착,CAN-001426
union_standard_time,3568020,화물-대형화물,기능정비,전기 및 램프,스피드 인디케이터램프(속도등),교환,CAN-001425
union_standard_time,3578025,화물-대형화물,기능정비,엔진 부품,발판유리(우측),탈착,CAN-000876
union_standard_time,3578025,화물-대형화물,기능정비,엔진 부품,발판유리(우측),교환,CAN-000875
union_standard_time,3578101,화물-대형화물,기능정비,엔진 부품,앞유리(접착식),탈착,CAN-001717
union_standard_time,3578101,화물-대형화물,기능정비,엔진 부품,앞유리(접착식),교환,CAN-001716
union_standard_time,3578202,화물-대형화물,기능정비,엔진 부품,뒷유리(접착식),탈착,CAN-000258
union_standard_time,3578202,화물-대형화물,기능정비,엔진 부품,뒷유리(접착식),교환,CAN-000257
union_standard_time,3578321,화물-대형화물,기능정비,엔진 부품,고정창 사각유리(좌측),탈착,CAN-000121
union_standard_time,3578321,화물-대형화물,기능정비,엔진 부품,고정창 사각유리(좌측),교환,CAN-000120
union_standard_time,3578422,화물-대형화물,기능정비,엔진 부품,고정창 사각유리(우측),탈착,CAN-000119
union_standard_time,3578422,화물-대형화물,기능정비,엔진 부품,고정창 사각유리(우측),교환,CAN-000118
union_standard_time,3578503,화물-대형화물,판금/도장정비,판금(탈부착),"문짝사각유리(앞,좌)",탈착,CAN-000852
union_standard_time,3578503,화물-대형화물,판금/도장정비,판금(탈부착),"문짝사각유리(앞,좌)",교환,CAN-000851
union_standard_time,3578517,화물-대형화물,판금/도장정비,판금(탈부착),"문짝삼각유리(앞,좌)",탈착,CAN-000860
union_standard_time,3578517,화물-대형화물,판금/도장정비,판금(탈부착),"문짝삼각유리(앞,좌)",교환,CAN-000859
union_standard_time,3578604,화물-대형화물,판금/도장정비,판금(탈부착),"문짝사각유리(앞,우)",탈착,CAN-000850
union_standard_time,3578604,화물-대형화물,판금/도장정비,판금(탈부착),"문짝사각유리(앞,우)",교환,CAN-000849
union_standard_time,3578618,화물-대형화물,판금/도장정비,판금(탈부착),"문짝삼각유리(앞,우)",탈착,CAN-000858
union_standard_time,3578618,화물-대형화물,판금/도장정비,판금(탈부착),"문짝삼각유리(앞,우)",교환,CAN-000857
union_standard_time,5588006,화물-대형화물,기능정비,엔진 부품,엔진 ASSY,탈착,CAN-001913
union_standard_time,5588006,화물-대형화물,기능정비,엔진 부품,엔진 ASSY,교환,CAN-001911
union_standard_time,5588006,화물-대형화물,기능정비,엔진 부품,엔진 ASSY,오버홀,CAN-001912
union_standard_time,5588015,화물-대형화물,기능정비,엔진 부품,쇼트엔진,교환,CAN-001327
union_standard_time,5598007,화물-대형화물,기능정비,엔진 부품,실린더헤드,오버홀,CAN-001572
union_standard_time,5599015,화물-대형화물,기능정비,엔진 부품,엔진 마운틴 및 브라켓(앞),탈착,CAN-001970
union_standard_time,5599015,화물-대형화물,기능정비,엔진 부품,엔진 마운틴 및 브라켓(앞),교환,CAN-001969
union_standard_time,5599016,화물-대형화물,기능정비,엔진 부품,엔진 마운틴 및 브라켓(뒤),탈착,CAN-001958
union_standard_time,5599016,화물-대형화물,기능정비,엔진 부품,엔진 마운틴 및 브라켓(뒤),교환,CAN-001957
union_standard_time,5599311,화물-대형화물,기능정비,엔진 부품,엔진 마운틴 및 브라켓(좌측),탈착,CAN-001980
union_standard_time,5599311,화물-대형화물,기능정비,엔진 부품,엔진 마운틴 및 브라켓(좌측),교환,CAN-001979
union_standard_time,5599413,화물-대형화물,기능정비,엔진 부품,엔진 마운틴 및 브라켓(우측),탈착,CAN-001976
union_standard_time,5599413,화물-대형화물,기능정비,엔진 부품,엔진 마운틴 및 브라켓(우측),교환,CAN-001975
union_standard_time,5608001,화물-대형화물,기능정비,엔진 부품,타이밍커버,탈착,CAN-002673
union_standard_time,5608001,화물-대형화물,기능정비,엔진 부품,타이밍커버,교환,CAN-002672
union_standard_time,5608007,화물-대형화물,기능정비,엔진 부품,타이밍 기어,탈착,CAN-002649
union_standard_time,5608007,화물-대형화물,기능정비,엔진 부품,타이밍 기어,교환,CAN-002648
union_standard_time,5618001,화물-대형화물,소모품 및 하체정비,소모품,에어크리너,탈착,CAN-001867
union_standard_time,5618001,화물-대형화물,소모품 및 하체정비,소모품,에어크리너,교환,CAN-001866
union_standard_time,5638001,화물-대형화물,소모품 및 하체정비,오일류,엔진오일팬,탈착,CAN-001993
union_standard_time,5638001,화물-대형화물,소모품 및 하체정비,오일류,엔진오일팬,교환,CAN-001992
union_standard_time,5638006,화물-대형화물,소모품 및 하체정비,오일류,엔진오일 펌프,탈착,CAN-001999
union_standard_time,5638006,화물-대형화물,소모품 및 하체정비,오일류,엔진오일 펌프,교환,CAN-001998
union_standard_time,5638009,화물-대형화물,기능정비,엔진 부품,워터펌프,탈착,CAN-002230
union_standard_time,5638009,화물-대형화물,기능정비,엔진 부품,워터펌프,교환,CAN-002229
union_standard_time,5638019,화물-대형화물,소모품 및 하체정비,하체 부품,파워스티어링 펌프,탈착,CAN-002852
union_standard_time,5638019,화물-대형화물,소모품 및 하체정비,하체 부품,파워스티어링 펌프,교환,CAN-002851
union_standard_time,5648001,화물-대형화물,기능정비,엔진 부품,흡기매니홀드,탈착,CAN-003434
union_standard_time,5648001,화물-대형화물,기능정비,엔진 부품,흡기매니홀드,교환,CAN-003433
union_standard_time,5648006,화물-대형화물,기능정비,엔진 부품,배기매니홀드,탈착,CAN-000903
union_standard_time,5648006,화물-대형화물,기능정비,엔진 부품,배기매니홀드,교환,CAN-000902
union_standard_time,5658003,화물-대형화물,기능정비,엔진 부품,배가파이프1번(프론트),탈착,CAN-000889
union_standard_time,5658003,화물-대형화물,기능정비,엔진 부품,배가파이프1번(프론트),교환,CAN-000888
union_standard_time,5658008,화물-대형화물,기능정비,엔진 부품,배기파이프2번(미들),탈착,CAN-000933
union_standard_time,5658008,화물-대형화물,기능정비,엔진 부품,배기파이프2번(미들),교환,CAN-000932
union_standard_time,5658010,화물-대형화물,기능정비,엔진 부품,배기파이프3번(머플러),탈착,CAN-000939
union_standard_time,5658010,화물-대형화물,기능정비,엔진 부품,배기파이프3번(머플러),교환,CAN-000938
union_standard_time,5658017,화물-대형화물,소모품 및 하체정비,브레이크/타이어,배기 브레이크 유니트,탈착,CAN-000917
union_standard_time,5658017,화물-대형화물,소모품 및 하체정비,브레이크/타이어,배기 브레이크 유니트,교환,CAN-000916
union_standard_time,5668001,화물-대형화물,기능정비,엔진 부품,연료탱크,탈착,CAN-002034
union_standard_time,5668001,화물-대형화물,기능정비,엔진 부품,연료탱크,교환,CAN-002032
union_standard_time,5668001,화물-대형화물,기능정비,엔진 부품,연료탱크,오버홀,CAN-002033
union_standard_time,5668003,화물-대형화물,기능정비,엔진 부품,인젝션(연료)펌프,탈착,CAN-002274
union_standard_time,5668003,화물-대형화물,기능정비,엔진 부품,인젝션(연료)펌프,교환,CAN-002272
union_standard_time,5668012,화물-대형화물,소모품 및 하체정비,소모품,연료 세디멘터 및 필터,탈착,CAN-002027
union_standard_time,5668012,화물-대형화물,소모품 및 하체정비,소모품,연료 세디멘터 및 필터,교환,CAN-002026
union_standard_time,5678001,화물-대형화물,소모품 및 하체정비,오일류,오일쿨러,탈착,CAN-002162
union_standard_time,5678001,화물-대형화물,소모품 및 하체정비,오일류,오일쿨러,교환,CAN-002161
union_standard_time,5678004,화물-대형화물,기능정비,엔진 부품,에어 컴프레샤,탈착,CAN-001858
union_standard_time,5678004,화물-대형화물,기능정비,엔진 부품,에어 컴프레샤,교환,CAN-001857
union_standard_time,5678005,화물-대형화물,기능정비,엔진 부품,터보챠져(과급기),탈착,CAN-002705
union_standard_time,5678005,화물-대형화물,기능정비,엔진 부품,터보챠져(과급기),교환,CAN-002704
union_standard_time,5678006,화물-대형화물,기능정비,엔진 부품,인터쿨러,탈착,CAN-002299
union_standard_time,5678006,화물-대형화물,기능정비,엔진 부품,인터쿨러,교환,CAN-002298
union_standard_time,7688005,화물-대형화물,기능정비,엔진 부품,트랜스밋션,탈착,CAN-002738
union_standard_time,7688005,화물-대형화물,기능정비,엔진 부품,트랜스밋션,교환,CAN-002736
union_standard_time,7688005,화물-대형화물,기능정비,엔진 부품,트랜스밋션,오버홀,CAN-002737
union_standard_time,7689016,화물-대형화물,기능정비,엔진 부품,체인지레버,탈착,CAN-002429
union_standard_time,7689016,화물-대형화물,기능정비,엔진 부품,체인지레버,교환,CAN-002428
union_standard_time,7689017,화물-대형화물,기능정비,엔진 부품,체인지레버(M/T),탈착,CAN-002427
union_standard_time,7689017,화물-대형화물,기능정비,엔진 부품,체인지레버(M/T),교환,CAN-002426
union_standard_time,7689018,화물-대형화물,기능정비,엔진 부품,체인지레버(A/T),탈착,CAN-002425
union_standard_time,7689018,화물-대형화물,기능정비,엔진 부품,체인지레버(A/T),교환,CAN-002424
union_standard_time,7698006,화물-대형화물,기능정비,엔진 부품,프로펠라샤프트(앞),탈착,CAN-002932
union_standard_time,7698006,화물-대형화물,기능정비,엔진 부품,프로펠라샤프트(앞),교환,CAN-002931
union_standard_time,7698007,화물-대형화물,기능정비,엔진 부품,프로펠라샤프트(뒤),탈착,CAN-002930
union_standard_time,7698007,화물-대형화물,기능정비,엔진 부품,프로펠라샤프트(뒤),교환,CAN-002929
union_standard_time,7698014,화물-대형화물,기능정비,엔진 부품,프론트 액슬,탈착,CAN-003103
union_standard_time,7698014,화물-대형화물,기능정비,엔진 부품,프론트 액슬,교환,CAN-003101
union_standard_time,7698014,화물-대형화물,기능정비,엔진 부품,프론트 액슬,오버홀,CAN-003102
union_standard_time,7708505,화물-대형화물,기능정비,엔진 부품,판스프링(앞좌),탈착,CAN-002888
union_standard_time,7708505,화물-대형화물,기능정비,엔진 부품,판스프링(앞좌),교환,CAN-002886
union_standard_time,7708606,화물-대형화물,기능정비,엔진 부품,판스프링(앞우),탈착,CAN-002885
union_standard_time,7708606,화물-대형화물,기능정비,엔진 부품,판스프링(앞우),교환,CAN-002883
union_standard_time,7708707,화물-대형화물,기능정비,엔진 부품,판스프링(뒤좌),탈착,CAN-002882
union_standard_time,7708707,화물-대형화물,기능정비,엔진 부품,판스프링(뒤좌),교환,CAN-002880
union_standard_time,7708809,화물-대형화물,기능정비,엔진 부품,판스프링(뒤우),탈착,CAN-002879
union_standard_time,7708809,화물-대형화물,기능정비,엔진 부품,판스프링(뒤우),교환,CAN-002877
union_standard_time,7709501,화물-대형화물,기능정비,엔진 부품,쇽업쇼버(앞좌),탈착,CAN-001349
union_standard_time,7709501,화물-대형화물,기능정비,엔진 부품,쇽업쇼버(앞좌),교환,CAN-001347
union_standard_time,7709602,화물-대형화물,기능정비,엔진 부품,쇽업쇼버(앞우),탈착,CAN-001346
union_standard_time,7709602,화물-대형화물,기능정비,엔진 부품,쇽업쇼버(앞우),교환,CAN-001344
union_standard_time,7709703,화물-대형화물,기능정비,엔진 부품,쇽업쇼버(뒤좌),탈착,CAN-001339
union_standard_time,7709703,화물-대형화물,기능정비,엔진 부품,쇽업쇼버(뒤좌),교환,CAN-001338
union_standard_time,7709804,화물-대형화물,기능정비,엔진 부품,쇽업쇼버(뒤우),탈착,CAN-001337
union_standard_time,7709804,화물-대형화물,기능정비,엔진 부품,쇽업쇼버(뒤우),교환,CAN-001336
union_standard_time,7718021,화물-대형화물,기능정비,엔진 부품,리어 액슬 ASSY,탈착,CAN-000681
union_standard_time,7718021,화물-대형화물,기능정비,엔진 부품,리어 액슬 ASSY,교환,CAN-000679
union_standard_time,7718022,화물-대형화물,기능정비,엔진 부품,리어액슬하우징 ASSY,오버홀,CAN-000695
union_standard_time,7719510,화물-대형화물,소모품 및 하체정비,하체 부품,허브(앞좌),오버홀,CAN-003265
union_standard_time,7719611,화물-대형화물,소모품 및 하체정비,하체 부품,허브(앞우),오버홀,CAN-003263
union_standard_time,7719712,화물-대형화물,소모품 및 하체정비,하체 부품,허브(뒤좌),오버홀,CAN-003261
union_standard_time,7719813,화물-대형화물,소모품 및 하체정비,하체 부품,허브(뒤우),오버홀,CAN-003259
union_standard_time,7728005,화물-대형화물,기능정비,엔진 부품,디퍼런셜 기어,탈착,CAN-000294
union_standard_time,7728005,화물-대형화물,기능정비,엔진 부품,디퍼런셜 기어,교환,CAN-000292
union_standard_time,7728005,화물-대형화물,기능정비,엔진 부품,디퍼런셜 기어,오버홀,CAN-000293
union_standard_time,7728012,화물-대형화물,소모품 및 하체정비,브레이크/타이어,타이어#1,교환,CAN-002681
union_standard_time,7728013,화물-대형화물,소모품 및 하체정비,브레이크/타이어,타이어#2,교환,CAN-002682
union_standard_time,7728014,화물-대형화물,소모품 및 하체정비,브레이크/타이어,타이어#3,교환,CAN-002683
union_standard_time,7728015,화물-대형화물,소모품 및 하체정비,브레이크/타이어,타이어#4,교환,CAN-002684
union_standard_time,7728016,화물-대형화물,소모품 및 하체정비,브레이크/타이어,타이어#5,교환,CAN-002685
union_standard_time,7728017,화물-대형화물,소모품 및 하체정비,브레이크/타이어,타이어#6,교환,CAN-002686
union_standard_time,7728018,화물-대형화물,소모품 및 하체정비,브레이크/타이어,타이어#7,교환,CAN-002687
union_standard_time,7728019,화물-대형화물,소모품 및 하체정비,브레이크/타이어,타이어#8,교환,CAN-002688
union_standard_time,7728020,화물-대형화물,소모품 및 하체정비,브레이크/타이어,타이어#9,교환,CAN-002689
union_standard_time,7728021,화물-대형화물,소모품 및 하체정비,브레이크/타이어,타이어#10,교환,CAN-002680
union_standard_time,7728027,화물-대형화물,소모품 및 하체정비,하체 부품,스티어링 컬럼ASSY,탈착,CAN-001401
union_standard_time,7728027,화물-대형화물,소모품 및 하체정비,하체 부품,스티어링 컬럼ASSY,교환,CAN-001400
union_standard_time,7728031,화물-대형화물,소모품 및 하체정비,하체 부품,파워스티어링기어,탈착,CAN-002834
union_standard_time,7728031,화물-대형화물,소모품 및 하체정비,하체 부품,파워스티어링기어,교환,CAN-002833
union_standard_time,7728045,화물-대형화물,기능정비,전기 및 램프,ABS 하이드로릭 유니트,탈착,CAN-000010
union_standard_time,7728045,화물-대형화물,기능정비,전기 및 램프,ABS 하이드로릭 유니트,교환,CAN-000009
union_standard_time,7728051,화물-대형화물,소모품 및 하체정비,브레이크/타이어,브레이크부스터&마스터 실린더,탈착,CAN-001085
union_standard_time,7728051,화물-대형화물,소모품 및 하체정비,브레이크/타이어,브레이크부스터&마스터 실린더,교환,CAN-001084
union_standard_time,7728059,화물-대형화물,소모품 및 하체정비,브레이크/타이어,클러치 및 브레이크패달 브라켓,탈착,CAN-002631
union_standard_time,7728059,화물-대형화물,소모품 및 하체정비,브레이크/타이어,클러치 및 브레이크패달 브라켓,교환,CAN-002630
union_standard_time,7728066,화물-대형화물,기능정비,엔진 부품,클러치 마스터 실린더,탈착,CAN-002627
union_standard_time,7728066,화물-대형화물,기능정비,엔진 부품,클러치 마스터 실린더,교환,CAN-002626
union_standard_time,7728508,화물-대형화물,소모품 및 하체정비,브레이크/타이어,"타이어(앞,좌)",교환,CAN-002694
union_standard_time,7728609,화물-대형화물,소모품 및 하체정비,브레이크/타이어,"타이어(앞,우)",교환,CAN-002693
union_standard_time,7728710,화물-대형화물,소모품 및 하체정비,브레이크/타이어,"타이어(뒤,좌)",교환,CAN-002691
union_standard_time,7728811,화물-대형화물,소모품 및 하체정비,브레이크/타이어,"타이어(뒤,우)",교환,CAN-002690
union_standard_time,7729026,화물-대형화물,소모품 및 하체정비,하체 부품,스티어링 휠,탈착,CAN-001407
union_standard_time,7729026,화물-대형화물,소모품 및 하체정비,하체 부품,스티어링 휠,교환,CAN-001406
union_standard_time,7729060,화물-대형화물,소모품 및 하체정비,브레이크/타이어,사이드 브레이크(핸드식),탈착,CAN-001173
union_standard_time,7729060,화물-대형화물,소모품 및 하체정비,브레이크/타이어,사이드 브레이크(핸드식),교환,CAN-001172
union_standard_time,7729546,화물-대형화물,기능정비,전기 및 램프,"ABS 센서(앞,좌)",탈착,CAN-000008
union_standard_time,7729546,화물-대형화물,기능정비,전기 및 램프,"ABS 센서(앞,좌)",교환,CAN-000007
union_standard_time,7729647,화물-대형화물,기능정비,전기 및 램프,"ABS 센서(앞,우)",탈착,CAN-000006
union_standard_time,7729647,화물-대형화물,기능정비,전기 및 램프,"ABS 센서(앞,우)",교환,CAN-000005
union_standard_time,7729748,화물-대형화물,기능정비,전기 및 램프,"ABS 센서(뒤,좌)",탈착,CAN-000004
union_standard_time,7729748,화물-대형화물,기능정비,전기 및 램프,"ABS 센서(뒤,좌)",교환,CAN-000003
union_standard_time,7729849,화물-대형화물,기능정비,전기 및 램프,"ABS 센서(뒤,우)",탈착,CAN-000002
union_standard_time,7729849,화물-대형화물,기능정비,전기 및 램프,"ABS 센서(뒤,우)",교환,CAN-000001
union_standard_time,7738001,화물-대형화물,기능정비,엔진 부품,각종계기케이블,탈착,CAN-000112
union_standard_time,7738001,화물-대형화물,기능정비,엔진 부품,각종계기케이블,교환,CAN-000111
union_standard_time,7738005,화물-대형화물,기능정비,엔진 부품,호이스트실린더,탈착,CAN-003308
union_standard_time,7738005,화물-대형화물,기능정비,엔진 부품,호이스트실린더,교환,CAN-003306
union_standard_time,7738005,화물-대형화물,기능정비,엔진 부품,호이스트실린더,오버홀,CAN-003307
union_standard_time,7738006,화물-대형화물,기능정비,엔진 부품,에어탱크,탈착,CAN-001874
union_standard_time,7738006,화물-대형화물,기능정비,엔진 부품,에어탱크,교환,CAN-001873
union_standard_time,7738007,화물-대형화물,기능정비,엔진 부품,공구박스,탈착,CAN-000123
union_standard_time,7738007,화물-대형화물,기능정비,엔진 부품,공구박스,교환,CAN-000122
union_standard_time,7738008,화물-대형화물,기능정비,엔진 부품,공구박스(프레임용접식),탈착,CAN-000125
union_standard_time,7738008,화물-대형화물,기능정비,엔진 부품,공구박스(프레임용접식),교환,CAN-000124
union_standard_time,1018101,화물-특대형화물,판금/도장정비,판금(탈부착),프론트 범퍼,탈착,CAN-002997
union_standard_time,1018101,화물-특대형화물,판금/도장정비,판금(탈부착),프론트 범퍼,교환,CAN-002995
union_standard_time,1018101,화물-특대형화물,판금/도장정비,판금(탈부착),프론트 범퍼,오버홀,CAN-002996
union_standard_time,1018315,화물-특대형화물,판금/도장정비,판금(탈부착),사이드범퍼(좌측),탈착,CAN-001166
union_standard_time,1018315,화물-특대형화물,판금/도장정비,판금(탈부착),사이드범퍼(좌측),교환,CAN-001165
union_standard_time,1018416,화물-특대형화물,판금/도장정비,판금(탈부착),사이드범퍼(우측),탈착,CAN-001164
union_standard_time,1018416,화물-특대형화물,판금/도장정비,판금(탈부착),사이드범퍼(우측),교환,CAN-001163
union_standard_time,1028101,화물-특대형화물,기능정비,엔진 부품,라디에이터그릴,탈착,CAN-000320
union_standard_time,1028101,화물-특대형화물,기능정비,엔진 부품,라디에이터그릴,교환,CAN-000318
union_standard_time,1029104,화물-특대형화물,기능정비,엔진 부품,라디에이터그릴 브라켓#1,탈착,CAN-000324
union_standard_time,1029104,화물-특대형화물,기능정비,엔진 부품,라디에이터그릴 브라켓#1,교환,CAN-000323
union_standard_time,1029105,화물-특대형화물,기능정비,엔진 부품,라디에이터그릴 브라켓#2,탈착,CAN-000326
union_standard_time,1029105,화물-특대형화물,기능정비,엔진 부품,라디에이터그릴 브라켓#2,교환,CAN-000325
union_standard_time,1029106,화물-특대형화물,기능정비,엔진 부품,라디에이터그릴 브라켓#3,탈착,CAN-000328
union_standard_time,1029106,화물-특대형화물,기능정비,엔진 부품,라디에이터그릴 브라켓#3,교환,CAN-000327
union_standard_time,1048101,화물-특대형화물,판금/도장정비,판금(탈부착),프론트 패널 ASSY,교환,CAN-003128
union_standard_time,1048102,화물-특대형화물,판금/도장정비,판금(탈부착),프론트 패널 ASSY(조립식),탈착,CAN-003134
union_standard_time,1048102,화물-특대형화물,판금/도장정비,판금(탈부착),프론트 패널 ASSY(조립식),교환,CAN-003132
union_standard_time,1048122,화물-특대형화물,판금/도장정비,판금(탈부착),앞패널 어퍼크로스멤버,교환,CAN-001729
union_standard_time,1048123,화물-특대형화물,판금/도장정비,판금(탈부착),보드인너패널(내측앞패널),교환,CAN-001048
union_standard_time,1048124,화물-특대형화물,판금/도장정비,판금(탈부착),앞패널 센타크로스멤버,교환,CAN-001728
union_standard_time,1048125,화물-특대형화물,판금/도장정비,판금(탈부착),앞패널 로워크로스멤버,교환,CAN-001727
union_standard_time,1058301,화물-특대형화물,기능정비,전기 및 램프,헤드램프(좌측),탈착,CAN-003301
union_standard_time,1058301,화물-특대형화물,기능정비,전기 및 램프,헤드램프(좌측),교환,CAN-003300
union_standard_time,1058320,화물-특대형화물,기능정비,전기 및 램프,시그널램프(좌측),탈착,CAN-001503
union_standard_time,1058320,화물-특대형화물,기능정비,전기 및 램프,시그널램프(좌측),교환,CAN-001502
union_standard_time,1058402,화물-특대형화물,기능정비,전기 및 램프,헤드램프(우측),탈착,CAN-003299
union_standard_time,1058402,화물-특대형화물,기능정비,전기 및 램프,헤드램프(우측),교환,CAN-003298
union_standard_time,1058421,화물-특대형화물,기능정비,전기 및 램프,시그널램프(우측),탈착,CAN-001501
union_standard_time,1058421,화물-특대형화물,기능정비,전기 및 램프,시그널램프(우측),교환,CAN-001500
union_standard_time,1059326,화물-특대형화물,기능정비,전기 및 램프,포그램프(좌측),탈착,CAN-002911
union_standard_time,1059326,화물-특대형화물,기능정비,전기 및 램프,포그램프(좌측),교환,CAN-002910
union_standard_time,1059427,화물-특대형화물,기능정비,전기 및 램프,포그램프(우측),탈착,CAN-002909
union_standard_time,1059427,화물-특대형화물,기능정비,전기 및 램프,포그램프(우측),교환,CAN-002908
union_standard_time,1068305,화물-특대형화물,기능정비,전기 및 램프,라이트휀다(좌측),탈착,CAN-000373
union_standard_time,1068305,화물-특대형화물,기능정비,전기 및 램프,라이트휀다(좌측),교환,CAN-000372
union_standard_time,1068306,화물-특대형화물,기능정비,전기 및 램프,라이트휀다(우측),탈착,CAN-000371
union_standard_time,1068306,화물-특대형화물,기능정비,전기 및 램프,라이트휀다(우측),교환,CAN-000370
union_standard_time,1068307,화물-특대형화물,판금/도장정비,판금(탈부착),코너패널(좌측),탈착,CAN-002565
union_standard_time,1068307,화물-특대형화물,판금/도장정비,판금(탈부착),코너패널(좌측),교환,CAN-002564
union_standard_time,1068408,화물-특대형화물,판금/도장정비,판금(탈부착),코너패널(우측),탈착,CAN-002563
union_standard_time,1068408,화물-특대형화물,판금/도장정비,판금(탈부착),코너패널(우측),교환,CAN-002562
union_standard_time,1069309,화물-특대형화물,소모품 및 하체정비,브레이크/타이어,프론트 휠 가드(좌측),탈착,CAN-003196
union_standard_time,1069309,화물-특대형화물,소모품 및 하체정비,브레이크/타이어,프론트 휠 가드(좌측),교환,CAN-003195
union_standard_time,1069410,화물-특대형화물,소모품 및 하체정비,브레이크/타이어,프론트 휠 가드(우측),탈착,CAN-003194
union_standard_time,1069410,화물-특대형화물,소모품 및 하체정비,브레이크/타이어,프론트 휠 가드(우측),교환,CAN-003193
union_standard_time,1088304,화물-특대형화물,판금/도장정비,판금(탈부착),앞도어필러(좌측),교환,CAN-001691
union_standard_time,1088307,화물-특대형화물,기능정비,엔진 부품,윈도우 필러(좌측),교환,CAN-002239
union_standard_time,1088413,화물-특대형화물,판금/도장정비,판금(탈부착),앞도어필러(우측),교환,CAN-001689
union_standard_time,1088416,화물-특대형화물,기능정비,엔진 부품,윈도우 필러(우측),교환,CAN-002237
union_standard_time,1128311,화물-특대형화물,판금/도장정비,판금(탈부착),"앞도어(좌,화물)",탈착,CAN-001687
union_standard_time,1128311,화물-특대형화물,판금/도장정비,판금(탈부착),"앞도어(좌,화물)",교환,CAN-001685
union_standard_time,1128311,화물-특대형화물,판금/도장정비,판금(탈부착),"앞도어(좌,화물)",오버홀,CAN-001686
union_standard_time,1128312,화물-특대형화물,판금/도장정비,판금(탈부착),"앞도어(좌,전동,화물)",탈착,CAN-001684
union_standard_time,1128312,화물-특대형화물,판금/도장정비,판금(탈부착),"앞도어(좌,전동,화물)",교환,CAN-001682
union_standard_time,1128312,화물-특대형화물,판금/도장정비,판금(탈부착),"앞도어(좌,전동,화물)",오버홀,CAN-001683
union_standard_time,1128314,화물-특대형화물,판금/도장정비,판금(탈부착),"앞도어(우,전동,화물)",탈착,CAN-001678
union_standard_time,1128314,화물-특대형화물,판금/도장정비,판금(탈부착),"앞도어(우,전동,화물)",교환,CAN-001676
union_standard_time,1128314,화물-특대형화물,판금/도장정비,판금(탈부착),"앞도어(우,전동,화물)",오버홀,CAN-001677
union_standard_time,1128413,화물-특대형화물,판금/도장정비,판금(탈부착),"앞도어(우,화물)",탈착,CAN-001681
union_standard_time,1128413,화물-특대형화물,판금/도장정비,판금(탈부착),"앞도어(우,화물)",교환,CAN-001679
union_standard_time,1128413,화물-특대형화물,판금/도장정비,판금(탈부착),"앞도어(우,화물)",오버홀,CAN-001680
union_standard_time,1138313,화물-특대형화물,판금/도장정비,판금(탈부착),"뒤도어(좌,화물)",탈착,CAN-000178
union_standard_time,1138313,화물-특대형화물,판금/도장정비,판금(탈부착),"뒤도어(좌,화물)",교환,CAN-000176
union_standard_time,1138313,화물-특대형화물,판금/도장정비,판금(탈부착),"뒤도어(좌,화물)",오버홀,CAN-000177
union_standard_time,1138314,화물-특대형화물,판금/도장정비,판금(탈부착),"뒤도어(좌,전동,화물)",탈착,CAN-000175
union_standard_time,1138314,화물-특대형화물,판금/도장정비,판금(탈부착),"뒤도어(좌,전동,화물)",교환,CAN-000173
union_standard_time,1138314,화물-특대형화물,판금/도장정비,판금(탈부착),"뒤도어(좌,전동,화물)",오버홀,CAN-000174
union_standard_time,1138415,화물-특대형화물,판금/도장정비,판금(탈부착),"뒤도어(우,화물)",탈착,CAN-000172
union_standard_time,1138415,화물-특대형화물,판금/도장정비,판금(탈부착),"뒤도어(우,화물)",교환,CAN-000170
union_standard_time,1138415,화물-특대형화물,판금/도장정비,판금(탈부착),"뒤도어(우,화물)",오버홀,CAN-000171
union_standard_time,1138416,화물-특대형화물,판금/도장정비,판금(탈부착),"뒤도어(우,전동,화물)",탈착,CAN-000169
union_standard_time,1138416,화물-특대형화물,판금/도장정비,판금(탈부착),"뒤도어(우,전동,화물)",교환,CAN-000167
union_standard_time,1138416,화물-특대형화물,판금/도장정비,판금(탈부착),"뒤도어(우,전동,화물)",오버홀,CAN-000168
union_standard_time,1169301,화물-특대형화물,기능정비,엔진 부품,사이드 미러(좌측),탈착,CAN-001156
union_standard_time,1169301,화물-특대형화물,기능정비,엔진 부품,사이드 미러(좌측),교환,CAN-001154
union_standard_time,1169404,화물-특대형화물,기능정비,엔진 부품,사이드 미러(우측),탈착,CAN-001144
union_standard_time,1169404,화물-특대형화물,기능정비,엔진 부품,사이드 미러(우측),교환,CAN-001142
union_standard_time,1198016,화물-특대형화물,기능정비,엔진 부품,가니쉬 #1,탈착,CAN-000098
union_standard_time,1198016,화물-특대형화물,기능정비,엔진 부품,가니쉬 #1,교환,CAN-000097
union_standard_time,1198017,화물-특대형화물,기능정비,엔진 부품,가니쉬 #2,탈착,CAN-000100
union_standard_time,1198017,화물-특대형화물,기능정비,엔진 부품,가니쉬 #2,교환,CAN-000099
union_standard_time,1198301,화물-특대형화물,기능정비,엔진 부품,사이드씰(좌측),교환,CAN-001217
union_standard_time,1198309,화물-특대형화물,기능정비,엔진 부품,"사이드스텝(좌,스텝분리형)",탈착,CAN-001191
union_standard_time,1198309,화물-특대형화물,기능정비,엔진 부품,"사이드스텝(좌,스텝분리형)",교환,CAN-001190
union_standard_time,1198405,화물-특대형화물,기능정비,엔진 부품,사이드씰(우측),교환,CAN-001216
union_standard_time,1198410,화물-특대형화물,기능정비,엔진 부품,"사이드스텝(우,스텝분리형)",탈착,CAN-001187
union_standard_time,1198410,화물-특대형화물,기능정비,엔진 부품,"사이드스텝(우,스텝분리형)",교환,CAN-001186
union_standard_time,1208301,화물-특대형화물,기능정비,엔진 부품,"사이드프레임 ASSY(화물,좌)",교환,CAN-001242
union_standard_time,1208402,화물-특대형화물,기능정비,엔진 부품,"사이드프레임 ASSY(화물,우)",교환,CAN-001241
union_standard_time,1218001,화물-특대형화물,판금/도장정비,판금(탈부착),루프패널,교환,CAN-000458
union_standard_time,1219028,화물-특대형화물,판금/도장정비,판금(탈부착),루프 톱실링(화물),탈착,CAN-000447
union_standard_time,1219028,화물-특대형화물,판금/도장정비,판금(탈부착),루프 톱실링(화물),교환,CAN-000446
union_standard_time,1228201,화물-특대형화물,판금/도장정비,판금(탈부착),리어 범퍼,탈착,CAN-000536
union_standard_time,1228201,화물-특대형화물,판금/도장정비,판금(탈부착),리어 범퍼,교환,CAN-000534
union_standard_time,1228206,화물-특대형화물,판금/도장정비,판금(탈부착),리어 범퍼(용접식),탈착,CAN-000553
union_standard_time,1228206,화물-특대형화물,판금/도장정비,판금(탈부착),리어 범퍼(용접식),교환,CAN-000552
union_standard_time,1268301,화물-특대형화물,기능정비,전기 및 램프,리어 컴비네이션램프(좌측),탈착,CAN-000720
union_standard_time,1268301,화물-특대형화물,기능정비,전기 및 램프,리어 컴비네이션램프(좌측),교환,CAN-000719
union_standard_time,1268314,화물-특대형화물,판금/도장정비,판금(탈부착),컴비램프 브라켓패널(좌측),탈착,CAN-002543
union_standard_time,1268314,화물-특대형화물,판금/도장정비,판금(탈부착),컴비램프 브라켓패널(좌측),교환,CAN-002542
union_standard_time,1268402,화물-특대형화물,기능정비,전기 및 램프,리어 컴비네이션램프(우측),탈착,CAN-000718
union_standard_time,1268402,화물-특대형화물,기능정비,전기 및 램프,리어 컴비네이션램프(우측),교환,CAN-000717
union_standard_time,1268415,화물-특대형화물,판금/도장정비,판금(탈부착),컴비램프 브라켓패널(우측),탈착,CAN-002541
union_standard_time,1268415,화물-특대형화물,판금/도장정비,판금(탈부착),컴비램프 브라켓패널(우측),교환,CAN-002540
union_standard_time,1348301,화물-특대형화물,판금/도장정비,판금(탈부착),도어 리어필러(좌측),교환,CAN-000165
union_standard_time,1348310,화물-특대형화물,판금/도장정비,판금(탈부착),"도어 리어필러(인너,좌)",교환,CAN-000164
union_standard_time,1348406,화물-특대형화물,판금/도장정비,판금(탈부착),도어 리어필러(우측),교환,CAN-000161
union_standard_time,1348411,화물-특대형화물,판금/도장정비,판금(탈부착),"도어 리어필러(인너,우)",교환,CAN-000163
union_standard_time,1428001,화물-특대형화물,기능정비,엔진 부품,운전대 전체바닥,교환,CAN-002205
union_standard_time,1428003,화물-특대형화물,기능정비,엔진 부품,운전대 전체바닥(일체형),교환,CAN-002207
union_standard_time,1428004,화물-특대형화물,판금/도장정비,판금(탈부착),운전대 바닥패널(앞),교환,CAN-002201
union_standard_time,1428005,화물-특대형화물,판금/도장정비,판금(탈부착),운전대 바닥패널(뒤),교환,CAN-002199
union_standard_time,1448001,화물-특대형화물,판금/도장정비,판금(탈부착),운전대 백패널,교환,CAN-002202
union_standard_time,1448002,화물-특대형화물,소모품 및 하체정비,하체 부품,프레임프론트크로스멤버,탈착,CAN-002920
union_standard_time,1448002,화물-특대형화물,소모품 및 하체정비,하체 부품,프레임프론트크로스멤버,교환,CAN-002919
union_standard_time,1448003,화물-특대형화물,소모품 및 하체정비,하체 부품,프레임리어크로스멤버,탈착,CAN-002916
union_standard_time,1448003,화물-특대형화물,소모품 및 하체정비,하체 부품,프레임리어크로스멤버,교환,CAN-002915
union_standard_time,1448007,화물-특대형화물,기능정비,엔진 부품,캐빈(운전대)온리,탈착,CAN-002489
union_standard_time,1448007,화물-특대형화물,기능정비,엔진 부품,캐빈(운전대)온리,교환,CAN-002488
union_standard_time,1448009,화물-특대형화물,기능정비,엔진 부품,캐빈(운전대)컴플리트,탈착,CAN-002493
union_standard_time,1448009,화물-특대형화물,기능정비,엔진 부품,캐빈(운전대)컴플리트,교환,CAN-002492
union_standard_time,1449013,화물-특대형화물,기능정비,엔진 부품,캐빈스테이 ASSY,탈착,CAN-002487
union_standard_time,1449013,화물-특대형화물,기능정비,엔진 부품,캐빈스테이 ASSY,교환,CAN-002486
union_standard_time,1449014,화물-특대형화물,기능정비,엔진 부품,캐빈로크장치 ASSY,탈착,CAN-002477
union_standard_time,1449014,화물-특대형화물,기능정비,엔진 부품,캐빈로크장치 ASSY,교환,CAN-002476
union_standard_time,1449015,화물-특대형화물,기능정비,엔진 부품,캐빈마운팅브라켓 ASSY,탈착,CAN-002485
union_standard_time,1449015,화물-특대형화물,기능정비,엔진 부품,캐빈마운팅브라켓 ASSY,교환,CAN-002484
union_standard_time,1449016,화물-특대형화물,기능정비,엔진 부품,유압실린더,탈착,CAN-002246
union_standard_time,1449016,화물-특대형화물,기능정비,엔진 부품,유압실린더,교환,CAN-002245
union_standard_time,1449017,화물-특대형화물,소모품 및 하체정비,하체 부품,캐빈 리어마운팅 멤버,탈착,CAN-002479
union_standard_time,1449017,화물-특대형화물,소모품 및 하체정비,하체 부품,캐빈 리어마운팅 멤버,교환,CAN-002478
union_standard_time,1458201,화물-특대형화물,기능정비,엔진 부품,적재함,탈착,CAN-002307
union_standard_time,1458201,화물-특대형화물,기능정비,엔진 부품,적재함,교환,CAN-002306
union_standard_time,1458203,화물-특대형화물,기능정비,엔진 부품,"적재함 탑, 탱크로리",탈착,CAN-002327
union_standard_time,1458203,화물-특대형화물,기능정비,엔진 부품,"적재함 탑, 탱크로리",교환,CAN-002326
union_standard_time,1458204,화물-특대형화물,기능정비,엔진 부품,로드레스트,탈착,CAN-000381
union_standard_time,1458204,화물-특대형화물,기능정비,엔진 부품,로드레스트,교환,CAN-000380
union_standard_time,1458209,화물-특대형화물,기능정비,엔진 부품,적재함 뒷문,탈착,CAN-002311
union_standard_time,1458209,화물-특대형화물,기능정비,엔진 부품,적재함 뒷문,교환,CAN-002310
union_standard_time,1458305,화물-특대형화물,기능정비,엔진 부품,적재함 옆문(좌측),탈착,CAN-002321
union_standard_time,1458305,화물-특대형화물,기능정비,엔진 부품,적재함 옆문(좌측),교환,CAN-002320
union_standard_time,1458407,화물-특대형화물,기능정비,엔진 부품,적재함 옆문(우측),탈착,CAN-002319
union_standard_time,1458407,화물-특대형화물,기능정비,엔진 부품,적재함 옆문(우측),교환,CAN-002318
union_standard_time,1459212,화물-특대형화물,기능정비,엔진 부품,적재함 뒤힌지 체크,탈착,CAN-002309
union_standard_time,1459212,화물-특대형화물,기능정비,엔진 부품,적재함 뒤힌지 체크,교환,CAN-002308
union_standard_time,1468205,화물-특대형화물,소모품 및 하체정비,브레이크/타이어,스페어타이어 캐리어,탈착,CAN-001420
union_standard_time,1468205,화물-특대형화물,소모품 및 하체정비,브레이크/타이어,스페어타이어 캐리어,교환,CAN-001419
union_standard_time,1468207,화물-특대형화물,소모품 및 하체정비,브레이크/타이어,스페어타이어 캐리어(용접식),탈착,CAN-001422
union_standard_time,1468207,화물-특대형화물,소모품 및 하체정비,브레이크/타이어,스페어타이어 캐리어(용접식),교환,CAN-001421
union_standard_time,1468227,화물-특대형화물,기능정비,엔진 부품,"리어 가드(안전대,조립식)",탈착,CAN-000491
union_standard_time,1468227,화물-특대형화물,기능정비,엔진 부품,"리어 가드(안전대,조립식)",교환,CAN-000490
union_standard_time,1468228,화물-특대형화물,기능정비,엔진 부품,"리어 가드(안전대,용접식)",탈착,CAN-000489
union_standard_time,1468228,화물-특대형화물,기능정비,엔진 부품,"리어 가드(안전대,용접식)",교환,CAN-000488
union_standard_time,1468301,화물-특대형화물,소모품 및 하체정비,브레이크/타이어,"휠하우스(화물,좌)",탈착,CAN-003424
union_standard_time,1468301,화물-특대형화물,소모품 및 하체정비,브레이크/타이어,"휠하우스(화물,좌)",교환,CAN-003423
union_standard_time,1468303,화물-특대형화물,소모품 및 하체정비,브레이크/타이어,"리어휠하우스(좌,2축차)",탈착,CAN-000816
union_standard_time,1468303,화물-특대형화물,소모품 및 하체정비,브레이크/타이어,"리어휠하우스(좌,2축차)",교환,CAN-000815
union_standard_time,1468309,화물-특대형화물,기능정비,엔진 부품,가드레일(좌측),탈착,CAN-000108
union_standard_time,1468309,화물-특대형화물,기능정비,엔진 부품,가드레일(좌측),교환,CAN-000107
union_standard_time,1468311,화물-특대형화물,기능정비,엔진 부품,"가드레일(좌,조립식)",탈착,CAN-000106
union_standard_time,1468311,화물-특대형화물,기능정비,엔진 부품,"가드레일(좌,조립식)",교환,CAN-000105
union_standard_time,1468402,화물-특대형화물,소모품 및 하체정비,브레이크/타이어,"휠하우스(화물,우)",탈착,CAN-003422
union_standard_time,1468402,화물-특대형화물,소모품 및 하체정비,브레이크/타이어,"휠하우스(화물,우)",교환,CAN-003421
union_standard_time,1468404,화물-특대형화물,소모품 및 하체정비,브레이크/타이어,"리어휠하우스(우,2축차)",탈착,CAN-000813
union_standard_time,1468404,화물-특대형화물,소모품 및 하체정비,브레이크/타이어,"리어휠하우스(우,2축차)",교환,CAN-000812
union_standard_time,1468410,화물-특대형화물,기능정비,엔진 부품,가드레일(우측),탈착,CAN-000104
union_standard_time,1468410,화물-특대형화물,기능정비,엔진 부품,가드레일(우측),교환,CAN-000103
union_standard_time,1468412,화물-특대형화물,기능정비,엔진 부품,"가드레일(우,조립식)",탈착,CAN-000102
union_standard_time,1468412,화물-특대형화물,기능정비,엔진 부품,"가드레일(우,조립식)",교환,CAN-000101
union_standard_time,1469513,화물-특대형화물,기능정비,엔진 부품,머드가드(앞좌),탈착,CAN-000829
union_standard_time,1469513,화물-특대형화물,기능정비,엔진 부품,머드가드(앞좌),교환,CAN-000828
union_standard_time,1469614,화물-특대형화물,기능정비,엔진 부품,머드가드(앞우),탈착,CAN-000827
union_standard_time,1469614,화물-특대형화물,기능정비,엔진 부품,머드가드(앞우),교환,CAN-000826
union_standard_time,1469715,화물-특대형화물,기능정비,엔진 부품,머드가드(뒤좌),탈착,CAN-000825
union_standard_time,1469715,화물-특대형화물,기능정비,엔진 부품,머드가드(뒤좌),교환,CAN-000824
union_standard_time,1469816,화물-특대형화물,기능정비,엔진 부품,머드가드(뒤우),탈착,CAN-000823
union_standard_time,1469816,화물-특대형화물,기능정비,엔진 부품,머드가드(뒤우),교환,CAN-000822
union_standard_time,3478001,화물-특대형화물,소모품 및 하체정비,브레이크/타이어,크러시패드,탈착,CAN-002613
union_standard_time,3478001,화물-특대형화물,소모품 및 하체정비,브레이크/타이어,크러시패드,교환,CAN-002612
union_standard_time,3478006,화물-특대형화물,소모품 및 하체정비,브레이크/타이어,크러시패드분리형덮개,탈착,CAN-002615
union_standard_time,3478006,화물-특대형화물,소모품 및 하체정비,브레이크/타이어,크러시패드분리형덮개,교환,CAN-002614
union_standard_time,3478009,화물-특대형화물,기능정비,엔진 부품,콘솔박스,탈착,CAN-002570
union_standard_time,3478009,화물-특대형화물,기능정비,엔진 부품,콘솔박스,교환,CAN-002569
union_standard_time,3478023,화물-특대형화물,기능정비,에어컨,히터 및 에어컨 에버포레이터,탈착,CAN-003448
union_standard_time,3478023,화물-특대형화물,기능정비,에어컨,히터 및 에어컨 에버포레이터,교환,CAN-003447
union_standard_time,3478024,화물-특대형화물,기능정비,에어컨,에어컨 에바포레이터(화물),탈착,CAN-001819
union_standard_time,3478024,화물-특대형화물,기능정비,에어컨,에어컨 에바포레이터(화물),교환,CAN-001818
union_standard_time,3478402,화물-특대형화물,기능정비,엔진 부품,프론트 시트(우측),탈착,CAN-003090
union_standard_time,3478402,화물-특대형화물,기능정비,엔진 부품,프론트 시트(우측),교환,CAN-003089
union_standard_time,3479019,화물-특대형화물,기능정비,에어컨,히터 유니트,탈착,CAN-003452
union_standard_time,3479019,화물-특대형화물,기능정비,에어컨,히터 유니트,교환,CAN-003451
union_standard_time,3488008,화물-특대형화물,기능정비,엔진 부품,리어 시트,탈착,CAN-000641
union_standard_time,3488008,화물-특대형화물,기능정비,엔진 부품,리어 시트,교환,CAN-000640
union_standard_time,3488301,화물-특대형화물,기능정비,엔진 부품,프론트 시트(좌측),탈착,CAN-003100
union_standard_time,3488301,화물-특대형화물,기능정비,엔진 부품,프론트 시트(좌측),교환,CAN-003099
union_standard_time,3488329,화물-특대형화물,기능정비,엔진 부품,시트기어(좌측),탈착,CAN-001519
union_standard_time,3488329,화물-특대형화물,기능정비,엔진 부품,시트기어(좌측),교환,CAN-001518
union_standard_time,3488430,화물-특대형화물,기능정비,엔진 부품,시트기어(우측),탈착,CAN-001517
union_standard_time,3488430,화물-특대형화물,기능정비,엔진 부품,시트기어(우측),교환,CAN-001516
union_standard_time,3499017,화물-특대형화물,기능정비,엔진 부품,안전밸트(2점식)NO.1,탈착,CAN-001619
union_standard_time,3499017,화물-특대형화물,기능정비,엔진 부품,안전밸트(2점식)NO.1,교환,CAN-001618
union_standard_time,3499018,화물-특대형화물,기능정비,엔진 부품,안전밸트(2점식)NO.2,탈착,CAN-001621
union_standard_time,3499018,화물-특대형화물,기능정비,엔진 부품,안전밸트(2점식)NO.2,교환,CAN-001620
union_standard_time,3499019,화물-특대형화물,기능정비,엔진 부품,안전밸트(2점식)NO.3,탈착,CAN-001623
union_standard_time,3499019,화물-특대형화물,기능정비,엔진 부품,안전밸트(2점식)NO.3,교환,CAN-001622
union_standard_time,3499501,화물-특대형화물,기능정비,엔진 부품,"안전벨트(앞,좌)",탈착,CAN-001665
union_standard_time,3499501,화물-특대형화물,기능정비,엔진 부품,"안전벨트(앞,좌)",교환,CAN-001664
union_standard_time,3499604,화물-특대형화물,기능정비,엔진 부품,"안전벨트(앞,우)",탈착,CAN-001661
union_standard_time,3499604,화물-특대형화물,기능정비,엔진 부품,"안전벨트(앞,우)",교환,CAN-001660
union_standard_time,3499706,화물-특대형화물,기능정비,엔진 부품,"안전벨트(뒤,좌)",탈착,CAN-001657
union_standard_time,3499706,화물-특대형화물,기능정비,엔진 부품,"안전벨트(뒤,좌)",교환,CAN-001656
union_standard_time,3499807,화물-특대형화물,기능정비,엔진 부품,"안전벨트(뒤,우)",탈착,CAN-001655
union_standard_time,3499807,화물-특대형화물,기능정비,엔진 부품,"안전벨트(뒤,우)",교환,CAN-001654
union_standard_time,3508001,화물-특대형화물,기능정비,엔진 부품,키셋트,탈착,CAN-002641
union_standard_time,3508001,화물-특대형화물,기능정비,엔진 부품,키셋트,교환,CAN-002640
union_standard_time,3508004,화물-특대형화물,기능정비,전기 및 램프,크러쉬패드 배선,탈착,CAN-002611
union_standard_time,3508004,화물-특대형화물,기능정비,전기 및 램프,크러쉬패드 배선,교환,CAN-002610
union_standard_time,3508006,화물-특대형화물,기능정비,전기 및 램프,엔진룸배선,탈착,CAN-001923
union_standard_time,3508006,화물-특대형화물,기능정비,전기 및 램프,엔진룸배선,교환,CAN-001922
union_standard_time,3508011,화물-특대형화물,기능정비,전기 및 램프,뒷배선,탈착,CAN-000252
union_standard_time,3508011,화물-특대형화물,기능정비,전기 및 램프,뒷배선,교환,CAN-000251
union_standard_time,3508015,화물-특대형화물,기능정비,전기 및 램프,전체배선,탈착,CAN-002382
union_standard_time,3508015,화물-특대형화물,기능정비,전기 및 램프,전체배선,교환,CAN-002381
union_standard_time,3508020,화물-특대형화물,기능정비,엔진 부품,와이퍼 모터 및 링케이지,탈착,CAN-002192
union_standard_time,3508020,화물-특대형화물,기능정비,엔진 부품,와이퍼 모터 및 링케이지,교환,CAN-002191
union_standard_time,3508024,화물-특대형화물,소모품 및 하체정비,소모품,밧데리,탈착,CAN-000878
union_standard_time,3508024,화물-특대형화물,소모품 및 하체정비,소모품,밧데리,교환,CAN-000877
union_standard_time,3509019,화물-특대형화물,기능정비,전기 및 램프,컴비네이션 스위치,탈착,CAN-002519
union_standard_time,3509019,화물-특대형화물,기능정비,전기 및 램프,컴비네이션 스위치,교환,CAN-002518
union_standard_time,3518001,화물-특대형화물,기능정비,에어컨,에어컨 컨덴샤,탈착,CAN-001823
union_standard_time,3518001,화물-특대형화물,기능정비,에어컨,에어컨 컨덴샤,교환,CAN-001822
union_standard_time,3518013,화물-특대형화물,기능정비,에어컨,에어컨 컴프레샤,탈착,CAN-001825
union_standard_time,3518013,화물-특대형화물,기능정비,에어컨,에어컨 컴프레샤,교환,CAN-001824
union_standard_time,3518016,화물-특대형화물,기능정비,엔진 부품,라디에이터,탈착,CAN-000315
union_standard_time,3518016,화물-특대형화물,기능정비,엔진 부품,라디에이터,교환,CAN-000314
union_standard_time,3518029,화물-특대형화물,기능정비,엔진 부품,라디에이터 리저브탱크,탈착,CAN-000336
union_standard_time,3518029,화물-특대형화물,기능정비,엔진 부품,라디에이터 리저브탱크,교환,CAN-000335
union_standard_time,3518030,화물-특대형화물,기능정비,전기 및 램프,와셔탱크(앞),탈착,CAN-002186
union_standard_time,3518030,화물-특대형화물,기능정비,전기 및 램프,와셔탱크(앞),교환,CAN-002185
union_standard_time,3518032,화물-특대형화물,기능정비,엔진 부품,알터네이터,탈착,CAN-001675
union_standard_time,3518032,화물-특대형화물,기능정비,엔진 부품,알터네이터,교환,CAN-001674
union_standard_time,3518033,화물-특대형화물,기능정비,엔진 부품,스타팅모터,탈착,CAN-001360
union_standard_time,3518033,화물-특대형화물,기능정비,엔진 부품,스타팅모터,교환,CAN-001359
union_standard_time,3519003,화물-특대형화물,기능정비,에어컨,에어컨 파이프 NO.1,탈착,CAN-001833
union_standard_time,3519003,화물-특대형화물,기능정비,에어컨,에어컨 파이프 NO.1,교환,CAN-001832
union_standard_time,3519004,화물-특대형화물,기능정비,에어컨,에어컨 파이프 NO.2,탈착,CAN-001837
union_standard_time,3519004,화물-특대형화물,기능정비,에어컨,에어컨 파이프 NO.2,교환,CAN-001836
union_standard_time,3519005,화물-특대형화물,기능정비,에어컨,에어컨 파이프 NO.3,탈착,CAN-001841
union_standard_time,3519005,화물-특대형화물,기능정비,에어컨,에어컨 파이프 NO.3,교환,CAN-001840
union_standard_time,3519006,화물-특대형화물,기능정비,에어컨,에어컨 파이프 NO.4,탈착,CAN-001845
union_standard_time,3519006,화물-특대형화물,기능정비,에어컨,에어컨 파이프 NO.4,교환,CAN-001844
union_standard_time,3519012,화물-특대형화물,기능정비,엔진 부품,리시버 드라이탱크,탈착,CAN-000487
union_standard_time,3519012,화물-특대형화물,기능정비,엔진 부품,리시버 드라이탱크,교환,CAN-000486
union_standard_time,3519018,화물-특대형화물,기능정비,엔진 부품,라디에이터 휀,탈착,CAN-000355
union_standard_time,3519018,화물-특대형화물,기능정비,엔진 부품,라디에이터 휀,교환,CAN-000354
union_standard_time,3549301,화물-특대형화물,기능정비,엔진 부품,프론트 필러 트림(좌측),탈착,CAN-003178
union_standard_time,3549301,화물-특대형화물,기능정비,엔진 부품,프론트 필러 트림(좌측),교환,CAN-003177
union_standard_time,3549402,화물-특대형화물,기능정비,엔진 부품,프론트 필러 트림(우측),탈착,CAN-003176
union_standard_time,3549402,화물-특대형화물,기능정비,엔진 부품,프론트 필러 트림(우측),교환,CAN-003175
union_standard_time,3568001,화물-특대형화물,기능정비,엔진 부품,안테나,탈착,CAN-001673
union_standard_time,3568001,화물-특대형화물,기능정비,엔진 부품,안테나,교환,CAN-001672
union_standard_time,3568020,화물-특대형화물,기능정비,전기 및 램프,스피드 인디케이터램프(속도등),탈착,CAN-001426
union_standard_time,3568020,화물-특대형화물,기능정비,전기 및 램프,스피드 인디케이터램프(속도등),교환,CAN-001425
union_standard_time,5588006,화물-특대형화물,기능정비,엔진 부품,엔진 ASSY,탈착,CAN-001913
union_standard_time,5588006,화물-특대형화물,기능정비,엔진 부품,엔진 ASSY,교환,CAN-001911
union_standard_time,5588006,화물-특대형화물,기능정비,엔진 부품,엔진 ASSY,오버홀,CAN-001912
union_standard_time,5588015,화물-특대형화물,기능정비,엔진 부품,쇼트엔진,교환,CAN-001327
union_standard_time,5598007,화물-특대형화물,기능정비,엔진 부품,실린더헤드,오버홀,CAN-001572
union_standard_time,5599015,화물-특대형화물,기능정비,엔진 부품,엔진 마운틴 및 브라켓(앞),탈착,CAN-001970
union_standard_time,5599015,화물-특대형화물,기능정비,엔진 부품,엔진 마운틴 및 브라켓(앞),교환,CAN-001969
union_standard_time,5599016,화물-특대형화물,기능정비,엔진 부품,엔진 마운틴 및 브라켓(뒤),탈착,CAN-001958
union_standard_time,5599016,화물-특대형화물,기능정비,엔진 부품,엔진 마운틴 및 브라켓(뒤),교환,CAN-001957
union_standard_time,5599311,화물-특대형화물,기능정비,엔진 부품,엔진 마운틴 및 브라켓(좌측),탈착,CAN-001980
union_standard_time,5599311,화물-특대형화물,기능정비,엔진 부품,엔진 마운틴 및 브라켓(좌측),교환,CAN-001979
union_standard_time,5599319,화물-특대형화물,기능정비,엔진 부품,"엔진 마운틴 및 브라켓(좌,조립",탈착,CAN-001978
union_standard_time,5599319,화물-특대형화물,기능정비,엔진 부품,"엔진 마운틴 및 브라켓(좌,조립",교환,CAN-001977
union_standard_time,5599321,화물-특대형화물,기능정비,엔진 부품,"엔진 마운틴 및 브라켓(앞,조립",탈착,CAN-001972
union_standard_time,5599321,화물-특대형화물,기능정비,엔진 부품,"엔진 마운틴 및 브라켓(앞,조립",교환,CAN-001971
union_standard_time,5599413,화물-특대형화물,기능정비,엔진 부품,엔진 마운틴 및 브라켓(우측),탈착,CAN-001976
union_standard_time,5599413,화물-특대형화물,기능정비,엔진 부품,엔진 마운틴 및 브라켓(우측),교환,CAN-001975
union_standard_time,5599420,화물-특대형화물,기능정비,엔진 부품,"엔진 마운틴 및 브라켓(우,조립",탈착,CAN-001974
union_standard_time,5599420,화물-특대형화물,기능정비,엔진 부품,"엔진 마운틴 및 브라켓(우,조립",교환,CAN-001973
union_standard_time,5599422,화물-특대형화물,기능정비,엔진 부품,"엔진 마운틴 및 브라켓(뒤,조립",탈착,CAN-001962
union_standard_time,5599422,화물-특대형화물,기능정비,엔진 부품,"엔진 마운틴 및 브라켓(뒤,조립",교환,CAN-001961
union_standard_time,5608001,화물-특대형화물,기능정비,엔진 부품,타이밍커버,탈착,CAN-002673
union_standard_time,5608001,화물-특대형화물,기능정비,엔진 부품,타이밍커버,교환,CAN-002672
union_standard_time,5608007,화물-특대형화물,기능정비,엔진 부품,타이밍 기어,탈착,CAN-002649
union_standard_time,5608007,화물-특대형화물,기능정비,엔진 부품,타이밍 기어,교환,CAN-002648
union_standard_time,5618001,화물-특대형화물,소모품 및 하체정비,소모품,에어크리너,탈착,CAN-001867
union_standard_time,5618001,화물-특대형화물,소모품 및 하체정비,소모품,에어크리너,교환,CAN-001866
union_standard_time,5638001,화물-특대형화물,소모품 및 하체정비,오일류,엔진오일팬,탈착,CAN-001993
union_standard_time,5638001,화물-특대형화물,소모품 및 하체정비,오일류,엔진오일팬,교환,CAN-001992
union_standard_time,5638006,화물-특대형화물,소모품 및 하체정비,오일류,엔진오일 펌프,탈착,CAN-001999
union_standard_time,5638006,화물-특대형화물,소모품 및 하체정비,오일류,엔진오일 펌프,교환,CAN-001998
union_standard_time,5638009,화물-특대형화물,기능정비,엔진 부품,워터펌프,탈착,CAN-002230
union_standard_time,5638009,화물-특대형화물,기능정비,엔진 부품,워터펌프,교환,CAN-002229
union_standard_time,5638019,화물-특대형화물,소모품 및 하체정비,하체 부품,파워스티어링 펌프,탈착,CAN-002852
union_standard_time,5638019,화물-특대형화물,소모품 및 하체정비,하체 부품,파워스티어링 펌프,교환,CAN-002851
union_standard_time,5648001,화물-특대형화물,기능정비,엔진 부품,흡기매니홀드,탈착,CAN-003434
union_standard_time,5648001,화물-특대형화물,기능정비,엔진 부품,흡기매니홀드,교환,CAN-003433
union_standard_time,5648006,화물-특대형화물,기능정비,엔진 부품,배기매니홀드,탈착,CAN-000903
union_standard_time,5648006,화물-특대형화물,기능정비,엔진 부품,배기매니홀드,교환,CAN-000902
union_standard_time,5658003,화물-특대형화물,기능정비,엔진 부품,배가파이프1번(프론트),탈착,CAN-000889
union_standard_time,5658003,화물-특대형화물,기능정비,엔진 부품,배가파이프1번(프론트),교환,CAN-000888
union_standard_time,5658008,화물-특대형화물,기능정비,엔진 부품,배기파이프2번(미들),탈착,CAN-000933
union_standard_time,5658008,화물-특대형화물,기능정비,엔진 부품,배기파이프2번(미들),교환,CAN-000932
union_standard_time,5658010,화물-특대형화물,기능정비,엔진 부품,배기파이프3번(머플러),탈착,CAN-000939
union_standard_time,5658010,화물-특대형화물,기능정비,엔진 부품,배기파이프3번(머플러),교환,CAN-000938
union_standard_time,5658017,화물-특대형화물,소모품 및 하체정비,브레이크/타이어,배기 브레이크 유니트,탈착,CAN-000917
union_standard_time,5658017,화물-특대형화물,소모품 및 하체정비,브레이크/타이어,배기 브레이크 유니트,교환,CAN-000916
union_standard_time,5668001,화물-특대형화물,기능정비,엔진 부품,연료탱크,탈착,CAN-002034
union_standard_time,5668001,화물-특대형화물,기능정비,엔진 부품,연료탱크,교환,CAN-002032
union_standard_time,5668001,화물-특대형화물,기능정비,엔진 부품,연료탱크,오버홀,CAN-002033
union_standard_time,5668003,화물-특대형화물,기능정비,엔진 부품,인젝션(연료)펌프,탈착,CAN-002274
union_standard_time,5668003,화물-특대형화물,기능정비,엔진 부품,인젝션(연료)펌프,교환,CAN-002272
union_standard_time,5668012,화물-특대형화물,소모품 및 하체정비,소모품,연료 세디멘터 및 필터,탈착,CAN-002027
union_standard_time,5668012,화물-특대형화물,소모품 및 하체정비,소모품,연료 세디멘터 및 필터,교환,CAN-002026
union_standard_time,5678001,화물-특대형화물,소모품 및 하체정비,오일류,오일쿨러,탈착,CAN-002162
union_standard_time,5678001,화물-특대형화물,소모품 및 하체정비,오일류,오일쿨러,교환,CAN-002161
union_standard_time,5678005,화물-특대형화물,기능정비,엔진 부품,터보챠져(과급기),탈착,CAN-002705
union_standard_time,5678005,화물-특대형화물,기능정비,엔진 부품,터보챠져(과급기),교환,CAN-002704
union_standard_time,5678006,화물-특대형화물,기능정비,엔진 부품,인터쿨러,탈착,CAN-002299
union_standard_time,5678006,화물-특대형화물,기능정비,엔진 부품,인터쿨러,교환,CAN-002298
union_standard_time,7688005,화물-특대형화물,기능정비,엔진 부품,트랜스밋션,탈착,CAN-002738
union_standard_time,7688005,화물-특대형화물,기능정비,엔진 부품,트랜스밋션,교환,CAN-002736
union_standard_time,7688005,화물-특대형화물,기능정비,엔진 부품,트랜스밋션,오버홀,CAN-002737
union_standard_time,7689016,화물-특대형화물,기능정비,엔진 부품,체인지레버,탈착,CAN-002429
union_standard_time,7689016,화물-특대형화물,기능정비,엔진 부품,체인지레버,교환,CAN-002428
union_standard_time,7689017,화물-특대형화물,기능정비,엔진 부품,체인지레버(M/T),탈착,CAN-002427
union_standard_time,7689017,화물-특대형화물,기능정비,엔진 부품,체인지레버(M/T),교환,CAN-002426
union_standard_time,7689018,화물-특대형화물,기능정비,엔진 부품,체인지레버(A/T),탈착,CAN-002425
union_standard_time,7689018,화물-특대형화물,기능정비,엔진 부품,체인지레버(A/T),교환,CAN-002424
union_standard_time,7698006,화물-특대형화물,기능정비,엔진 부품,프로펠라샤프트(앞),탈착,CAN-002932
union_standard_time,7698006,화물-특대형화물,기능정비,엔진 부품,프로펠라샤프트(앞),교환,CAN-002931
union_standard_time,7698007,화물-특대형화물,기능정비,엔진 부품,프로펠라샤프트(뒤),탈착,CAN-002930
union_standard_time,7698007,화물-특대형화물,기능정비,엔진 부품,프로펠라샤프트(뒤),교환,CAN-002929
union_standard_time,7698014,화물-특대형화물,기능정비,엔진 부품,프론트 액슬,탈착,CAN-003103
union_standard_time,7698014,화물-특대형화물,기능정비,엔진 부품,프론트 액슬,교환,CAN-003101
union_standard_time,7698014,화물-특대형화물,기능정비,엔진 부품,프론트 액슬,오버홀,CAN-003102
union_standard_time,7708505,화물-특대형화물,기능정비,엔진 부품,판스프링(앞좌),탈착,CAN-002888
union_standard_time,7708505,화물-특대형화물,기능정비,엔진 부품,판스프링(앞좌),교환,CAN-002886
union_standard_time,7708606,화물-특대형화물,기능정비,엔진 부품,판스프링(앞우),탈착,CAN-002885
union_standard_time,7708606,화물-특대형화물,기능정비,엔진 부품,판스프링(앞우),교환,CAN-002883
union_standard_time,7708707,화물-특대형화물,기능정비,엔진 부품,판스프링(뒤좌),탈착,CAN-002882
union_standard_time,7708707,화물-특대형화물,기능정비,엔진 부품,판스프링(뒤좌),교환,CAN-002880
union_standard_time,7708809,화물-특대형화물,기능정비,엔진 부품,판스프링(뒤우),탈착,CAN-002879
union_standard_time,7708809,화물-특대형화물,기능정비,엔진 부품,판스프링(뒤우),교환,CAN-002877
union_standard_time,7709501,화물-특대형화물,기능정비,엔진 부품,쇽업쇼버(앞좌),탈착,CAN-001349
union_standard_time,7709501,화물-특대형화물,기능정비,엔진 부품,쇽업쇼버(앞좌),교환,CAN-001347
union_standard_time,7709602,화물-특대형화물,기능정비,엔진 부품,쇽업쇼버(앞우),탈착,CAN-001346
union_standard_time,7709602,화물-특대형화물,기능정비,엔진 부품,쇽업쇼버(앞우),교환,CAN-001344
union_standard_time,7709703,화물-특대형화물,기능정비,엔진 부품,쇽업쇼버(뒤좌),탈착,CAN-001339
union_standard_time,7709703,화물-특대형화물,기능정비,엔진 부품,쇽업쇼버(뒤좌),교환,CAN-001338
union_standard_time,7709804,화물-특대형화물,기능정비,엔진 부품,쇽업쇼버(뒤우),탈착,CAN-001337
union_standard_time,7709804,화물-특대형화물,기능정비,엔진 부품,쇽업쇼버(뒤우),교환,CAN-001336
union_standard_time,7718022,화물-특대형화물,기능정비,엔진 부품,리어액슬하우징 ASSY,탈착,CAN-000696
union_standard_time,7718022,화물-특대형화물,기능정비,엔진 부품,리어액슬하우징 ASSY,교환,CAN-000694
union_standard_time,7718022,화물-특대형화물,기능정비,엔진 부품,리어액슬하우징 ASSY,오버홀,CAN-000695
union_standard_time,7719510,화물-특대형화물,소모품 및 하체정비,하체 부품,허브(앞좌),오버홀,CAN-003265
union_standard_time,7719611,화물-특대형화물,소모품 및 하체정비,하체 부품,허브(앞우),오버홀,CAN-003263
union_standard_time,7719712,화물-특대형화물,소모품 및 하체정비,하체 부품,허브(뒤좌),오버홀,CAN-003261
union_standard_time,7719813,화물-특대형화물,소모품 및 하체정비,하체 부품,허브(뒤우),오버홀,CAN-003259
union_standard_time,7728002,화물-특대형화물,기능정비,엔진 부품,에어챔버#1,탈착,CAN-001807
union_standard_time,7728002,화물-특대형화물,기능정비,엔진 부품,에어챔버#1,교환,CAN-001806
union_standard_time,7728003,화물-특대형화물,기능정비,엔진 부품,에어챔버#2,탈착,CAN-001809
union_standard_time,7728003,화물-특대형화물,기능정비,엔진 부품,에어챔버#2,교환,CAN-001808
union_standard_time,7728004,화물-특대형화물,기능정비,엔진 부품,에어챔버#3,탈착,CAN-001811
union_standard_time,7728004,화물-특대형화물,기능정비,엔진 부품,에어챔버#3,교환,CAN-001810
union_standard_time,7728005,화물-특대형화물,기능정비,엔진 부품,디퍼런셜 기어,탈착,CAN-000294
union_standard_time,7728005,화물-특대형화물,기능정비,엔진 부품,디퍼런셜 기어,교환,CAN-000292
union_standard_time,7728005,화물-특대형화물,기능정비,엔진 부품,디퍼런셜 기어,오버홀,CAN-000293
union_standard_time,7728012,화물-특대형화물,소모품 및 하체정비,브레이크/타이어,타이어#1,교환,CAN-002681
union_standard_time,7728013,화물-특대형화물,소모품 및 하체정비,브레이크/타이어,타이어#2,교환,CAN-002682
union_standard_time,7728014,화물-특대형화물,소모품 및 하체정비,브레이크/타이어,타이어#3,교환,CAN-002683
union_standard_time,7728015,화물-특대형화물,소모품 및 하체정비,브레이크/타이어,타이어#4,교환,CAN-002684
union_standard_time,7728016,화물-특대형화물,소모품 및 하체정비,브레이크/타이어,타이어#5,교환,CAN-002685
union_standard_time,7728017,화물-특대형화물,소모품 및 하체정비,브레이크/타이어,타이어#6,교환,CAN-002686
union_standard_time,7728018,화물-특대형화물,소모품 및 하체정비,브레이크/타이어,타이어#7,교환,CAN-002687
union_standard_time,7728019,화물-특대형화물,소모품 및 하체정비,브레이크/타이어,타이어#8,교환,CAN-002688
union_standard_time,7728020,화물-특대형화물,소모품 및 하체정비,브레이크/타이어,타이어#9,교환,CAN-002689
union_standard_time,7728021,화물-특대형화물,소모품 및 하체정비,브레이크/타이어,타이어#10,교환,CAN-002680
union_standard_time,7728027,화물-특대형화물,소모품 및 하체정비,하체 부품,스티어링 컬럼ASSY,탈착,CAN-001401
union_standard_time,7728027,화물-특대형화물,소모품 및 하체정비,하체 부품,스티어링 컬럼ASSY,교환,CAN-001400
union_standard_time,7728029,화물-특대형화물,소모품 및 하체정비,하체 부품,스티어링 컬럼커버,탈착,CAN-001403
union_standard_time,7728029,화물-특대형화물,소모품 및 하체정비,하체 부품,스티어링 컬럼커버,교환,CAN-001402
union_standard_time,7728031,화물-특대형화물,소모품 및 하체정비,하체 부품,파워스티어링기어,탈착,CAN-002834
union_standard_time,7728031,화물-특대형화물,소모품 및 하체정비,하체 부품,파워스티어링기어,교환,CAN-002833
union_standard_time,7728045,화물-특대형화물,기능정비,전기 및 램프,ABS 하이드로릭 유니트,탈착,CAN-000010
union_standard_time,7728045,화물-특대형화물,기능정비,전기 및 램프,ABS 하이드로릭 유니트,교환,CAN-000009
union_standard_time,7728052,화물-특대형화물,소모품 및 하체정비,브레이크/타이어,브레이크(에어)마스터실린더,탈착,CAN-001089
union_standard_time,7728052,화물-특대형화물,소모품 및 하체정비,브레이크/타이어,브레이크(에어)마스터실린더,교환,CAN-001088
union_standard_time,7728053,화물-특대형화물,소모품 및 하체정비,브레이크/타이어,브레이크 부스터,탈착,CAN-001087
union_standard_time,7728053,화물-특대형화물,소모품 및 하체정비,브레이크/타이어,브레이크 부스터,교환,CAN-001086
union_standard_time,7728065,화물-특대형화물,소모품 및 하체정비,브레이크/타이어,에어브레이크 밸브 ASSY,탈착,CAN-001786
union_standard_time,7728065,화물-특대형화물,소모품 및 하체정비,브레이크/타이어,에어브레이크 밸브 ASSY,교환,CAN-001785
union_standard_time,7728066,화물-특대형화물,기능정비,엔진 부품,클러치 마스터 실린더,탈착,CAN-002627
union_standard_time,7728066,화물-특대형화물,기능정비,엔진 부품,클러치 마스터 실린더,교환,CAN-002626
union_standard_time,7728508,화물-특대형화물,소모품 및 하체정비,브레이크/타이어,"타이어(앞,좌)",교환,CAN-002694
union_standard_time,7728609,화물-특대형화물,소모품 및 하체정비,브레이크/타이어,"타이어(앞,우)",교환,CAN-002693
union_standard_time,7728710,화물-특대형화물,소모품 및 하체정비,브레이크/타이어,"타이어(뒤,좌)",교환,CAN-002691
union_standard_time,7728811,화물-특대형화물,소모품 및 하체정비,브레이크/타이어,"타이어(뒤,우)",교환,CAN-002690
union_standard_time,7729026,화물-특대형화물,소모품 및 하체정비,하체 부품,스티어링 휠,탈착,CAN-001407
union_standard_time,7729026,화물-특대형화물,소모품 및 하체정비,하체 부품,스티어링 휠,교환,CAN-001406
union_standard_time,7729060,화물-특대형화물,소모품 및 하체정비,브레이크/타이어,사이드 브레이크(핸드식),탈착,CAN-001173
union_standard_time,7729060,화물-특대형화물,소모품 및 하체정비,브레이크/타이어,사이드 브레이크(핸드식),교환,CAN-001172
union_standard_time,7729546,화물-특대형화물,기능정비,전기 및 램프,"ABS 센서(앞,좌)",탈착,CAN-000008
union_standard_time,7729546,화물-특대형화물,기능정비,전기 및 램프,"ABS 센서(앞,좌)",교환,CAN-000007
union_standard_time,7729647,화물-특대형화물,기능정비,전기 및 램프,"ABS 센서(앞,우)",탈착,CAN-000006
union_standard_time,7729647,화물-특대형화물,기능정비,전기 및 램프,"ABS 센서(앞,우)",교환,CAN-000005
union_standard_time,7729748,화물-특대형화물,기능정비,전기 및 램프,"ABS 센서(뒤,좌)",탈착,CAN-000004
union_standard_time,7729748,화물-특대형화물,기능정비,전기 및 램프,"ABS 센서(뒤,좌)",교환,CAN-000003
union_standard_time,7729849,화물-특대형화물,기능정비,전기 및 램프,"ABS 센서(뒤,우)",탈착,CAN-000002
union_standard_time,7729849,화물-특대형화물,기능정비,전기 및 램프,"ABS 센서(뒤,우)",교환,CAN-000001
union_standard_time,7738001,화물-특대형화물,기능정비,엔진 부품,각종계기케이블,탈착,CAN-000112
union_standard_time,7738001,화물-특대형화물,기능정비,엔진 부품,각종계기케이블,교환,CAN-000111
union_standard_time,7738005,화물-특대형화물,기능정비,엔진 부품,호이스트실린더,탈착,CAN-003308
union_standard_time,7738005,화물-특대형화물,기능정비,엔진 부품,호이스트실린더,교환,CAN-003306
union_standard_time,7738005,화물-특대형화물,기능정비,엔진 부품,호이스트실린더,오버홀,CAN-003307
union_standard_time,7738006,화물-특대형화물,기능정비,엔진 부품,에어탱크,탈착,CAN-001874
union_standard_time,7738006,화물-특대형화물,기능정비,엔진 부품,에어탱크,교환,CAN-001873
union_standard_time,7738007,화물-특대형화물,기능정비,엔진 부품,공구박스,탈착,CAN-000123
union_standard_time,7738007,화물-특대형화물,기능정비,엔진 부품,공구박스,교환,CAN-000122
union_standard_time,7738008,화물-특대형화물,기능정비,엔진 부품,공구박스(프레임용접식),탈착,CAN-000125
union_standard_time,7738008,화물-특대형화물,기능정비,엔진 부품,공구박스(프레임용접식),교환,CAN-000124
union_standard_time,7738009,화물-특대형화물,기능정비,엔진 부품,파이프류,탈착,CAN-002864
union_standard_time,7738009,화물-특대형화물,기능정비,엔진 부품,파이프류,교환,CAN-002863
union_standard_time,1018101,승합-경승합,판금/도장정비,판금(탈부착),프론트 범퍼,탈착,CAN-002997
union_standard_time,1018101,승합-경승합,판금/도장정비,판금(탈부착),프론트 범퍼,교환,CAN-002995
union_standard_time,1028101,승합-경승합,기능정비,엔진 부품,라디에이터그릴,탈착,CAN-000320
union_standard_time,1028101,승합-경승합,기능정비,엔진 부품,라디에이터그릴,교환,CAN-000318
union_standard_time,1048101,승합-경승합,판금/도장정비,판금(탈부착),프론트 패널 ASSY,교환,CAN-003128
union_standard_time,1048126,승합-경승합,소모품 및 하체정비,하체 부품,프론트 크로스멤버,교환,CAN-003125
union_standard_time,1048130,승합-경승합,판금/도장정비,판금(탈부착),프론트패널센타커버서브ASSY,교환,CAN-003139
union_standard_time,1058301,승합-경승합,기능정비,전기 및 램프,헤드램프(좌측),탈착,CAN-003301
union_standard_time,1058301,승합-경승합,기능정비,전기 및 램프,헤드램프(좌측),교환,CAN-003300
union_standard_time,1058320,승합-경승합,기능정비,전기 및 램프,시그널램프(좌측),탈착,CAN-001503
union_standard_time,1058320,승합-경승합,기능정비,전기 및 램프,시그널램프(좌측),교환,CAN-001502
union_standard_time,1058402,승합-경승합,기능정비,전기 및 램프,헤드램프(우측),탈착,CAN-003299
union_standard_time,1058402,승합-경승합,기능정비,전기 및 램프,헤드램프(우측),교환,CAN-003298
union_standard_time,1058421,승합-경승합,기능정비,전기 및 램프,시그널램프(우측),탈착,CAN-001501
union_standard_time,1058421,승합-경승합,기능정비,전기 및 램프,시그널램프(우측),교환,CAN-001500
union_standard_time,1059326,승합-경승합,기능정비,전기 및 램프,포그램프(좌측),탈착,CAN-002911
union_standard_time,1059326,승합-경승합,기능정비,전기 및 램프,포그램프(좌측),교환,CAN-002910
union_standard_time,1059427,승합-경승합,기능정비,전기 및 램프,포그램프(우측),탈착,CAN-002909
union_standard_time,1059427,승합-경승합,기능정비,전기 및 램프,포그램프(우측),교환,CAN-002908
union_standard_time,1068307,승합-경승합,판금/도장정비,판금(탈부착),코너패널(좌측),탈착,CAN-002565
union_standard_time,1068307,승합-경승합,판금/도장정비,판금(탈부착),코너패널(좌측),교환,CAN-002564
union_standard_time,1068408,승합-경승합,판금/도장정비,판금(탈부착),코너패널(우측),탈착,CAN-002563
union_standard_time,1068408,승합-경승합,판금/도장정비,판금(탈부착),코너패널(우측),교환,CAN-002562
union_standard_time,1068426,승합-경승합,판금/도장정비,판금(탈부착),프론트 휠하우스아우터패널(좌측),교환,CAN-003200
union_standard_time,1068435,승합-경승합,판금/도장정비,판금(탈부착),프론트 휠하우스아우터패널(우측),교환,CAN-003199
union_standard_time,1088304,승합-경승합,판금/도장정비,판금(탈부착),앞도어필러(좌측),교환,CAN-001691
union_standard_time,1088307,승합-경승합,기능정비,엔진 부품,윈도우 필러(좌측),교환,CAN-002239
union_standard_time,1088413,승합-경승합,판금/도장정비,판금(탈부착),앞도어필러(우측),교환,CAN-001689
union_standard_time,1088416,승합-경승합,기능정비,엔진 부품,윈도우 필러(우측),교환,CAN-002237
union_standard_time,1128301,승합-경승합,판금/도장정비,판금(탈부착),프론트 도어(좌측),탈착,CAN-002970
union_standard_time,1128301,승합-경승합,판금/도장정비,판금(탈부착),프론트 도어(좌측),교환,CAN-002968
union_standard_time,1128301,승합-경승합,판금/도장정비,판금(탈부착),프론트 도어(좌측),오버홀,CAN-002969
union_standard_time,1128302,승합-경승합,판금/도장정비,판금(탈부착),"프론트 도어(좌,전동)",탈착,CAN-002967
union_standard_time,1128302,승합-경승합,판금/도장정비,판금(탈부착),"프론트 도어(좌,전동)",교환,CAN-002965
union_standard_time,1128302,승합-경승합,판금/도장정비,판금(탈부착),"프론트 도어(좌,전동)",오버홀,CAN-002966
union_standard_time,1128406,승합-경승합,판금/도장정비,판금(탈부착),프론트 도어(우측),탈착,CAN-002954
union_standard_time,1128406,승합-경승합,판금/도장정비,판금(탈부착),프론트 도어(우측),교환,CAN-002952
union_standard_time,1128406,승합-경승합,판금/도장정비,판금(탈부착),프론트 도어(우측),오버홀,CAN-002953
union_standard_time,1128407,승합-경승합,판금/도장정비,판금(탈부착),"프론트 도어(우,전동)",탈착,CAN-002951
union_standard_time,1128407,승합-경승합,판금/도장정비,판금(탈부착),"프론트 도어(우,전동)",교환,CAN-002949
union_standard_time,1128407,승합-경승합,판금/도장정비,판금(탈부착),"프론트 도어(우,전동)",오버홀,CAN-002950
union_standard_time,1148301,승합-경승합,판금/도장정비,판금(탈부착),슬라이딩 도어(좌측),탈착,CAN-001452
union_standard_time,1148301,승합-경승합,판금/도장정비,판금(탈부착),슬라이딩 도어(좌측),교환,CAN-001450
union_standard_time,1148301,승합-경승합,판금/도장정비,판금(탈부착),슬라이딩 도어(좌측),오버홀,CAN-001451
union_standard_time,1148303,승합-경승합,판금/도장정비,판금(탈부착),슬라이딩 도어레일(좌측),탈착,CAN-001442
union_standard_time,1148303,승합-경승합,판금/도장정비,판금(탈부착),슬라이딩 도어레일(좌측),교환,CAN-001441
union_standard_time,1148308,승합-경승합,기능정비,엔진 부품,스텝 플레이트(좌측),탈착,CAN-001373
union_standard_time,1148308,승합-경승합,기능정비,엔진 부품,스텝 플레이트(좌측),교환,CAN-001372
union_standard_time,1148402,승합-경승합,판금/도장정비,판금(탈부착),슬라이딩 도어(우측),탈착,CAN-001449
union_standard_time,1148402,승합-경승합,판금/도장정비,판금(탈부착),슬라이딩 도어(우측),교환,CAN-001447
union_standard_time,1148402,승합-경승합,판금/도장정비,판금(탈부착),슬라이딩 도어(우측),오버홀,CAN-001448
union_standard_time,1148405,승합-경승합,판금/도장정비,판금(탈부착),슬라이딩 도어레일(우측),탈착,CAN-001440
union_standard_time,1148405,승합-경승합,판금/도장정비,판금(탈부착),슬라이딩 도어레일(우측),교환,CAN-001439
union_standard_time,1148409,승합-경승합,기능정비,엔진 부품,스텝 플레이트(우측),탈착,CAN-001371
union_standard_time,1148409,승합-경승합,기능정비,엔진 부품,스텝 플레이트(우측),교환,CAN-001370
union_standard_time,1169301,승합-경승합,기능정비,엔진 부품,사이드 미러(좌측),탈착,CAN-001156
union_standard_time,1169301,승합-경승합,기능정비,엔진 부품,사이드 미러(좌측),교환,CAN-001154
union_standard_time,1169404,승합-경승합,기능정비,엔진 부품,사이드 미러(우측),탈착,CAN-001144
union_standard_time,1169404,승합-경승합,기능정비,엔진 부품,사이드 미러(우측),교환,CAN-001142
union_standard_time,1178303,승합-경승합,기능정비,엔진 부품,"센터 필러(외측,좌)",교환,CAN-001309
union_standard_time,1178309,승합-경승합,기능정비,엔진 부품,"센터 필러(인너,좌)",교환,CAN-001312
union_standard_time,1178407,승합-경승합,기능정비,엔진 부품,"센터 필러(외측,우)",교환,CAN-001307
union_standard_time,1178410,승합-경승합,기능정비,엔진 부품,"센터 필러(인너,우)",교환,CAN-001311
union_standard_time,1198301,승합-경승합,기능정비,엔진 부품,사이드씰(좌측),교환,CAN-001217
union_standard_time,1198313,승합-경승합,판금/도장정비,판금(탈부착),슬라이딩 로워레일 패널(좌측),교환,CAN-001454
union_standard_time,1198405,승합-경승합,기능정비,엔진 부품,사이드씰(우측),교환,CAN-001216
union_standard_time,1198414,승합-경승합,판금/도장정비,판금(탈부착),슬라이딩 로워레일 패널(우측),교환,CAN-001453
union_standard_time,1218001,승합-경승합,판금/도장정비,판금(탈부착),루프패널,교환,CAN-000458
union_standard_time,1219009,승합-경승합,판금/도장정비,판금(탈부착),루프 헤더 패널,교환,CAN-000473
union_standard_time,1219010,승합-경승합,판금/도장정비,판금(탈부착),루프 리어 헤더 패널,교환,CAN-000398
union_standard_time,1219016,승합-경승합,판금/도장정비,판금(탈부착),루프 크로스 레일 NO.1,교환,CAN-000425
union_standard_time,1219017,승합-경승합,판금/도장정비,판금(탈부착),루프 크로스 레일 NO.2,교환,CAN-000427
union_standard_time,1219018,승합-경승합,판금/도장정비,판금(탈부착),루프 크로스 레일 NO.3,교환,CAN-000429
union_standard_time,1219019,승합-경승합,판금/도장정비,판금(탈부착),루프 크로스 레일 NO.4,교환,CAN-000431
union_standard_time,1219027,승합-경승합,판금/도장정비,판금(탈부착),루프 톱 씰링,탈착,CAN-000449
union_standard_time,1219027,승합-경승합,판금/도장정비,판금(탈부착),루프 톱 씰링,교환,CAN-000448
union_standard_time,1228201,승합-경승합,판금/도장정비,판금(탈부착),리어 범퍼,탈착,CAN-000536
union_standard_time,1228201,승합-경승합,판금/도장정비,판금(탈부착),리어 범퍼,교환,CAN-000534
union_standard_time,1248201,승합-경승합,판금/도장정비,판금(탈부착),백도어,탈착,CAN-000960
union_standard_time,1248201,승합-경승합,판금/도장정비,판금(탈부착),백도어,교환,CAN-000958
union_standard_time,1248201,승합-경승합,판금/도장정비,판금(탈부착),백도어,오버홀,CAN-000959
union_standard_time,1248202,승합-경승합,판금/도장정비,판금(탈부착),백도어(와이퍼 부착형),탈착,CAN-000983
union_standard_time,1248202,승합-경승합,판금/도장정비,판금(탈부착),백도어(와이퍼 부착형),교환,CAN-000981
union_standard_time,1248202,승합-경승합,판금/도장정비,판금(탈부착),백도어(와이퍼 부착형),오버홀,CAN-000982
union_standard_time,1249306,승합-경승합,판금/도장정비,판금(탈부착),백도어 쇼버(좌측),탈착,CAN-000975
union_standard_time,1249306,승합-경승합,판금/도장정비,판금(탈부착),백도어 쇼버(좌측),교환,CAN-000974
union_standard_time,1249408,승합-경승합,판금/도장정비,판금(탈부착),백도어 쇼버(우측),탈착,CAN-000971
union_standard_time,1249408,승합-경승합,판금/도장정비,판금(탈부착),백도어 쇼버(우측),교환,CAN-000970
union_standard_time,1259214,승합-경승합,기능정비,엔진 부품,스포일러,탈착,CAN-001424
union_standard_time,1259214,승합-경승합,기능정비,엔진 부품,스포일러,교환,CAN-001423
union_standard_time,1268301,승합-경승합,기능정비,전기 및 램프,리어 컴비네이션램프(좌측),탈착,CAN-000720
union_standard_time,1268301,승합-경승합,기능정비,전기 및 램프,리어 컴비네이션램프(좌측),교환,CAN-000719
union_standard_time,1268402,승합-경승합,기능정비,전기 및 램프,리어 컴비네이션램프(우측),탈착,CAN-000718
union_standard_time,1268402,승합-경승합,기능정비,전기 및 램프,리어 컴비네이션램프(우측),교환,CAN-000717
union_standard_time,1318303,승합-경승합,판금/도장정비,판금(탈부착),"쿼터리어외측패널(좌,승합)",교환,CAN-002588
union_standard_time,1318307,승합-경승합,판금/도장정비,판금(탈부착),"쿼터리어내측패널(좌,승합)",교환,CAN-002584
union_standard_time,1318405,승합-경승합,판금/도장정비,판금(탈부착),"쿼터리어외측패널(우,승합)",교환,CAN-002586
union_standard_time,1318409,승합-경승합,판금/도장정비,판금(탈부착),"쿼터리어내측패널(우,승합)",교환,CAN-002583
union_standard_time,1388006,승합-경승합,판금/도장정비,판금(탈부착),파티션패널(실내칸막이),탈착,CAN-002876
union_standard_time,1388006,승합-경승합,판금/도장정비,판금(탈부착),파티션패널(실내칸막이),교환,CAN-002875
union_standard_time,1398310,승합-경승합,판금/도장정비,판금(탈부착),창틀ASSY(좌-슬라이딩도어),탈착,CAN-002409
union_standard_time,1398310,승합-경승합,판금/도장정비,판금(탈부착),창틀ASSY(좌-슬라이딩도어),교환,CAN-002408
union_standard_time,1398411,승합-경승합,판금/도장정비,판금(탈부착),창틀ASSY(우-슬라이딩도어),탈착,CAN-002403
union_standard_time,1398411,승합-경승합,판금/도장정비,판금(탈부착),창틀ASSY(우-슬라이딩도어),교환,CAN-002402
union_standard_time,1428004,승합-경승합,판금/도장정비,판금(탈부착),운전대 바닥패널(앞),교환,CAN-002201
union_standard_time,1428008,승합-경승합,판금/도장정비,판금(탈부착),운전대 앞바닥 패널 A,교환,CAN-002203
union_standard_time,1428035,승합-경승합,판금/도장정비,판금(탈부착),테일스커트 아우터패널,교환,CAN-002715
union_standard_time,1428036,승합-경승합,판금/도장정비,판금(탈부착),테일스커트 인너패널,교환,CAN-002716
union_standard_time,1428221,승합-경승합,판금/도장정비,판금(탈부착),리어 플로어패널(승합),교환,CAN-000756
union_standard_time,1428224,승합-경승합,판금/도장정비,판금(탈부착),리어플로어패널,교환,CAN-000755
union_standard_time,1438024,승합-경승합,소모품 및 하체정비,하체 부품,리어 플로어멤버 서브ASSY,교환,CAN-000754
union_standard_time,1438119,승합-경승합,소모품 및 하체정비,하체 부품,프론트 크로스멤버 서브ASSY,교환,CAN-003127
union_standard_time,1438214,승합-경승합,소모품 및 하체정비,하체 부품,리어 크로스멤버,교환,CAN-000738
union_standard_time,1438320,승합-경승합,기능정비,엔진 부품,프론트 사이드프레임 서브(좌측),교환,CAN-003054
union_standard_time,1438322,승합-경승합,기능정비,엔진 부품,리어 플로어프레임 서브(좌측),교환,CAN-000758
union_standard_time,1438421,승합-경승합,기능정비,엔진 부품,프론트 사이드프레임 서브(우측),교환,CAN-003053
union_standard_time,1438423,승합-경승합,기능정비,엔진 부품,리어 플로어프레임 서브(우측),교환,CAN-000757
union_standard_time,1469513,승합-경승합,기능정비,엔진 부품,머드가드(앞좌),탈착,CAN-000829
union_standard_time,1469513,승합-경승합,기능정비,엔진 부품,머드가드(앞좌),교환,CAN-000828
union_standard_time,1469614,승합-경승합,기능정비,엔진 부품,머드가드(앞우),탈착,CAN-000827
union_standard_time,1469614,승합-경승합,기능정비,엔진 부품,머드가드(앞우),교환,CAN-000826
union_standard_time,1469715,승합-경승합,기능정비,엔진 부품,머드가드(뒤좌),탈착,CAN-000825
union_standard_time,1469715,승합-경승합,기능정비,엔진 부품,머드가드(뒤좌),교환,CAN-000824
union_standard_time,1469816,승합-경승합,기능정비,엔진 부품,머드가드(뒤우),탈착,CAN-000823
union_standard_time,1469816,승합-경승합,기능정비,엔진 부품,머드가드(뒤우),교환,CAN-000822
union_standard_time,3478001,승합-경승합,소모품 및 하체정비,브레이크/타이어,크러쉬패드,탈착,CAN-002609
union_standard_time,3478001,승합-경승합,소모품 및 하체정비,브레이크/타이어,크러쉬패드,교환,CAN-002608
union_standard_time,3478009,승합-경승합,기능정비,엔진 부품,콘솔박스,탈착,CAN-002570
union_standard_time,3478009,승합-경승합,기능정비,엔진 부품,콘솔박스,교환,CAN-002569
union_standard_time,3478020,승합-경승합,기능정비,에어컨,히터모터(분리식),탈착,CAN-003442
union_standard_time,3478020,승합-경승합,기능정비,에어컨,히터모터(분리식),교환,CAN-003441
union_standard_time,3478021,승합-경승합,기능정비,에어컨,뒤 히터,탈착,CAN-000250
union_standard_time,3478021,승합-경승합,기능정비,에어컨,뒤 히터,교환,CAN-000249
union_standard_time,3478024,승합-경승합,기능정비,에어컨,에어컨 에바포레이터(화물),탈착,CAN-001819
union_standard_time,3478024,승합-경승합,기능정비,에어컨,에어컨 에바포레이터(화물),교환,CAN-001818
union_standard_time,3478402,승합-경승합,기능정비,엔진 부품,프론트 시트(우측),탈착,CAN-003090
union_standard_time,3478402,승합-경승합,기능정비,엔진 부품,프론트 시트(우측),교환,CAN-003089
union_standard_time,3479019,승합-경승합,기능정비,에어컨,히터 유니트,탈착,CAN-003452
union_standard_time,3479019,승합-경승합,기능정비,에어컨,히터 유니트,교환,CAN-003451
union_standard_time,3488015,승합-경승합,기능정비,엔진 부품,리어시트(2열),탈착,CAN-000619
union_standard_time,3488015,승합-경승합,기능정비,엔진 부품,리어시트(2열),교환,CAN-000618
union_standard_time,3488016,승합-경승합,기능정비,엔진 부품,리어시트(3열),탈착,CAN-000627
union_standard_time,3488016,승합-경승합,기능정비,엔진 부품,리어시트(3열),교환,CAN-000626
union_standard_time,3488301,승합-경승합,기능정비,엔진 부품,프론트 시트(좌측),탈착,CAN-003100
union_standard_time,3488301,승합-경승합,기능정비,엔진 부품,프론트 시트(좌측),교환,CAN-003099
union_standard_time,3499017,승합-경승합,기능정비,엔진 부품,안전밸트(2점식)NO.1,탈착,CAN-001619
union_standard_time,3499017,승합-경승합,기능정비,엔진 부품,안전밸트(2점식)NO.1,교환,CAN-001618
union_standard_time,3499018,승합-경승합,기능정비,엔진 부품,안전밸트(2점식)NO.2,탈착,CAN-001621
union_standard_time,3499018,승합-경승합,기능정비,엔진 부품,안전밸트(2점식)NO.2,교환,CAN-001620
union_standard_time,3499019,승합-경승합,기능정비,엔진 부품,안전밸트(2점식)NO.3,탈착,CAN-001623
union_standard_time,3499019,승합-경승합,기능정비,엔진 부품,안전밸트(2점식)NO.3,교환,CAN-001622
union_standard_time,3499020,승합-경승합,기능정비,엔진 부품,안전밸트(2점식)NO.4,탈착,CAN-001625
union_standard_time,3499020,승합-경승합,기능정비,엔진 부품,안전밸트(2점식)NO.4,교환,CAN-001624
union_standard_time,3499021,승합-경승합,기능정비,엔진 부품,안전밸트(2점식)NO.5,탈착,CAN-001627
union_standard_time,3499021,승합-경승합,기능정비,엔진 부품,안전밸트(2점식)NO.5,교환,CAN-001626
union_standard_time,3499022,승합-경승합,기능정비,엔진 부품,안전밸트(2점식)NO.6,탈착,CAN-001629
union_standard_time,3499022,승합-경승합,기능정비,엔진 부품,안전밸트(2점식)NO.6,교환,CAN-001628
union_standard_time,3499309,승합-경승합,기능정비,엔진 부품,"안전밸트(2열,좌)",탈착,CAN-001617
union_standard_time,3499309,승합-경승합,기능정비,엔진 부품,"안전밸트(2열,좌)",교환,CAN-001616
union_standard_time,3499310,승합-경승합,기능정비,엔진 부품,"안전밸트(3열,좌)",탈착,CAN-001635
union_standard_time,3499310,승합-경승합,기능정비,엔진 부품,"안전밸트(3열,좌)",교환,CAN-001634
union_standard_time,3499413,승합-경승합,기능정비,엔진 부품,"안전밸트(2열,우)",탈착,CAN-001615
union_standard_time,3499413,승합-경승합,기능정비,엔진 부품,"안전밸트(2열,우)",교환,CAN-001614
union_standard_time,3499414,승합-경승합,기능정비,엔진 부품,"안전밸트(3열,우)",탈착,CAN-001633
union_standard_time,3499414,승합-경승합,기능정비,엔진 부품,"안전밸트(3열,우)",교환,CAN-001632
union_standard_time,3499501,승합-경승합,기능정비,엔진 부품,"안전벨트(앞,좌)",탈착,CAN-001665
union_standard_time,3499501,승합-경승합,기능정비,엔진 부품,"안전벨트(앞,좌)",교환,CAN-001664
union_standard_time,3499604,승합-경승합,기능정비,엔진 부품,"안전벨트(앞,우)",탈착,CAN-001661
union_standard_time,3499604,승합-경승합,기능정비,엔진 부품,"안전벨트(앞,우)",교환,CAN-001660
union_standard_time,3508004,승합-경승합,기능정비,전기 및 램프,크러쉬패드 배선,탈착,CAN-002611
union_standard_time,3508004,승합-경승합,기능정비,전기 및 램프,크러쉬패드 배선,교환,CAN-002610
union_standard_time,3508006,승합-경승합,기능정비,전기 및 램프,엔진룸배선,탈착,CAN-001923
union_standard_time,3508006,승합-경승합,기능정비,전기 및 램프,엔진룸배선,교환,CAN-001922
union_standard_time,3508011,승합-경승합,기능정비,전기 및 램프,뒷배선,탈착,CAN-000252
union_standard_time,3508011,승합-경승합,기능정비,전기 및 램프,뒷배선,교환,CAN-000251
union_standard_time,3508024,승합-경승합,소모품 및 하체정비,소모품,밧데리,탈착,CAN-000878
union_standard_time,3508024,승합-경승합,소모품 및 하체정비,소모품,밧데리,교환,CAN-000877
union_standard_time,3509019,승합-경승합,기능정비,전기 및 램프,컴비네이션 스위치,탈착,CAN-002519
union_standard_time,3509019,승합-경승합,기능정비,전기 및 램프,컴비네이션 스위치,교환,CAN-002518
union_standard_time,3509021,승합-경승합,기능정비,엔진 부품,와이퍼 모터,탈착,CAN-002190
union_standard_time,3509021,승합-경승합,기능정비,엔진 부품,와이퍼 모터,교환,CAN-002189
union_standard_time,3509022,승합-경승합,기능정비,엔진 부품,와이퍼 링케이지,탈착,CAN-002188
union_standard_time,3509022,승합-경승합,기능정비,엔진 부품,와이퍼 링케이지,교환,CAN-002187
union_standard_time,3518001,승합-경승합,기능정비,에어컨,에어컨 컨덴샤,탈착,CAN-001823
union_standard_time,3518001,승합-경승합,기능정비,에어컨,에어컨 컨덴샤,교환,CAN-001822
union_standard_time,3518007,승합-경승합,기능정비,에어컨,사이드 에어컨 콘덴사,탈착,CAN-001219
union_standard_time,3518007,승합-경승합,기능정비,에어컨,사이드 에어컨 콘덴사,교환,CAN-001218
union_standard_time,3518013,승합-경승합,기능정비,에어컨,에어컨 컴프레샤,탈착,CAN-001825
union_standard_time,3518013,승합-경승합,기능정비,에어컨,에어컨 컴프레샤,교환,CAN-001824
union_standard_time,3518016,승합-경승합,기능정비,엔진 부품,라디에이터,탈착,CAN-000315
union_standard_time,3518016,승합-경승합,기능정비,엔진 부품,라디에이터,교환,CAN-000314
union_standard_time,3518029,승합-경승합,기능정비,엔진 부품,라디에이터 리저브탱크,탈착,CAN-000336
union_standard_time,3518029,승합-경승합,기능정비,엔진 부품,라디에이터 리저브탱크,교환,CAN-000335
union_standard_time,3518030,승합-경승합,기능정비,전기 및 램프,와셔탱크(앞),탈착,CAN-002186
union_standard_time,3518030,승합-경승합,기능정비,전기 및 램프,와셔탱크(앞),교환,CAN-002185
union_standard_time,3518031,승합-경승합,기능정비,전기 및 램프,와셔탱크(뒤),탈착,CAN-002184
union_standard_time,3518031,승합-경승합,기능정비,전기 및 램프,와셔탱크(뒤),교환,CAN-002183
union_standard_time,3518032,승합-경승합,기능정비,엔진 부품,알터네이터,탈착,CAN-001675
union_standard_time,3518032,승합-경승합,기능정비,엔진 부품,알터네이터,교환,CAN-001674
union_standard_time,3518033,승합-경승합,기능정비,엔진 부품,스타팅모터,탈착,CAN-001360
union_standard_time,3518033,승합-경승합,기능정비,엔진 부품,스타팅모터,교환,CAN-001359
union_standard_time,3519003,승합-경승합,기능정비,에어컨,에어컨 파이프 NO.1,탈착,CAN-001833
union_standard_time,3519003,승합-경승합,기능정비,에어컨,에어컨 파이프 NO.1,교환,CAN-001832
union_standard_time,3519004,승합-경승합,기능정비,에어컨,에어컨 파이프 NO.2,탈착,CAN-001837
union_standard_time,3519004,승합-경승합,기능정비,에어컨,에어컨 파이프 NO.2,교환,CAN-001836
union_standard_time,3519005,승합-경승합,기능정비,에어컨,에어컨 파이프 NO.3,탈착,CAN-001841
union_standard_time,3519005,승합-경승합,기능정비,에어컨,에어컨 파이프 NO.3,교환,CAN-001840
union_standard_time,3519006,승합-경승합,기능정비,에어컨,에어컨 파이프 NO.4,탈착,CAN-001845
union_standard_time,3519006,승합-경승합,기능정비,에어컨,에어컨 파이프 NO.4,교환,CAN-001844
union_standard_time,3519012,승합-경승합,기능정비,엔진 부품,리시버 드라이탱크,탈착,CAN-000487
union_standard_time,3519012,승합-경승합,기능정비,엔진 부품,리시버 드라이탱크,교환,CAN-000486
union_standard_time,3519018,승합-경승합,기능정비,엔진 부품,라디에이터 휀,탈착,CAN-000355
union_standard_time,3519018,승합-경승합,기능정비,엔진 부품,라디에이터 휀,교환,CAN-000354
union_standard_time,3538011,승합-경승합,판금/도장정비,판금(탈부착),선루프기구(전동식),탈착,CAN-001271
union_standard_time,3538011,승합-경승합,판금/도장정비,판금(탈부착),선루프기구(전동식),교환,CAN-001270
union_standard_time,3549313,승합-경승합,판금/도장정비,판금(탈부착),쿼터트림(좌측),탈착,CAN-002599
union_standard_time,3549313,승합-경승합,판금/도장정비,판금(탈부착),쿼터트림(좌측),교환,CAN-002598
union_standard_time,3549317,승합-경승합,기능정비,엔진 부품,사이드트림(좌측),탈착,CAN-001228
union_standard_time,3549317,승합-경승합,기능정비,엔진 부품,사이드트림(좌측),교환,CAN-001227
union_standard_time,3549414,승합-경승합,판금/도장정비,판금(탈부착),쿼터트림(우측),탈착,CAN-002597
union_standard_time,3549414,승합-경승합,판금/도장정비,판금(탈부착),쿼터트림(우측),교환,CAN-002596
union_standard_time,3549418,승합-경승합,기능정비,엔진 부품,사이드트림(우측),탈착,CAN-001226
union_standard_time,3549418,승합-경승합,기능정비,엔진 부품,사이드트림(우측),교환,CAN-001225
union_standard_time,3558024,승합-경승합,기능정비,엔진 부품,바닥메트,탈착,CAN-000872
union_standard_time,3558024,승합-경승합,기능정비,엔진 부품,바닥메트,교환,CAN-000871
union_standard_time,3558027,승합-경승합,기능정비,엔진 부품,바닥매트(앞부분),탈착,CAN-000866
union_standard_time,3558027,승합-경승합,기능정비,엔진 부품,바닥매트(앞부분),교환,CAN-000865
union_standard_time,3578101,승합-경승합,기능정비,엔진 부품,앞유리(접착식),탈착,CAN-001717
union_standard_time,3578101,승합-경승합,기능정비,엔진 부품,앞유리(접착식),교환,CAN-001716
union_standard_time,3578202,승합-경승합,기능정비,엔진 부품,뒷유리(접착식),탈착,CAN-000258
union_standard_time,3578202,승합-경승합,기능정비,엔진 부품,뒷유리(접착식),교환,CAN-000257
union_standard_time,3578321,승합-경승합,기능정비,엔진 부품,고정창 사각유리(좌측),탈착,CAN-000121
union_standard_time,3578321,승합-경승합,기능정비,엔진 부품,고정창 사각유리(좌측),교환,CAN-000120
union_standard_time,3578326,승합-경승합,판금/도장정비,판금(탈부착),"옆창유리(좌,슬라이딩도어)",탈착,CAN-002149
union_standard_time,3578326,승합-경승합,판금/도장정비,판금(탈부착),"옆창유리(좌,슬라이딩도어)",교환,CAN-002148
union_standard_time,3578422,승합-경승합,기능정비,엔진 부품,고정창 사각유리(우측),탈착,CAN-000119
union_standard_time,3578422,승합-경승합,기능정비,엔진 부품,고정창 사각유리(우측),교환,CAN-000118
union_standard_time,3578427,승합-경승합,판금/도장정비,판금(탈부착),"옆창유리(우,슬라이딩도어)",탈착,CAN-002132
union_standard_time,3578427,승합-경승합,판금/도장정비,판금(탈부착),"옆창유리(우,슬라이딩도어)",교환,CAN-002131
union_standard_time,3578503,승합-경승합,판금/도장정비,판금(탈부착),"문짝사각유리(앞,좌)",탈착,CAN-000852
union_standard_time,3578503,승합-경승합,판금/도장정비,판금(탈부착),"문짝사각유리(앞,좌)",교환,CAN-000851
union_standard_time,3578604,승합-경승합,판금/도장정비,판금(탈부착),"문짝사각유리(앞,우)",탈착,CAN-000850
union_standard_time,3578604,승합-경승합,판금/도장정비,판금(탈부착),"문짝사각유리(앞,우)",교환,CAN-000849
union_standard_time,5588006,승합-경승합,기능정비,엔진 부품,엔진 ASSY,탈착,CAN-001913
union_standard_time,5588006,승합-경승합,기능정비,엔진 부품,엔진 ASSY,교환,CAN-001911
union_standard_time,5588006,승합-경승합,기능정비,엔진 부품,엔진 ASSY,오버홀,CAN-001912
union_standard_time,5588015,승합-경승합,기능정비,엔진 부품,쇼트엔진,교환,CAN-001327
union_standard_time,5598007,승합-경승합,기능정비,엔진 부품,실린더헤드,오버홀,CAN-001572
union_standard_time,5598023,승합-경승합,소모품 및 하체정비,하체 부품,프론트 마운팅멤버#1,탈착,CAN-002987
union_standard_time,5598023,승합-경승합,소모품 및 하체정비,하체 부품,프론트 마운팅멤버#1,교환,CAN-002986
union_standard_time,5598024,승합-경승합,소모품 및 하체정비,하체 부품,프론트 마운팅멤버#2,탈착,CAN-002989
union_standard_time,5598024,승합-경승합,소모품 및 하체정비,하체 부품,프론트 마운팅멤버#2,교환,CAN-002988
union_standard_time,5599015,승합-경승합,기능정비,엔진 부품,엔진 마운틴 및 브라켓(앞),탈착,CAN-001970
union_standard_time,5599015,승합-경승합,기능정비,엔진 부품,엔진 마운틴 및 브라켓(앞),교환,CAN-001969
union_standard_time,5599016,승합-경승합,기능정비,엔진 부품,엔진 마운틴 및 브라켓(뒤),탈착,CAN-001958
union_standard_time,5599016,승합-경승합,기능정비,엔진 부품,엔진 마운틴 및 브라켓(뒤),교환,CAN-001957
union_standard_time,5599311,승합-경승합,기능정비,엔진 부품,엔진 마운틴 및 브라켓(좌측),탈착,CAN-001980
union_standard_time,5599311,승합-경승합,기능정비,엔진 부품,엔진 마운틴 및 브라켓(좌측),교환,CAN-001979
union_standard_time,5599413,승합-경승합,기능정비,엔진 부품,엔진 마운틴 및 브라켓(우측),탈착,CAN-001976
union_standard_time,5599413,승합-경승합,기능정비,엔진 부품,엔진 마운틴 및 브라켓(우측),교환,CAN-001975
union_standard_time,5608001,승합-경승합,기능정비,엔진 부품,타이밍커버,탈착,CAN-002673
union_standard_time,5608001,승합-경승합,기능정비,엔진 부품,타이밍커버,교환,CAN-002672
union_standard_time,5618001,승합-경승합,소모품 및 하체정비,소모품,에어크리너,탈착,CAN-001867
union_standard_time,5618001,승합-경승합,소모품 및 하체정비,소모품,에어크리너,교환,CAN-001866
union_standard_time,5618010,승합-경승합,기능정비,엔진 부품,드로틀바디,탈착,CAN-000262
union_standard_time,5618010,승합-경승합,기능정비,엔진 부품,드로틀바디,교환,CAN-000261
union_standard_time,5638001,승합-경승합,소모품 및 하체정비,오일류,엔진 오일팬,탈착,CAN-001993
union_standard_time,5638001,승합-경승합,소모품 및 하체정비,오일류,엔진 오일팬,교환,CAN-001992
union_standard_time,5638006,승합-경승합,소모품 및 하체정비,오일류,엔진오일 펌프,탈착,CAN-001999
union_standard_time,5638006,승합-경승합,소모품 및 하체정비,오일류,엔진오일 펌프,교환,CAN-001998
union_standard_time,5638009,승합-경승합,기능정비,엔진 부품,워터펌프,탈착,CAN-002230
union_standard_time,5638009,승합-경승합,기능정비,엔진 부품,워터펌프,교환,CAN-002229
union_standard_time,5638019,승합-경승합,소모품 및 하체정비,하체 부품,파워스티어링 펌프,탈착,CAN-002852
union_standard_time,5638019,승합-경승합,소모품 및 하체정비,하체 부품,파워스티어링 펌프,교환,CAN-002851
union_standard_time,5648001,승합-경승합,기능정비,엔진 부품,흡기매니홀드,탈착,CAN-003434
union_standard_time,5648001,승합-경승합,기능정비,엔진 부품,흡기매니홀드,교환,CAN-003433
union_standard_time,5648006,승합-경승합,기능정비,엔진 부품,배기매니홀드,탈착,CAN-000903
union_standard_time,5648006,승합-경승합,기능정비,엔진 부품,배기매니홀드,교환,CAN-000902
union_standard_time,5658003,승합-경승합,기능정비,엔진 부품,배가파이프1번(프론트),탈착,CAN-000889
union_standard_time,5658003,승합-경승합,기능정비,엔진 부품,배가파이프1번(프론트),교환,CAN-000888
union_standard_time,5658010,승합-경승합,기능정비,엔진 부품,배기파이프3번(머플러),탈착,CAN-000939
union_standard_time,5658010,승합-경승합,기능정비,엔진 부품,배기파이프3번(머플러),교환,CAN-000938
union_standard_time,5668001,승합-경승합,기능정비,엔진 부품,연료탱크,탈착,CAN-002034
union_standard_time,5668001,승합-경승합,기능정비,엔진 부품,연료탱크,교환,CAN-002032
union_standard_time,5668001,승합-경승합,기능정비,엔진 부품,연료탱크,오버홀,CAN-002033
union_standard_time,5668003,승합-경승합,기능정비,엔진 부품,인젝션(연료)펌프,탈착,CAN-002274
union_standard_time,5668003,승합-경승합,기능정비,엔진 부품,인젝션(연료)펌프,교환,CAN-002272
union_standard_time,5668011,승합-경승합,기능정비,엔진 부품,캬부레터 ASSY,탈착,CAN-002509
union_standard_time,5668011,승합-경승합,기능정비,엔진 부품,캬부레터 ASSY,교환,CAN-002508
union_standard_time,5668016,승합-경승합,기능정비,엔진 부품,LPG봄베,탈착,CAN-000082
union_standard_time,5668016,승합-경승합,기능정비,엔진 부품,LPG봄베,교환,CAN-000081
union_standard_time,5668017,승합-경승합,기능정비,엔진 부품,LPG 믹서,탈착,CAN-000080
union_standard_time,5668017,승합-경승합,기능정비,엔진 부품,LPG 믹서,교환,CAN-000079
union_standard_time,5668018,승합-경승합,기능정비,엔진 부품,베이퍼라이져,탈착,CAN-001031
union_standard_time,5668018,승합-경승합,기능정비,엔진 부품,베이퍼라이져,교환,CAN-001030
union_standard_time,7688001,승합-경승합,기능정비,엔진 부품,트랜스미션(M/T),탈착,CAN-002732
union_standard_time,7688001,승합-경승합,기능정비,엔진 부품,트랜스미션(M/T),교환,CAN-002730
union_standard_time,7688001,승합-경승합,기능정비,엔진 부품,트랜스미션(M/T),오버홀,CAN-002731
union_standard_time,7688002,승합-경승합,기능정비,엔진 부품,트랜스미션(A/T),탈착,CAN-002725
union_standard_time,7688002,승합-경승합,기능정비,엔진 부품,트랜스미션(A/T),교환,CAN-002723
union_standard_time,7688002,승합-경승합,기능정비,엔진 부품,트랜스미션(A/T),오버홀,CAN-002724
union_standard_time,7688005,승합-경승합,기능정비,엔진 부품,트랜스밋션,탈착,CAN-002738
union_standard_time,7688005,승합-경승합,기능정비,엔진 부품,트랜스밋션,교환,CAN-002736
union_standard_time,7688005,승합-경승합,기능정비,엔진 부품,트랜스밋션,오버홀,CAN-002737
union_standard_time,7688010,승합-경승합,기능정비,엔진 부품,뒤 케이스,탈착,CAN-000220
union_standard_time,7688010,승합-경승합,기능정비,엔진 부품,뒤 케이스,교환,CAN-000219
union_standard_time,7689017,승합-경승합,기능정비,엔진 부품,체인지레버(M/T),탈착,CAN-002427
union_standard_time,7689017,승합-경승합,기능정비,엔진 부품,체인지레버(M/T),교환,CAN-002426
union_standard_time,7689018,승합-경승합,기능정비,엔진 부품,체인지레버(A/T),탈착,CAN-002425
union_standard_time,7689018,승합-경승합,기능정비,엔진 부품,체인지레버(A/T),교환,CAN-002424
union_standard_time,7689021,승합-경승합,기능정비,엔진 부품,체인지레버 케이블 및 로드,탈착,CAN-002435
union_standard_time,7689021,승합-경승합,기능정비,엔진 부품,체인지레버 케이블 및 로드,교환,CAN-002434
union_standard_time,7698005,승합-경승합,기능정비,엔진 부품,프로펠라 샤프트,탈착,CAN-002928
union_standard_time,7698005,승합-경승합,기능정비,엔진 부품,프로펠라 샤프트,교환,CAN-002927
union_standard_time,7698006,승합-경승합,기능정비,엔진 부품,프로펠라샤프트(앞),탈착,CAN-002932
union_standard_time,7698006,승합-경승합,기능정비,엔진 부품,프로펠라샤프트(앞),교환,CAN-002931
union_standard_time,7698007,승합-경승합,기능정비,엔진 부품,프로펠라샤프트(뒤),탈착,CAN-002930
union_standard_time,7698007,승합-경승합,기능정비,엔진 부품,프로펠라샤프트(뒤),교환,CAN-002929
union_standard_time,7698024,승합-경승합,소모품 및 하체정비,하체 부품,서스펜션 크로스멤버,탈착,CAN-001268
union_standard_time,7698024,승합-경승합,소모품 및 하체정비,하체 부품,서스펜션 크로스멤버,교환,CAN-001267
union_standard_time,7698310,승합-경승합,소모품 및 하체정비,하체 부품,프론트 서스펜션ASSY(좌측),탈착,CAN-003068
union_standard_time,7698310,승합-경승합,소모품 및 하체정비,하체 부품,프론트 서스펜션ASSY(좌측),교환,CAN-003066
union_standard_time,7698310,승합-경승합,소모품 및 하체정비,하체 부품,프론트 서스펜션ASSY(좌측),오버홀,CAN-003067
union_standard_time,7698411,승합-경승합,소모품 및 하체정비,하체 부품,프론트 서스펜션ASSY(우측),탈착,CAN-003065
union_standard_time,7698411,승합-경승합,소모품 및 하체정비,하체 부품,프론트 서스펜션ASSY(우측),교환,CAN-003063
union_standard_time,7698411,승합-경승합,소모품 및 하체정비,하체 부품,프론트 서스펜션ASSY(우측),오버홀,CAN-003064
union_standard_time,7708505,승합-경승합,기능정비,엔진 부품,판스프링(앞좌),탈착,CAN-002888
union_standard_time,7708505,승합-경승합,기능정비,엔진 부품,판스프링(앞좌),교환,CAN-002886
union_standard_time,7708606,승합-경승합,기능정비,엔진 부품,판스프링(앞우),탈착,CAN-002885
union_standard_time,7708606,승합-경승합,기능정비,엔진 부품,판스프링(앞우),교환,CAN-002883
union_standard_time,7708707,승합-경승합,기능정비,엔진 부품,판스프링(뒤좌),탈착,CAN-002882
union_standard_time,7708707,승합-경승합,기능정비,엔진 부품,판스프링(뒤좌),교환,CAN-002880
union_standard_time,7708809,승합-경승합,기능정비,엔진 부품,판스프링(뒤우),탈착,CAN-002879
union_standard_time,7708809,승합-경승합,기능정비,엔진 부품,판스프링(뒤우),교환,CAN-002877
union_standard_time,7709501,승합-경승합,기능정비,엔진 부품,쇽업쇼버(앞좌),탈착,CAN-001349
union_standard_time,7709501,승합-경승합,기능정비,엔진 부품,쇽업쇼버(앞좌),교환,CAN-001347
union_standard_time,7709602,승합-경승합,기능정비,엔진 부품,쇽업쇼버(앞우),탈착,CAN-001346
union_standard_time,7709602,승합-경승합,기능정비,엔진 부품,쇽업쇼버(앞우),교환,CAN-001344
union_standard_time,7709703,승합-경승합,기능정비,엔진 부품,쇽업쇼버(뒤좌),탈착,CAN-001339
union_standard_time,7709703,승합-경승합,기능정비,엔진 부품,쇽업쇼버(뒤좌),교환,CAN-001338
union_standard_time,7709804,승합-경승합,기능정비,엔진 부품,쇽업쇼버(뒤우),탈착,CAN-001337
union_standard_time,7709804,승합-경승합,기능정비,엔진 부품,쇽업쇼버(뒤우),교환,CAN-001336
union_standard_time,7718021,승합-경승합,기능정비,엔진 부품,리어 액슬 ASSY,탈착,CAN-000681
union_standard_time,7718021,승합-경승합,기능정비,엔진 부품,리어 액슬 ASSY,교환,CAN-000679
union_standard_time,7718021,승합-경승합,기능정비,엔진 부품,리어 액슬 ASSY,오버홀,CAN-000680
union_standard_time,7718022,승합-경승합,기능정비,엔진 부품,리어액슬하우징 ASSY,탈착,CAN-000696
union_standard_time,7718022,승합-경승합,기능정비,엔진 부품,리어액슬하우징 ASSY,교환,CAN-000694
union_standard_time,7718022,승합-경승합,기능정비,엔진 부품,리어액슬하우징 ASSY,오버홀,CAN-000695
union_standard_time,7728005,승합-경승합,기능정비,엔진 부품,디퍼런셜 기어,탈착,CAN-000294
union_standard_time,7728005,승합-경승합,기능정비,엔진 부품,디퍼런셜 기어,교환,CAN-000292
union_standard_time,7728005,승합-경승합,기능정비,엔진 부품,디퍼런셜 기어,오버홀,CAN-000293
union_standard_time,7728027,승합-경승합,소모품 및 하체정비,하체 부품,스티어링 컬럼ASSY,탈착,CAN-001401
union_standard_time,7728027,승합-경승합,소모품 및 하체정비,하체 부품,스티어링 컬럼ASSY,교환,CAN-001400
union_standard_time,7728031,승합-경승합,소모품 및 하체정비,하체 부품,파워스티어링기어,탈착,CAN-002834
union_standard_time,7728031,승합-경승합,소모품 및 하체정비,하체 부품,파워스티어링기어,교환,CAN-002833
union_standard_time,7728033,승합-경승합,소모품 및 하체정비,하체 부품,메뉴얼스티어링기어,탈착,CAN-000833
union_standard_time,7728033,승합-경승합,소모품 및 하체정비,하체 부품,메뉴얼스티어링기어,교환,CAN-000832
union_standard_time,7728051,승합-경승합,소모품 및 하체정비,브레이크/타이어,브레이크부스터&마스터 실린더,탈착,CAN-001085
union_standard_time,7728051,승합-경승합,소모품 및 하체정비,브레이크/타이어,브레이크부스터&마스터 실린더,교환,CAN-001084
union_standard_time,7728056,승합-경승합,기능정비,엔진 부품,악셀레이터 패달,탈착,CAN-001605
union_standard_time,7728056,승합-경승합,기능정비,엔진 부품,악셀레이터 패달,교환,CAN-001604
union_standard_time,7728059,승합-경승합,소모품 및 하체정비,브레이크/타이어,클러치 및 브레이크패달 브라켓,탈착,CAN-002631
union_standard_time,7728059,승합-경승합,소모품 및 하체정비,브레이크/타이어,클러치 및 브레이크패달 브라켓,교환,CAN-002630
union_standard_time,7728067,승합-경승합,기능정비,엔진 부품,클러치 케이블,탈착,CAN-002633
union_standard_time,7728067,승합-경승합,기능정비,엔진 부품,클러치 케이블,교환,CAN-002632
union_standard_time,7728508,승합-경승합,소모품 및 하체정비,브레이크/타이어,"타이어(앞,좌)",교환,CAN-002694
union_standard_time,7728609,승합-경승합,소모품 및 하체정비,브레이크/타이어,"타이어(앞,우)",교환,CAN-002693
union_standard_time,7728710,승합-경승합,소모품 및 하체정비,브레이크/타이어,"타이어(뒤,좌)",교환,CAN-002691
union_standard_time,7728811,승합-경승합,소모품 및 하체정비,브레이크/타이어,"타이어(뒤,우)",교환,CAN-002690
union_standard_time,7729026,승합-경승합,소모품 및 하체정비,하체 부품,스티어링 휠,탈착,CAN-001407
union_standard_time,7729026,승합-경승합,소모품 및 하체정비,하체 부품,스티어링 휠,교환,CAN-001406
union_standard_time,7729060,승합-경승합,소모품 및 하체정비,브레이크/타이어,사이드 브레이크(핸드식),탈착,CAN-001173
union_standard_time,7729060,승합-경승합,소모품 및 하체정비,브레이크/타이어,사이드 브레이크(핸드식),교환,CAN-001172
union_standard_time,7738003,승합-경승합,소모품 및 하체정비,브레이크/타이어,휠 얼라인먼트(전자식),조정,CAN-003401
union_standard_time,7738004,승합-경승합,소모품 및 하체정비,브레이크/타이어,휠 얼라인먼트(기계식),조정,CAN-003399
union_standard_time,1018101.0,승합-소형승합,판금/도장정비,판금(탈부착),프론트 범퍼,탈착,CAN-002997
union_standard_time,1018101.0,승합-소형승합,판금/도장정비,판금(탈부착),프론트 범퍼,교환,CAN-002995
union_standard_time,1018101.0,승합-소형승합,판금/도장정비,판금(탈부착),프론트 범퍼,오버홀,CAN-002996
union_standard_time,1018107.0,승합-소형승합,판금/도장정비,판금(탈부착),프론트 범퍼(에너지업소바),탈착,CAN-003017
union_standard_time,1018107.0,승합-소형승합,판금/도장정비,판금(탈부착),프론트 범퍼(에너지업소바),교환,CAN-003015
union_standard_time,1018107.0,승합-소형승합,판금/도장정비,판금(탈부착),프론트 범퍼(에너지업소바),오버홀,CAN-003016
union_standard_time,1019118.0,승합-소형승합,판금/도장정비,판금(탈부착),범퍼가드,탈착,CAN-001023
union_standard_time,1019118.0,승합-소형승합,판금/도장정비,판금(탈부착),범퍼가드,교환,CAN-001022
union_standard_time,1028101.0,승합-소형승합,기능정비,엔진 부품,라디에이터그릴,탈착,CAN-000320
union_standard_time,1028101.0,승합-소형승합,기능정비,엔진 부품,라디에이터그릴,교환,CAN-000318
union_standard_time,1028102.0,승합-소형승합,기능정비,전기 및 램프,라디에이터그릴(램프형),탈착,CAN-000322
union_standard_time,1028102.0,승합-소형승합,기능정비,전기 및 램프,라디에이터그릴(램프형),교환,CAN-000321
union_standard_time,1038101.0,승합-소형승합,판금/도장정비,판금(탈부착),후드,탈착,CAN-003318
union_standard_time,1038101.0,승합-소형승합,판금/도장정비,판금(탈부착),후드,교환,CAN-003316
union_standard_time,1038101.0,승합-소형승합,판금/도장정비,판금(탈부착),후드,오버홀,CAN-003317
union_standard_time,1039106.0,승합-소형승합,판금/도장정비,판금(탈부착),후드 록크,탈착,CAN-003321
union_standard_time,1039106.0,승합-소형승합,판금/도장정비,판금(탈부착),후드 록크,교환,CAN-003320
union_standard_time,1039107.0,승합-소형승합,판금/도장정비,판금(탈부착),후드 케이블,탈착,CAN-003357
union_standard_time,1039107.0,승합-소형승합,판금/도장정비,판금(탈부착),후드 케이블,교환,CAN-003356
union_standard_time,1039108.0,승합-소형승합,판금/도장정비,판금(탈부착),후드 인슐레이션,탈착,CAN-003353
union_standard_time,1039108.0,승합-소형승합,판금/도장정비,판금(탈부착),후드 인슐레이션,교환,CAN-003352
union_standard_time,1039302.0,승합-소형승합,판금/도장정비,판금(탈부착),후드 힌지(좌측),탈착,CAN-003363
union_standard_time,1039302.0,승합-소형승합,판금/도장정비,판금(탈부착),후드 힌지(좌측),교환,CAN-003362
union_standard_time,1039403.0,승합-소형승합,판금/도장정비,판금(탈부착),후드 힌지(우측),탈착,CAN-003361
union_standard_time,1039403.0,승합-소형승합,판금/도장정비,판금(탈부착),후드 힌지(우측),교환,CAN-003360
union_standard_time,1048101.0,승합-소형승합,판금/도장정비,판금(탈부착),프론트 패널 ASSY,탈착,CAN-003129
union_standard_time,1048101.0,승합-소형승합,판금/도장정비,판금(탈부착),프론트 패널 ASSY,교환,CAN-003128
union_standard_time,1048122.0,승합-소형승합,판금/도장정비,판금(탈부착),앞패널 어퍼크로스멤버,교환,CAN-001729
union_standard_time,1048125.0,승합-소형승합,판금/도장정비,판금(탈부착),앞패널 로워크로스멤버,교환,CAN-001727
union_standard_time,1048135.0,승합-소형승합,소모품 및 하체정비,하체 부품,프론트 엔드 크로스멤버,교환,CAN-003114
union_standard_time,1058301.0,승합-소형승합,기능정비,전기 및 램프,헤드램프(좌측),탈착,CAN-003301
union_standard_time,1058301.0,승합-소형승합,기능정비,전기 및 램프,헤드램프(좌측),교환,CAN-003300
union_standard_time,1058320.0,승합-소형승합,기능정비,전기 및 램프,시그널램프(좌측),탈착,CAN-001503
union_standard_time,1058320.0,승합-소형승합,기능정비,전기 및 램프,시그널램프(좌측),교환,CAN-001502
union_standard_time,1058402.0,승합-소형승합,기능정비,전기 및 램프,헤드램프(우측),탈착,CAN-003299
union_standard_time,1058402.0,승합-소형승합,기능정비,전기 및 램프,헤드램프(우측),교환,CAN-003298
union_standard_time,1058421.0,승합-소형승합,기능정비,전기 및 램프,시그널램프(우측),탈착,CAN-001501
union_standard_time,1058421.0,승합-소형승합,기능정비,전기 및 램프,시그널램프(우측),교환,CAN-001500
union_standard_time,1059326.0,승합-소형승합,기능정비,전기 및 램프,포그램프(좌측),탈착,CAN-002911
union_standard_time,1059326.0,승합-소형승합,기능정비,전기 및 램프,포그램프(좌측),교환,CAN-002910
union_standard_time,1059427.0,승합-소형승합,기능정비,전기 및 램프,포그램프(우측),탈착,CAN-002909
union_standard_time,1059427.0,승합-소형승합,기능정비,전기 및 램프,포그램프(우측),교환,CAN-002908
union_standard_time,1068307.0,승합-소형승합,판금/도장정비,판금(탈부착),코너패널(좌측),탈착,CAN-002565
union_standard_time,1068307.0,승합-소형승합,판금/도장정비,판금(탈부착),코너패널(좌측),교환,CAN-002564
union_standard_time,1068408.0,승합-소형승합,판금/도장정비,판금(탈부착),코너패널(우측),탈착,CAN-002563
union_standard_time,1068408.0,승합-소형승합,판금/도장정비,판금(탈부착),코너패널(우측),교환,CAN-002562
union_standard_time,1078001.0,승합-소형승합,기능정비,엔진 부품,카울그릴,탈착,CAN-002437
union_standard_time,1078001.0,승합-소형승합,기능정비,엔진 부품,카울그릴,교환,CAN-002436
union_standard_time,1078002.0,승합-소형승합,판금/도장정비,판금(탈부착),카울패널,교환,CAN-002454
union_standard_time,1078014.0,승합-소형승합,판금/도장정비,판금(탈부착),대쉬패널,교환,CAN-000144
union_standard_time,1088304.0,승합-소형승합,판금/도장정비,판금(탈부착),앞도어필러(좌측),교환,CAN-001691
union_standard_time,1088307.0,승합-소형승합,기능정비,엔진 부품,윈도우 필러(좌측),교환,CAN-002239
union_standard_time,1088413.0,승합-소형승합,판금/도장정비,판금(탈부착),앞도어필러(우측),교환,CAN-001689
union_standard_time,1088416.0,승합-소형승합,기능정비,엔진 부품,윈도우 필러(우측),교환,CAN-002237
union_standard_time,1128301.0,승합-소형승합,판금/도장정비,판금(탈부착),프론트 도어(좌측),탈착,CAN-002970
union_standard_time,1128301.0,승합-소형승합,판금/도장정비,판금(탈부착),프론트 도어(좌측),교환,CAN-002968
union_standard_time,1128301.0,승합-소형승합,판금/도장정비,판금(탈부착),프론트 도어(좌측),오버홀,CAN-002969
union_standard_time,1128302.0,승합-소형승합,판금/도장정비,판금(탈부착),"프론트 도어(좌,전동)",탈착,CAN-002967
union_standard_time,1128302.0,승합-소형승합,판금/도장정비,판금(탈부착),"프론트 도어(좌,전동)",교환,CAN-002965
union_standard_time,1128302.0,승합-소형승합,판금/도장정비,판금(탈부착),"프론트 도어(좌,전동)",오버홀,CAN-002966
union_standard_time,1128406.0,승합-소형승합,판금/도장정비,판금(탈부착),프론트 도어(우측),탈착,CAN-002954
union_standard_time,1128406.0,승합-소형승합,판금/도장정비,판금(탈부착),프론트 도어(우측),교환,CAN-002952
union_standard_time,1128406.0,승합-소형승합,판금/도장정비,판금(탈부착),프론트 도어(우측),오버홀,CAN-002953
union_standard_time,1128407.0,승합-소형승합,판금/도장정비,판금(탈부착),"프론트 도어(우,전동)",탈착,CAN-002951
union_standard_time,1128407.0,승합-소형승합,판금/도장정비,판금(탈부착),"프론트 도어(우,전동)",교환,CAN-002949
union_standard_time,1128407.0,승합-소형승합,판금/도장정비,판금(탈부착),"프론트 도어(우,전동)",오버홀,CAN-002950
union_standard_time,1148303.0,승합-소형승합,판금/도장정비,판금(탈부착),슬라이딩 도어레일(좌측),탈착,CAN-001442
union_standard_time,1148303.0,승합-소형승합,판금/도장정비,판금(탈부착),슬라이딩 도어레일(좌측),교환,CAN-001441
union_standard_time,1148402.0,승합-소형승합,판금/도장정비,판금(탈부착),슬라이딩 도어(우측),탈착,CAN-001449
union_standard_time,1148402.0,승합-소형승합,판금/도장정비,판금(탈부착),슬라이딩 도어(우측),교환,CAN-001447
union_standard_time,1148402.0,승합-소형승합,판금/도장정비,판금(탈부착),슬라이딩 도어(우측),오버홀,CAN-001448
union_standard_time,1148405.0,승합-소형승합,판금/도장정비,판금(탈부착),슬라이딩 도어레일(우측),탈착,CAN-001440
union_standard_time,1148405.0,승합-소형승합,판금/도장정비,판금(탈부착),슬라이딩 도어레일(우측),교환,CAN-001439
union_standard_time,1148407.0,승합-소형승합,판금/도장정비,판금(탈부착),리어사이드스텝패널(우측),교환,CAN-000575
union_standard_time,1158309.0,승합-소형승합,판금/도장정비,판금(탈부착),프론트도어 오프닝 프레임(좌측),교환,CAN-002945
union_standard_time,1158410.0,승합-소형승합,판금/도장정비,판금(탈부착),프론트도어 오프닝 프레임(우측),교환,CAN-002944
union_standard_time,1169301.0,승합-소형승합,기능정비,엔진 부품,사이드 미러(좌측),탈착,CAN-001156
union_standard_time,1169301.0,승합-소형승합,기능정비,엔진 부품,사이드 미러(좌측),교환,CAN-001154
union_standard_time,1169404.0,승합-소형승합,기능정비,엔진 부품,사이드 미러(우측),탈착,CAN-001144
union_standard_time,1169404.0,승합-소형승합,기능정비,엔진 부품,사이드 미러(우측),교환,CAN-001142
union_standard_time,1178405.0,승합-소형승합,기능정비,엔진 부품,센터 필러 ASSY(우측),교환,CAN-001303
union_standard_time,1178407.0,승합-소형승합,기능정비,엔진 부품,"센터 필러(외측,우)",교환,CAN-001307
union_standard_time,1178410.0,승합-소형승합,기능정비,엔진 부품,"센터 필러(인너,우)",교환,CAN-001311
union_standard_time,1198301.0,승합-소형승합,기능정비,엔진 부품,사이드씰(좌측),교환,CAN-001217
union_standard_time,1198405.0,승합-소형승합,기능정비,엔진 부품,사이드씰(우측),교환,CAN-001216
union_standard_time,1198415.0,승합-소형승합,기능정비,엔진 부품,사이드 리어 아우터 씰(우측),교환,CAN-001132
union_standard_time,1208331.0,승합-소형승합,판금/도장정비,판금(탈부착),"사이드프레임 외측패널(좌,승합)",교환,CAN-001248
union_standard_time,1208332.0,승합-소형승합,판금/도장정비,판금(탈부착),"사이드프레임 내측패널(좌,승합)",교환,CAN-001243
union_standard_time,1218001.0,승합-소형승합,판금/도장정비,판금(탈부착),루프패널,교환,CAN-000458
union_standard_time,1218004.0,승합-소형승합,판금/도장정비,판금(탈부착),루프패널(앞),교환,CAN-000466
union_standard_time,1218005.0,승합-소형승합,판금/도장정비,판금(탈부착),루프패널(뒤),교환,CAN-000461
union_standard_time,1218007.0,승합-소형승합,판금/도장정비,판금(탈부착),"루프패널(앞,초장축승합)",교환,CAN-000468
union_standard_time,1218008.0,승합-소형승합,판금/도장정비,판금(탈부착),"루프패널(뒤,초장축승합)",교환,CAN-000463
union_standard_time,1219009.0,승합-소형승합,판금/도장정비,판금(탈부착),루프 헤더 패널,교환,CAN-000473
union_standard_time,1219010.0,승합-소형승합,판금/도장정비,판금(탈부착),루프 리어 헤더 패널,교환,CAN-000398
union_standard_time,1219016.0,승합-소형승합,판금/도장정비,판금(탈부착),루프 크로스 레일 NO.1,교환,CAN-000425
union_standard_time,1219017.0,승합-소형승합,판금/도장정비,판금(탈부착),루프 크로스 레일 NO.2,교환,CAN-000427
union_standard_time,1219018.0,승합-소형승합,판금/도장정비,판금(탈부착),루프 크로스 레일 NO.3,교환,CAN-000429
union_standard_time,1219019.0,승합-소형승합,판금/도장정비,판금(탈부착),루프 크로스 레일 NO.4,교환,CAN-000431
union_standard_time,1219027.0,승합-소형승합,판금/도장정비,판금(탈부착),루프 톱 씰링,탈착,CAN-000449
union_standard_time,1219027.0,승합-소형승합,판금/도장정비,판금(탈부착),루프 톱 씰링,교환,CAN-000448
union_standard_time,1219030.0,승합-소형승합,판금/도장정비,판금(탈부착),"루프 톱실링(프론트,승합)",탈착,CAN-000445
union_standard_time,1219030.0,승합-소형승합,판금/도장정비,판금(탈부착),"루프 톱실링(프론트,승합)",교환,CAN-000444
union_standard_time,1219031.0,승합-소형승합,판금/도장정비,판금(탈부착),"루프 톱실링(센타,승합 VAN)",탈착,CAN-000443
union_standard_time,1219031.0,승합-소형승합,판금/도장정비,판금(탈부착),"루프 톱실링(센타,승합 VAN)",교환,CAN-000442
union_standard_time,1219032.0,승합-소형승합,판금/도장정비,판금(탈부착),"루프 톱실링(리어,승합)",탈착,CAN-000441
union_standard_time,1219032.0,승합-소형승합,판금/도장정비,판금(탈부착),"루프 톱실링(리어,승합)",교환,CAN-000440
union_standard_time,1228201.0,승합-소형승합,판금/도장정비,판금(탈부착),리어 범퍼,탈착,CAN-000536
union_standard_time,1228201.0,승합-소형승합,판금/도장정비,판금(탈부착),리어 범퍼,교환,CAN-000534
union_standard_time,1228201.0,승합-소형승합,판금/도장정비,판금(탈부착),리어 범퍼,오버홀,CAN-000535
union_standard_time,1228310.0,승합-소형승합,판금/도장정비,판금(탈부착),리어 사이드범퍼(좌측),탈착,CAN-000574
union_standard_time,1228310.0,승합-소형승합,판금/도장정비,판금(탈부착),리어 사이드범퍼(좌측),교환,CAN-000573
union_standard_time,1228411.0,승합-소형승합,판금/도장정비,판금(탈부착),리어 사이드범퍼(우측),탈착,CAN-000572
union_standard_time,1228411.0,승합-소형승합,판금/도장정비,판금(탈부착),리어 사이드범퍼(우측),교환,CAN-000571
union_standard_time,1248201.0,승합-소형승합,판금/도장정비,판금(탈부착),백도어,탈착,CAN-000960
union_standard_time,1248201.0,승합-소형승합,판금/도장정비,판금(탈부착),백도어,교환,CAN-000958
union_standard_time,1248201.0,승합-소형승합,판금/도장정비,판금(탈부착),백도어,오버홀,CAN-000959
union_standard_time,1248202.0,승합-소형승합,판금/도장정비,판금(탈부착),백도어(와이퍼 부착형),탈착,CAN-000983
union_standard_time,1248202.0,승합-소형승합,판금/도장정비,판금(탈부착),백도어(와이퍼 부착형),교환,CAN-000981
union_standard_time,1248202.0,승합-소형승합,판금/도장정비,판금(탈부착),백도어(와이퍼 부착형),오버홀,CAN-000982
union_standard_time,1249306.0,승합-소형승합,판금/도장정비,판금(탈부착),백도어 쇼버(좌측),탈착,CAN-000975
union_standard_time,1249306.0,승합-소형승합,판금/도장정비,판금(탈부착),백도어 쇼버(좌측),교환,CAN-000974
union_standard_time,1249408.0,승합-소형승합,판금/도장정비,판금(탈부착),백도어 쇼버(우측),탈착,CAN-000971
union_standard_time,1249408.0,승합-소형승합,판금/도장정비,판금(탈부착),백도어 쇼버(우측),교환,CAN-000970
union_standard_time,1259214.0,승합-소형승합,기능정비,엔진 부품,스포일러,탈착,CAN-001424
union_standard_time,1259214.0,승합-소형승합,기능정비,엔진 부품,스포일러,교환,CAN-001423
union_standard_time,1268301.0,승합-소형승합,기능정비,전기 및 램프,리어 컴비네이션램프(좌측),탈착,CAN-000720
union_standard_time,1268301.0,승합-소형승합,기능정비,전기 및 램프,리어 컴비네이션램프(좌측),교환,CAN-000719
union_standard_time,1268402.0,승합-소형승합,기능정비,전기 및 램프,리어 컴비네이션램프(우측),탈착,CAN-000718
union_standard_time,1268402.0,승합-소형승합,기능정비,전기 및 램프,리어 컴비네이션램프(우측),교환,CAN-000717
union_standard_time,1318301.0,승합-소형승합,판금/도장정비,판금(탈부착),"쿼터프론트외측패널(좌,초장축)",교환,CAN-002601
union_standard_time,1318302.0,승합-소형승합,판금/도장정비,판금(탈부착),"쿼터프론트내측패널(좌,초장축)",교환,CAN-002600
union_standard_time,1318303.0,승합-소형승합,판금/도장정비,판금(탈부착),"쿼터리어외측패널(좌,승합)",교환,CAN-002588
union_standard_time,1318304.0,승합-소형승합,판금/도장정비,판금(탈부착),"쿼터리어외측패널(좌,초장축)",교환,CAN-002589
union_standard_time,1318307.0,승합-소형승합,판금/도장정비,판금(탈부착),"쿼터리어내측패널(좌,승합)",교환,CAN-002584
union_standard_time,1318308.0,승합-소형승합,판금/도장정비,판금(탈부착),"쿼터리어내측패널(좌,초장축)",교환,CAN-002585
union_standard_time,1318405.0,승합-소형승합,판금/도장정비,판금(탈부착),"쿼터리어외측패널(우,승합)",교환,CAN-002586
union_standard_time,1318406.0,승합-소형승합,판금/도장정비,판금(탈부착),"쿼터리어외측패널(우,승합,롱바",교환,CAN-002587
union_standard_time,1318409.0,승합-소형승합,판금/도장정비,판금(탈부착),"쿼터리어내측패널(우,승합)",교환,CAN-002583
union_standard_time,1328307.0,승합-소형승합,판금/도장정비,판금(탈부착),휠사이드패널(좌측),교환,CAN-003396
union_standard_time,1328408.0,승합-소형승합,판금/도장정비,판금(탈부착),휠사이드패널(우측),교환,CAN-003395
union_standard_time,1358301.0,승합-소형승합,판금/도장정비,판금(탈부착),"D 필러패널(외측,좌)",교환,CAN-000046
union_standard_time,1358402.0,승합-소형승합,판금/도장정비,판금(탈부착),"D 필러패널(외측,우)",교환,CAN-000045
union_standard_time,1368309.0,승합-소형승합,판금/도장정비,판금(탈부착),리어 코너패널(좌측),탈착,CAN-000729
union_standard_time,1368309.0,승합-소형승합,판금/도장정비,판금(탈부착),리어 코너패널(좌측),교환,CAN-000728
union_standard_time,1368410.0,승합-소형승합,판금/도장정비,판금(탈부착),리어 코너패널(우측),탈착,CAN-000726
union_standard_time,1368410.0,승합-소형승합,판금/도장정비,판금(탈부착),리어 코너패널(우측),교환,CAN-000725
union_standard_time,1388006.0,승합-소형승합,판금/도장정비,판금(탈부착),파티션패널(실내칸막이),교환,CAN-002875
union_standard_time,1398312.0,승합-소형승합,기능정비,엔진 부품,창틀ASSY(좌-1),탈착,CAN-002405
union_standard_time,1398312.0,승합-소형승합,기능정비,엔진 부품,창틀ASSY(좌-1),교환,CAN-002404
union_standard_time,1398313.0,승합-소형승합,기능정비,엔진 부품,창틀ASSY(좌-2),탈착,CAN-002407
union_standard_time,1398313.0,승합-소형승합,기능정비,엔진 부품,창틀ASSY(좌-2),교환,CAN-002406
union_standard_time,1398411.0,승합-소형승합,판금/도장정비,판금(탈부착),창틀ASSY(우-슬라이딩도어),탈착,CAN-002403
union_standard_time,1398411.0,승합-소형승합,판금/도장정비,판금(탈부착),창틀ASSY(우-슬라이딩도어),교환,CAN-002402
union_standard_time,1398414.0,승합-소형승합,기능정비,엔진 부품,창틀ASSY(우-1),탈착,CAN-002399
union_standard_time,1398414.0,승합-소형승합,기능정비,엔진 부품,창틀ASSY(우-1),교환,CAN-002398
union_standard_time,1398415.0,승합-소형승합,기능정비,엔진 부품,창틀ASSY(우-2),탈착,CAN-002401
union_standard_time,1398415.0,승합-소형승합,기능정비,엔진 부품,창틀ASSY(우-2),교환,CAN-002400
union_standard_time,1428004.0,승합-소형승합,판금/도장정비,판금(탈부착),운전대 바닥패널(앞),교환,CAN-002201
union_standard_time,1428008.0,승합-소형승합,판금/도장정비,판금(탈부착),운전대 앞바닥 패널 A,교환,CAN-002203
union_standard_time,1428009.0,승합-소형승합,판금/도장정비,판금(탈부착),운전대 앞바닥 패널 B,교환,CAN-002204
union_standard_time,1428022.0,승합-소형승합,판금/도장정비,판금(탈부착),센타플로어패널,교환,CAN-001290
union_standard_time,1428029.0,승합-소형승합,판금/도장정비,판금(탈부착),터널패널,교환,CAN-002701
union_standard_time,1428030.0,승합-소형승합,판금/도장정비,판금(탈부착),업라이트 플로어패널,교환,CAN-001756
union_standard_time,1428221.0,승합-소형승합,판금/도장정비,판금(탈부착),리어 플로어패널(승합),교환,CAN-000756
union_standard_time,1428224.0,승합-소형승합,판금/도장정비,판금(탈부착),리어플로어패널,교환,CAN-000755
union_standard_time,1428327.0,승합-소형승합,판금/도장정비,판금(탈부착),휠하우징패널(좌측),교환,CAN-003426
union_standard_time,1428333.0,승합-소형승합,판금/도장정비,판금(탈부착),플로어 사이드패널(좌측),교환,CAN-003224
union_standard_time,1428428.0,승합-소형승합,판금/도장정비,판금(탈부착),휠하우징패널(우측),교환,CAN-003425
union_standard_time,1428434.0,승합-소형승합,판금/도장정비,판금(탈부착),플로어 사이드패널(우측),교환,CAN-003223
union_standard_time,1438213.0,승합-소형승합,기능정비,엔진 부품,리어 언더바디 ASSY(프레임),교환,CAN-000697
union_standard_time,1438214.0,승합-소형승합,소모품 및 하체정비,하체 부품,리어엔드 크로스멤버,교환,CAN-000703
union_standard_time,1438217.0,승합-소형승합,소모품 및 하체정비,하체 부품,리어엔드 크로스멤버(외측),교환,CAN-000705
union_standard_time,1438218.0,승합-소형승합,소모품 및 하체정비,하체 부품,리어엔드 크로스멤버(내측),교환,CAN-000704
union_standard_time,1438307.0,승합-소형승합,기능정비,엔진 부품,프론트 사이드 프레임(좌측),교환,CAN-003056
union_standard_time,1438311.0,승합-소형승합,기능정비,엔진 부품,리어 사이드 프레임(좌측),교환,CAN-000579
union_standard_time,1438409.0,승합-소형승합,기능정비,엔진 부품,프론트 사이드 프레임(우측),교환,CAN-003055
union_standard_time,1438412.0,승합-소형승합,기능정비,엔진 부품,리어 사이드 프레임(우측),교환,CAN-000578
union_standard_time,1448004.0,승합-소형승합,기능정비,엔진 부품,프레임(지프),탈착,CAN-002918
union_standard_time,1448004.0,승합-소형승합,기능정비,엔진 부품,프레임(지프),교환,CAN-002917
union_standard_time,1448011.0,승합-소형승합,기능정비,엔진 부품,캐빈 컴플리트(승합),탈착,CAN-002499
union_standard_time,1448011.0,승합-소형승합,기능정비,엔진 부품,캐빈 컴플리트(승합),교환,CAN-002498
union_standard_time,1448012.0,승합-소형승합,기능정비,엔진 부품,"캐빈 컴플리트(승합,VAN)",탈착,CAN-002497
union_standard_time,1448012.0,승합-소형승합,기능정비,엔진 부품,"캐빈 컴플리트(승합,VAN)",교환,CAN-002496
union_standard_time,1469513.0,승합-소형승합,기능정비,엔진 부품,머드가드(앞좌),탈착,CAN-000829
union_standard_time,1469513.0,승합-소형승합,기능정비,엔진 부품,머드가드(앞좌),교환,CAN-000828
union_standard_time,1469614.0,승합-소형승합,기능정비,엔진 부품,머드가드(앞우),탈착,CAN-000827
union_standard_time,1469614.0,승합-소형승합,기능정비,엔진 부품,머드가드(앞우),교환,CAN-000826
union_standard_time,1469715.0,승합-소형승합,기능정비,엔진 부품,머드가드(뒤좌),탈착,CAN-000825
union_standard_time,1469715.0,승합-소형승합,기능정비,엔진 부품,머드가드(뒤좌),교환,CAN-000824
union_standard_time,1469816.0,승합-소형승합,기능정비,엔진 부품,머드가드(뒤우),탈착,CAN-000823
union_standard_time,1469816.0,승합-소형승합,기능정비,엔진 부품,머드가드(뒤우),교환,CAN-000822
union_standard_time,3478001.0,승합-소형승합,소모품 및 하체정비,브레이크/타이어,크러쉬패드,탈착,CAN-002609
union_standard_time,3478001.0,승합-소형승합,소모품 및 하체정비,브레이크/타이어,크러쉬패드,교환,CAN-002608
union_standard_time,3478009.0,승합-소형승합,기능정비,엔진 부품,콘솔박스,탈착,CAN-002570
union_standard_time,3478009.0,승합-소형승합,기능정비,엔진 부품,콘솔박스,교환,CAN-002569
union_standard_time,3478020.0,승합-소형승합,기능정비,에어컨,히터모터(분리식),탈착,CAN-003442
union_standard_time,3478020.0,승합-소형승합,기능정비,에어컨,히터모터(분리식),교환,CAN-003441
union_standard_time,3478021.0,승합-소형승합,기능정비,에어컨,뒤 히터,탈착,CAN-000250
union_standard_time,3478021.0,승합-소형승합,기능정비,에어컨,뒤 히터,교환,CAN-000249
union_standard_time,3478023.0,승합-소형승합,기능정비,에어컨,히터 및 에어컨 에버포레이터,탈착,CAN-003448
union_standard_time,3478023.0,승합-소형승합,기능정비,에어컨,히터 및 에어컨 에버포레이터,교환,CAN-003447
union_standard_time,3478024.0,승합-소형승합,기능정비,에어컨,에어컨 에바포레이터(화물),탈착,CAN-001819
union_standard_time,3478024.0,승합-소형승합,기능정비,에어컨,에어컨 에바포레이터(화물),교환,CAN-001818
union_standard_time,3478025.0,승합-소형승합,기능정비,엔진 부품,리어 에버포레이터,탈착,CAN-000700
union_standard_time,3478025.0,승합-소형승합,기능정비,엔진 부품,리어 에버포레이터,교환,CAN-000699
union_standard_time,3478026.0,승합-소형승합,기능정비,에어컨,리어 에어컨디셔너,탈착,CAN-000702
union_standard_time,3478026.0,승합-소형승합,기능정비,에어컨,리어 에어컨디셔너,교환,CAN-000701
union_standard_time,3478027.0,승합-소형승합,판금/도장정비,판금(탈부착),쿨러유니트(루프부착형),탈착,CAN-002582
union_standard_time,3478027.0,승합-소형승합,판금/도장정비,판금(탈부착),쿨러유니트(루프부착형),교환,CAN-002581
union_standard_time,3478402.0,승합-소형승합,기능정비,엔진 부품,프론트 시트(우측),탈착,CAN-003090
union_standard_time,3478402.0,승합-소형승합,기능정비,엔진 부품,프론트 시트(우측),교환,CAN-003089
union_standard_time,3479019.0,승합-소형승합,기능정비,에어컨,히터 유니트,탈착,CAN-003452
union_standard_time,3479019.0,승합-소형승합,기능정비,에어컨,히터 유니트,교환,CAN-003451
union_standard_time,3488015.0,승합-소형승합,기능정비,엔진 부품,리어시트(2열),탈착,CAN-000619
union_standard_time,3488015.0,승합-소형승합,기능정비,엔진 부품,리어시트(2열),교환,CAN-000618
union_standard_time,3488016.0,승합-소형승합,기능정비,엔진 부품,리어시트(3열),탈착,CAN-000627
union_standard_time,3488016.0,승합-소형승합,기능정비,엔진 부품,리어시트(3열),교환,CAN-000626
union_standard_time,3488017.0,승합-소형승합,기능정비,엔진 부품,리어시트(4열),탈착,CAN-000637
union_standard_time,3488017.0,승합-소형승합,기능정비,엔진 부품,리어시트(4열),교환,CAN-000636
union_standard_time,3488018.0,승합-소형승합,기능정비,엔진 부품,리어시트(5열),탈착,CAN-000639
union_standard_time,3488018.0,승합-소형승합,기능정비,엔진 부품,리어시트(5열),교환,CAN-000638
union_standard_time,3488021.0,승합-소형승합,기능정비,엔진 부품,리어시트 분리형 #1,탈착,CAN-000645
union_standard_time,3488021.0,승합-소형승합,기능정비,엔진 부품,리어시트 분리형 #1,교환,CAN-000644
union_standard_time,3488022.0,승합-소형승합,기능정비,엔진 부품,리어시트 분리형 #2,탈착,CAN-000647
union_standard_time,3488022.0,승합-소형승합,기능정비,엔진 부품,리어시트 분리형 #2,교환,CAN-000646
union_standard_time,3488023.0,승합-소형승합,기능정비,엔진 부품,리어시트 분리형 #3,탈착,CAN-000649
union_standard_time,3488023.0,승합-소형승합,기능정비,엔진 부품,리어시트 분리형 #3,교환,CAN-000648
union_standard_time,3488024.0,승합-소형승합,기능정비,엔진 부품,리어시트 분리형 #4,탈착,CAN-000651
union_standard_time,3488024.0,승합-소형승합,기능정비,엔진 부품,리어시트 분리형 #4,교환,CAN-000650
union_standard_time,3488025.0,승합-소형승합,기능정비,엔진 부품,리어시트 분리형 #5,탈착,CAN-000653
union_standard_time,3488025.0,승합-소형승합,기능정비,엔진 부품,리어시트 분리형 #5,교환,CAN-000652
union_standard_time,3488026.0,승합-소형승합,기능정비,엔진 부품,리어시트 분리형 #6,탈착,CAN-000655
union_standard_time,3488026.0,승합-소형승합,기능정비,엔진 부품,리어시트 분리형 #6,교환,CAN-000654
union_standard_time,3488027.0,승합-소형승합,기능정비,엔진 부품,리어시트 분리형 #7,탈착,CAN-000657
union_standard_time,3488027.0,승합-소형승합,기능정비,엔진 부품,리어시트 분리형 #7,교환,CAN-000656
union_standard_time,3488301.0,승합-소형승합,기능정비,엔진 부품,프론트 시트(좌측),탈착,CAN-003100
union_standard_time,3488301.0,승합-소형승합,기능정비,엔진 부품,프론트 시트(좌측),교환,CAN-003099
union_standard_time,3499017.0,승합-소형승합,기능정비,엔진 부품,안전밸트(2점식)NO.1,탈착,CAN-001619
union_standard_time,3499017.0,승합-소형승합,기능정비,엔진 부품,안전밸트(2점식)NO.1,교환,CAN-001618
union_standard_time,3499018.0,승합-소형승합,기능정비,엔진 부품,안전밸트(2점식)NO.2,탈착,CAN-001621
union_standard_time,3499018.0,승합-소형승합,기능정비,엔진 부품,안전밸트(2점식)NO.2,교환,CAN-001620
union_standard_time,3499019.0,승합-소형승합,기능정비,엔진 부품,안전밸트(2점식)NO.3,탈착,CAN-001623
union_standard_time,3499019.0,승합-소형승합,기능정비,엔진 부품,안전밸트(2점식)NO.3,교환,CAN-001622
union_standard_time,3499020.0,승합-소형승합,기능정비,엔진 부품,안전밸트(2점식)NO.4,탈착,CAN-001625
union_standard_time,3499020.0,승합-소형승합,기능정비,엔진 부품,안전밸트(2점식)NO.4,교환,CAN-001624
union_standard_time,3499021.0,승합-소형승합,기능정비,엔진 부품,안전밸트(2점식)NO.5,탈착,CAN-001627
union_standard_time,3499021.0,승합-소형승합,기능정비,엔진 부품,안전밸트(2점식)NO.5,교환,CAN-001626
union_standard_time,3499022.0,승합-소형승합,기능정비,엔진 부품,안전밸트(2점식)NO.6,탈착,CAN-001629
union_standard_time,3499022.0,승합-소형승합,기능정비,엔진 부품,안전밸트(2점식)NO.6,교환,CAN-001628
union_standard_time,3499309.0,승합-소형승합,기능정비,엔진 부품,"안전밸트(2열,좌)",탈착,CAN-001617
union_standard_time,3499309.0,승합-소형승합,기능정비,엔진 부품,"안전밸트(2열,좌)",교환,CAN-001616
union_standard_time,3499310.0,승합-소형승합,기능정비,엔진 부품,"안전밸트(3열,좌)",탈착,CAN-001635
union_standard_time,3499310.0,승합-소형승합,기능정비,엔진 부품,"안전밸트(3열,좌)",교환,CAN-001634
union_standard_time,3499311.0,승합-소형승합,기능정비,엔진 부품,"안전밸트(4열,좌)",탈착,CAN-001641
union_standard_time,3499311.0,승합-소형승합,기능정비,엔진 부품,"안전밸트(4열,좌)",교환,CAN-001640
union_standard_time,3499312.0,승합-소형승합,기능정비,엔진 부품,"안전밸트(5열,좌)",탈착,CAN-001645
union_standard_time,3499312.0,승합-소형승합,기능정비,엔진 부품,"안전밸트(5열,좌)",교환,CAN-001644
union_standard_time,3499413.0,승합-소형승합,기능정비,엔진 부품,"안전밸트(2열,우)",탈착,CAN-001615
union_standard_time,3499413.0,승합-소형승합,기능정비,엔진 부품,"안전밸트(2열,우)",교환,CAN-001614
union_standard_time,3499414.0,승합-소형승합,기능정비,엔진 부품,"안전밸트(3열,우)",탈착,CAN-001633
union_standard_time,3499414.0,승합-소형승합,기능정비,엔진 부품,"안전밸트(3열,우)",교환,CAN-001632
union_standard_time,3499415.0,승합-소형승합,기능정비,엔진 부품,"안전밸트(4열,우)",탈착,CAN-001639
union_standard_time,3499415.0,승합-소형승합,기능정비,엔진 부품,"안전밸트(4열,우)",교환,CAN-001638
union_standard_time,3499416.0,승합-소형승합,기능정비,엔진 부품,"안전밸트(5열,우)",탈착,CAN-001643
union_standard_time,3499416.0,승합-소형승합,기능정비,엔진 부품,"안전밸트(5열,우)",교환,CAN-001642
union_standard_time,3499501.0,승합-소형승합,기능정비,엔진 부품,"안전벨트(앞,좌)",탈착,CAN-001665
union_standard_time,3499501.0,승합-소형승합,기능정비,엔진 부품,"안전벨트(앞,좌)",교환,CAN-001664
union_standard_time,3499604.0,승합-소형승합,기능정비,엔진 부품,"안전벨트(앞,우)",탈착,CAN-001661
union_standard_time,3499604.0,승합-소형승합,기능정비,엔진 부품,"안전벨트(앞,우)",교환,CAN-001660
union_standard_time,3508004.0,승합-소형승합,기능정비,전기 및 램프,크러쉬패드 배선,탈착,CAN-002611
union_standard_time,3508004.0,승합-소형승합,기능정비,전기 및 램프,크러쉬패드 배선,교환,CAN-002610
union_standard_time,3508006.0,승합-소형승합,기능정비,전기 및 램프,엔진룸배선,탈착,CAN-001923
union_standard_time,3508006.0,승합-소형승합,기능정비,전기 및 램프,엔진룸배선,교환,CAN-001922
union_standard_time,3508011.0,승합-소형승합,기능정비,전기 및 램프,뒷배선,탈착,CAN-000252
union_standard_time,3508011.0,승합-소형승합,기능정비,전기 및 램프,뒷배선,교환,CAN-000251
union_standard_time,3508024.0,승합-소형승합,소모품 및 하체정비,소모품,밧데리,탈착,CAN-000878
union_standard_time,3508024.0,승합-소형승합,소모품 및 하체정비,소모품,밧데리,교환,CAN-000877
union_standard_time,3509019.0,승합-소형승합,기능정비,전기 및 램프,컴비네이션 스위치,탈착,CAN-002519
union_standard_time,3509019.0,승합-소형승합,기능정비,전기 및 램프,컴비네이션 스위치,교환,CAN-002518
union_standard_time,3509021.0,승합-소형승합,기능정비,엔진 부품,와이퍼 모터,탈착,CAN-002190
union_standard_time,3509021.0,승합-소형승합,기능정비,엔진 부품,와이퍼 모터,교환,CAN-002189
union_standard_time,3509022.0,승합-소형승합,기능정비,엔진 부품,와이퍼 링케이지,탈착,CAN-002188
union_standard_time,3509022.0,승합-소형승합,기능정비,엔진 부품,와이퍼 링케이지,교환,CAN-002187
union_standard_time,3518001.0,승합-소형승합,기능정비,에어컨,에어컨 컨덴샤,탈착,CAN-001823
union_standard_time,3518001.0,승합-소형승합,기능정비,에어컨,에어컨 컨덴샤,교환,CAN-001822
union_standard_time,3518013.0,승합-소형승합,기능정비,에어컨,에어컨 컴프레샤,탈착,CAN-001825
union_standard_time,3518013.0,승합-소형승합,기능정비,에어컨,에어컨 컴프레샤,교환,CAN-001824
union_standard_time,3518016.0,승합-소형승합,기능정비,엔진 부품,라디에이터,탈착,CAN-000315
union_standard_time,3518016.0,승합-소형승합,기능정비,엔진 부품,라디에이터,교환,CAN-000314
union_standard_time,3518025.0,승합-소형승합,소모품 및 하체정비,오일류,오일쿨러(미션),탈착,CAN-002164
union_standard_time,3518025.0,승합-소형승합,소모품 및 하체정비,오일류,오일쿨러(미션),교환,CAN-002163
union_standard_time,3518027.0,승합-소형승합,소모품 및 하체정비,오일류,오일쿨러(파워오일),탈착,CAN-002168
union_standard_time,3518027.0,승합-소형승합,소모품 및 하체정비,오일류,오일쿨러(파워오일),교환,CAN-002167
union_standard_time,3518029.0,승합-소형승합,기능정비,엔진 부품,라디에이터 리저브탱크,탈착,CAN-000336
union_standard_time,3518029.0,승합-소형승합,기능정비,엔진 부품,라디에이터 리저브탱크,교환,CAN-000335
union_standard_time,3518030.0,승합-소형승합,기능정비,전기 및 램프,와셔탱크(앞),탈착,CAN-002186
union_standard_time,3518030.0,승합-소형승합,기능정비,전기 및 램프,와셔탱크(앞),교환,CAN-002185
union_standard_time,3518031.0,승합-소형승합,기능정비,전기 및 램프,와셔탱크(뒤),탈착,CAN-002184
union_standard_time,3518031.0,승합-소형승합,기능정비,전기 및 램프,와셔탱크(뒤),교환,CAN-002183
union_standard_time,3518032.0,승합-소형승합,기능정비,엔진 부품,알터네이터,탈착,CAN-001675
union_standard_time,3518032.0,승합-소형승합,기능정비,엔진 부품,알터네이터,교환,CAN-001674
union_standard_time,3518033.0,승합-소형승합,기능정비,엔진 부품,스타팅모터,탈착,CAN-001360
union_standard_time,3518033.0,승합-소형승합,기능정비,엔진 부품,스타팅모터,교환,CAN-001359
union_standard_time,3518034.0,승합-소형승합,기능정비,엔진 부품,디스트리뷰터,탈착,CAN-000291
union_standard_time,3518034.0,승합-소형승합,기능정비,엔진 부품,디스트리뷰터,교환,CAN-000290
union_standard_time,3519003.0,승합-소형승합,기능정비,에어컨,에어컨 파이프 NO.1,탈착,CAN-001833
union_standard_time,3519003.0,승합-소형승합,기능정비,에어컨,에어컨 파이프 NO.1,교환,CAN-001832
union_standard_time,3519004.0,승합-소형승합,기능정비,에어컨,에어컨 파이프 NO.2,탈착,CAN-001837
union_standard_time,3519004.0,승합-소형승합,기능정비,에어컨,에어컨 파이프 NO.2,교환,CAN-001836
union_standard_time,3519005.0,승합-소형승합,기능정비,에어컨,에어컨 파이프 NO.3,탈착,CAN-001841
union_standard_time,3519005.0,승합-소형승합,기능정비,에어컨,에어컨 파이프 NO.3,교환,CAN-001840
union_standard_time,3519006.0,승합-소형승합,기능정비,에어컨,에어컨 파이프 NO.4,탈착,CAN-001845
union_standard_time,3519006.0,승합-소형승합,기능정비,에어컨,에어컨 파이프 NO.4,교환,CAN-001844
union_standard_time,3519012.0,승합-소형승합,기능정비,엔진 부품,리시버 드라이탱크,탈착,CAN-000487
union_standard_time,3519012.0,승합-소형승합,기능정비,엔진 부품,리시버 드라이탱크,교환,CAN-000486
union_standard_time,3519018.0,승합-소형승합,기능정비,엔진 부품,라디에이터 휀,탈착,CAN-000355
union_standard_time,3519018.0,승합-소형승합,기능정비,엔진 부품,라디에이터 휀,교환,CAN-000354
union_standard_time,3538001.0,승합-소형승합,기능정비,엔진 부품,컴퓨터(엔진),탈착,CAN-002555
union_standard_time,3538001.0,승합-소형승합,기능정비,엔진 부품,컴퓨터(엔진),교환,CAN-002554
union_standard_time,3538003.0,승합-소형승합,기능정비,엔진 부품,컴퓨터(자동밋션),탈착,CAN-002560
union_standard_time,3538003.0,승합-소형승합,기능정비,엔진 부품,컴퓨터(자동밋션),교환,CAN-002559
union_standard_time,3538005.0,승합-소형승합,기능정비,전기 및 램프,컴퓨터(ABS),탈착,CAN-002549
union_standard_time,3538005.0,승합-소형승합,기능정비,전기 및 램프,컴퓨터(ABS),교환,CAN-002548
union_standard_time,3538006.0,승합-소형승합,기능정비,전기 및 램프,컴퓨터(에어백),탈착,CAN-002553
union_standard_time,3538006.0,승합-소형승합,기능정비,전기 및 램프,컴퓨터(에어백),교환,CAN-002552
union_standard_time,3538011.0,승합-소형승합,판금/도장정비,판금(탈부착),선루프기구(전동식),탈착,CAN-001271
union_standard_time,3538011.0,승합-소형승합,판금/도장정비,판금(탈부착),선루프기구(전동식),교환,CAN-001270
union_standard_time,3549301.0,승합-소형승합,기능정비,엔진 부품,프론트 필러 트림(좌측),탈착,CAN-003178
union_standard_time,3549301.0,승합-소형승합,기능정비,엔진 부품,프론트 필러 트림(좌측),교환,CAN-003177
union_standard_time,3549303.0,승합-소형승합,기능정비,엔진 부품,센터 필러 트림(좌측),탈착,CAN-001316
union_standard_time,3549303.0,승합-소형승합,기능정비,엔진 부품,센터 필러 트림(좌측),교환,CAN-001315
union_standard_time,3549305.0,승합-소형승합,기능정비,엔진 부품,리어 필러 트림(좌측),탈착,CAN-000764
union_standard_time,3549305.0,승합-소형승합,기능정비,엔진 부품,리어 필러 트림(좌측),교환,CAN-000763
union_standard_time,3549313.0,승합-소형승합,판금/도장정비,판금(탈부착),쿼터트림(좌측),탈착,CAN-002599
union_standard_time,3549313.0,승합-소형승합,판금/도장정비,판금(탈부착),쿼터트림(좌측),교환,CAN-002598
union_standard_time,3549317.0,승합-소형승합,기능정비,엔진 부품,사이드트림(좌측),탈착,CAN-001228
union_standard_time,3549317.0,승합-소형승합,기능정비,엔진 부품,사이드트림(좌측),교환,CAN-001227
union_standard_time,3549402.0,승합-소형승합,기능정비,엔진 부품,프론트 필러 트림(우측),탈착,CAN-003176
union_standard_time,3549402.0,승합-소형승합,기능정비,엔진 부품,프론트 필러 트림(우측),교환,CAN-003175
union_standard_time,3549404.0,승합-소형승합,기능정비,엔진 부품,센터 필러 트림(우측),탈착,CAN-001314
union_standard_time,3549404.0,승합-소형승합,기능정비,엔진 부품,센터 필러 트림(우측),교환,CAN-001313
union_standard_time,3549406.0,승합-소형승합,기능정비,엔진 부품,리어 필러 트림(우측),탈착,CAN-000762
union_standard_time,3549406.0,승합-소형승합,기능정비,엔진 부품,리어 필러 트림(우측),교환,CAN-000761
union_standard_time,3549414.0,승합-소형승합,판금/도장정비,판금(탈부착),쿼터트림(우측),탈착,CAN-002597
union_standard_time,3549414.0,승합-소형승합,판금/도장정비,판금(탈부착),쿼터트림(우측),교환,CAN-002596
union_standard_time,3549418.0,승합-소형승합,기능정비,엔진 부품,사이드트림(우측),탈착,CAN-001226
union_standard_time,3549418.0,승합-소형승합,기능정비,엔진 부품,사이드트림(우측),교환,CAN-001225
union_standard_time,3558024.0,승합-소형승합,기능정비,엔진 부품,바닥메트,탈착,CAN-000872
union_standard_time,3558024.0,승합-소형승합,기능정비,엔진 부품,바닥메트,교환,CAN-000871
union_standard_time,3558027.0,승합-소형승합,기능정비,엔진 부품,바닥매트(앞부분),탈착,CAN-000866
union_standard_time,3558027.0,승합-소형승합,기능정비,엔진 부품,바닥매트(앞부분),교환,CAN-000865
union_standard_time,3558028.0,승합-소형승합,기능정비,엔진 부품,바닥매트(뒷부분),탈착,CAN-000864
union_standard_time,3558028.0,승합-소형승합,기능정비,엔진 부품,바닥매트(뒷부분),교환,CAN-000863
union_standard_time,3578101.0,승합-소형승합,기능정비,엔진 부품,앞유리(접착식),탈착,CAN-001717
union_standard_time,3578101.0,승합-소형승합,기능정비,엔진 부품,앞유리(접착식),교환,CAN-001716
union_standard_time,3578202.0,승합-소형승합,기능정비,엔진 부품,뒷유리(접착식),탈착,CAN-000258
union_standard_time,3578202.0,승합-소형승합,기능정비,엔진 부품,뒷유리(접착식),교환,CAN-000257
union_standard_time,3578329.0,승합-소형승합,기능정비,엔진 부품,"옆창유리(좌, 1, 미닫이)",교환,CAN-002141
union_standard_time,3578330.0,승합-소형승합,기능정비,엔진 부품,"옆창유리(좌, 2, 미닫이)",교환,CAN-002144
union_standard_time,3578331.0,승합-소형승합,기능정비,엔진 부품,"옆창유리(좌, 3, 미닫이)",교환,CAN-002147
union_standard_time,3578333.0,승합-소형승합,기능정비,엔진 부품,"옆창유리(좌, 1, 고정)",탈착,CAN-002140
union_standard_time,3578333.0,승합-소형승합,기능정비,엔진 부품,"옆창유리(좌, 1, 고정)",교환,CAN-002139
union_standard_time,3578334.0,승합-소형승합,기능정비,엔진 부품,"옆창유리(좌, 2, 고정)",탈착,CAN-002143
union_standard_time,3578334.0,승합-소형승합,기능정비,엔진 부품,"옆창유리(좌, 2, 고정)",교환,CAN-002142
union_standard_time,3578335.0,승합-소형승합,기능정비,엔진 부품,"옆창유리(좌, 3, 고정)",탈착,CAN-002146
union_standard_time,3578335.0,승합-소형승합,기능정비,엔진 부품,"옆창유리(좌, 3, 고정)",교환,CAN-002145
union_standard_time,3578427.0,승합-소형승합,판금/도장정비,판금(탈부착),"옆창유리(우,슬라이딩도어,미닫",교환,CAN-002135
union_standard_time,3578432.0,승합-소형승합,기능정비,엔진 부품,"옆창유리(우, 1, 미닫이)",교환,CAN-002127
union_standard_time,3578436.0,승합-소형승합,판금/도장정비,판금(탈부착),"옆창유리(우,슬라이딩도어,고정)",탈착,CAN-002134
union_standard_time,3578436.0,승합-소형승합,판금/도장정비,판금(탈부착),"옆창유리(우,슬라이딩도어,고정)",교환,CAN-002133
union_standard_time,3578437.0,승합-소형승합,기능정비,엔진 부품,"옆창유리(우, 1, 고정)",탈착,CAN-002126
union_standard_time,3578437.0,승합-소형승합,기능정비,엔진 부품,"옆창유리(우, 1, 고정)",교환,CAN-002125
union_standard_time,3578438.0,승합-소형승합,기능정비,엔진 부품,"옆창유리(우, 2, 고정)",탈착,CAN-002129
union_standard_time,3578438.0,승합-소형승합,기능정비,엔진 부품,"옆창유리(우, 2, 고정)",교환,CAN-002128
union_standard_time,357840.0,승합-소형승합,기능정비,엔진 부품,"옆창유리(우, 2, 미닫이)",교환,CAN-002130
union_standard_time,3578503.0,승합-소형승합,판금/도장정비,판금(탈부착),"문짝사각유리(앞,좌)",탈착,CAN-000852
union_standard_time,3578503.0,승합-소형승합,판금/도장정비,판금(탈부착),"문짝사각유리(앞,좌)",교환,CAN-000851
union_standard_time,3578604.0,승합-소형승합,판금/도장정비,판금(탈부착),"문짝사각유리(앞,우)",탈착,CAN-000850
union_standard_time,3578604.0,승합-소형승합,판금/도장정비,판금(탈부착),"문짝사각유리(앞,우)",교환,CAN-000849
union_standard_time,5588006.0,승합-소형승합,기능정비,엔진 부품,엔진 ASSY,탈착,CAN-001913
union_standard_time,5588006.0,승합-소형승합,기능정비,엔진 부품,엔진 ASSY,교환,CAN-001911
union_standard_time,5588006.0,승합-소형승합,기능정비,엔진 부품,엔진 ASSY,오버홀,CAN-001912
union_standard_time,5588015.0,승합-소형승합,기능정비,엔진 부품,쇼트엔진,교환,CAN-001327
union_standard_time,5598007.0,승합-소형승합,기능정비,엔진 부품,실린더헤드,오버홀,CAN-001572
union_standard_time,5599015.0,승합-소형승합,기능정비,엔진 부품,엔진 마운틴 및 브라켓(앞),탈착,CAN-001970
union_standard_time,5599015.0,승합-소형승합,기능정비,엔진 부품,엔진 마운틴 및 브라켓(앞),교환,CAN-001969
union_standard_time,5599016.0,승합-소형승합,기능정비,엔진 부품,엔진 마운틴 및 브라켓(뒤),탈착,CAN-001958
union_standard_time,5599016.0,승합-소형승합,기능정비,엔진 부품,엔진 마운틴 및 브라켓(뒤),교환,CAN-001957
union_standard_time,5599311.0,승합-소형승합,기능정비,엔진 부품,엔진 마운틴 및 브라켓(좌측),탈착,CAN-001980
union_standard_time,5599311.0,승합-소형승합,기능정비,엔진 부품,엔진 마운틴 및 브라켓(좌측),교환,CAN-001979
union_standard_time,5599413.0,승합-소형승합,기능정비,엔진 부품,엔진 마운틴 및 브라켓(우측),탈착,CAN-001976
union_standard_time,5599413.0,승합-소형승합,기능정비,엔진 부품,엔진 마운틴 및 브라켓(우측),교환,CAN-001975
union_standard_time,5608001.0,승합-소형승합,기능정비,엔진 부품,타이밍커버,탈착,CAN-002673
union_standard_time,5608001.0,승합-소형승합,기능정비,엔진 부품,타이밍커버,교환,CAN-002672
union_standard_time,5618001.0,승합-소형승합,소모품 및 하체정비,소모품,에어크리너,탈착,CAN-001867
union_standard_time,5618001.0,승합-소형승합,소모품 및 하체정비,소모품,에어크리너,교환,CAN-001866
union_standard_time,5618010.0,승합-소형승합,기능정비,엔진 부품,드로틀바디,탈착,CAN-000262
union_standard_time,5618010.0,승합-소형승합,기능정비,엔진 부품,드로틀바디,교환,CAN-000261
union_standard_time,5638001.0,승합-소형승합,소모품 및 하체정비,오일류,엔진 오일팬,탈착,CAN-001993
union_standard_time,5638001.0,승합-소형승합,소모품 및 하체정비,오일류,엔진 오일팬,교환,CAN-001992
union_standard_time,5638006.0,승합-소형승합,소모품 및 하체정비,오일류,엔진오일 펌프,탈착,CAN-001999
union_standard_time,5638006.0,승합-소형승합,소모품 및 하체정비,오일류,엔진오일 펌프,교환,CAN-001998
union_standard_time,5638009.0,승합-소형승합,기능정비,엔진 부품,워터펌프,탈착,CAN-002230
union_standard_time,5638009.0,승합-소형승합,기능정비,엔진 부품,워터펌프,교환,CAN-002229
union_standard_time,5638019.0,승합-소형승합,소모품 및 하체정비,하체 부품,파워스티어링 펌프,탈착,CAN-002852
union_standard_time,5638019.0,승합-소형승합,소모품 및 하체정비,하체 부품,파워스티어링 펌프,교환,CAN-002851
union_standard_time,5648001.0,승합-소형승합,기능정비,엔진 부품,흡기매니홀드,탈착,CAN-003434
union_standard_time,5648001.0,승합-소형승합,기능정비,엔진 부품,흡기매니홀드,교환,CAN-003433
union_standard_time,5648006.0,승합-소형승합,기능정비,엔진 부품,배기매니홀드,탈착,CAN-000903
union_standard_time,5648006.0,승합-소형승합,기능정비,엔진 부품,배기매니홀드,교환,CAN-000902
union_standard_time,5658003.0,승합-소형승합,기능정비,엔진 부품,배가파이프1번(프론트),탈착,CAN-000889
union_standard_time,5658003.0,승합-소형승합,기능정비,엔진 부품,배가파이프1번(프론트),교환,CAN-000888
union_standard_time,5658008.0,승합-소형승합,기능정비,엔진 부품,배기파이프2번(미들),탈착,CAN-000933
union_standard_time,5658008.0,승합-소형승합,기능정비,엔진 부품,배기파이프2번(미들),교환,CAN-000932
union_standard_time,5658010.0,승합-소형승합,기능정비,엔진 부품,배기파이프3번(머플러),탈착,CAN-000939
union_standard_time,5658010.0,승합-소형승합,기능정비,엔진 부품,배기파이프3번(머플러),교환,CAN-000938
union_standard_time,5668001.0,승합-소형승합,기능정비,엔진 부품,연료탱크,탈착,CAN-002034
union_standard_time,5668001.0,승합-소형승합,기능정비,엔진 부품,연료탱크,교환,CAN-002032
union_standard_time,5668001.0,승합-소형승합,기능정비,엔진 부품,연료탱크,오버홀,CAN-002033
union_standard_time,5668003.0,승합-소형승합,기능정비,엔진 부품,인젝션(연료)펌프,탈착,CAN-002274
union_standard_time,5668003.0,승합-소형승합,기능정비,엔진 부품,인젝션(연료)펌프,교환,CAN-002272
union_standard_time,5668011.0,승합-소형승합,기능정비,엔진 부품,캬부레터 ASSY,탈착,CAN-002509
union_standard_time,5668011.0,승합-소형승합,기능정비,엔진 부품,캬부레터 ASSY,교환,CAN-002508
union_standard_time,5668012.0,승합-소형승합,소모품 및 하체정비,소모품,연료 세디멘터 및 필터,탈착,CAN-002027
union_standard_time,5668012.0,승합-소형승합,소모품 및 하체정비,소모품,연료 세디멘터 및 필터,교환,CAN-002026
union_standard_time,5668016.0,승합-소형승합,기능정비,엔진 부품,LPG봄베,탈착,CAN-000082
union_standard_time,5668016.0,승합-소형승합,기능정비,엔진 부품,LPG봄베,교환,CAN-000081
union_standard_time,5668017.0,승합-소형승합,기능정비,엔진 부품,LPG 믹서,탈착,CAN-000080
union_standard_time,5668017.0,승합-소형승합,기능정비,엔진 부품,LPG 믹서,교환,CAN-000079
union_standard_time,5668018.0,승합-소형승합,기능정비,엔진 부품,베이퍼라이져,탈착,CAN-001031
union_standard_time,5668018.0,승합-소형승합,기능정비,엔진 부품,베이퍼라이져,교환,CAN-001030
union_standard_time,5678005.0,승합-소형승합,기능정비,엔진 부품,터보챠져(과급기),탈착,CAN-002705
union_standard_time,5678005.0,승합-소형승합,기능정비,엔진 부품,터보챠져(과급기),교환,CAN-002704
union_standard_time,7688001.0,승합-소형승합,기능정비,엔진 부품,트랜스미션(M/T),탈착,CAN-002732
union_standard_time,7688001.0,승합-소형승합,기능정비,엔진 부품,트랜스미션(M/T),교환,CAN-002730
union_standard_time,7688001.0,승합-소형승합,기능정비,엔진 부품,트랜스미션(M/T),오버홀,CAN-002731
union_standard_time,7688002.0,승합-소형승합,기능정비,엔진 부품,트랜스미션(A/T),탈착,CAN-002725
union_standard_time,7688002.0,승합-소형승합,기능정비,엔진 부품,트랜스미션(A/T),교환,CAN-002723
union_standard_time,7688002.0,승합-소형승합,기능정비,엔진 부품,트랜스미션(A/T),오버홀,CAN-002724
union_standard_time,7688005.0,승합-소형승합,기능정비,엔진 부품,트랜스밋션,탈착,CAN-002738
union_standard_time,7688005.0,승합-소형승합,기능정비,엔진 부품,트랜스밋션,교환,CAN-002736
union_standard_time,7688005.0,승합-소형승합,기능정비,엔진 부품,트랜스밋션,오버홀,CAN-002737
union_standard_time,7688006.0,승합-소형승합,기능정비,엔진 부품,트랜스밋션(4WD),탈착,CAN-002735
union_standard_time,7688006.0,승합-소형승합,기능정비,엔진 부품,트랜스밋션(4WD),교환,CAN-002733
union_standard_time,7688006.0,승합-소형승합,기능정비,엔진 부품,트랜스밋션(4WD),오버홀,CAN-002734
union_standard_time,7688007.0,승합-소형승합,소모품 및 하체정비,오일류,자동변속기오일팬,탈착,CAN-002305
union_standard_time,7688007.0,승합-소형승합,소모품 및 하체정비,오일류,자동변속기오일팬,교환,CAN-002304
union_standard_time,7688010.0,승합-소형승합,기능정비,엔진 부품,뒤 케이스,탈착,CAN-000220
union_standard_time,7688010.0,승합-소형승합,기능정비,엔진 부품,뒤 케이스,교환,CAN-000219
union_standard_time,7689017.0,승합-소형승합,기능정비,엔진 부품,체인지레버(M/T),탈착,CAN-002427
union_standard_time,7689017.0,승합-소형승합,기능정비,엔진 부품,체인지레버(M/T),교환,CAN-002426
union_standard_time,7689018.0,승합-소형승합,기능정비,엔진 부품,체인지레버(A/T),탈착,CAN-002425
union_standard_time,7689018.0,승합-소형승합,기능정비,엔진 부품,체인지레버(A/T),교환,CAN-002424
union_standard_time,7689021.0,승합-소형승합,기능정비,엔진 부품,체인지레버 케이블 및 로드,탈착,CAN-002435
union_standard_time,7689021.0,승합-소형승합,기능정비,엔진 부품,체인지레버 케이블 및 로드,교환,CAN-002434
union_standard_time,7698005.0,승합-소형승합,기능정비,엔진 부품,프로펠라 샤프트,탈착,CAN-002928
union_standard_time,7698005.0,승합-소형승합,기능정비,엔진 부품,프로펠라 샤프트,교환,CAN-002927
union_standard_time,7698006.0,승합-소형승합,기능정비,엔진 부품,프로펠라샤프트(앞),탈착,CAN-002932
union_standard_time,7698006.0,승합-소형승합,기능정비,엔진 부품,프로펠라샤프트(앞),교환,CAN-002931
union_standard_time,7698007.0,승합-소형승합,기능정비,엔진 부품,프로펠라샤프트(뒤),탈착,CAN-002930
union_standard_time,7698007.0,승합-소형승합,기능정비,엔진 부품,프로펠라샤프트(뒤),교환,CAN-002929
union_standard_time,7698024.0,승합-소형승합,소모품 및 하체정비,하체 부품,서스펜션 크로스멤버,탈착,CAN-001268
union_standard_time,7698024.0,승합-소형승합,소모품 및 하체정비,하체 부품,서스펜션 크로스멤버,교환,CAN-001267
union_standard_time,7698025.0,승합-소형승합,소모품 및 하체정비,하체 부품,서스펜션 크로스멤버(4WD),탈착,CAN-001266
union_standard_time,7698025.0,승합-소형승합,소모품 및 하체정비,하체 부품,서스펜션 크로스멤버(4WD),교환,CAN-001265
union_standard_time,7698310.0,승합-소형승합,소모품 및 하체정비,하체 부품,프론트 서스펜션ASSY(좌측),탈착,CAN-003068
union_standard_time,7698310.0,승합-소형승합,소모품 및 하체정비,하체 부품,프론트 서스펜션ASSY(좌측),교환,CAN-003066
union_standard_time,7698310.0,승합-소형승합,소모품 및 하체정비,하체 부품,프론트 서스펜션ASSY(좌측),오버홀,CAN-003067
union_standard_time,7698312.0,승합-소형승합,소모품 및 하체정비,하체 부품,"프론트 서스펜션(좌,4WD)",탈착,CAN-003074
union_standard_time,7698312.0,승합-소형승합,소모품 및 하체정비,하체 부품,"프론트 서스펜션(좌,4WD)",교환,CAN-003072
union_standard_time,7698312.0,승합-소형승합,소모품 및 하체정비,하체 부품,"프론트 서스펜션(좌,4WD)",오버홀,CAN-003073
union_standard_time,7698411.0,승합-소형승합,소모품 및 하체정비,하체 부품,프론트 서스펜션ASSY(우측),탈착,CAN-003065
union_standard_time,7698411.0,승합-소형승합,소모품 및 하체정비,하체 부품,프론트 서스펜션ASSY(우측),교환,CAN-003063
union_standard_time,7698411.0,승합-소형승합,소모품 및 하체정비,하체 부품,프론트 서스펜션ASSY(우측),오버홀,CAN-003064
union_standard_time,7698413.0,승합-소형승합,소모품 및 하체정비,하체 부품,"프론트 서스펜션(우,4WD)",탈착,CAN-003071
union_standard_time,7698413.0,승합-소형승합,소모품 및 하체정비,하체 부품,"프론트 서스펜션(우,4WD)",교환,CAN-003069
union_standard_time,7698413.0,승합-소형승합,소모품 및 하체정비,하체 부품,"프론트 서스펜션(우,4WD)",오버홀,CAN-003070
union_standard_time,7698501.0,승합-소형승합,기능정비,엔진 부품,"등속조인트(앞,좌)",탈착,CAN-000276
union_standard_time,7698501.0,승합-소형승합,기능정비,엔진 부품,"등속조인트(앞,좌)",교환,CAN-000275
union_standard_time,7698602.0,승합-소형승합,기능정비,엔진 부품,"등속조인트(앞,우)",탈착,CAN-000274
union_standard_time,7698602.0,승합-소형승합,기능정비,엔진 부품,"등속조인트(앞,우)",교환,CAN-000273
union_standard_time,7708707.0,승합-소형승합,기능정비,엔진 부품,판스프링(뒤좌),탈착,CAN-002882
union_standard_time,7708707.0,승합-소형승합,기능정비,엔진 부품,판스프링(뒤좌),교환,CAN-002880
union_standard_time,7708809.0,승합-소형승합,기능정비,엔진 부품,판스프링(뒤우),탈착,CAN-002879
union_standard_time,7708809.0,승합-소형승합,기능정비,엔진 부품,판스프링(뒤우),교환,CAN-002877
union_standard_time,7709501.0,승합-소형승합,기능정비,엔진 부품,쇽업쇼버(앞좌),탈착,CAN-001349
union_standard_time,7709501.0,승합-소형승합,기능정비,엔진 부품,쇽업쇼버(앞좌),교환,CAN-001347
union_standard_time,7709602.0,승합-소형승합,기능정비,엔진 부품,쇽업쇼버(앞우),탈착,CAN-001346
union_standard_time,7709602.0,승합-소형승합,기능정비,엔진 부품,쇽업쇼버(앞우),교환,CAN-001344
union_standard_time,7709703.0,승합-소형승합,기능정비,엔진 부품,쇽업쇼버(뒤좌),탈착,CAN-001339
union_standard_time,7709703.0,승합-소형승합,기능정비,엔진 부품,쇽업쇼버(뒤좌),교환,CAN-001338
union_standard_time,7709804.0,승합-소형승합,기능정비,엔진 부품,쇽업쇼버(뒤우),탈착,CAN-001337
union_standard_time,7709804.0,승합-소형승합,기능정비,엔진 부품,쇽업쇼버(뒤우),교환,CAN-001336
union_standard_time,7718001.0,승합-소형승합,기능정비,엔진 부품,엔진 브라켓 파이프,탈착,CAN-001985
union_standard_time,7718001.0,승합-소형승합,기능정비,엔진 부품,엔진 브라켓 파이프,교환,CAN-001984
union_standard_time,7718021.0,승합-소형승합,기능정비,엔진 부품,리어 액슬 ASSY,탈착,CAN-000681
union_standard_time,7718021.0,승합-소형승합,기능정비,엔진 부품,리어 액슬 ASSY,교환,CAN-000679
union_standard_time,7718021.0,승합-소형승합,기능정비,엔진 부품,리어 액슬 ASSY,오버홀,CAN-000680
union_standard_time,7728005.0,승합-소형승합,기능정비,엔진 부품,디퍼런셜 기어,탈착,CAN-000294
union_standard_time,7728005.0,승합-소형승합,기능정비,엔진 부품,디퍼런셜 기어,교환,CAN-000292
union_standard_time,7728005.0,승합-소형승합,기능정비,엔진 부품,디퍼런셜 기어,오버홀,CAN-000293
union_standard_time,7728027.0,승합-소형승합,소모품 및 하체정비,하체 부품,스티어링 컬럼ASSY,탈착,CAN-001401
union_standard_time,7728027.0,승합-소형승합,소모품 및 하체정비,하체 부품,스티어링 컬럼ASSY,교환,CAN-001400
union_standard_time,7728031.0,승합-소형승합,소모품 및 하체정비,하체 부품,파워스티어링기어,탈착,CAN-002834
union_standard_time,7728031.0,승합-소형승합,소모품 및 하체정비,하체 부품,파워스티어링기어,교환,CAN-002833
union_standard_time,7728033.0,승합-소형승합,소모품 및 하체정비,하체 부품,메뉴얼스티어링기어,탈착,CAN-000833
union_standard_time,7728033.0,승합-소형승합,소모품 및 하체정비,하체 부품,메뉴얼스티어링기어,교환,CAN-000832
union_standard_time,7728036.0,승합-소형승합,기능정비,엔진 부품,베벨기어,탈착,CAN-001025
union_standard_time,7728036.0,승합-소형승합,기능정비,엔진 부품,베벨기어,교환,CAN-001024
union_standard_time,7728045.0,승합-소형승합,기능정비,전기 및 램프,ABS 하이드로릭 유니트,탈착,CAN-000010
union_standard_time,7728045.0,승합-소형승합,기능정비,전기 및 램프,ABS 하이드로릭 유니트,교환,CAN-000009
union_standard_time,7728051.0,승합-소형승합,소모품 및 하체정비,브레이크/타이어,브레이크부스터&마스터 실린더,탈착,CAN-001085
union_standard_time,7728051.0,승합-소형승합,소모품 및 하체정비,브레이크/타이어,브레이크부스터&마스터 실린더,교환,CAN-001084
union_standard_time,7728056.0,승합-소형승합,기능정비,엔진 부품,악셀레이터 패달,탈착,CAN-001605
union_standard_time,7728056.0,승합-소형승합,기능정비,엔진 부품,악셀레이터 패달,교환,CAN-001604
union_standard_time,7728059.0,승합-소형승합,소모품 및 하체정비,브레이크/타이어,클러치 및 브레이크패달 브라켓,탈착,CAN-002631
union_standard_time,7728059.0,승합-소형승합,소모품 및 하체정비,브레이크/타이어,클러치 및 브레이크패달 브라켓,교환,CAN-002630
union_standard_time,7728066.0,승합-소형승합,기능정비,엔진 부품,클러치 마스터 실린더,탈착,CAN-002627
union_standard_time,7728066.0,승합-소형승합,기능정비,엔진 부품,클러치 마스터 실린더,교환,CAN-002626
union_standard_time,7728508.0,승합-소형승합,소모품 및 하체정비,브레이크/타이어,"타이어(앞,좌)",교환,CAN-002694
union_standard_time,7728609.0,승합-소형승합,소모품 및 하체정비,브레이크/타이어,"타이어(앞,우)",교환,CAN-002693
union_standard_time,7728710.0,승합-소형승합,소모품 및 하체정비,브레이크/타이어,"타이어(뒤,좌)",교환,CAN-002691
union_standard_time,7728811.0,승합-소형승합,소모품 및 하체정비,브레이크/타이어,"타이어(뒤,우)",교환,CAN-002690
union_standard_time,7729026.0,승합-소형승합,소모품 및 하체정비,하체 부품,스티어링 휠,탈착,CAN-001407
union_standard_time,7729026.0,승합-소형승합,소모품 및 하체정비,하체 부품,스티어링 휠,교환,CAN-001406
union_standard_time,7729060.0,승합-소형승합,소모품 및 하체정비,브레이크/타이어,사이드 브레이크(핸드식),탈착,CAN-001173
union_standard_time,7729060.0,승합-소형승합,소모품 및 하체정비,브레이크/타이어,사이드 브레이크(핸드식),교환,CAN-001172
union_standard_time,7729546.0,승합-소형승합,기능정비,전기 및 램프,"ABS 센서(앞,좌)",탈착,CAN-000008
union_standard_time,7729546.0,승합-소형승합,기능정비,전기 및 램프,"ABS 센서(앞,좌)",교환,CAN-000007
union_standard_time,7729647.0,승합-소형승합,기능정비,전기 및 램프,"ABS 센서(앞,우)",탈착,CAN-000006
union_standard_time,7729647.0,승합-소형승합,기능정비,전기 및 램프,"ABS 센서(앞,우)",교환,CAN-000005
union_standard_time,7729748.0,승합-소형승합,기능정비,전기 및 램프,"ABS 센서(뒤,좌)",탈착,CAN-000004
union_standard_time,7729748.0,승합-소형승합,기능정비,전기 및 램프,"ABS 센서(뒤,좌)",교환,CAN-000003
union_standard_time,7729849.0,승합-소형승합,기능정비,전기 및 램프,"ABS 센서(뒤,우)",탈착,CAN-000002
union_standard_time,7729849.0,승합-소형승합,기능정비,전기 및 램프,"ABS 센서(뒤,우)",교환,CAN-000001
union_standard_time,7738003.0,승합-소형승합,소모품 및 하체정비,브레이크/타이어,휠 얼라인먼트(전자식),조정,CAN-003401
union_standard_time,7738004.0,승합-소형승합,소모품 및 하체정비,브레이크/타이어,휠 얼라인먼트(기계식),조정,CAN-003399
union_standard_time,1018101,승합-중형승합,판금/도장정비,판금(탈부착),앞범퍼,탈착,CAN-001700
union_standard_time,1018101,승합-중형승합,판금/도장정비,판금(탈부착),앞범퍼,교환,CAN-001698
union_standard_time,1018101,승합-중형승합,판금/도장정비,판금(탈부착),앞범퍼,오버홀,CAN-001699
union_standard_time,1018106,승합-중형승합,판금/도장정비,판금(탈부착),앞범퍼(우레탄형),탈착,CAN-001709
union_standard_time,1018106,승합-중형승합,판금/도장정비,판금(탈부착),앞범퍼(우레탄형),교환,CAN-001707
union_standard_time,1018106,승합-중형승합,판금/도장정비,판금(탈부착),앞범퍼(우레탄형),오버홀,CAN-001708
union_standard_time,1018108,승합-중형승합,판금/도장정비,판금(탈부착),앞범퍼(FRP),탈착,CAN-001697
union_standard_time,1018108,승합-중형승합,판금/도장정비,판금(탈부착),앞범퍼(FRP),교환,CAN-001695
union_standard_time,1018108,승합-중형승합,판금/도장정비,판금(탈부착),앞범퍼(FRP),오버홀,CAN-001696
union_standard_time,1018110,승합-중형승합,판금/도장정비,판금(탈부착),앞범퍼(스텐레스형),탈착,CAN-001706
union_standard_time,1018110,승합-중형승합,판금/도장정비,판금(탈부착),앞범퍼(스텐레스형),교환,CAN-001704
union_standard_time,1018110,승합-중형승합,판금/도장정비,판금(탈부착),앞범퍼(스텐레스형),오버홀,CAN-001705
union_standard_time,1028101,승합-중형승합,기능정비,엔진 부품,라디에이터그릴,탈착,CAN-000320
union_standard_time,1028101,승합-중형승합,기능정비,엔진 부품,라디에이터그릴,교환,CAN-000318
union_standard_time,1028107,승합-중형승합,판금/도장정비,판금(탈부착),헤더패널,교환,CAN-003266
union_standard_time,1048101,승합-중형승합,판금/도장정비,판금(탈부착),앞 패널 ASSY,교환,CAN-001722
union_standard_time,1048131,승합-중형승합,판금/도장정비,판금(탈부착),앞패널 로워 골조 ASSY,교환,CAN-001726
union_standard_time,1058301,승합-중형승합,기능정비,전기 및 램프,헤드램프(좌측),탈착,CAN-003301
union_standard_time,1058301,승합-중형승합,기능정비,전기 및 램프,헤드램프(좌측),교환,CAN-003300
union_standard_time,1058320,승합-중형승합,기능정비,전기 및 램프,시그널 램프(좌측),탈착,CAN-001503
union_standard_time,1058320,승합-중형승합,기능정비,전기 및 램프,시그널 램프(좌측),교환,CAN-001502
union_standard_time,1058402,승합-중형승합,기능정비,전기 및 램프,헤드램프(우측),탈착,CAN-003299
union_standard_time,1058402,승합-중형승합,기능정비,전기 및 램프,헤드램프(우측),교환,CAN-003298
union_standard_time,1058421,승합-중형승합,기능정비,전기 및 램프,시그널 램프(우측),탈착,CAN-001501
union_standard_time,1058421,승합-중형승합,기능정비,전기 및 램프,시그널 램프(우측),교환,CAN-001500
union_standard_time,1059326,승합-중형승합,기능정비,전기 및 램프,포그램프(좌측),탈착,CAN-002911
union_standard_time,1059326,승합-중형승합,기능정비,전기 및 램프,포그램프(좌측),교환,CAN-002910
union_standard_time,1059427,승합-중형승합,기능정비,전기 및 램프,포그램프(우측),탈착,CAN-002909
union_standard_time,1059427,승합-중형승합,기능정비,전기 및 램프,포그램프(우측),교환,CAN-002908
union_standard_time,1068307,승합-중형승합,판금/도장정비,판금(탈부착),앞 코너패널(좌측),탈착,CAN-001721
union_standard_time,1068307,승합-중형승합,판금/도장정비,판금(탈부착),앞 코너패널(좌측),교환,CAN-001720
union_standard_time,1068408,승합-중형승합,판금/도장정비,판금(탈부착),앞 코너패널(우측),탈착,CAN-001719
union_standard_time,1068408,승합-중형승합,판금/도장정비,판금(탈부착),앞 코너패널(우측),교환,CAN-001718
union_standard_time,1088301,승합-중형승합,기능정비,엔진 부품,프론트 필러 ASSY(좌측),교환,CAN-003160
union_standard_time,1088302,승합-중형승합,판금/도장정비,판금(탈부착),필러 외측패널(좌측),교환,CAN-003230
union_standard_time,1088307,승합-중형승합,기능정비,엔진 부품,윈도우 필러(좌측),교환,CAN-002239
union_standard_time,1088321,승합-중형승합,기능정비,엔진 부품,프론트 필러(좌측) - 내외측 분,교환,CAN-003173
union_standard_time,1088410,승합-중형승합,기능정비,엔진 부품,프론트 필러 ASSY(우측),교환,CAN-003159
union_standard_time,1088411,승합-중형승합,판금/도장정비,판금(탈부착),필러 외측패널(우측),교환,CAN-003229
union_standard_time,1088416,승합-중형승합,기능정비,엔진 부품,윈도우 필러(우측),교환,CAN-002237
union_standard_time,1088422,승합-중형승합,기능정비,엔진 부품,프론트 필러(우측) - 내외측 분,교환,CAN-003171
union_standard_time,1098101,승합-중형승합,판금/도장정비,판금(탈부착),승강구 스텝패널(앞),교환,CAN-001472
union_standard_time,1098103,승합-중형승합,판금/도장정비,판금(탈부착),승강구 스텝패널(앞)-스텐레,교환,CAN-001473
union_standard_time,1108001,승합-중형승합,기능정비,엔진 부품,보디철판 1장,교환,CAN-001053
union_standard_time,1108002,승합-중형승합,기능정비,엔진 부품,보디철판 2장,교환,CAN-001057
union_standard_time,1108003,승합-중형승합,기능정비,엔진 부품,보디철판 4장,교환,CAN-001061
union_standard_time,1108004,승합-중형승합,기능정비,엔진 부품,보디철판 8장,교환,CAN-001065
union_standard_time,1108005,승합-중형승합,기능정비,엔진 부품,보디철판 16장,교환,CAN-001049
union_standard_time,1108006,승합-중형승합,기능정비,엔진 부품,보디철판 1장-스텐레스,교환,CAN-001054
union_standard_time,1108007,승합-중형승합,기능정비,엔진 부품,보디철판 2장-스텐레스,교환,CAN-001058
union_standard_time,1108008,승합-중형승합,기능정비,엔진 부품,보디철판 4장-스텐레스,교환,CAN-001062
union_standard_time,1108009,승합-중형승합,기능정비,엔진 부품,보디철판 8장-스텐레스,교환,CAN-001066
union_standard_time,1108010,승합-중형승합,기능정비,엔진 부품,보디철판 16장-스텐레스,교환,CAN-001050
union_standard_time,1108011,승합-중형승합,기능정비,엔진 부품,"보디철판 1장-스텐레스,리벳",교환,CAN-001055
union_standard_time,1108012,승합-중형승합,기능정비,엔진 부품,"보디철판 2장-스텐레스,리벳",교환,CAN-001059
union_standard_time,1108013,승합-중형승합,기능정비,엔진 부품,"보디철판 4장-스텐레스,리벳",교환,CAN-001063
union_standard_time,1108014,승합-중형승합,기능정비,엔진 부품,"보디철판 8장-스텐레스,리벳",교환,CAN-001067
union_standard_time,1108015,승합-중형승합,기능정비,엔진 부품,"보디철판 16장-스텐레스,리벳",교환,CAN-001051
union_standard_time,1118001,승합-중형승합,판금/도장정비,판금(탈부착),루프철판 1장,교환,CAN-000416
union_standard_time,1118002,승합-중형승합,판금/도장정비,판금(탈부착),루프철판 2장,교환,CAN-000417
union_standard_time,1118003,승합-중형승합,판금/도장정비,판금(탈부착),루프철판 4장,교환,CAN-000418
union_standard_time,1118004,승합-중형승합,판금/도장정비,판금(탈부착),루프철판 8장,교환,CAN-000419
union_standard_time,1118005,승합-중형승합,판금/도장정비,판금(탈부착),루프철판 16장,교환,CAN-000415
union_standard_time,1118006,승합-중형승합,기능정비,엔진 부품,실내내장-1장,탈착,CAN-001525
union_standard_time,1118006,승합-중형승합,기능정비,엔진 부품,실내내장-1장,교환,CAN-001524
union_standard_time,1118007,승합-중형승합,기능정비,엔진 부품,실내내장-2장,탈착,CAN-001527
union_standard_time,1118007,승합-중형승합,기능정비,엔진 부품,실내내장-2장,교환,CAN-001526
union_standard_time,1118008,승합-중형승합,기능정비,엔진 부품,실내내장-4장,탈착,CAN-001529
union_standard_time,1118008,승합-중형승합,기능정비,엔진 부품,실내내장-4장,교환,CAN-001528
union_standard_time,1118009,승합-중형승합,기능정비,엔진 부품,실내내장-8장,탈착,CAN-001531
union_standard_time,1118009,승합-중형승합,기능정비,엔진 부품,실내내장-8장,교환,CAN-001530
union_standard_time,1118010,승합-중형승합,기능정비,엔진 부품,실내내장-16장,탈착,CAN-001523
union_standard_time,1118010,승합-중형승합,기능정비,엔진 부품,실내내장-16장,교환,CAN-001522
union_standard_time,1118011,승합-중형승합,기능정비,엔진 부품,플로어 매트 - 1장,탈착,CAN-003208
union_standard_time,1118011,승합-중형승합,기능정비,엔진 부품,플로어 매트 - 1장,교환,CAN-003207
union_standard_time,1118012,승합-중형승합,기능정비,엔진 부품,플로어 매트 - 2장,탈착,CAN-003210
union_standard_time,1118012,승합-중형승합,기능정비,엔진 부품,플로어 매트 - 2장,교환,CAN-003209
union_standard_time,1118013,승합-중형승합,기능정비,엔진 부품,플로어 매트 - 4장,탈착,CAN-003214
union_standard_time,1118013,승합-중형승합,기능정비,엔진 부품,플로어 매트 - 4장,교환,CAN-003213
union_standard_time,1118014,승합-중형승합,기능정비,엔진 부품,플로어 매트 - 8장,탈착,CAN-003216
union_standard_time,1118014,승합-중형승합,기능정비,엔진 부품,플로어 매트 - 8장,교환,CAN-003215
union_standard_time,1118015,승합-중형승합,기능정비,엔진 부품,플로어 매트 - 16장,탈착,CAN-003206
union_standard_time,1118015,승합-중형승합,기능정비,엔진 부품,플로어 매트 - 16장,교환,CAN-003205
union_standard_time,1118016,승합-중형승합,기능정비,엔진 부품,플로어 매트 - 32장,탈착,CAN-003212
union_standard_time,1118016,승합-중형승합,기능정비,엔진 부품,플로어 매트 - 32장,교환,CAN-003211
union_standard_time,1118017,승합-중형승합,기능정비,엔진 부품,플로어 보드 - 1장,교환,CAN-003218
union_standard_time,1118018,승합-중형승합,기능정비,엔진 부품,플로어 보드 - 2장,교환,CAN-003219
union_standard_time,1118019,승합-중형승합,기능정비,엔진 부품,플로어 보드 - 4장,교환,CAN-003221
union_standard_time,1118020,승합-중형승합,기능정비,엔진 부품,플로어 보드 - 8장,교환,CAN-003222
union_standard_time,1118021,승합-중형승합,기능정비,엔진 부품,플로어 보드 - 16장,교환,CAN-003217
union_standard_time,1118022,승합-중형승합,기능정비,엔진 부품,플로어 보드 - 32장,교환,CAN-003220
union_standard_time,1128302,승합-중형승합,판금/도장정비,판금(탈부착),프론트 도어(좌측)-자동문,탈착,CAN-002973
union_standard_time,1128302,승합-중형승합,판금/도장정비,판금(탈부착),프론트 도어(좌측)-자동문,교환,CAN-002971
union_standard_time,1128302,승합-중형승합,판금/도장정비,판금(탈부착),프론트 도어(좌측)-자동문,오버홀,CAN-002972
union_standard_time,1128303,승합-중형승합,판금/도장정비,판금(탈부착),프론트 도어(좌측),탈착,CAN-002970
union_standard_time,1128303,승합-중형승합,판금/도장정비,판금(탈부착),프론트 도어(좌측),교환,CAN-002968
union_standard_time,1128303,승합-중형승합,판금/도장정비,판금(탈부착),프론트 도어(좌측),오버홀,CAN-002969
union_standard_time,1128407,승합-중형승합,판금/도장정비,판금(탈부착),프론트 도어(우측)-자동문,탈착,CAN-002957
union_standard_time,1128407,승합-중형승합,판금/도장정비,판금(탈부착),프론트 도어(우측)-자동문,교환,CAN-002955
union_standard_time,1128407,승합-중형승합,판금/도장정비,판금(탈부착),프론트 도어(우측)-자동문,오버홀,CAN-002956
union_standard_time,1128408,승합-중형승합,판금/도장정비,판금(탈부착),프론트 도어(우측),탈착,CAN-002954
union_standard_time,1128408,승합-중형승합,판금/도장정비,판금(탈부착),프론트 도어(우측),교환,CAN-002952
union_standard_time,1128408,승합-중형승합,판금/도장정비,판금(탈부착),프론트 도어(우측),오버홀,CAN-002953
union_standard_time,1148013,승합-중형승합,판금/도장정비,판금(탈부착),승강구(스윙)도어 ASSY,탈착,CAN-001469
union_standard_time,1148013,승합-중형승합,판금/도장정비,판금(탈부착),승강구(스윙)도어 ASSY,교환,CAN-001467
union_standard_time,1148013,승합-중형승합,판금/도장정비,판금(탈부착),승강구(스윙)도어 ASSY,오버홀,CAN-001468
union_standard_time,1148014,승합-중형승합,판금/도장정비,판금(탈부착),승강구 도어 실린더,탈착,CAN-001460
union_standard_time,1148014,승합-중형승합,판금/도장정비,판금(탈부착),승강구 도어 실린더,교환,CAN-001459
union_standard_time,1148015,승합-중형승합,판금/도장정비,판금(탈부착),승강구 도어 실린더-스윙식,탈착,CAN-001462
union_standard_time,1148015,승합-중형승합,판금/도장정비,판금(탈부착),승강구 도어 실린더-스윙식,교환,CAN-001461
union_standard_time,1158001,승합-중형승합,기능정비,엔진 부품,LID 류-1개,탈착,CAN-000065
union_standard_time,1158001,승합-중형승합,기능정비,엔진 부품,LID 류-1개,교환,CAN-000063
union_standard_time,1158001,승합-중형승합,기능정비,엔진 부품,LID 류-1개,오버홀,CAN-000064
union_standard_time,1158002,승합-중형승합,기능정비,엔진 부품,LID 류-2개,탈착,CAN-000068
union_standard_time,1158002,승합-중형승합,기능정비,엔진 부품,LID 류-2개,교환,CAN-000066
union_standard_time,1158002,승합-중형승합,기능정비,엔진 부품,LID 류-2개,오버홀,CAN-000067
union_standard_time,1158003,승합-중형승합,기능정비,엔진 부품,LID 류-4개,탈착,CAN-000071
union_standard_time,1158003,승합-중형승합,기능정비,엔진 부품,LID 류-4개,교환,CAN-000069
union_standard_time,1158003,승합-중형승합,기능정비,엔진 부품,LID 류-4개,오버홀,CAN-000070
union_standard_time,1158004,승합-중형승합,기능정비,엔진 부품,LID 류-8개,탈착,CAN-000074
union_standard_time,1158004,승합-중형승합,기능정비,엔진 부품,LID 류-8개,교환,CAN-000072
union_standard_time,1158004,승합-중형승합,기능정비,엔진 부품,LID 류-8개,오버홀,CAN-000073
union_standard_time,1158007,승합-중형승합,판금/도장정비,판금(탈부착),인스트루먼트 패널 골조,교환,CAN-002258
union_standard_time,1158205,승합-중형승합,기능정비,엔진 부품,뒤 엔진룸 LID,탈착,CAN-000207
union_standard_time,1158205,승합-중형승합,기능정비,엔진 부품,뒤 엔진룸 LID,교환,CAN-000206
union_standard_time,1169302,승합-중형승합,기능정비,엔진 부품,사이드 미러(좌측)-전동식,탈착,CAN-001158
union_standard_time,1169302,승합-중형승합,기능정비,엔진 부품,사이드 미러(좌측)-전동식,교환,CAN-001157
union_standard_time,1169303,승합-중형승합,기능정비,엔진 부품,사이드 미러(좌측),탈착,CAN-001156
union_standard_time,1169303,승합-중형승합,기능정비,엔진 부품,사이드 미러(좌측),교환,CAN-001154
union_standard_time,1169405,승합-중형승합,기능정비,엔진 부품,사이드 미러(우측)-전동식,탈착,CAN-001146
union_standard_time,1169405,승합-중형승합,기능정비,엔진 부품,사이드 미러(우측)-전동식,교환,CAN-001145
union_standard_time,1169406,승합-중형승합,기능정비,엔진 부품,사이드 미러(우측),탈착,CAN-001144
union_standard_time,1169406,승합-중형승합,기능정비,엔진 부품,사이드 미러(우측),교환,CAN-001142
union_standard_time,1198301,승합-중형승합,기능정비,엔진 부품,사이드 시일(좌측),교환,CAN-001209
union_standard_time,1198405,승합-중형승합,기능정비,엔진 부품,사이드 시일(우측),교환,CAN-001208
union_standard_time,1218001,승합-중형승합,판금/도장정비,판금(탈부착),루프패널(일체식),교환,CAN-000469
union_standard_time,1228201,승합-중형승합,판금/도장정비,판금(탈부착),뒤 범퍼,탈착,CAN-000186
union_standard_time,1228201,승합-중형승합,판금/도장정비,판금(탈부착),뒤 범퍼,교환,CAN-000184
union_standard_time,1228201,승합-중형승합,판금/도장정비,판금(탈부착),뒤 범퍼,오버홀,CAN-000185
union_standard_time,1268018,승합-중형승합,기능정비,전기 및 램프,룸램프 - 1개,탈착,CAN-000477
union_standard_time,1268018,승합-중형승합,기능정비,전기 및 램프,룸램프 - 1개,교환,CAN-000476
union_standard_time,1268019,승합-중형승합,기능정비,전기 및 램프,룸램프 - 2개,탈착,CAN-000479
union_standard_time,1268019,승합-중형승합,기능정비,전기 및 램프,룸램프 - 2개,교환,CAN-000478
union_standard_time,1268020,승합-중형승합,기능정비,전기 및 램프,룸램프 - 4개,탈착,CAN-000483
union_standard_time,1268020,승합-중형승합,기능정비,전기 및 램프,룸램프 - 4개,교환,CAN-000482
union_standard_time,1268021,승합-중형승합,기능정비,전기 및 램프,룸램프 - 8개,탈착,CAN-000485
union_standard_time,1268021,승합-중형승합,기능정비,전기 및 램프,룸램프 - 8개,교환,CAN-000484
union_standard_time,1268022,승합-중형승합,기능정비,전기 및 램프,룸램프 - 16개,탈착,CAN-000475
union_standard_time,1268022,승합-중형승합,기능정비,전기 및 램프,룸램프 - 16개,교환,CAN-000474
union_standard_time,1268023,승합-중형승합,기능정비,전기 및 램프,룸램프 - 32개,탈착,CAN-000481
union_standard_time,1268023,승합-중형승합,기능정비,전기 및 램프,룸램프 - 32개,교환,CAN-000480
union_standard_time,1268301,승합-중형승합,기능정비,전기 및 램프,콤비네이션램프(좌측),탈착,CAN-002580
union_standard_time,1268301,승합-중형승합,기능정비,전기 및 램프,콤비네이션램프(좌측),교환,CAN-002579
union_standard_time,1268402,승합-중형승합,기능정비,전기 및 램프,콤비네이션램프(우측),탈착,CAN-002578
union_standard_time,1268402,승합-중형승합,기능정비,전기 및 램프,콤비네이션램프(우측),교환,CAN-002577
union_standard_time,1278001,승합-중형승합,기능정비,엔진 부품,사이드 윈도우 필러 - 1개,교환,CAN-001221
union_standard_time,1278002,승합-중형승합,기능정비,엔진 부품,사이드 윈도우 필러 - 2개,교환,CAN-001222
union_standard_time,1278003,승합-중형승합,기능정비,엔진 부품,사이드 윈도우 필러 - 4개,교환,CAN-001223
union_standard_time,1278004,승합-중형승합,기능정비,엔진 부품,사이드 윈도우 필러 - 8개,교환,CAN-001224
union_standard_time,1278005,승합-중형승합,기능정비,엔진 부품,사이드 윈도우 필러 - 16개,교환,CAN-001220
union_standard_time,1338301,승합-중형승합,판금/도장정비,판금(탈부착),사이드 패널 ASSY(좌측),교환,CAN-001232
union_standard_time,1338607,승합-중형승합,판금/도장정비,판금(탈부착),사이드 패널 ASSY(우측)-앞,교환,CAN-001231
union_standard_time,1338808,승합-중형승합,판금/도장정비,판금(탈부착),사이드 패널 ASSY(우측)-뒤,교환,CAN-001230
union_standard_time,1368309,승합-중형승합,판금/도장정비,판금(탈부착),리어 코너패널(좌측),교환,CAN-000728
union_standard_time,1368311,승합-중형승합,판금/도장정비,판금(탈부착),리어 코너패널(좌측)-스텐레스,교환,CAN-000730
union_standard_time,1368410,승합-중형승합,판금/도장정비,판금(탈부착),리어 코너패널(우측),교환,CAN-000725
union_standard_time,1368412,승합-중형승합,판금/도장정비,판금(탈부착),리어 코너패널(우측)-스텐레스,교환,CAN-000727
union_standard_time,1388013,승합-중형승합,판금/도장정비,판금(탈부착),리어 보디패널 ASSY,교환,CAN-000558
union_standard_time,1388309,승합-중형승합,기능정비,엔진 부품,선반(좌측),탈착,CAN-001287
union_standard_time,1388309,승합-중형승합,기능정비,엔진 부품,선반(좌측),교환,CAN-001286
union_standard_time,1388410,승합-중형승합,기능정비,엔진 부품,선반(우측),탈착,CAN-001285
union_standard_time,1388410,승합-중형승합,기능정비,엔진 부품,선반(우측),교환,CAN-001284
union_standard_time,1398001,승합-중형승합,기능정비,엔진 부품,벤티레이터 - 1개,탈착,CAN-001036
union_standard_time,1398001,승합-중형승합,기능정비,엔진 부품,벤티레이터 - 1개,교환,CAN-001035
union_standard_time,1398002,승합-중형승합,기능정비,엔진 부품,벤티레이터 - 2개,탈착,CAN-001038
union_standard_time,1398002,승합-중형승합,기능정비,엔진 부품,벤티레이터 - 2개,교환,CAN-001037
union_standard_time,1398003,승합-중형승합,기능정비,엔진 부품,벤티레이터 - 4개,탈착,CAN-001042
union_standard_time,1398003,승합-중형승합,기능정비,엔진 부품,벤티레이터 - 4개,교환,CAN-001041
union_standard_time,1398004,승합-중형승합,기능정비,엔진 부품,벤티레이터 - 8개,탈착,CAN-001044
union_standard_time,1398004,승합-중형승합,기능정비,엔진 부품,벤티레이터 - 8개,교환,CAN-001043
union_standard_time,1398005,승합-중형승합,기능정비,엔진 부품,벤티레이터 - 16개,탈착,CAN-001034
union_standard_time,1398005,승합-중형승합,기능정비,엔진 부품,벤티레이터 - 16개,교환,CAN-001033
union_standard_time,1398006,승합-중형승합,기능정비,엔진 부품,벤티레이터 - 32개,탈착,CAN-001040
union_standard_time,1398006,승합-중형승합,기능정비,엔진 부품,벤티레이터 - 32개,교환,CAN-001039
union_standard_time,1408005,승합-중형승합,판금/도장정비,판금(탈부착),리어 윈도우 패널 ASSY,교환,CAN-000710
union_standard_time,1428004,승합-중형승합,판금/도장정비,판금(탈부착),앞바닥패널 ASSY,교환,CAN-001692
union_standard_time,1428032,승합-중형승합,기능정비,엔진 부품,파티션 바,탈착,CAN-002870
union_standard_time,1428032,승합-중형승합,기능정비,엔진 부품,파티션 바,교환,CAN-002869
union_standard_time,1438101,승합-중형승합,소모품 및 하체정비,하체 부품,프론트 크로스멤버(#1),탈착,CAN-003120
union_standard_time,1438101,승합-중형승합,소모품 및 하체정비,하체 부품,프론트 크로스멤버(#1),교환,CAN-003119
union_standard_time,1438102,승합-중형승합,소모품 및 하체정비,하체 부품,프론트 크로스멤버(#1)-리벳,탈착,CAN-003122
union_standard_time,1438102,승합-중형승합,소모품 및 하체정비,하체 부품,프론트 크로스멤버(#1)-리벳,교환,CAN-003121
union_standard_time,1438203,승합-중형승합,소모품 및 하체정비,하체 부품,리어 크로스멤버,탈착,CAN-000739
union_standard_time,1438203,승합-중형승합,소모품 및 하체정비,하체 부품,리어 크로스멤버,교환,CAN-000738
union_standard_time,1438204,승합-중형승합,소모품 및 하체정비,하체 부품,리어 크로스멤버-리벳고정식,탈착,CAN-000741
union_standard_time,1438204,승합-중형승합,소모품 및 하체정비,하체 부품,리어 크로스멤버-리벳고정식,교환,CAN-000740
union_standard_time,1468205,승합-중형승합,소모품 및 하체정비,브레이크/타이어,스페어 타이어 캐리어,탈착,CAN-001420
union_standard_time,1468205,승합-중형승합,소모품 및 하체정비,브레이크/타이어,스페어 타이어 캐리어,교환,CAN-001419
union_standard_time,3478001,승합-중형승합,소모품 및 하체정비,브레이크/타이어,크러시 패드,탈착,CAN-002613
union_standard_time,3478001,승합-중형승합,소모품 및 하체정비,브레이크/타이어,크러시 패드,교환,CAN-002612
union_standard_time,3478009,승합-중형승합,기능정비,엔진 부품,콘솔박스 ASSY,탈착,CAN-002568
union_standard_time,3478009,승합-중형승합,기능정비,엔진 부품,콘솔박스 ASSY,교환,CAN-002567
union_standard_time,3478021,승합-중형승합,기능정비,에어컨,뒤 히터(1번),탈착,CAN-000246
union_standard_time,3478021,승합-중형승합,기능정비,에어컨,뒤 히터(1번),교환,CAN-000245
union_standard_time,3478022,승합-중형승합,기능정비,에어컨,뒤 히터(2번),탈착,CAN-000248
union_standard_time,3478022,승합-중형승합,기능정비,에어컨,뒤 히터(2번),교환,CAN-000247
union_standard_time,3478024,승합-중형승합,기능정비,엔진 부품,에버포레이터,탈착,CAN-001758
union_standard_time,3478024,승합-중형승합,기능정비,엔진 부품,에버포레이터,교환,CAN-001757
union_standard_time,3479013,승합-중형승합,기능정비,엔진 부품,종합계기ASSY,탈착,CAN-002388
union_standard_time,3479013,승합-중형승합,기능정비,엔진 부품,종합계기ASSY,교환,CAN-002387
union_standard_time,3479019,승합-중형승합,기능정비,에어컨,히터 유니트(앞),탈착,CAN-003459
union_standard_time,3479019,승합-중형승합,기능정비,에어컨,히터 유니트(앞),교환,CAN-003457
union_standard_time,3479019,승합-중형승합,기능정비,에어컨,히터 유니트(앞),오버홀,CAN-003458
union_standard_time,3488007,승합-중형승합,기능정비,엔진 부품,운전석 시트(2인석),탈착,CAN-002224
union_standard_time,3488007,승합-중형승합,기능정비,엔진 부품,운전석 시트(2인석),교환,CAN-002223
union_standard_time,3488032,승합-중형승합,기능정비,엔진 부품,시트기어(1개),탈착,CAN-001507
union_standard_time,3488032,승합-중형승합,기능정비,엔진 부품,시트기어(1개),교환,CAN-001506
union_standard_time,3488033,승합-중형승합,기능정비,엔진 부품,시트기어(2개),탈착,CAN-001509
union_standard_time,3488033,승합-중형승합,기능정비,엔진 부품,시트기어(2개),교환,CAN-001508
union_standard_time,3488034,승합-중형승합,기능정비,엔진 부품,시트기어(4개),탈착,CAN-001513
union_standard_time,3488034,승합-중형승합,기능정비,엔진 부품,시트기어(4개),교환,CAN-001512
union_standard_time,3488035,승합-중형승합,기능정비,엔진 부품,시트기어(8개),탈착,CAN-001515
union_standard_time,3488035,승합-중형승합,기능정비,엔진 부품,시트기어(8개),교환,CAN-001514
union_standard_time,3488036,승합-중형승합,기능정비,엔진 부품,시트기어(16개),탈착,CAN-001505
union_standard_time,3488036,승합-중형승합,기능정비,엔진 부품,시트기어(16개),교환,CAN-001504
union_standard_time,3488037,승합-중형승합,기능정비,엔진 부품,시트기어(32개),탈착,CAN-001511
union_standard_time,3488037,승합-중형승합,기능정비,엔진 부품,시트기어(32개),교환,CAN-001510
union_standard_time,3488301,승합-중형승합,기능정비,엔진 부품,시트(운전석),탈착,CAN-001521
union_standard_time,3488301,승합-중형승합,기능정비,엔진 부품,시트(운전석),교환,CAN-001520
union_standard_time,3499023,승합-중형승합,기능정비,엔진 부품,안전밸트(1개),탈착,CAN-001611
union_standard_time,3499023,승합-중형승합,기능정비,엔진 부품,안전밸트(1개),교환,CAN-001610
union_standard_time,3499024,승합-중형승합,기능정비,엔진 부품,안전밸트(2개),탈착,CAN-001613
union_standard_time,3499024,승합-중형승합,기능정비,엔진 부품,안전밸트(2개),교환,CAN-001612
union_standard_time,3499025,승합-중형승합,기능정비,엔진 부품,안전밸트(4개),탈착,CAN-001637
union_standard_time,3499025,승합-중형승합,기능정비,엔진 부품,안전밸트(4개),교환,CAN-001636
union_standard_time,3499026,승합-중형승합,기능정비,엔진 부품,안전밸트(8개),탈착,CAN-001647
union_standard_time,3499026,승합-중형승합,기능정비,엔진 부품,안전밸트(8개),교환,CAN-001646
union_standard_time,3499027,승합-중형승합,기능정비,엔진 부품,안전밸트(16개),탈착,CAN-001609
union_standard_time,3499027,승합-중형승합,기능정비,엔진 부품,안전밸트(16개),교환,CAN-001608
union_standard_time,3499028,승합-중형승합,기능정비,엔진 부품,안전밸트(32개),탈착,CAN-001631
union_standard_time,3499028,승합-중형승합,기능정비,엔진 부품,안전밸트(32개),교환,CAN-001630
union_standard_time,3508001,승합-중형승합,기능정비,엔진 부품,키 셋트(전체),탈착,CAN-002643
union_standard_time,3508001,승합-중형승합,기능정비,엔진 부품,키 셋트(전체),교환,CAN-002642
union_standard_time,3508003,승합-중형승합,기능정비,전기 및 램프,앞 배선,탈착,CAN-001694
union_standard_time,3508003,승합-중형승합,기능정비,전기 및 램프,앞 배선,교환,CAN-001693
union_standard_time,3508011,승합-중형승합,기능정비,전기 및 램프,뒤 배선,탈착,CAN-000180
union_standard_time,3508011,승합-중형승합,기능정비,전기 및 램프,뒤 배선,교환,CAN-000179
union_standard_time,3508026,승합-중형승합,소모품 및 하체정비,소모품,밧데리 캐리어,탈착,CAN-000880
union_standard_time,3508026,승합-중형승합,소모품 및 하체정비,소모품,밧데리 캐리어,교환,CAN-000879
union_standard_time,3509019,승합-중형승합,기능정비,전기 및 램프,컴비네이션 스위치,탈착,CAN-002519
union_standard_time,3509019,승합-중형승합,기능정비,전기 및 램프,컴비네이션 스위치,교환,CAN-002518
union_standard_time,3509022,승합-중형승합,기능정비,엔진 부품,와이퍼 링케이지,탈착,CAN-002188
union_standard_time,3509022,승합-중형승합,기능정비,엔진 부품,와이퍼 링케이지,교환,CAN-002187
union_standard_time,3518001,승합-중형승합,기능정비,엔진 부품,에어콘 콘덴샤,탈착,CAN-001863
union_standard_time,3518001,승합-중형승합,기능정비,엔진 부품,에어콘 콘덴샤,교환,CAN-001862
union_standard_time,3518013,승합-중형승합,기능정비,에어컨,에어콘 콤프레셔,탈착,CAN-001865
union_standard_time,3518013,승합-중형승합,기능정비,에어컨,에어콘 콤프레셔,교환,CAN-001864
union_standard_time,3518016,승합-중형승합,기능정비,엔진 부품,라디에이터 ASSY,탈착,CAN-000309
union_standard_time,3518016,승합-중형승합,기능정비,엔진 부품,라디에이터 ASSY,교환,CAN-000308
union_standard_time,3518030,승합-중형승합,기능정비,엔진 부품,와샤 탱크(앞),탈착,CAN-002182
union_standard_time,3518030,승합-중형승합,기능정비,엔진 부품,와샤 탱크(앞),교환,CAN-002181
union_standard_time,3518031,승합-중형승합,기능정비,엔진 부품,와샤 탱크(뒤),탈착,CAN-002180
union_standard_time,3518031,승합-중형승합,기능정비,엔진 부품,와샤 탱크(뒤),교환,CAN-002179
union_standard_time,3518032,승합-중형승합,기능정비,엔진 부품,제너레이터 ASSY,탈착,CAN-002386
union_standard_time,3518032,승합-중형승합,기능정비,엔진 부품,제너레이터 ASSY,교환,CAN-002385
union_standard_time,3518033,승합-중형승합,기능정비,엔진 부품,스타팅모터 ASSY,탈착,CAN-001358
union_standard_time,3518033,승합-중형승합,기능정비,엔진 부품,스타팅모터 ASSY,교환,CAN-001357
union_standard_time,3519015,승합-중형승합,기능정비,에어컨,에어컨 덕트,탈착,CAN-001816
union_standard_time,3519015,승합-중형승합,기능정비,에어컨,에어컨 덕트,교환,CAN-001815
union_standard_time,3519020,승합-중형승합,기능정비,엔진 부품,냉각 팬,탈착,CAN-000133
union_standard_time,3519020,승합-중형승합,기능정비,엔진 부품,냉각 팬,교환,CAN-000132
union_standard_time,3549019,승합-중형승합,기능정비,엔진 부품,필러트림(1개),탈착,CAN-003234
union_standard_time,3549019,승합-중형승합,기능정비,엔진 부품,필러트림(1개),교환,CAN-003233
union_standard_time,3549020,승합-중형승합,기능정비,엔진 부품,필러트림(2개),탈착,CAN-003236
union_standard_time,3549020,승합-중형승합,기능정비,엔진 부품,필러트림(2개),교환,CAN-003235
union_standard_time,3549021,승합-중형승합,기능정비,엔진 부품,필러트림(4개),탈착,CAN-003240
union_standard_time,3549021,승합-중형승합,기능정비,엔진 부품,필러트림(4개),교환,CAN-003239
union_standard_time,3549022,승합-중형승합,기능정비,엔진 부품,필러트림(8개),탈착,CAN-003242
union_standard_time,3549022,승합-중형승합,기능정비,엔진 부품,필러트림(8개),교환,CAN-003241
union_standard_time,3549023,승합-중형승합,기능정비,엔진 부품,필러트림(16개),탈착,CAN-003232
union_standard_time,3549023,승합-중형승합,기능정비,엔진 부품,필러트림(16개),교환,CAN-003231
union_standard_time,3549024,승합-중형승합,기능정비,엔진 부품,필러트림(32개),탈착,CAN-003238
union_standard_time,3549024,승합-중형승합,기능정비,엔진 부품,필러트림(32개),교환,CAN-003237
union_standard_time,3568001,승합-중형승합,기능정비,엔진 부품,안테나,탈착,CAN-001673
union_standard_time,3568001,승합-중형승합,기능정비,엔진 부품,안테나,교환,CAN-001672
union_standard_time,3568310,승합-중형승합,기능정비,엔진 부품,선바이져(좌측),탈착,CAN-001281
union_standard_time,3568310,승합-중형승합,기능정비,엔진 부품,선바이져(좌측),교환,CAN-001280
union_standard_time,3568312,승합-중형승합,기능정비,엔진 부품,선바이져(좌측)-자동식,탈착,CAN-001283
union_standard_time,3568312,승합-중형승합,기능정비,엔진 부품,선바이져(좌측)-자동식,교환,CAN-001282
union_standard_time,3568411,승합-중형승합,기능정비,엔진 부품,선바이져(우측),탈착,CAN-001277
union_standard_time,3568411,승합-중형승합,기능정비,엔진 부품,선바이져(우측),교환,CAN-001276
union_standard_time,3568413,승합-중형승합,기능정비,엔진 부품,선바이져(우측)-자동식,탈착,CAN-001279
union_standard_time,3568413,승합-중형승합,기능정비,엔진 부품,선바이져(우측)-자동식,교환,CAN-001278
union_standard_time,3578039,승합-중형승합,기능정비,엔진 부품,"전면유리(접착식, 1피스)",탈착,CAN-002360
union_standard_time,3578039,승합-중형승합,기능정비,엔진 부품,"전면유리(접착식, 1피스)",교환,CAN-002359
union_standard_time,3578042,승합-중형승합,기능정비,엔진 부품,전면 상단유리(접착식),탈착,CAN-002352
union_standard_time,3578042,승합-중형승합,기능정비,엔진 부품,전면 상단유리(접착식),교환,CAN-002351
union_standard_time,3578043,승합-중형승합,기능정비,엔진 부품,"전면유리(끼움식, 1피스)",탈착,CAN-002354
union_standard_time,3578043,승합-중형승합,기능정비,엔진 부품,"전면유리(끼움식, 1피스)",교환,CAN-002353
union_standard_time,3578049,승합-중형승합,기능정비,엔진 부품,"옆창유리(고정,접착식)-1개",탈착,CAN-002118
union_standard_time,3578049,승합-중형승합,기능정비,엔진 부품,"옆창유리(고정,접착식)-1개",교환,CAN-002117
union_standard_time,3578050,승합-중형승합,기능정비,엔진 부품,"옆창유리(고정,접착식)-2개",탈착,CAN-002120
union_standard_time,3578050,승합-중형승합,기능정비,엔진 부품,"옆창유리(고정,접착식)-2개",교환,CAN-002119
union_standard_time,3578051,승합-중형승합,기능정비,엔진 부품,"옆창유리(고정,접착식)-4개",탈착,CAN-002122
union_standard_time,3578051,승합-중형승합,기능정비,엔진 부품,"옆창유리(고정,접착식)-4개",교환,CAN-002121
union_standard_time,3578052,승합-중형승합,기능정비,엔진 부품,"옆창유리(고정,접착식)-8개",탈착,CAN-002124
union_standard_time,3578052,승합-중형승합,기능정비,엔진 부품,"옆창유리(고정,접착식)-8개",교환,CAN-002123
union_standard_time,3578053,승합-중형승합,기능정비,엔진 부품,"옆창유리(고정,끼움식)-1개",탈착,CAN-002110
union_standard_time,3578053,승합-중형승합,기능정비,엔진 부품,"옆창유리(고정,끼움식)-1개",교환,CAN-002109
union_standard_time,3578054,승합-중형승합,기능정비,엔진 부품,"옆창유리(고정,끼움식)-2개",탈착,CAN-002112
union_standard_time,3578054,승합-중형승합,기능정비,엔진 부품,"옆창유리(고정,끼움식)-2개",교환,CAN-002111
union_standard_time,3578055,승합-중형승합,기능정비,엔진 부품,"옆창유리(고정,끼움식)-4개",탈착,CAN-002114
union_standard_time,3578055,승합-중형승합,기능정비,엔진 부품,"옆창유리(고정,끼움식)-4개",교환,CAN-002113
union_standard_time,3578056,승합-중형승합,기능정비,엔진 부품,"옆창유리(고정,끼움식)-8개",탈착,CAN-002116
union_standard_time,3578056,승합-중형승합,기능정비,엔진 부품,"옆창유리(고정,끼움식)-8개",교환,CAN-002115
union_standard_time,3578057,승합-중형승합,기능정비,엔진 부품,"옆창(상고정식,상,접착)-1개",탈착,CAN-002076
union_standard_time,3578057,승합-중형승합,기능정비,엔진 부품,"옆창(상고정식,상,접착)-1개",교환,CAN-002075
union_standard_time,3578058,승합-중형승합,기능정비,엔진 부품,"옆창(상고정식,상,접착)-2개",탈착,CAN-002078
union_standard_time,3578058,승합-중형승합,기능정비,엔진 부품,"옆창(상고정식,상,접착)-2개",교환,CAN-002077
union_standard_time,3578059,승합-중형승합,기능정비,엔진 부품,"옆창(상고정식,상,접착)-4개",탈착,CAN-002080
union_standard_time,3578059,승합-중형승합,기능정비,엔진 부품,"옆창(상고정식,상,접착)-4개",교환,CAN-002079
union_standard_time,3578060,승합-중형승합,기능정비,엔진 부품,"옆창(상고정식,상,접착)-8개",탈착,CAN-002082
union_standard_time,3578060,승합-중형승합,기능정비,엔진 부품,"옆창(상고정식,상,접착)-8개",교환,CAN-002081
union_standard_time,3578061,승합-중형승합,기능정비,엔진 부품,"옆창(상고정식,상,끼움)-1개",탈착,CAN-002068
union_standard_time,3578061,승합-중형승합,기능정비,엔진 부품,"옆창(상고정식,상,끼움)-1개",교환,CAN-002067
union_standard_time,3578062,승합-중형승합,기능정비,엔진 부품,"옆창(상고정식,상,끼움)-2개",탈착,CAN-002070
union_standard_time,3578062,승합-중형승합,기능정비,엔진 부품,"옆창(상고정식,상,끼움)-2개",교환,CAN-002069
union_standard_time,3578063,승합-중형승합,기능정비,엔진 부품,"옆창(상고정식,상,끼움)-4개",탈착,CAN-002072
union_standard_time,3578063,승합-중형승합,기능정비,엔진 부품,"옆창(상고정식,상,끼움)-4개",교환,CAN-002071
union_standard_time,3578064,승합-중형승합,기능정비,엔진 부품,"옆창(상고정식,상,끼움)-8개",탈착,CAN-002074
union_standard_time,3578064,승합-중형승합,기능정비,엔진 부품,"옆창(상고정식,상,끼움)-8개",교환,CAN-002073
union_standard_time,3578065,승합-중형승합,기능정비,엔진 부품,"옆창(상고정식,하,미닫이)-1개",교환,CAN-002084
union_standard_time,3578066,승합-중형승합,기능정비,엔진 부품,"옆창(상고정식,하,미닫이)-2개",교환,CAN-002085
union_standard_time,3578067,승합-중형승합,기능정비,엔진 부품,"옆창(상고정식,하,미닫이)-4개",교환,CAN-002086
union_standard_time,3578068,승합-중형승합,기능정비,엔진 부품,"옆창(상고정식,하,미닫이)-8개",교환,CAN-002087
union_standard_time,3578069,승합-중형승합,기능정비,엔진 부품,"옆창(상고정식,하,미닫이)-16개",교환,CAN-002083
union_standard_time,3578070,승합-중형승합,기능정비,엔진 부품,"옆창(미닫이식,창틀有)-1개",탈착,CAN-002050
union_standard_time,3578070,승합-중형승합,기능정비,엔진 부품,"옆창(미닫이식,창틀有)-1개",교환,CAN-002049
union_standard_time,3578071,승합-중형승합,기능정비,엔진 부품,"옆창(미닫이식,창틀有)-2개",탈착,CAN-002052
union_standard_time,3578071,승합-중형승합,기능정비,엔진 부품,"옆창(미닫이식,창틀有)-2개",교환,CAN-002051
union_standard_time,3578072,승합-중형승합,기능정비,엔진 부품,"옆창(미닫이식,창틀有)-4개",탈착,CAN-002054
union_standard_time,3578072,승합-중형승합,기능정비,엔진 부품,"옆창(미닫이식,창틀有)-4개",교환,CAN-002053
union_standard_time,3578073,승합-중형승합,기능정비,엔진 부품,"옆창(미닫이식,창틀有)-8개",탈착,CAN-002056
union_standard_time,3578073,승합-중형승합,기능정비,엔진 부품,"옆창(미닫이식,창틀有)-8개",교환,CAN-002055
union_standard_time,3578074,승합-중형승합,기능정비,엔진 부품,"옆창(미닫이식,창틀有)-16개",탈착,CAN-002048
union_standard_time,3578074,승합-중형승합,기능정비,엔진 부품,"옆창(미닫이식,창틀有)-16개",교환,CAN-002047
union_standard_time,3578075,승합-중형승합,기능정비,엔진 부품,"옆창(미닫이식,창틀無)-1개",탈착,CAN-002060
union_standard_time,3578075,승합-중형승합,기능정비,엔진 부품,"옆창(미닫이식,창틀無)-1개",교환,CAN-002059
union_standard_time,3578076,승합-중형승합,기능정비,엔진 부품,"옆창(미닫이식,창틀無)-2개",탈착,CAN-002062
union_standard_time,3578076,승합-중형승합,기능정비,엔진 부품,"옆창(미닫이식,창틀無)-2개",교환,CAN-002061
union_standard_time,3578077,승합-중형승합,기능정비,엔진 부품,"옆창(미닫이식,창틀無)-4개",탈착,CAN-002064
union_standard_time,3578077,승합-중형승합,기능정비,엔진 부품,"옆창(미닫이식,창틀無)-4개",교환,CAN-002063
union_standard_time,3578078,승합-중형승합,기능정비,엔진 부품,"옆창(미닫이식,창틀無)-8개",탈착,CAN-002066
union_standard_time,3578078,승합-중형승합,기능정비,엔진 부품,"옆창(미닫이식,창틀無)-8개",교환,CAN-002065
union_standard_time,3578079,승합-중형승합,기능정비,엔진 부품,"옆창(미닫이식,창틀無)-16개",탈착,CAN-002058
union_standard_time,3578079,승합-중형승합,기능정비,엔진 부품,"옆창(미닫이식,창틀無)-16개",교환,CAN-002057
union_standard_time,3578080,승합-중형승합,기능정비,엔진 부품,"옆창(상하고정,상,접착)-1개",탈착,CAN-002089
union_standard_time,3578080,승합-중형승합,기능정비,엔진 부품,"옆창(상하고정,상,접착)-1개",교환,CAN-002088
union_standard_time,3578081,승합-중형승합,기능정비,엔진 부품,"옆창(상하고정,상,접착)-2개",탈착,CAN-002091
union_standard_time,3578081,승합-중형승합,기능정비,엔진 부품,"옆창(상하고정,상,접착)-2개",교환,CAN-002090
union_standard_time,3578082,승합-중형승합,기능정비,엔진 부품,"옆창(상하고정,상,접착)-4개",탈착,CAN-002093
union_standard_time,3578082,승합-중형승합,기능정비,엔진 부품,"옆창(상하고정,상,접착)-4개",교환,CAN-002092
union_standard_time,3578083,승합-중형승합,기능정비,엔진 부품,"옆창(상하고정,상,접착)-8개",탈착,CAN-002095
union_standard_time,3578083,승합-중형승합,기능정비,엔진 부품,"옆창(상하고정,상,접착)-8개",교환,CAN-002094
union_standard_time,3578084,승합-중형승합,기능정비,엔진 부품,"옆창(상하고정,하,접착)-1개",탈착,CAN-002102
union_standard_time,3578084,승합-중형승합,기능정비,엔진 부품,"옆창(상하고정,하,접착)-1개",교환,CAN-002101
union_standard_time,3578085,승합-중형승합,기능정비,엔진 부품,"옆창(상하고정,하,접착)-2개",탈착,CAN-002104
union_standard_time,3578085,승합-중형승합,기능정비,엔진 부품,"옆창(상하고정,하,접착)-2개",교환,CAN-002103
union_standard_time,3578086,승합-중형승합,기능정비,엔진 부품,"옆창(상하고정,하,접착)-4개",탈착,CAN-002106
union_standard_time,3578086,승합-중형승합,기능정비,엔진 부품,"옆창(상하고정,하,접착)-4개",교환,CAN-002105
union_standard_time,3578087,승합-중형승합,기능정비,엔진 부품,"옆창(상하고정,하,접착)-8개",탈착,CAN-002108
union_standard_time,3578087,승합-중형승합,기능정비,엔진 부품,"옆창(상하고정,하,접착)-8개",교환,CAN-002107
union_standard_time,3578088,승합-중형승합,기능정비,엔진 부품,"옆창(상하고정,중앙,미닫)-1개",교환,CAN-002097
union_standard_time,3578089,승합-중형승합,기능정비,엔진 부품,"옆창(상하고정,중앙,미닫)-2개",교환,CAN-002098
union_standard_time,3578090,승합-중형승합,기능정비,엔진 부품,"옆창(상하고정,중앙,미닫)-4개",교환,CAN-002099
union_standard_time,3578091,승합-중형승합,기능정비,엔진 부품,"옆창(상하고정,중앙,미닫)-8개",교환,CAN-002100
union_standard_time,3578092,승합-중형승합,기능정비,엔진 부품,"옆창(상하고정,중앙,미닫)-16개",교환,CAN-002096
union_standard_time,3578093,승합-중형승합,기능정비,엔진 부품,운전석비상유리(고정식),탈착,CAN-002222
union_standard_time,3578093,승합-중형승합,기능정비,엔진 부품,운전석비상유리(고정식),교환,CAN-002221
union_standard_time,3578094,승합-중형승합,기능정비,엔진 부품,"운전석비상(상고정식,상)",교환,CAN-002215
union_standard_time,3578095,승합-중형승합,기능정비,엔진 부품,"운전석비상(상고정식,미닫이)",탈착,CAN-002214
union_standard_time,3578095,승합-중형승합,기능정비,엔진 부품,"운전석비상(상고정식,미닫이)",교환,CAN-002213
union_standard_time,3578096,승합-중형승합,기능정비,엔진 부품,"운전석비상(미닫이식,창틀有)",교환,CAN-002212
union_standard_time,3578097,승합-중형승합,기능정비,엔진 부품,"운전석비상(상하고정,상)",탈착,CAN-002219
union_standard_time,3578097,승합-중형승합,기능정비,엔진 부품,"운전석비상(상하고정,상)",교환,CAN-002218
union_standard_time,3578098,승합-중형승합,기능정비,엔진 부품,"운전석비상(상하고정,하)",교환,CAN-002220
union_standard_time,3578099,승합-중형승합,기능정비,엔진 부품,"운전석비상(상하고정,미닫이)",탈착,CAN-002217
union_standard_time,3578099,승합-중형승합,기능정비,엔진 부품,"운전석비상(상하고정,미닫이)",교환,CAN-002216
union_standard_time,3578146,승합-중형승합,기능정비,엔진 부품,전면 상단유리(끼움식),탈착,CAN-002350
union_standard_time,3578146,승합-중형승합,기능정비,엔진 부품,전면 상단유리(끼움식),교환,CAN-002349
union_standard_time,3578247,승합-중형승합,기능정비,엔진 부품,"후면유리(버스,접착식)",탈착,CAN-003367
union_standard_time,3578247,승합-중형승합,기능정비,엔진 부품,"후면유리(버스,접착식)",교환,CAN-003366
union_standard_time,3578248,승합-중형승합,기능정비,엔진 부품,"후면유리(버스,끼움식)",탈착,CAN-003365
union_standard_time,3578248,승합-중형승합,기능정비,엔진 부품,"후면유리(버스,끼움식)",교환,CAN-003364
union_standard_time,3578340,승합-중형승합,기능정비,엔진 부품,"전면유리(접착식, 2피스,좌)",탈착,CAN-002364
union_standard_time,3578340,승합-중형승합,기능정비,엔진 부품,"전면유리(접착식, 2피스,좌)",교환,CAN-002363
union_standard_time,3578344,승합-중형승합,기능정비,엔진 부품,"전면유리(끼움식, 2피스,좌)",탈착,CAN-002358
union_standard_time,3578344,승합-중형승합,기능정비,엔진 부품,"전면유리(끼움식, 2피스,좌)",교환,CAN-002357
union_standard_time,3578441,승합-중형승합,기능정비,엔진 부품,"전면유리(접착식, 2피스,우)",탈착,CAN-002362
union_standard_time,3578441,승합-중형승합,기능정비,엔진 부품,"전면유리(접착식, 2피스,우)",교환,CAN-002361
union_standard_time,3578445,승합-중형승합,기능정비,엔진 부품,"전면유리(끼움식, 2피스,우)",탈착,CAN-002356
union_standard_time,3578445,승합-중형승합,기능정비,엔진 부품,"전면유리(끼움식, 2피스,우)",교환,CAN-002355
union_standard_time,5588006,승합-중형승합,기능정비,엔진 부품,엔진ASSY,탈착,CAN-001913
union_standard_time,5588006,승합-중형승합,기능정비,엔진 부품,엔진ASSY,교환,CAN-001911
union_standard_time,5588006,승합-중형승합,기능정비,엔진 부품,엔진ASSY,오버홀,CAN-001912
union_standard_time,5598007,승합-중형승합,기능정비,엔진 부품,실린더 헤드,오버홀,CAN-001572
union_standard_time,5599015,승합-중형승합,기능정비,엔진 부품,엔진마운틴 및 브라켓(앞),탈착,CAN-001970
union_standard_time,5599015,승합-중형승합,기능정비,엔진 부품,엔진마운틴 및 브라켓(앞),교환,CAN-001969
union_standard_time,5599016,승합-중형승합,기능정비,엔진 부품,엔진마운틴 및 브라켓(뒤),탈착,CAN-001958
union_standard_time,5599016,승합-중형승합,기능정비,엔진 부품,엔진마운틴 및 브라켓(뒤),교환,CAN-001957
union_standard_time,5599311,승합-중형승합,기능정비,엔진 부품,엔진마운틴 및 브라켓(좌측),탈착,CAN-001980
union_standard_time,5599311,승합-중형승합,기능정비,엔진 부품,엔진마운틴 및 브라켓(좌측),교환,CAN-001979
union_standard_time,5599413,승합-중형승합,기능정비,엔진 부품,엔진마운틴 및 브라켓(우측),탈착,CAN-001976
union_standard_time,5599413,승합-중형승합,기능정비,엔진 부품,엔진마운틴 및 브라켓(우측),교환,CAN-001975
union_standard_time,5608001,승합-중형승합,기능정비,엔진 부품,타이밍 카바,탈착,CAN-002669
union_standard_time,5608001,승합-중형승합,기능정비,엔진 부품,타이밍 카바,교환,CAN-002668
union_standard_time,5618001,승합-중형승합,소모품 및 하체정비,소모품,에어클리너ASSY,탈착,CAN-001869
union_standard_time,5618001,승합-중형승합,소모품 및 하체정비,소모품,에어클리너ASSY,교환,CAN-001868
union_standard_time,5618007,승합-중형승합,기능정비,전기 및 램프,크랭크 풀리,탈착,CAN-002603
union_standard_time,5618007,승합-중형승합,기능정비,전기 및 램프,크랭크 풀리,교환,CAN-002602
union_standard_time,5638001,승합-중형승합,소모품 및 하체정비,오일류,엔진 오일팬,탈착,CAN-001993
union_standard_time,5638001,승합-중형승합,소모품 및 하체정비,오일류,엔진 오일팬,교환,CAN-001992
union_standard_time,5638006,승합-중형승합,소모품 및 하체정비,오일류,엔진 오일 펌프,탈착,CAN-001999
union_standard_time,5638006,승합-중형승합,소모품 및 하체정비,오일류,엔진 오일 펌프,교환,CAN-001998
union_standard_time,5638009,승합-중형승합,기능정비,엔진 부품,워터 펌프,탈착,CAN-002230
union_standard_time,5638009,승합-중형승합,기능정비,엔진 부품,워터 펌프,교환,CAN-002229
union_standard_time,5638019,승합-중형승합,소모품 및 하체정비,하체 부품,스티어링 파워 펌프,탈착,CAN-001405
union_standard_time,5638019,승합-중형승합,소모품 및 하체정비,하체 부품,스티어링 파워 펌프,교환,CAN-001404
union_standard_time,5648001,승합-중형승합,기능정비,엔진 부품,메니홀드(흡),탈착,CAN-000837
union_standard_time,5648001,승합-중형승합,기능정비,엔진 부품,메니홀드(흡),교환,CAN-000836
union_standard_time,5648006,승합-중형승합,기능정비,엔진 부품,메니홀드(배),탈착,CAN-000835
union_standard_time,5648006,승합-중형승합,기능정비,엔진 부품,메니홀드(배),교환,CAN-000834
union_standard_time,5658015,승합-중형승합,기능정비,엔진 부품,머플러 파이프,탈착,CAN-000831
union_standard_time,5658015,승합-중형승합,기능정비,엔진 부품,머플러 파이프,교환,CAN-000830
union_standard_time,5658016,승합-중형승합,기능정비,엔진 부품,소음기,탈착,CAN-001318
union_standard_time,5658016,승합-중형승합,기능정비,엔진 부품,소음기,교환,CAN-001317
union_standard_time,5658017,승합-중형승합,소모품 및 하체정비,브레이크/타이어,배기 브레이크 ASSY,탈착,CAN-000915
union_standard_time,5658017,승합-중형승합,소모품 및 하체정비,브레이크/타이어,배기 브레이크 ASSY,교환,CAN-000914
union_standard_time,5668001,승합-중형승합,기능정비,엔진 부품,연료탱크,탈착,CAN-002034
union_standard_time,5668001,승합-중형승합,기능정비,엔진 부품,연료탱크,교환,CAN-002032
union_standard_time,5668003,승합-중형승합,기능정비,엔진 부품,연료(분사)펌프,탈착,CAN-002023
union_standard_time,5668003,승합-중형승합,기능정비,엔진 부품,연료(분사)펌프,교환,CAN-002021
union_standard_time,5668003,승합-중형승합,기능정비,엔진 부품,연료(분사)펌프,오버홀,CAN-002022
union_standard_time,5668012,승합-중형승합,소모품 및 하체정비,소모품,연료 세디먼트 및 필터,탈착,CAN-002025
union_standard_time,5668012,승합-중형승합,소모품 및 하체정비,소모품,연료 세디먼트 및 필터,교환,CAN-002024
union_standard_time,5678001,승합-중형승합,소모품 및 하체정비,오일류,오일쿨러 ASSY,탈착,CAN-002160
union_standard_time,5678001,승합-중형승합,소모품 및 하체정비,오일류,오일쿨러 ASSY,교환,CAN-002159
union_standard_time,5678004,승합-중형승합,기능정비,엔진 부품,에어 컴프레셔 ASSY,탈착,CAN-001860
union_standard_time,5678004,승합-중형승합,기능정비,엔진 부품,에어 컴프레셔 ASSY,교환,CAN-001859
union_standard_time,7688005,승합-중형승합,기능정비,엔진 부품,변속기,탈착,CAN-001047
union_standard_time,7688005,승합-중형승합,기능정비,엔진 부품,변속기,교환,CAN-001045
union_standard_time,7688005,승합-중형승합,기능정비,엔진 부품,변속기,오버홀,CAN-001046
union_standard_time,7689016,승합-중형승합,기능정비,엔진 부품,체인지 레바,탈착,CAN-002423
union_standard_time,7689016,승합-중형승합,기능정비,엔진 부품,체인지 레바,교환,CAN-002422
union_standard_time,7698005,승합-중형승합,기능정비,엔진 부품,프로펠러 샤프트,탈착,CAN-002934
union_standard_time,7698005,승합-중형승합,기능정비,엔진 부품,프로펠러 샤프트,교환,CAN-002933
union_standard_time,7698008,승합-중형승합,기능정비,엔진 부품,프로펠라 샤프트#2,탈착,CAN-002922
union_standard_time,7698008,승합-중형승합,기능정비,엔진 부품,프로펠라 샤프트#2,교환,CAN-002921
union_standard_time,7698009,승합-중형승합,기능정비,엔진 부품,프로펠라 샤프트#3,탈착,CAN-002924
union_standard_time,7698009,승합-중형승합,기능정비,엔진 부품,프로펠라 샤프트#3,교환,CAN-002923
union_standard_time,7698014,승합-중형승합,기능정비,엔진 부품,프론트 액슬,탈착,CAN-003103
union_standard_time,7698014,승합-중형승합,기능정비,엔진 부품,프론트 액슬,교환,CAN-003101
union_standard_time,7698014,승합-중형승합,기능정비,엔진 부품,프론트 액슬,오버홀,CAN-003102
union_standard_time,7708505,승합-중형승합,기능정비,엔진 부품,판스프링(앞좌),탈착,CAN-002888
union_standard_time,7708505,승합-중형승합,기능정비,엔진 부품,판스프링(앞좌),교환,CAN-002886
union_standard_time,7708505,승합-중형승합,기능정비,엔진 부품,판스프링(앞좌),오버홀,CAN-002887
union_standard_time,7708511,승합-중형승합,소모품 및 하체정비,하체 부품,"에어서스펜션 스프링(앞,좌)",탈착,CAN-001803
union_standard_time,7708511,승합-중형승합,소모품 및 하체정비,하체 부품,"에어서스펜션 스프링(앞,좌)",교환,CAN-001801
union_standard_time,7708511,승합-중형승합,소모품 및 하체정비,하체 부품,"에어서스펜션 스프링(앞,좌)",오버홀,CAN-001802
union_standard_time,7708606,승합-중형승합,기능정비,엔진 부품,판스프링(앞우),탈착,CAN-002885
union_standard_time,7708606,승합-중형승합,기능정비,엔진 부품,판스프링(앞우),교환,CAN-002883
union_standard_time,7708606,승합-중형승합,기능정비,엔진 부품,판스프링(앞우),오버홀,CAN-002884
union_standard_time,7708612,승합-중형승합,소모품 및 하체정비,하체 부품,"에어서스펜션 스프링(앞,우)",탈착,CAN-001800
union_standard_time,7708612,승합-중형승합,소모품 및 하체정비,하체 부품,"에어서스펜션 스프링(앞,우)",교환,CAN-001798
union_standard_time,7708612,승합-중형승합,소모품 및 하체정비,하체 부품,"에어서스펜션 스프링(앞,우)",오버홀,CAN-001799
union_standard_time,7708707,승합-중형승합,기능정비,엔진 부품,판스프링(뒤좌),탈착,CAN-002882
union_standard_time,7708707,승합-중형승합,기능정비,엔진 부품,판스프링(뒤좌),교환,CAN-002880
union_standard_time,7708707,승합-중형승합,기능정비,엔진 부품,판스프링(뒤좌),오버홀,CAN-002881
union_standard_time,7708713,승합-중형승합,소모품 및 하체정비,하체 부품,"에어서스펜션 스프링(뒤,좌)",탈착,CAN-001797
union_standard_time,7708713,승합-중형승합,소모품 및 하체정비,하체 부품,"에어서스펜션 스프링(뒤,좌)",교환,CAN-001795
union_standard_time,7708713,승합-중형승합,소모품 및 하체정비,하체 부품,"에어서스펜션 스프링(뒤,좌)",오버홀,CAN-001796
union_standard_time,7708809,승합-중형승합,기능정비,엔진 부품,판스프링(뒤우),탈착,CAN-002879
union_standard_time,7708809,승합-중형승합,기능정비,엔진 부품,판스프링(뒤우),교환,CAN-002877
union_standard_time,7708809,승합-중형승합,기능정비,엔진 부품,판스프링(뒤우),오버홀,CAN-002878
union_standard_time,7708814,승합-중형승합,소모품 및 하체정비,하체 부품,"에어서스펜션 스프링(뒤,우)",탈착,CAN-001794
union_standard_time,7708814,승합-중형승합,소모품 및 하체정비,하체 부품,"에어서스펜션 스프링(뒤,우)",교환,CAN-001792
union_standard_time,7708814,승합-중형승합,소모품 및 하체정비,하체 부품,"에어서스펜션 스프링(뒤,우)",오버홀,CAN-001793
union_standard_time,7709501,승합-중형승합,기능정비,엔진 부품,쇽업쇼버(앞.좌),탈착,CAN-001343
union_standard_time,7709501,승합-중형승합,기능정비,엔진 부품,쇽업쇼버(앞.좌),교환,CAN-001342
union_standard_time,7709602,승합-중형승합,기능정비,엔진 부품,쇽업쇼버(앞.우),탈착,CAN-001341
union_standard_time,7709602,승합-중형승합,기능정비,엔진 부품,쇽업쇼버(앞.우),교환,CAN-001340
union_standard_time,7709703,승합-중형승합,기능정비,엔진 부품,쇽업쇼버(뒤.좌),탈착,CAN-001335
union_standard_time,7709703,승합-중형승합,기능정비,엔진 부품,쇽업쇼버(뒤.좌),교환,CAN-001334
union_standard_time,7709804,승합-중형승합,기능정비,엔진 부품,쇽업쇼버(뒤.우),탈착,CAN-001333
union_standard_time,7709804,승합-중형승합,기능정비,엔진 부품,쇽업쇼버(뒤.우),교환,CAN-001332
union_standard_time,7718021,승합-중형승합,기능정비,엔진 부품,리어액슬 ASSY,탈착,CAN-000681
union_standard_time,7718021,승합-중형승합,기능정비,엔진 부품,리어액슬 ASSY,교환,CAN-000679
union_standard_time,7718022,승합-중형승합,기능정비,엔진 부품,리어액슬 하우징ASSY,오버홀,CAN-000695
union_standard_time,7719510,승합-중형승합,소모품 및 하체정비,하체 부품,허브(앞좌),오버홀,CAN-003265
union_standard_time,7719611,승합-중형승합,소모품 및 하체정비,하체 부품,허브(앞우),오버홀,CAN-003263
union_standard_time,7719712,승합-중형승합,소모품 및 하체정비,하체 부품,허브(뒤좌),오버홀,CAN-003261
union_standard_time,7719813,승합-중형승합,소모품 및 하체정비,하체 부품,허브(뒤우),오버홀,CAN-003259
union_standard_time,7728027,승합-중형승합,소모품 및 하체정비,하체 부품,스티어링 컬럼ASSY,탈착,CAN-001401
union_standard_time,7728027,승합-중형승합,소모품 및 하체정비,하체 부품,스티어링 컬럼ASSY,교환,CAN-001400
union_standard_time,7728031,승합-중형승합,소모품 및 하체정비,하체 부품,스티어링 기어박스(파워),탈착,CAN-001385
union_standard_time,7728031,승합-중형승합,소모품 및 하체정비,하체 부품,스티어링 기어박스(파워),교환,CAN-001384
union_standard_time,7728033,승합-중형승합,소모품 및 하체정비,하체 부품,스티어링 기어박스(매뉴얼),탈착,CAN-001383
union_standard_time,7728033,승합-중형승합,소모품 및 하체정비,하체 부품,스티어링 기어박스(매뉴얼),교환,CAN-001382
union_standard_time,7728038,승합-중형승합,소모품 및 하체정비,하체 부품,파워 스티어링 오일탱크,탈착,CAN-002849
union_standard_time,7728038,승합-중형승합,소모품 및 하체정비,하체 부품,파워 스티어링 오일탱크,교환,CAN-002848
union_standard_time,7728039,승합-중형승합,소모품 및 하체정비,하체 부품,스티어링 오일 파이프#1,탈착,CAN-001389
union_standard_time,7728039,승합-중형승합,소모품 및 하체정비,하체 부품,스티어링 오일 파이프#1,교환,CAN-001388
union_standard_time,7728040,승합-중형승합,소모품 및 하체정비,하체 부품,스티어링 오일 파이프#2,탈착,CAN-001391
union_standard_time,7728040,승합-중형승합,소모품 및 하체정비,하체 부품,스티어링 오일 파이프#2,교환,CAN-001390
union_standard_time,7728041,승합-중형승합,소모품 및 하체정비,하체 부품,스티어링 오일 파이프#3,탈착,CAN-001393
union_standard_time,7728041,승합-중형승합,소모품 및 하체정비,하체 부품,스티어링 오일 파이프#3,교환,CAN-001392
union_standard_time,7728042,승합-중형승합,소모품 및 하체정비,하체 부품,스티어링 오일 파이프#4,탈착,CAN-001395
union_standard_time,7728042,승합-중형승합,소모품 및 하체정비,하체 부품,스티어링 오일 파이프#4,교환,CAN-001394
union_standard_time,7728052,승합-중형승합,소모품 및 하체정비,브레이크/타이어,브레이크(에어)마스터실린더,탈착,CAN-001089
union_standard_time,7728052,승합-중형승합,소모품 및 하체정비,브레이크/타이어,브레이크(에어)마스터실린더,교환,CAN-001088
union_standard_time,7728059,승합-중형승합,소모품 및 하체정비,브레이크/타이어,클러치 및 브레이크패달 브라,탈착,CAN-002629
union_standard_time,7728059,승합-중형승합,소모품 및 하체정비,브레이크/타이어,클러치 및 브레이크패달 브라,교환,CAN-002628
union_standard_time,7728065,승합-중형승합,소모품 및 하체정비,브레이크/타이어,에어브레이크 밸브 ASSY,탈착,CAN-001786
union_standard_time,7728065,승합-중형승합,소모품 및 하체정비,브레이크/타이어,에어브레이크 밸브 ASSY,교환,CAN-001785
union_standard_time,7728066,승합-중형승합,기능정비,엔진 부품,클러치 마스타 실린더,탈착,CAN-002625
union_standard_time,7728066,승합-중형승합,기능정비,엔진 부품,클러치 마스타 실린더,교환,CAN-002624
union_standard_time,7729026,승합-중형승합,소모품 및 하체정비,하체 부품,스티어링 휠,탈착,CAN-001407
union_standard_time,7729026,승합-중형승합,소모품 및 하체정비,하체 부품,스티어링 휠,교환,CAN-001406
union_standard_time,7729060,승합-중형승합,소모품 및 하체정비,브레이크/타이어,핸드브레이크레바,탈착,CAN-003257
union_standard_time,7729060,승합-중형승합,소모품 및 하체정비,브레이크/타이어,핸드브레이크레바,교환,CAN-003256
union_standard_time,7738006,승합-중형승합,기능정비,엔진 부품,에어탱크,탈착,CAN-001874
union_standard_time,7738006,승합-중형승합,기능정비,엔진 부품,에어탱크,교환,CAN-001873
union_standard_time,7738010,승합-중형승합,소모품 및 하체정비,브레이크/타이어,브레이크 챔버#1,탈착,CAN-001094
union_standard_time,7738010,승합-중형승합,소모품 및 하체정비,브레이크/타이어,브레이크 챔버#1,교환,CAN-001093
union_standard_time,7738011,승합-중형승합,소모품 및 하체정비,브레이크/타이어,브레이크 챔버#2,탈착,CAN-001096
union_standard_time,7738011,승합-중형승합,소모품 및 하체정비,브레이크/타이어,브레이크 챔버#2,교환,CAN-001095
union_standard_time,7738012,승합-중형승합,소모품 및 하체정비,브레이크/타이어,브레이크 챔버#3,탈착,CAN-001098
union_standard_time,7738012,승합-중형승합,소모품 및 하체정비,브레이크/타이어,브레이크 챔버#3,교환,CAN-001097
union_standard_time,7738013,승합-중형승합,소모품 및 하체정비,브레이크/타이어,브레이크 챔버#4,탈착,CAN-001100
union_standard_time,7738013,승합-중형승합,소모품 및 하체정비,브레이크/타이어,브레이크 챔버#4,교환,CAN-001099
union_standard_time,7738014,승합-중형승합,기능정비,에어컨,VACUUM PUMP,탈착,CAN-000096
union_standard_time,7738014,승합-중형승합,기능정비,에어컨,VACUUM PUMP,교환,CAN-000095
union_standard_time,35780A1,승합-중형승합,기능정비,엔진 부품,"승강구슬라이딩유리(상,접착)",탈착,CAN-001481
union_standard_time,35780A1,승합-중형승합,기능정비,엔진 부품,"승강구슬라이딩유리(상,접착)",교환,CAN-001480
union_standard_time,35780A2,승합-중형승합,기능정비,엔진 부품,"승강구슬라이딩유리(하,접착)",탈착,CAN-001485
union_standard_time,35780A2,승합-중형승합,기능정비,엔진 부품,"승강구슬라이딩유리(하,접착)",교환,CAN-001484
union_standard_time,35780A3,승합-중형승합,기능정비,엔진 부품,"승강구슬라이딩유리(상,끼움)",탈착,CAN-001479
union_standard_time,35780A3,승합-중형승합,기능정비,엔진 부품,"승강구슬라이딩유리(상,끼움)",교환,CAN-001478
union_standard_time,35780A4,승합-중형승합,기능정비,엔진 부품,"승강구슬라이딩유리(하,끼움)",탈착,CAN-001483
union_standard_time,35780A4,승합-중형승합,기능정비,엔진 부품,"승강구슬라이딩유리(하,끼움)",교환,CAN-001482
union_standard_time,35780A5,승합-중형승합,기능정비,엔진 부품,"승강구 접이식유리(앞,접착)",탈착,CAN-001499
union_standard_time,35780A5,승합-중형승합,기능정비,엔진 부품,"승강구 접이식유리(앞,접착)",교환,CAN-001498
union_standard_time,35780A6,승합-중형승합,기능정비,엔진 부품,"승강구 접이식유리(뒤,접착)",탈착,CAN-001495
union_standard_time,35780A6,승합-중형승합,기능정비,엔진 부품,"승강구 접이식유리(뒤,접착)",교환,CAN-001494
union_standard_time,35780A7,승합-중형승합,기능정비,엔진 부품,"승강구 접이식유리(앞,끼움)",탈착,CAN-001497
union_standard_time,35780A7,승합-중형승합,기능정비,엔진 부품,"승강구 접이식유리(앞,끼움)",교환,CAN-001496
union_standard_time,35780A8,승합-중형승합,기능정비,엔진 부품,"승강구 접이식유리(뒤,끼움)",탈착,CAN-001493
union_standard_time,35780A8,승합-중형승합,기능정비,엔진 부품,"승강구 접이식유리(뒤,끼움)",교환,CAN-001492
union_standard_time,35780A9,승합-중형승합,기능정비,엔진 부품,"승강구 유리(저상버스,1개)",탈착,CAN-001487
union_standard_time,35780A9,승합-중형승합,기능정비,엔진 부품,"승강구 유리(저상버스,1개)",교환,CAN-001486
union_standard_time,35780B1,승합-중형승합,기능정비,엔진 부품,"승강구 유리(저상버스,2개)",탈착,CAN-001489
union_standard_time,35780B1,승합-중형승합,기능정비,엔진 부품,"승강구 유리(저상버스,2개)",교환,CAN-001488
union_standard_time,35780B2,승합-중형승합,기능정비,엔진 부품,"승강구 유리(저상버스,4개)",탈착,CAN-001491
union_standard_time,35780B2,승합-중형승합,기능정비,엔진 부품,"승강구 유리(저상버스,4개)",교환,CAN-001490
union_standard_time,35780B3,승합-중형승합,기능정비,엔진 부품,승강구 상유리(접착식),탈착,CAN-001466
union_standard_time,35780B3,승합-중형승합,기능정비,엔진 부품,승강구 상유리(접착식),교환,CAN-001465
union_standard_time,35780B4,승합-중형승합,기능정비,엔진 부품,승강구 상유리(끼움식),탈착,CAN-001464
union_standard_time,35780B4,승합-중형승합,기능정비,엔진 부품,승강구 상유리(끼움식),교환,CAN-001463
union_standard_time,35780B5,승합-중형승합,기능정비,엔진 부품,앞사이드 고정유리(접착),탈착,CAN-001711
union_standard_time,35780B5,승합-중형승합,기능정비,엔진 부품,앞사이드 고정유리(접착),교환,CAN-001710
union_standard_time,35780B6,승합-중형승합,기능정비,엔진 부품,뒤사이드 고정유리(접착),탈착,CAN-000197
union_standard_time,35780B6,승합-중형승합,기능정비,엔진 부품,뒤사이드 고정유리(접착),교환,CAN-000196
union_standard_time,35780B7,승합-중형승합,기능정비,엔진 부품,뒤사이드 고정유리(힌지),탈착,CAN-000199
union_standard_time,35780B7,승합-중형승합,기능정비,엔진 부품,뒤사이드 고정유리(힌지),교환,CAN-000198
union_standard_time,35780B8,승합-중형승합,기능정비,엔진 부품,창틀(소)-1개,탈착,CAN-002415
union_standard_time,35780B8,승합-중형승합,기능정비,엔진 부품,창틀(소)-1개,교환,CAN-002414
union_standard_time,35780B9,승합-중형승합,기능정비,엔진 부품,창틀(소)-2개,탈착,CAN-002417
union_standard_time,35780B9,승합-중형승합,기능정비,엔진 부품,창틀(소)-2개,교환,CAN-002416
union_standard_time,35780C1,승합-중형승합,기능정비,엔진 부품,창틀(소)-4개,탈착,CAN-002419
union_standard_time,35780C1,승합-중형승합,기능정비,엔진 부품,창틀(소)-4개,교환,CAN-002418
union_standard_time,35780C2,승합-중형승합,기능정비,엔진 부품,창틀(소)-8개,탈착,CAN-002421
union_standard_time,35780C2,승합-중형승합,기능정비,엔진 부품,창틀(소)-8개,교환,CAN-002420
union_standard_time,35780C3,승합-중형승합,기능정비,엔진 부품,창틀(대)-1개,교환,CAN-002410
union_standard_time,35780C4,승합-중형승합,기능정비,엔진 부품,창틀(대)-2개,교환,CAN-002411
union_standard_time,35780C5,승합-중형승합,기능정비,엔진 부품,창틀(대)-4개,교환,CAN-002412
union_standard_time,35780C6,승합-중형승합,기능정비,엔진 부품,창틀(대)-8개,교환,CAN-002413
union_standard_time,1018101,승합-대형승합,판금/도장정비,판금(탈부착),앞범퍼,탈착,CAN-001700
union_standard_time,1018101,승합-대형승합,판금/도장정비,판금(탈부착),앞범퍼,교환,CAN-001698
union_standard_time,1018101,승합-대형승합,판금/도장정비,판금(탈부착),앞범퍼,오버홀,CAN-001699
union_standard_time,1018108,승합-대형승합,판금/도장정비,판금(탈부착),앞범퍼(FRP),탈착,CAN-001697
union_standard_time,1018108,승합-대형승합,판금/도장정비,판금(탈부착),앞범퍼(FRP),교환,CAN-001695
union_standard_time,1018108,승합-대형승합,판금/도장정비,판금(탈부착),앞범퍼(FRP),오버홀,CAN-001696
union_standard_time,1018109,승합-대형승합,판금/도장정비,판금(탈부착),앞범퍼(우레탄형),탈착,CAN-001709
union_standard_time,1018109,승합-대형승합,판금/도장정비,판금(탈부착),앞범퍼(우레탄형),교환,CAN-001707
union_standard_time,1018109,승합-대형승합,판금/도장정비,판금(탈부착),앞범퍼(우레탄형),오버홀,CAN-001708
union_standard_time,1018110,승합-대형승합,판금/도장정비,판금(탈부착),앞범퍼(스텐레스형),탈착,CAN-001706
union_standard_time,1018110,승합-대형승합,판금/도장정비,판금(탈부착),앞범퍼(스텐레스형),교환,CAN-001704
union_standard_time,1018110,승합-대형승합,판금/도장정비,판금(탈부착),앞범퍼(스텐레스형),오버홀,CAN-001705
union_standard_time,1028101,승합-대형승합,기능정비,엔진 부품,라디에이터그릴,탈착,CAN-000320
union_standard_time,1028101,승합-대형승합,기능정비,엔진 부품,라디에이터그릴,교환,CAN-000318
union_standard_time,1028107,승합-대형승합,판금/도장정비,판금(탈부착),헤더패널,교환,CAN-003266
union_standard_time,1048101,승합-대형승합,판금/도장정비,판금(탈부착),앞 패널 ASSY,교환,CAN-001722
union_standard_time,1048110,승합-대형승합,판금/도장정비,판금(탈부착),앞 패널 ASSY(스텐레스형),교환,CAN-001725
union_standard_time,1048111,승합-대형승합,판금/도장정비,판금(탈부착),"앞 패널 ASSY(스텐레스,상하",교환,CAN-001723
union_standard_time,1048112,승합-대형승합,판금/도장정비,판금(탈부착),"앞 패널 ASSY(스텐레스,상하",교환,CAN-001723
union_standard_time,1048131,승합-대형승합,판금/도장정비,판금(탈부착),앞패널 로워 골조 ASSY,교환,CAN-001726
union_standard_time,1058301,승합-대형승합,기능정비,전기 및 램프,헤드램프(좌측),탈착,CAN-003301
union_standard_time,1058301,승합-대형승합,기능정비,전기 및 램프,헤드램프(좌측),교환,CAN-003300
union_standard_time,1058320,승합-대형승합,기능정비,전기 및 램프,시그널 램프(좌측),탈착,CAN-001503
union_standard_time,1058320,승합-대형승합,기능정비,전기 및 램프,시그널 램프(좌측),교환,CAN-001502
union_standard_time,1058402,승합-대형승합,기능정비,전기 및 램프,헤드램프(우측),탈착,CAN-003299
union_standard_time,1058402,승합-대형승합,기능정비,전기 및 램프,헤드램프(우측),교환,CAN-003298
union_standard_time,1058421,승합-대형승합,기능정비,전기 및 램프,시그널 램프(우측),탈착,CAN-001501
union_standard_time,1058421,승합-대형승합,기능정비,전기 및 램프,시그널 램프(우측),교환,CAN-001500
union_standard_time,1059326,승합-대형승합,기능정비,전기 및 램프,포그램프(좌측),탈착,CAN-002911
union_standard_time,1059326,승합-대형승합,기능정비,전기 및 램프,포그램프(좌측),교환,CAN-002910
union_standard_time,1059427,승합-대형승합,기능정비,전기 및 램프,포그램프(우측),탈착,CAN-002909
union_standard_time,1059427,승합-대형승합,기능정비,전기 및 램프,포그램프(우측),교환,CAN-002908
union_standard_time,1088023,승합-대형승합,판금/도장정비,판금(탈부착),프론트 윈도우 패널 ASSY,교환,CAN-003118
union_standard_time,1088301,승합-대형승합,기능정비,엔진 부품,프론트 필러 ASSY(좌측),교환,CAN-003160
union_standard_time,1088302,승합-대형승합,판금/도장정비,판금(탈부착),필러 외측패널(좌측),교환,CAN-003230
union_standard_time,1088307,승합-대형승합,기능정비,엔진 부품,윈도우 필러(좌측),교환,CAN-002239
union_standard_time,1088321,승합-대형승합,기능정비,엔진 부품,프론트 필러(좌측) - 내외측 분,교환,CAN-003173
union_standard_time,1088410,승합-대형승합,기능정비,엔진 부품,프론트 필러 ASSY(우측),교환,CAN-003159
union_standard_time,1088411,승합-대형승합,판금/도장정비,판금(탈부착),필러 외측패널(우측),교환,CAN-003229
union_standard_time,1088416,승합-대형승합,기능정비,엔진 부품,윈도우 필러(우측),교환,CAN-002237
union_standard_time,1088422,승합-대형승합,기능정비,엔진 부품,프론트 필러(우측) - 내외측 분,교환,CAN-003171
union_standard_time,1098101,승합-대형승합,판금/도장정비,판금(탈부착),승강구 스텝패널(앞),교환,CAN-001472
union_standard_time,1098103,승합-대형승합,판금/도장정비,판금(탈부착),승강구 스텝패널(앞)-스텐레,교환,CAN-001473
union_standard_time,1098202,승합-대형승합,판금/도장정비,판금(탈부착),승강구 스텝패널(뒤),교환,CAN-001470
union_standard_time,1098204,승합-대형승합,판금/도장정비,판금(탈부착),승강구 스텝패널(뒤)-스텐레,교환,CAN-001471
union_standard_time,1108001,승합-대형승합,기능정비,엔진 부품,보디철판 1장,교환,CAN-001053
union_standard_time,1108002,승합-대형승합,기능정비,엔진 부품,보디철판 2장,교환,CAN-001057
union_standard_time,1108003,승합-대형승합,기능정비,엔진 부품,보디철판 4장,교환,CAN-001061
union_standard_time,1108004,승합-대형승합,기능정비,엔진 부품,보디철판 8장,교환,CAN-001065
union_standard_time,1108005,승합-대형승합,기능정비,엔진 부품,보디철판 16장,교환,CAN-001049
union_standard_time,1108006,승합-대형승합,기능정비,엔진 부품,보디철판 1장-스텐레스,교환,CAN-001054
union_standard_time,1108007,승합-대형승합,기능정비,엔진 부품,보디철판 2장-스텐레스,교환,CAN-001058
union_standard_time,1108008,승합-대형승합,기능정비,엔진 부품,보디철판 4장-스텐레스,교환,CAN-001062
union_standard_time,1108009,승합-대형승합,기능정비,엔진 부품,보디철판 8장-스텐레스,교환,CAN-001066
union_standard_time,1108010,승합-대형승합,기능정비,엔진 부품,보디철판 16장-스텐레스,교환,CAN-001050
union_standard_time,1108011,승합-대형승합,기능정비,엔진 부품,"보디철판 1장-스텐레스,리벳",교환,CAN-001055
union_standard_time,1108012,승합-대형승합,기능정비,엔진 부품,"보디철판 2장-스텐레스,리벳",교환,CAN-001059
union_standard_time,1108013,승합-대형승합,기능정비,엔진 부품,"보디철판 4장-스텐레스,리벳",교환,CAN-001063
union_standard_time,1108014,승합-대형승합,기능정비,엔진 부품,"보디철판 8장-스텐레스,리벳",교환,CAN-001067
union_standard_time,1108015,승합-대형승합,기능정비,엔진 부품,"보디철판 16장-스텐레스,리벳",교환,CAN-001051
union_standard_time,1118001,승합-대형승합,판금/도장정비,판금(탈부착),루프철판 1장,교환,CAN-000416
union_standard_time,1118002,승합-대형승합,판금/도장정비,판금(탈부착),루프철판 2장,교환,CAN-000417
union_standard_time,1118003,승합-대형승합,판금/도장정비,판금(탈부착),루프철판 4장,교환,CAN-000418
union_standard_time,1118004,승합-대형승합,판금/도장정비,판금(탈부착),루프철판 8장,교환,CAN-000419
union_standard_time,1118005,승합-대형승합,판금/도장정비,판금(탈부착),루프철판 16장,교환,CAN-000415
union_standard_time,1118006,승합-대형승합,기능정비,엔진 부품,실내내장-1장,탈착,CAN-001525
union_standard_time,1118006,승합-대형승합,기능정비,엔진 부품,실내내장-1장,교환,CAN-001524
union_standard_time,1118007,승합-대형승합,기능정비,엔진 부품,실내내장-2장,탈착,CAN-001527
union_standard_time,1118007,승합-대형승합,기능정비,엔진 부품,실내내장-2장,교환,CAN-001526
union_standard_time,1118008,승합-대형승합,기능정비,엔진 부품,실내내장-4장,탈착,CAN-001529
union_standard_time,1118008,승합-대형승합,기능정비,엔진 부품,실내내장-4장,교환,CAN-001528
union_standard_time,1118009,승합-대형승합,기능정비,엔진 부품,실내내장-8장,탈착,CAN-001531
union_standard_time,1118009,승합-대형승합,기능정비,엔진 부품,실내내장-8장,교환,CAN-001530
union_standard_time,1118010,승합-대형승합,기능정비,엔진 부품,실내내장-16장,탈착,CAN-001523
union_standard_time,1118010,승합-대형승합,기능정비,엔진 부품,실내내장-16장,교환,CAN-001522
union_standard_time,1118011,승합-대형승합,기능정비,엔진 부품,플로어 매트 - 1장,탈착,CAN-003208
union_standard_time,1118011,승합-대형승합,기능정비,엔진 부품,플로어 매트 - 1장,교환,CAN-003207
union_standard_time,1118012,승합-대형승합,기능정비,엔진 부품,플로어 매트 - 2장,탈착,CAN-003210
union_standard_time,1118012,승합-대형승합,기능정비,엔진 부품,플로어 매트 - 2장,교환,CAN-003209
union_standard_time,1118013,승합-대형승합,기능정비,엔진 부품,플로어 매트 - 4장,탈착,CAN-003214
union_standard_time,1118013,승합-대형승합,기능정비,엔진 부품,플로어 매트 - 4장,교환,CAN-003213
union_standard_time,1118014,승합-대형승합,기능정비,엔진 부품,플로어 매트 - 8장,탈착,CAN-003216
union_standard_time,1118014,승합-대형승합,기능정비,엔진 부품,플로어 매트 - 8장,교환,CAN-003215
union_standard_time,1118015,승합-대형승합,기능정비,엔진 부품,플로어 매트 - 16장,탈착,CAN-003206
union_standard_time,1118015,승합-대형승합,기능정비,엔진 부품,플로어 매트 - 16장,교환,CAN-003205
union_standard_time,1118016,승합-대형승합,기능정비,엔진 부품,플로어 매트 - 32장,탈착,CAN-003212
union_standard_time,1118016,승합-대형승합,기능정비,엔진 부품,플로어 매트 - 32장,교환,CAN-003211
union_standard_time,1118017,승합-대형승합,기능정비,엔진 부품,플로어 보드 - 1장,교환,CAN-003218
union_standard_time,1118018,승합-대형승합,기능정비,엔진 부품,플로어 보드 - 2장,교환,CAN-003219
union_standard_time,1118019,승합-대형승합,기능정비,엔진 부품,플로어 보드 - 4장,교환,CAN-003221
union_standard_time,1118020,승합-대형승합,기능정비,엔진 부품,플로어 보드 - 8장,교환,CAN-003222
union_standard_time,1118021,승합-대형승합,기능정비,엔진 부품,플로어 보드 - 16장,교환,CAN-003217
union_standard_time,1118022,승합-대형승합,기능정비,엔진 부품,플로어 보드 - 32장,교환,CAN-003220
union_standard_time,1148012,승합-대형승합,판금/도장정비,판금(탈부착),승강구 (슬라이딩) 도어 A'ss,탈착,CAN-001477
union_standard_time,1148012,승합-대형승합,판금/도장정비,판금(탈부착),승강구 (슬라이딩) 도어 A'ss,교환,CAN-001475
union_standard_time,1148012,승합-대형승합,판금/도장정비,판금(탈부착),승강구 (슬라이딩) 도어 A'ss,오버홀,CAN-001476
union_standard_time,1148013,승합-대형승합,판금/도장정비,판금(탈부착),승강구(스윙)도어 ASSY,탈착,CAN-001469
union_standard_time,1148013,승합-대형승합,판금/도장정비,판금(탈부착),승강구(스윙)도어 ASSY,교환,CAN-001467
union_standard_time,1148013,승합-대형승합,판금/도장정비,판금(탈부착),승강구(스윙)도어 ASSY,오버홀,CAN-001468
union_standard_time,1148014,승합-대형승합,판금/도장정비,판금(탈부착),승강구 도어 실린더,탈착,CAN-001460
union_standard_time,1148014,승합-대형승합,판금/도장정비,판금(탈부착),승강구 도어 실린더,교환,CAN-001459
union_standard_time,1148015,승합-대형승합,판금/도장정비,판금(탈부착),승강구 도어 실린더-스윙식,탈착,CAN-001462
union_standard_time,1148015,승합-대형승합,판금/도장정비,판금(탈부착),승강구 도어 실린더-스윙식,교환,CAN-001461
union_standard_time,1158001,승합-대형승합,기능정비,엔진 부품,LID 류-1개,탈착,CAN-000065
union_standard_time,1158001,승합-대형승합,기능정비,엔진 부품,LID 류-1개,교환,CAN-000063
union_standard_time,1158001,승합-대형승합,기능정비,엔진 부품,LID 류-1개,오버홀,CAN-000064
union_standard_time,1158002,승합-대형승합,기능정비,엔진 부품,LID 류-2개,탈착,CAN-000068
union_standard_time,1158002,승합-대형승합,기능정비,엔진 부품,LID 류-2개,교환,CAN-000066
union_standard_time,1158002,승합-대형승합,기능정비,엔진 부품,LID 류-2개,오버홀,CAN-000067
union_standard_time,1158003,승합-대형승합,기능정비,엔진 부품,LID 류-4개,탈착,CAN-000071
union_standard_time,1158003,승합-대형승합,기능정비,엔진 부품,LID 류-4개,교환,CAN-000069
union_standard_time,1158003,승합-대형승합,기능정비,엔진 부품,LID 류-4개,오버홀,CAN-000070
union_standard_time,1158004,승합-대형승합,기능정비,엔진 부품,LID 류-8개,탈착,CAN-000074
union_standard_time,1158004,승합-대형승합,기능정비,엔진 부품,LID 류-8개,교환,CAN-000072
union_standard_time,1158004,승합-대형승합,기능정비,엔진 부품,LID 류-8개,오버홀,CAN-000073
union_standard_time,1158007,승합-대형승합,판금/도장정비,판금(탈부착),인스트루먼트 패널 골조,교환,CAN-002258
union_standard_time,1158205,승합-대형승합,기능정비,엔진 부품,뒤 엔진룸 LID,탈착,CAN-000207
union_standard_time,1158205,승합-대형승합,기능정비,엔진 부품,뒤 엔진룸 LID,교환,CAN-000206
union_standard_time,1158206,승합-대형승합,기능정비,엔진 부품,뒤 엔진룸 사이드(코너)LID,탈착,CAN-000209
union_standard_time,1158206,승합-대형승합,기능정비,엔진 부품,뒤 엔진룸 사이드(코너)LID,교환,CAN-000208
union_standard_time,1169302,승합-대형승합,기능정비,엔진 부품,사이드 미러(좌측)-전동식,탈착,CAN-001158
union_standard_time,1169302,승합-대형승합,기능정비,엔진 부품,사이드 미러(좌측)-전동식,교환,CAN-001157
union_standard_time,1169303,승합-대형승합,기능정비,엔진 부품,사이드 미러(좌측),탈착,CAN-001156
union_standard_time,1169303,승합-대형승합,기능정비,엔진 부품,사이드 미러(좌측),교환,CAN-001154
union_standard_time,1169405,승합-대형승합,기능정비,엔진 부품,사이드 미러(우측)-전동식,탈착,CAN-001146
union_standard_time,1169405,승합-대형승합,기능정비,엔진 부품,사이드 미러(우측)-전동식,교환,CAN-001145
union_standard_time,1169406,승합-대형승합,기능정비,엔진 부품,사이드 미러(우측),탈착,CAN-001144
union_standard_time,1169406,승합-대형승합,기능정비,엔진 부품,사이드 미러(우측),교환,CAN-001142
union_standard_time,1218001,승합-대형승합,판금/도장정비,판금(탈부착),루프패널(일체식),교환,CAN-000469
union_standard_time,1228201,승합-대형승합,판금/도장정비,판금(탈부착),뒤 범퍼,탈착,CAN-000186
union_standard_time,1228201,승합-대형승합,판금/도장정비,판금(탈부착),뒤 범퍼,교환,CAN-000184
union_standard_time,1228201,승합-대형승합,판금/도장정비,판금(탈부착),뒤 범퍼,오버홀,CAN-000185
union_standard_time,1228204,승합-대형승합,판금/도장정비,판금(탈부착),뒤 범퍼(우레탄형),탈착,CAN-000195
union_standard_time,1228204,승합-대형승합,판금/도장정비,판금(탈부착),뒤 범퍼(우레탄형),교환,CAN-000193
union_standard_time,1228204,승합-대형승합,판금/도장정비,판금(탈부착),뒤 범퍼(우레탄형),오버홀,CAN-000194
union_standard_time,1228207,승합-대형승합,판금/도장정비,판금(탈부착),뒤 범퍼(FRP),탈착,CAN-000183
union_standard_time,1228207,승합-대형승합,판금/도장정비,판금(탈부착),뒤 범퍼(FRP),교환,CAN-000181
union_standard_time,1228207,승합-대형승합,판금/도장정비,판금(탈부착),뒤 범퍼(FRP),오버홀,CAN-000182
union_standard_time,1228208,승합-대형승합,판금/도장정비,판금(탈부착),뒤 범퍼(스텐레스),탈착,CAN-000192
union_standard_time,1228208,승합-대형승합,판금/도장정비,판금(탈부착),뒤 범퍼(스텐레스),교환,CAN-000190
union_standard_time,1228208,승합-대형승합,판금/도장정비,판금(탈부착),뒤 범퍼(스텐레스),오버홀,CAN-000191
union_standard_time,1268018,승합-대형승합,기능정비,전기 및 램프,룸램프 - 1개,탈착,CAN-000477
union_standard_time,1268018,승합-대형승합,기능정비,전기 및 램프,룸램프 - 1개,교환,CAN-000476
union_standard_time,1268019,승합-대형승합,기능정비,전기 및 램프,룸램프 - 2개,탈착,CAN-000479
union_standard_time,1268019,승합-대형승합,기능정비,전기 및 램프,룸램프 - 2개,교환,CAN-000478
union_standard_time,1268020,승합-대형승합,기능정비,전기 및 램프,룸램프 - 4개,탈착,CAN-000483
union_standard_time,1268020,승합-대형승합,기능정비,전기 및 램프,룸램프 - 4개,교환,CAN-000482
union_standard_time,1268021,승합-대형승합,기능정비,전기 및 램프,룸램프 - 8개,탈착,CAN-000485
union_standard_time,1268021,승합-대형승합,기능정비,전기 및 램프,룸램프 - 8개,교환,CAN-000484
union_standard_time,1268022,승합-대형승합,기능정비,전기 및 램프,룸램프 - 16개,탈착,CAN-000475
union_standard_time,1268022,승합-대형승합,기능정비,전기 및 램프,룸램프 - 16개,교환,CAN-000474
union_standard_time,1268023,승합-대형승합,기능정비,전기 및 램프,룸램프 - 32개,탈착,CAN-000481
union_standard_time,1268023,승합-대형승합,기능정비,전기 및 램프,룸램프 - 32개,교환,CAN-000480
union_standard_time,1268211,승합-대형승합,판금/도장정비,판금(탈부착),리어 컴비네이션 패널,교환,CAN-000722
union_standard_time,1268216,승합-대형승합,판금/도장정비,판금(탈부착),리어 컴비네이션 패널-스텐레,교환,CAN-000723
union_standard_time,1268301,승합-대형승합,기능정비,전기 및 램프,콤비네이션램프(좌측),탈착,CAN-002580
union_standard_time,1268301,승합-대형승합,기능정비,전기 및 램프,콤비네이션램프(좌측),교환,CAN-002579
union_standard_time,1268402,승합-대형승합,기능정비,전기 및 램프,콤비네이션램프(우측),탈착,CAN-002578
union_standard_time,1268402,승합-대형승합,기능정비,전기 및 램프,콤비네이션램프(우측),교환,CAN-002577
union_standard_time,1278001,승합-대형승합,기능정비,엔진 부품,사이드 윈도우 필러 - 1개,교환,CAN-001221
union_standard_time,1278002,승합-대형승합,기능정비,엔진 부품,사이드 윈도우 필러 - 2개,교환,CAN-001222
union_standard_time,1278003,승합-대형승합,기능정비,엔진 부품,사이드 윈도우 필러 - 4개,교환,CAN-001223
union_standard_time,1278004,승합-대형승합,기능정비,엔진 부품,사이드 윈도우 필러 - 8개,교환,CAN-001224
union_standard_time,1278005,승합-대형승합,기능정비,엔진 부품,사이드 윈도우 필러 - 16개,교환,CAN-001220
union_standard_time,1368309,승합-대형승합,판금/도장정비,판금(탈부착),리어 코너패널(좌측),교환,CAN-000728
union_standard_time,1368311,승합-대형승합,판금/도장정비,판금(탈부착),리어 코너패널(좌측)-스텐레스,교환,CAN-000730
union_standard_time,1368410,승합-대형승합,판금/도장정비,판금(탈부착),리어 코너패널(우측),교환,CAN-000725
union_standard_time,1368412,승합-대형승합,판금/도장정비,판금(탈부착),리어 코너패널(우측)-스텐레스,교환,CAN-000727
union_standard_time,1378501,승합-대형승합,판금/도장정비,판금(탈부착),"휀다패널(앞,좌)",탈착,CAN-003389
union_standard_time,1378501,승합-대형승합,판금/도장정비,판금(탈부착),"휀다패널(앞,좌)",교환,CAN-003388
union_standard_time,1378602,승합-대형승합,판금/도장정비,판금(탈부착),"휀다패널(앞,우)",탈착,CAN-003387
union_standard_time,1378602,승합-대형승합,판금/도장정비,판금(탈부착),"휀다패널(앞,우)",교환,CAN-003386
union_standard_time,1378703,승합-대형승합,판금/도장정비,판금(탈부착),"휀다패널(뒤,좌)",탈착,CAN-003385
union_standard_time,1378703,승합-대형승합,판금/도장정비,판금(탈부착),"휀다패널(뒤,좌)",교환,CAN-003384
union_standard_time,1378804,승합-대형승합,판금/도장정비,판금(탈부착),"휀다패널(뒤,우)",탈착,CAN-003383
union_standard_time,1378804,승합-대형승합,판금/도장정비,판금(탈부착),"휀다패널(뒤,우)",교환,CAN-003382
union_standard_time,1388012,승합-대형승합,판금/도장정비,판금(탈부착),프론트 보디패널 ASSY,교환,CAN-003029
union_standard_time,1388013,승합-대형승합,판금/도장정비,판금(탈부착),리어 보디패널 ASSY,교환,CAN-000558
union_standard_time,1388309,승합-대형승합,기능정비,엔진 부품,선반(좌측),탈착,CAN-001287
union_standard_time,1388309,승합-대형승합,기능정비,엔진 부품,선반(좌측),교환,CAN-001286
union_standard_time,1388410,승합-대형승합,기능정비,엔진 부품,선반(우측),탈착,CAN-001285
union_standard_time,1388410,승합-대형승합,기능정비,엔진 부품,선반(우측),교환,CAN-001284
union_standard_time,1398001,승합-대형승합,기능정비,엔진 부품,벤티레이터 - 1개,탈착,CAN-001036
union_standard_time,1398001,승합-대형승합,기능정비,엔진 부품,벤티레이터 - 1개,교환,CAN-001035
union_standard_time,1398002,승합-대형승합,기능정비,엔진 부품,벤티레이터 - 2개,탈착,CAN-001038
union_standard_time,1398002,승합-대형승합,기능정비,엔진 부품,벤티레이터 - 2개,교환,CAN-001037
union_standard_time,1398003,승합-대형승합,기능정비,엔진 부품,벤티레이터 - 4개,탈착,CAN-001042
union_standard_time,1398003,승합-대형승합,기능정비,엔진 부품,벤티레이터 - 4개,교환,CAN-001041
union_standard_time,1398004,승합-대형승합,기능정비,엔진 부품,벤티레이터 - 8개,탈착,CAN-001044
union_standard_time,1398004,승합-대형승합,기능정비,엔진 부품,벤티레이터 - 8개,교환,CAN-001043
union_standard_time,1398005,승합-대형승합,기능정비,엔진 부품,벤티레이터 - 16개,탈착,CAN-001034
union_standard_time,1398005,승합-대형승합,기능정비,엔진 부품,벤티레이터 - 16개,교환,CAN-001033
union_standard_time,1398006,승합-대형승합,기능정비,엔진 부품,벤티레이터 - 32개,탈착,CAN-001040
union_standard_time,1398006,승합-대형승합,기능정비,엔진 부품,벤티레이터 - 32개,교환,CAN-001039
union_standard_time,1398007,승합-대형승합,기능정비,엔진 부품,속도 표시등 - 1개,탈착,CAN-001320
union_standard_time,1398007,승합-대형승합,기능정비,엔진 부품,속도 표시등 - 1개,교환,CAN-001319
union_standard_time,1398008,승합-대형승합,기능정비,엔진 부품,속도 표시등 - 2개,탈착,CAN-001322
union_standard_time,1398008,승합-대형승합,기능정비,엔진 부품,속도 표시등 - 2개,교환,CAN-001321
union_standard_time,1398009,승합-대형승합,기능정비,엔진 부품,속도 표시등 - 4개,탈착,CAN-001324
union_standard_time,1398009,승합-대형승합,기능정비,엔진 부품,속도 표시등 - 4개,교환,CAN-001323
union_standard_time,1408005,승합-대형승합,판금/도장정비,판금(탈부착),리어 윈도우 패널 ASSY,교환,CAN-000710
union_standard_time,1428031,승합-대형승합,기능정비,엔진 부품,프론트 플로어 프레임,교환,CAN-003146
union_standard_time,1428032,승합-대형승합,기능정비,엔진 부품,파티션 바,탈착,CAN-002870
union_standard_time,1428032,승합-대형승합,기능정비,엔진 부품,파티션 바,교환,CAN-002869
union_standard_time,1438101,승합-대형승합,소모품 및 하체정비,하체 부품,프론트 크로스멤버(#1),탈착,CAN-003120
union_standard_time,1438101,승합-대형승합,소모품 및 하체정비,하체 부품,프론트 크로스멤버(#1),교환,CAN-003119
union_standard_time,1438102,승합-대형승합,소모품 및 하체정비,하체 부품,프론트 크로스멤버(#1)-리벳,탈착,CAN-003122
union_standard_time,1438102,승합-대형승합,소모품 및 하체정비,하체 부품,프론트 크로스멤버(#1)-리벳,교환,CAN-003121
union_standard_time,1438203,승합-대형승합,소모품 및 하체정비,하체 부품,리어 크로스멤버,탈착,CAN-000739
union_standard_time,1438203,승합-대형승합,소모품 및 하체정비,하체 부품,리어 크로스멤버,교환,CAN-000738
union_standard_time,1438204,승합-대형승합,소모품 및 하체정비,하체 부품,리어 크로스멤버-리벳고정식,탈착,CAN-000741
union_standard_time,1438204,승합-대형승합,소모품 및 하체정비,하체 부품,리어 크로스멤버-리벳고정식,교환,CAN-000740
union_standard_time,1468205,승합-대형승합,소모품 및 하체정비,브레이크/타이어,스페어 타이어 캐리어,탈착,CAN-001420
union_standard_time,1468205,승합-대형승합,소모품 및 하체정비,브레이크/타이어,스페어 타이어 캐리어,교환,CAN-001419
union_standard_time,3478001,승합-대형승합,소모품 및 하체정비,브레이크/타이어,크러시 패드,탈착,CAN-002613
union_standard_time,3478001,승합-대형승합,소모품 및 하체정비,브레이크/타이어,크러시 패드,교환,CAN-002612
union_standard_time,3478007,승합-대형승합,기능정비,엔진 부품,대시보드 철판,탈착,CAN-000150
union_standard_time,3478007,승합-대형승합,기능정비,엔진 부품,대시보드 철판,교환,CAN-000149
union_standard_time,3478021,승합-대형승합,기능정비,에어컨,뒤 히터(1번),탈착,CAN-000246
union_standard_time,3478021,승합-대형승합,기능정비,에어컨,뒤 히터(1번),교환,CAN-000245
union_standard_time,3478022,승합-대형승합,기능정비,에어컨,뒤 히터(2번),탈착,CAN-000248
union_standard_time,3478022,승합-대형승합,기능정비,에어컨,뒤 히터(2번),교환,CAN-000247
union_standard_time,3479013,승합-대형승합,기능정비,엔진 부품,종합계기ASSY,탈착,CAN-002388
union_standard_time,3479013,승합-대형승합,기능정비,엔진 부품,종합계기ASSY,교환,CAN-002387
union_standard_time,3479019,승합-대형승합,기능정비,에어컨,히터 유니트(앞),탈착,CAN-003459
union_standard_time,3479019,승합-대형승합,기능정비,에어컨,히터 유니트(앞),교환,CAN-003457
union_standard_time,3479019,승합-대형승합,기능정비,에어컨,히터 유니트(앞),오버홀,CAN-003458
union_standard_time,3488007,승합-대형승합,기능정비,엔진 부품,운전석 시트(2인석),탈착,CAN-002224
union_standard_time,3488007,승합-대형승합,기능정비,엔진 부품,운전석 시트(2인석),교환,CAN-002223
union_standard_time,3488032,승합-대형승합,기능정비,엔진 부품,시트기어(1개),탈착,CAN-001507
union_standard_time,3488032,승합-대형승합,기능정비,엔진 부품,시트기어(1개),교환,CAN-001506
union_standard_time,3488033,승합-대형승합,기능정비,엔진 부품,시트기어(2개),탈착,CAN-001509
union_standard_time,3488033,승합-대형승합,기능정비,엔진 부품,시트기어(2개),교환,CAN-001508
union_standard_time,3488034,승합-대형승합,기능정비,엔진 부품,시트기어(4개),탈착,CAN-001513
union_standard_time,3488034,승합-대형승합,기능정비,엔진 부품,시트기어(4개),교환,CAN-001512
union_standard_time,3488035,승합-대형승합,기능정비,엔진 부품,시트기어(8개),탈착,CAN-001515
union_standard_time,3488035,승합-대형승합,기능정비,엔진 부품,시트기어(8개),교환,CAN-001514
union_standard_time,3488036,승합-대형승합,기능정비,엔진 부품,시트기어(16개),탈착,CAN-001505
union_standard_time,3488036,승합-대형승합,기능정비,엔진 부품,시트기어(16개),교환,CAN-001504
union_standard_time,3488037,승합-대형승합,기능정비,엔진 부품,시트기어(32개),탈착,CAN-001511
union_standard_time,3488037,승합-대형승합,기능정비,엔진 부품,시트기어(32개),교환,CAN-001510
union_standard_time,3488301,승합-대형승합,기능정비,엔진 부품,시트(운전석),탈착,CAN-001521
union_standard_time,3488301,승합-대형승합,기능정비,엔진 부품,시트(운전석),교환,CAN-001520
union_standard_time,3499023,승합-대형승합,기능정비,엔진 부품,안전밸트(1개),탈착,CAN-001611
union_standard_time,3499023,승합-대형승합,기능정비,엔진 부품,안전밸트(1개),교환,CAN-001610
union_standard_time,3499024,승합-대형승합,기능정비,엔진 부품,안전밸트(2개),탈착,CAN-001613
union_standard_time,3499024,승합-대형승합,기능정비,엔진 부품,안전밸트(2개),교환,CAN-001612
union_standard_time,3499025,승합-대형승합,기능정비,엔진 부품,안전밸트(4개),탈착,CAN-001637
union_standard_time,3499025,승합-대형승합,기능정비,엔진 부품,안전밸트(4개),교환,CAN-001636
union_standard_time,3499026,승합-대형승합,기능정비,엔진 부품,안전밸트(8개),탈착,CAN-001647
union_standard_time,3499026,승합-대형승합,기능정비,엔진 부품,안전밸트(8개),교환,CAN-001646
union_standard_time,3499027,승합-대형승합,기능정비,엔진 부품,안전밸트(16개),탈착,CAN-001609
union_standard_time,3499027,승합-대형승합,기능정비,엔진 부품,안전밸트(16개),교환,CAN-001608
union_standard_time,3499028,승합-대형승합,기능정비,엔진 부품,안전밸트(32개),탈착,CAN-001631
union_standard_time,3499028,승합-대형승합,기능정비,엔진 부품,안전밸트(32개),교환,CAN-001630
union_standard_time,3508003,승합-대형승합,기능정비,전기 및 램프,앞 배선,탈착,CAN-001694
union_standard_time,3508003,승합-대형승합,기능정비,전기 및 램프,앞 배선,교환,CAN-001693
union_standard_time,3508026,승합-대형승합,소모품 및 하체정비,소모품,밧데리 캐리어,탈착,CAN-000880
union_standard_time,3508026,승합-대형승합,소모품 및 하체정비,소모품,밧데리 캐리어,교환,CAN-000879
union_standard_time,3509019,승합-대형승합,기능정비,전기 및 램프,컴비네이션 스위치,탈착,CAN-002519
union_standard_time,3509019,승합-대형승합,기능정비,전기 및 램프,컴비네이션 스위치,교환,CAN-002518
union_standard_time,3509022,승합-대형승합,기능정비,엔진 부품,와이퍼 링케이지,탈착,CAN-002188
union_standard_time,3509022,승합-대형승합,기능정비,엔진 부품,와이퍼 링케이지,교환,CAN-002187
union_standard_time,3518016,승합-대형승합,기능정비,엔진 부품,라디에이터 ASSY,탈착,CAN-000309
union_standard_time,3518016,승합-대형승합,기능정비,엔진 부품,라디에이터 ASSY,교환,CAN-000308
union_standard_time,3518030,승합-대형승합,기능정비,엔진 부품,와샤 탱크(앞),탈착,CAN-002182
union_standard_time,3518030,승합-대형승합,기능정비,엔진 부품,와샤 탱크(앞),교환,CAN-002181
union_standard_time,3518031,승합-대형승합,기능정비,엔진 부품,와샤 탱크(뒤),탈착,CAN-002180
union_standard_time,3518031,승합-대형승합,기능정비,엔진 부품,와샤 탱크(뒤),교환,CAN-002179
union_standard_time,3518032,승합-대형승합,기능정비,엔진 부품,제너레이터 ASSY,탈착,CAN-002386
union_standard_time,3518032,승합-대형승합,기능정비,엔진 부품,제너레이터 ASSY,교환,CAN-002385
union_standard_time,3518033,승합-대형승합,기능정비,엔진 부품,스타팅모터 ASSY,탈착,CAN-001358
union_standard_time,3518033,승합-대형승합,기능정비,엔진 부품,스타팅모터 ASSY,교환,CAN-001357
union_standard_time,3519015,승합-대형승합,기능정비,에어컨,에어컨 덕트,탈착,CAN-001816
union_standard_time,3519015,승합-대형승합,기능정비,에어컨,에어컨 덕트,교환,CAN-001815
union_standard_time,3519020,승합-대형승합,기능정비,엔진 부품,냉각 팬,탈착,CAN-000133
union_standard_time,3519020,승합-대형승합,기능정비,엔진 부품,냉각 팬,교환,CAN-000132
union_standard_time,3549019,승합-대형승합,기능정비,엔진 부품,필러트림(1개),탈착,CAN-003234
union_standard_time,3549019,승합-대형승합,기능정비,엔진 부품,필러트림(1개),교환,CAN-003233
union_standard_time,3549020,승합-대형승합,기능정비,엔진 부품,필러트림(2개),탈착,CAN-003236
union_standard_time,3549020,승합-대형승합,기능정비,엔진 부품,필러트림(2개),교환,CAN-003235
union_standard_time,3549021,승합-대형승합,기능정비,엔진 부품,필러트림(4개),탈착,CAN-003240
union_standard_time,3549021,승합-대형승합,기능정비,엔진 부품,필러트림(4개),교환,CAN-003239
union_standard_time,3549022,승합-대형승합,기능정비,엔진 부품,필러트림(8개),탈착,CAN-003242
union_standard_time,3549022,승합-대형승합,기능정비,엔진 부품,필러트림(8개),교환,CAN-003241
union_standard_time,3549023,승합-대형승합,기능정비,엔진 부품,필러트림(16개),탈착,CAN-003232
union_standard_time,3549023,승합-대형승합,기능정비,엔진 부품,필러트림(16개),교환,CAN-003231
union_standard_time,3549024,승합-대형승합,기능정비,엔진 부품,필러트림(32개),탈착,CAN-003238
union_standard_time,3549024,승합-대형승합,기능정비,엔진 부품,필러트림(32개),교환,CAN-003237
union_standard_time,3568001,승합-대형승합,기능정비,엔진 부품,안테나,탈착,CAN-001673
union_standard_time,3568001,승합-대형승합,기능정비,엔진 부품,안테나,교환,CAN-001672
union_standard_time,3568021,승합-대형승합,기능정비,에어컨,에어컨(엔진)ASSY,탈착,CAN-001821
union_standard_time,3568021,승합-대형승합,기능정비,에어컨,에어컨(엔진)ASSY,교환,CAN-001820
union_standard_time,3568310,승합-대형승합,기능정비,엔진 부품,선바이져(좌측),탈착,CAN-001281
union_standard_time,3568310,승합-대형승합,기능정비,엔진 부품,선바이져(좌측),교환,CAN-001280
union_standard_time,3568312,승합-대형승합,기능정비,엔진 부품,선바이져(좌측)-자동식,탈착,CAN-001283
union_standard_time,3568312,승합-대형승합,기능정비,엔진 부품,선바이져(좌측)-자동식,교환,CAN-001282
union_standard_time,3568411,승합-대형승합,기능정비,엔진 부품,선바이져(우측),탈착,CAN-001277
union_standard_time,3568411,승합-대형승합,기능정비,엔진 부품,선바이져(우측),교환,CAN-001276
union_standard_time,3568413,승합-대형승합,기능정비,엔진 부품,선바이져(우측)-자동식,탈착,CAN-001279
union_standard_time,3568413,승합-대형승합,기능정비,엔진 부품,선바이져(우측)-자동식,교환,CAN-001278
union_standard_time,3578039,승합-대형승합,기능정비,엔진 부품,"전면유리(접착식, 1피스)",탈착,CAN-002360
union_standard_time,3578039,승합-대형승합,기능정비,엔진 부품,"전면유리(접착식, 1피스)",교환,CAN-002359
union_standard_time,3578042,승합-대형승합,기능정비,엔진 부품,전면 상단유리(접착식),탈착,CAN-002352
union_standard_time,3578042,승합-대형승합,기능정비,엔진 부품,전면 상단유리(접착식),교환,CAN-002351
union_standard_time,3578043,승합-대형승합,기능정비,엔진 부품,"전면유리(끼움식, 1피스)",탈착,CAN-002354
union_standard_time,3578043,승합-대형승합,기능정비,엔진 부품,"전면유리(끼움식, 1피스)",교환,CAN-002353
union_standard_time,3578049,승합-대형승합,기능정비,엔진 부품,"옆창유리(고정,접착식)-1개",탈착,CAN-002118
union_standard_time,3578049,승합-대형승합,기능정비,엔진 부품,"옆창유리(고정,접착식)-1개",교환,CAN-002117
union_standard_time,3578050,승합-대형승합,기능정비,엔진 부품,"옆창유리(고정,접착식)-2개",탈착,CAN-002120
union_standard_time,3578050,승합-대형승합,기능정비,엔진 부품,"옆창유리(고정,접착식)-2개",교환,CAN-002119
union_standard_time,3578051,승합-대형승합,기능정비,엔진 부품,"옆창유리(고정,접착식)-4개",탈착,CAN-002122
union_standard_time,3578051,승합-대형승합,기능정비,엔진 부품,"옆창유리(고정,접착식)-4개",교환,CAN-002121
union_standard_time,3578052,승합-대형승합,기능정비,엔진 부품,"옆창유리(고정,접착식)-8개",탈착,CAN-002124
union_standard_time,3578052,승합-대형승합,기능정비,엔진 부품,"옆창유리(고정,접착식)-8개",교환,CAN-002123
union_standard_time,3578053,승합-대형승합,기능정비,엔진 부품,"옆창유리(고정,끼움식)-1개",탈착,CAN-002110
union_standard_time,3578053,승합-대형승합,기능정비,엔진 부품,"옆창유리(고정,끼움식)-1개",교환,CAN-002109
union_standard_time,3578054,승합-대형승합,기능정비,엔진 부품,"옆창유리(고정,끼움식)-2개",탈착,CAN-002112
union_standard_time,3578054,승합-대형승합,기능정비,엔진 부품,"옆창유리(고정,끼움식)-2개",교환,CAN-002111
union_standard_time,3578055,승합-대형승합,기능정비,엔진 부품,"옆창유리(고정,끼움식)-4개",탈착,CAN-002114
union_standard_time,3578055,승합-대형승합,기능정비,엔진 부품,"옆창유리(고정,끼움식)-4개",교환,CAN-002113
union_standard_time,3578056,승합-대형승합,기능정비,엔진 부품,"옆창유리(고정,끼움식)-8개",탈착,CAN-002116
union_standard_time,3578056,승합-대형승합,기능정비,엔진 부품,"옆창유리(고정,끼움식)-8개",교환,CAN-002115
union_standard_time,3578057,승합-대형승합,기능정비,엔진 부품,"옆창(상고정식,상,접착)-1개",탈착,CAN-002076
union_standard_time,3578057,승합-대형승합,기능정비,엔진 부품,"옆창(상고정식,상,접착)-1개",교환,CAN-002075
union_standard_time,3578058,승합-대형승합,기능정비,엔진 부품,"옆창(상고정식,상,접착)-2개",탈착,CAN-002078
union_standard_time,3578058,승합-대형승합,기능정비,엔진 부품,"옆창(상고정식,상,접착)-2개",교환,CAN-002077
union_standard_time,3578059,승합-대형승합,기능정비,엔진 부품,"옆창(상고정식,상,접착)-4개",탈착,CAN-002080
union_standard_time,3578059,승합-대형승합,기능정비,엔진 부품,"옆창(상고정식,상,접착)-4개",교환,CAN-002079
union_standard_time,3578060,승합-대형승합,기능정비,엔진 부품,"옆창(상고정식,상,접착)-8개",탈착,CAN-002082
union_standard_time,3578060,승합-대형승합,기능정비,엔진 부품,"옆창(상고정식,상,접착)-8개",교환,CAN-002081
union_standard_time,3578061,승합-대형승합,기능정비,엔진 부품,"옆창(상고정식,상,끼움)-1개",탈착,CAN-002068
union_standard_time,3578061,승합-대형승합,기능정비,엔진 부품,"옆창(상고정식,상,끼움)-1개",교환,CAN-002067
union_standard_time,3578062,승합-대형승합,기능정비,엔진 부품,"옆창(상고정식,상,끼움)-2개",탈착,CAN-002070
union_standard_time,3578062,승합-대형승합,기능정비,엔진 부품,"옆창(상고정식,상,끼움)-2개",교환,CAN-002069
union_standard_time,3578063,승합-대형승합,기능정비,엔진 부품,"옆창(상고정식,상,끼움)-4개",탈착,CAN-002072
union_standard_time,3578063,승합-대형승합,기능정비,엔진 부품,"옆창(상고정식,상,끼움)-4개",교환,CAN-002071
union_standard_time,3578064,승합-대형승합,기능정비,엔진 부품,"옆창(상고정식,상,끼움)-8개",탈착,CAN-002074
union_standard_time,3578064,승합-대형승합,기능정비,엔진 부품,"옆창(상고정식,상,끼움)-8개",교환,CAN-002073
union_standard_time,3578065,승합-대형승합,기능정비,엔진 부품,"옆창(상고정식,하,미닫이)-1개",교환,CAN-002084
union_standard_time,3578066,승합-대형승합,기능정비,엔진 부품,"옆창(상고정식,하,미닫이)-2개",교환,CAN-002085
union_standard_time,3578067,승합-대형승합,기능정비,엔진 부품,"옆창(상고정식,하,미닫이)-4개",교환,CAN-002086
union_standard_time,3578068,승합-대형승합,기능정비,엔진 부품,"옆창(상고정식,하,미닫이)-8개",교환,CAN-002087
union_standard_time,3578069,승합-대형승합,기능정비,엔진 부품,"옆창(상고정식,하,미닫이)-16개",교환,CAN-002083
union_standard_time,3578070,승합-대형승합,기능정비,엔진 부품,"옆창(미닫이식,창틀有)-1개",탈착,CAN-002050
union_standard_time,3578070,승합-대형승합,기능정비,엔진 부품,"옆창(미닫이식,창틀有)-1개",교환,CAN-002049
union_standard_time,3578071,승합-대형승합,기능정비,엔진 부품,"옆창(미닫이식,창틀有)-2개",탈착,CAN-002052
union_standard_time,3578071,승합-대형승합,기능정비,엔진 부품,"옆창(미닫이식,창틀有)-2개",교환,CAN-002051
union_standard_time,3578072,승합-대형승합,기능정비,엔진 부품,"옆창(미닫이식,창틀有)-4개",탈착,CAN-002054
union_standard_time,3578072,승합-대형승합,기능정비,엔진 부품,"옆창(미닫이식,창틀有)-4개",교환,CAN-002053
union_standard_time,3578073,승합-대형승합,기능정비,엔진 부품,"옆창(미닫이식,창틀有)-8개",탈착,CAN-002056
union_standard_time,3578073,승합-대형승합,기능정비,엔진 부품,"옆창(미닫이식,창틀有)-8개",교환,CAN-002055
union_standard_time,3578074,승합-대형승합,기능정비,엔진 부품,"옆창(미닫이식,창틀有)-16개",탈착,CAN-002048
union_standard_time,3578074,승합-대형승합,기능정비,엔진 부품,"옆창(미닫이식,창틀有)-16개",교환,CAN-002047
union_standard_time,3578075,승합-대형승합,기능정비,엔진 부품,"옆창(미닫이식,창틀無)-1개",탈착,CAN-002060
union_standard_time,3578075,승합-대형승합,기능정비,엔진 부품,"옆창(미닫이식,창틀無)-1개",교환,CAN-002059
union_standard_time,3578076,승합-대형승합,기능정비,엔진 부품,"옆창(미닫이식,창틀無)-2개",탈착,CAN-002062
union_standard_time,3578076,승합-대형승합,기능정비,엔진 부품,"옆창(미닫이식,창틀無)-2개",교환,CAN-002061
union_standard_time,3578077,승합-대형승합,기능정비,엔진 부품,"옆창(미닫이식,창틀無)-4개",탈착,CAN-002064
union_standard_time,3578077,승합-대형승합,기능정비,엔진 부품,"옆창(미닫이식,창틀無)-4개",교환,CAN-002063
union_standard_time,3578078,승합-대형승합,기능정비,엔진 부품,"옆창(미닫이식,창틀無)-8개",탈착,CAN-002066
union_standard_time,3578078,승합-대형승합,기능정비,엔진 부품,"옆창(미닫이식,창틀無)-8개",교환,CAN-002065
union_standard_time,3578079,승합-대형승합,기능정비,엔진 부품,"옆창(미닫이식,창틀無)-16개",탈착,CAN-002058
union_standard_time,3578079,승합-대형승합,기능정비,엔진 부품,"옆창(미닫이식,창틀無)-16개",교환,CAN-002057
union_standard_time,3578080,승합-대형승합,기능정비,엔진 부품,"옆창(상하고정,상,접착)-1개",탈착,CAN-002089
union_standard_time,3578080,승합-대형승합,기능정비,엔진 부품,"옆창(상하고정,상,접착)-1개",교환,CAN-002088
union_standard_time,3578081,승합-대형승합,기능정비,엔진 부품,"옆창(상하고정,상,접착)-2개",탈착,CAN-002091
union_standard_time,3578081,승합-대형승합,기능정비,엔진 부품,"옆창(상하고정,상,접착)-2개",교환,CAN-002090
union_standard_time,3578082,승합-대형승합,기능정비,엔진 부품,"옆창(상하고정,상,접착)-4개",탈착,CAN-002093
union_standard_time,3578082,승합-대형승합,기능정비,엔진 부품,"옆창(상하고정,상,접착)-4개",교환,CAN-002092
union_standard_time,3578083,승합-대형승합,기능정비,엔진 부품,"옆창(상하고정,상,접착)-8개",탈착,CAN-002095
union_standard_time,3578083,승합-대형승합,기능정비,엔진 부품,"옆창(상하고정,상,접착)-8개",교환,CAN-002094
union_standard_time,3578084,승합-대형승합,기능정비,엔진 부품,"옆창(상하고정,하,접착)-1개",탈착,CAN-002102
union_standard_time,3578084,승합-대형승합,기능정비,엔진 부품,"옆창(상하고정,하,접착)-1개",교환,CAN-002101
union_standard_time,3578085,승합-대형승합,기능정비,엔진 부품,"옆창(상하고정,하,접착)-2개",탈착,CAN-002104
union_standard_time,3578085,승합-대형승합,기능정비,엔진 부품,"옆창(상하고정,하,접착)-2개",교환,CAN-002103
union_standard_time,3578086,승합-대형승합,기능정비,엔진 부품,"옆창(상하고정,하,접착)-4개",탈착,CAN-002106
union_standard_time,3578086,승합-대형승합,기능정비,엔진 부품,"옆창(상하고정,하,접착)-4개",교환,CAN-002105
union_standard_time,3578087,승합-대형승합,기능정비,엔진 부품,"옆창(상하고정,하,접착)-8개",탈착,CAN-002108
union_standard_time,3578087,승합-대형승합,기능정비,엔진 부품,"옆창(상하고정,하,접착)-8개",교환,CAN-002107
union_standard_time,3578088,승합-대형승합,기능정비,엔진 부품,"옆창(상하고정,중앙,미닫)-1개",교환,CAN-002097
union_standard_time,3578089,승합-대형승합,기능정비,엔진 부품,"옆창(상하고정,중앙,미닫)-2개",교환,CAN-002098
union_standard_time,3578090,승합-대형승합,기능정비,엔진 부품,"옆창(상하고정,중앙,미닫)-4개",교환,CAN-002099
union_standard_time,3578091,승합-대형승합,기능정비,엔진 부품,"옆창(상하고정,중앙,미닫)-8개",교환,CAN-002100
union_standard_time,3578092,승합-대형승합,기능정비,엔진 부품,"옆창(상하고정,중앙,미닫)-16개",교환,CAN-002096
union_standard_time,3578093,승합-대형승합,기능정비,엔진 부품,운전석비상유리(고정식),탈착,CAN-002222
union_standard_time,3578093,승합-대형승합,기능정비,엔진 부품,운전석비상유리(고정식),교환,CAN-002221
union_standard_time,3578094,승합-대형승합,기능정비,엔진 부품,"운전석비상(상고정식,상)",교환,CAN-002215
union_standard_time,3578095,승합-대형승합,기능정비,엔진 부품,"운전석비상(상고정식,미닫이)",탈착,CAN-002214
union_standard_time,3578095,승합-대형승합,기능정비,엔진 부품,"운전석비상(상고정식,미닫이)",교환,CAN-002213
union_standard_time,3578096,승합-대형승합,기능정비,엔진 부품,"운전석비상(미닫이식,창틀有)",교환,CAN-002212
union_standard_time,3578097,승합-대형승합,기능정비,엔진 부품,"운전석비상(상하고정,상)",탈착,CAN-002219
union_standard_time,3578097,승합-대형승합,기능정비,엔진 부품,"운전석비상(상하고정,상)",교환,CAN-002218
union_standard_time,3578098,승합-대형승합,기능정비,엔진 부품,"운전석비상(상하고정,하)",교환,CAN-002220
union_standard_time,3578099,승합-대형승합,기능정비,엔진 부품,"운전석비상(상하고정,미닫이)",탈착,CAN-002217
union_standard_time,3578099,승합-대형승합,기능정비,엔진 부품,"운전석비상(상하고정,미닫이)",교환,CAN-002216
union_standard_time,3578146,승합-대형승합,기능정비,엔진 부품,전면 상단유리(끼움식),탈착,CAN-002350
union_standard_time,3578146,승합-대형승합,기능정비,엔진 부품,전면 상단유리(끼움식),교환,CAN-002349
union_standard_time,3578247,승합-대형승합,기능정비,엔진 부품,"후면유리(버스,접착식)",탈착,CAN-003367
union_standard_time,3578247,승합-대형승합,기능정비,엔진 부품,"후면유리(버스,접착식)",교환,CAN-003366
union_standard_time,3578248,승합-대형승합,기능정비,엔진 부품,"후면유리(버스,끼움식)",탈착,CAN-003365
union_standard_time,3578248,승합-대형승합,기능정비,엔진 부품,"후면유리(버스,끼움식)",교환,CAN-003364
union_standard_time,3578340,승합-대형승합,기능정비,엔진 부품,"전면유리(접착식, 2피스,좌)",탈착,CAN-002364
union_standard_time,3578340,승합-대형승합,기능정비,엔진 부품,"전면유리(접착식, 2피스,좌)",교환,CAN-002363
union_standard_time,3578344,승합-대형승합,기능정비,엔진 부품,"전면유리(끼움식, 2피스,좌)",탈착,CAN-002358
union_standard_time,3578344,승합-대형승합,기능정비,엔진 부품,"전면유리(끼움식, 2피스,좌)",교환,CAN-002357
union_standard_time,3578441,승합-대형승합,기능정비,엔진 부품,"전면유리(접착식, 2피스,우)",탈착,CAN-002362
union_standard_time,3578441,승합-대형승합,기능정비,엔진 부품,"전면유리(접착식, 2피스,우)",교환,CAN-002361
union_standard_time,3578445,승합-대형승합,기능정비,엔진 부품,"전면유리(끼움식, 2피스,우)",탈착,CAN-002356
union_standard_time,3578445,승합-대형승합,기능정비,엔진 부품,"전면유리(끼움식, 2피스,우)",교환,CAN-002355
union_standard_time,5588006,승합-대형승합,기능정비,엔진 부품,엔진ASSY,탈착,CAN-001913
union_standard_time,5588006,승합-대형승합,기능정비,엔진 부품,엔진ASSY,교환,CAN-001911
union_standard_time,5588006,승합-대형승합,기능정비,엔진 부품,엔진ASSY,오버홀,CAN-001912
union_standard_time,5598007,승합-대형승합,기능정비,엔진 부품,실린더 헤드,오버홀,CAN-001572
union_standard_time,5599015,승합-대형승합,기능정비,엔진 부품,엔진마운틴 및 브라켓(앞),탈착,CAN-001970
union_standard_time,5599015,승합-대형승합,기능정비,엔진 부품,엔진마운틴 및 브라켓(앞),교환,CAN-001969
union_standard_time,5599016,승합-대형승합,기능정비,엔진 부품,엔진마운틴 및 브라켓(뒤),탈착,CAN-001958
union_standard_time,5599016,승합-대형승합,기능정비,엔진 부품,엔진마운틴 및 브라켓(뒤),교환,CAN-001957
union_standard_time,5599311,승합-대형승합,기능정비,엔진 부품,엔진마운틴 및 브라켓(좌측),탈착,CAN-001980
union_standard_time,5599311,승합-대형승합,기능정비,엔진 부품,엔진마운틴 및 브라켓(좌측),교환,CAN-001979
union_standard_time,5599413,승합-대형승합,기능정비,엔진 부품,엔진마운틴 및 브라켓(우측),탈착,CAN-001976
union_standard_time,5599413,승합-대형승합,기능정비,엔진 부품,엔진마운틴 및 브라켓(우측),교환,CAN-001975
union_standard_time,5608001,승합-대형승합,기능정비,엔진 부품,타이밍 카바,탈착,CAN-002669
union_standard_time,5608001,승합-대형승합,기능정비,엔진 부품,타이밍 카바,교환,CAN-002668
union_standard_time,5618001,승합-대형승합,소모품 및 하체정비,소모품,에어클리너ASSY,탈착,CAN-001869
union_standard_time,5618001,승합-대형승합,소모품 및 하체정비,소모품,에어클리너ASSY,교환,CAN-001868
union_standard_time,5618007,승합-대형승합,기능정비,전기 및 램프,크랭크 풀리,탈착,CAN-002603
union_standard_time,5618007,승합-대형승합,기능정비,전기 및 램프,크랭크 풀리,교환,CAN-002602
union_standard_time,5638001,승합-대형승합,소모품 및 하체정비,오일류,엔진 오일팬,탈착,CAN-001993
union_standard_time,5638001,승합-대형승합,소모품 및 하체정비,오일류,엔진 오일팬,교환,CAN-001992
union_standard_time,5638006,승합-대형승합,소모품 및 하체정비,오일류,엔진 오일 펌프,탈착,CAN-001999
union_standard_time,5638006,승합-대형승합,소모품 및 하체정비,오일류,엔진 오일 펌프,교환,CAN-001998
union_standard_time,5638009,승합-대형승합,기능정비,엔진 부품,워터 펌프,탈착,CAN-002230
union_standard_time,5638009,승합-대형승합,기능정비,엔진 부품,워터 펌프,교환,CAN-002229
union_standard_time,5638019,승합-대형승합,소모품 및 하체정비,하체 부품,스티어링 파워 펌프,탈착,CAN-001405
union_standard_time,5638019,승합-대형승합,소모품 및 하체정비,하체 부품,스티어링 파워 펌프,교환,CAN-001404
union_standard_time,5648001,승합-대형승합,기능정비,엔진 부품,메니홀드(흡),탈착,CAN-000837
union_standard_time,5648001,승합-대형승합,기능정비,엔진 부품,메니홀드(흡),교환,CAN-000836
union_standard_time,5648006,승합-대형승합,기능정비,엔진 부품,메니홀드(배),탈착,CAN-000835
union_standard_time,5648006,승합-대형승합,기능정비,엔진 부품,메니홀드(배),교환,CAN-000834
union_standard_time,5658015,승합-대형승합,기능정비,엔진 부품,머플러 파이프,탈착,CAN-000831
union_standard_time,5658015,승합-대형승합,기능정비,엔진 부품,머플러 파이프,교환,CAN-000830
union_standard_time,5658016,승합-대형승합,기능정비,엔진 부품,소음기,탈착,CAN-001318
union_standard_time,5658016,승합-대형승합,기능정비,엔진 부품,소음기,교환,CAN-001317
union_standard_time,5658017,승합-대형승합,소모품 및 하체정비,브레이크/타이어,배기 브레이크 ASSY,탈착,CAN-000915
union_standard_time,5658017,승합-대형승합,소모품 및 하체정비,브레이크/타이어,배기 브레이크 ASSY,교환,CAN-000914
union_standard_time,5668001,승합-대형승합,기능정비,엔진 부품,연료탱크,탈착,CAN-002034
union_standard_time,5668001,승합-대형승합,기능정비,엔진 부품,연료탱크,교환,CAN-002032
union_standard_time,5668003,승합-대형승합,기능정비,엔진 부품,연료(분사)펌프,탈착,CAN-002023
union_standard_time,5668003,승합-대형승합,기능정비,엔진 부품,연료(분사)펌프,교환,CAN-002021
union_standard_time,5668003,승합-대형승합,기능정비,엔진 부품,연료(분사)펌프,오버홀,CAN-002022
union_standard_time,5668012,승합-대형승합,소모품 및 하체정비,소모품,연료 세디먼트 및 필터,탈착,CAN-002025
union_standard_time,5668012,승합-대형승합,소모품 및 하체정비,소모품,연료 세디먼트 및 필터,교환,CAN-002024
union_standard_time,5678001,승합-대형승합,기능정비,엔진 부품,Oil Cooler ASSY,탈착,CAN-000087
union_standard_time,5678001,승합-대형승합,기능정비,엔진 부품,Oil Cooler ASSY,교환,CAN-000086
union_standard_time,5678004,승합-대형승합,기능정비,엔진 부품,에어 컴프레셔 ASSY,탈착,CAN-001860
union_standard_time,5678004,승합-대형승합,기능정비,엔진 부품,에어 컴프레셔 ASSY,교환,CAN-001859
union_standard_time,7688005,승합-대형승합,기능정비,엔진 부품,변속기,탈착,CAN-001047
union_standard_time,7688005,승합-대형승합,기능정비,엔진 부품,변속기,교환,CAN-001045
union_standard_time,7688005,승합-대형승합,기능정비,엔진 부품,변속기,오버홀,CAN-001046
union_standard_time,7689016,승합-대형승합,기능정비,엔진 부품,체인지 레바,탈착,CAN-002423
union_standard_time,7689016,승합-대형승합,기능정비,엔진 부품,체인지 레바,교환,CAN-002422
union_standard_time,7698005,승합-대형승합,기능정비,엔진 부품,프로펠러 샤프트,탈착,CAN-002934
union_standard_time,7698005,승합-대형승합,기능정비,엔진 부품,프로펠러 샤프트,교환,CAN-002933
union_standard_time,7698014,승합-대형승합,기능정비,엔진 부품,프론트 액슬,탈착,CAN-003103
union_standard_time,7698014,승합-대형승합,기능정비,엔진 부품,프론트 액슬,교환,CAN-003101
union_standard_time,7698014,승합-대형승합,기능정비,엔진 부품,프론트 액슬,오버홀,CAN-003102
union_standard_time,7708505,승합-대형승합,기능정비,엔진 부품,판스프링(앞좌),탈착,CAN-002888
union_standard_time,7708505,승합-대형승합,기능정비,엔진 부품,판스프링(앞좌),교환,CAN-002886
union_standard_time,7708505,승합-대형승합,기능정비,엔진 부품,판스프링(앞좌),오버홀,CAN-002887
union_standard_time,7708511,승합-대형승합,소모품 및 하체정비,하체 부품,에어서스펜션 스프링,탈착,CAN-001791
union_standard_time,7708511,승합-대형승합,소모품 및 하체정비,하체 부품,에어서스펜션 스프링,교환,CAN-001789
union_standard_time,7708511,승합-대형승합,소모품 및 하체정비,하체 부품,에어서스펜션 스프링,오버홀,CAN-001790
union_standard_time,7708606,승합-대형승합,기능정비,엔진 부품,판스프링(앞우),탈착,CAN-002885
union_standard_time,7708606,승합-대형승합,기능정비,엔진 부품,판스프링(앞우),교환,CAN-002883
union_standard_time,7708606,승합-대형승합,기능정비,엔진 부품,판스프링(앞우),오버홀,CAN-002884
union_standard_time,7708707,승합-대형승합,기능정비,엔진 부품,판스프링(뒤좌),탈착,CAN-002882
union_standard_time,7708707,승합-대형승합,기능정비,엔진 부품,판스프링(뒤좌),교환,CAN-002880
union_standard_time,7708707,승합-대형승합,기능정비,엔진 부품,판스프링(뒤좌),오버홀,CAN-002881
union_standard_time,7708809,승합-대형승합,기능정비,엔진 부품,판스프링(뒤우),탈착,CAN-002879
union_standard_time,7708809,승합-대형승합,기능정비,엔진 부품,판스프링(뒤우),교환,CAN-002877
union_standard_time,7708809,승합-대형승합,기능정비,엔진 부품,판스프링(뒤우),오버홀,CAN-002878
union_standard_time,7709501,승합-대형승합,기능정비,엔진 부품,쇽업쇼버(앞.좌),탈착,CAN-001343
union_standard_time,7709501,승합-대형승합,기능정비,엔진 부품,쇽업쇼버(앞.좌),교환,CAN-001342
union_standard_time,7709602,승합-대형승합,기능정비,엔진 부품,쇽업쇼버(앞.우),탈착,CAN-001341
union_standard_time,7709602,승합-대형승합,기능정비,엔진 부품,쇽업쇼버(앞.우),교환,CAN-001340
union_standard_time,7709703,승합-대형승합,기능정비,엔진 부품,쇽업쇼버(뒤.좌),탈착,CAN-001335
union_standard_time,7709703,승합-대형승합,기능정비,엔진 부품,쇽업쇼버(뒤.좌),교환,CAN-001334
union_standard_time,7709804,승합-대형승합,기능정비,엔진 부품,쇽업쇼버(뒤.우),탈착,CAN-001333
union_standard_time,7709804,승합-대형승합,기능정비,엔진 부품,쇽업쇼버(뒤.우),교환,CAN-001332
union_standard_time,7718021,승합-대형승합,기능정비,엔진 부품,리어액슬 ASSY,탈착,CAN-000681
union_standard_time,7718021,승합-대형승합,기능정비,엔진 부품,리어액슬 ASSY,교환,CAN-000679
union_standard_time,7718022,승합-대형승합,기능정비,엔진 부품,리어액슬 하우징ASSY,오버홀,CAN-000695
union_standard_time,7719510,승합-대형승합,소모품 및 하체정비,하체 부품,허브(앞좌),오버홀,CAN-003265
union_standard_time,7719611,승합-대형승합,소모품 및 하체정비,하체 부품,허브(앞우),오버홀,CAN-003263
union_standard_time,7719712,승합-대형승합,소모품 및 하체정비,하체 부품,허브(뒤좌),오버홀,CAN-003261
union_standard_time,7719813,승합-대형승합,소모품 및 하체정비,하체 부품,허브(뒤우),오버홀,CAN-003259
union_standard_time,7728027,승합-대형승합,소모품 및 하체정비,하체 부품,스티어링 컬럼ASSY,탈착,CAN-001401
union_standard_time,7728027,승합-대형승합,소모품 및 하체정비,하체 부품,스티어링 컬럼ASSY,교환,CAN-001400
union_standard_time,7728031,승합-대형승합,소모품 및 하체정비,하체 부품,스티어링 기어박스(파워),탈착,CAN-001385
union_standard_time,7728031,승합-대형승합,소모품 및 하체정비,하체 부품,스티어링 기어박스(파워),교환,CAN-001384
union_standard_time,7728037,승합-대형승합,소모품 및 하체정비,하체 부품,파워 스티어링 부스터,탈착,CAN-002842
union_standard_time,7728037,승합-대형승합,소모품 및 하체정비,하체 부품,파워 스티어링 부스터,교환,CAN-002841
union_standard_time,7728038,승합-대형승합,소모품 및 하체정비,하체 부품,파워 스티어링 오일탱크,탈착,CAN-002849
union_standard_time,7728038,승합-대형승합,소모품 및 하체정비,하체 부품,파워 스티어링 오일탱크,교환,CAN-002848
union_standard_time,7728039,승합-대형승합,소모품 및 하체정비,하체 부품,스티어링 오일 파이프#1,탈착,CAN-001389
union_standard_time,7728039,승합-대형승합,소모품 및 하체정비,하체 부품,스티어링 오일 파이프#1,교환,CAN-001388
union_standard_time,7728040,승합-대형승합,소모품 및 하체정비,하체 부품,스티어링 오일 파이프#2,탈착,CAN-001391
union_standard_time,7728040,승합-대형승합,소모품 및 하체정비,하체 부품,스티어링 오일 파이프#2,교환,CAN-001390
union_standard_time,7728041,승합-대형승합,소모품 및 하체정비,하체 부품,스티어링 오일 파이프#3,탈착,CAN-001393
union_standard_time,7728041,승합-대형승합,소모품 및 하체정비,하체 부품,스티어링 오일 파이프#3,교환,CAN-001392
union_standard_time,7728042,승합-대형승합,소모품 및 하체정비,하체 부품,스티어링 오일 파이프#4,탈착,CAN-001395
union_standard_time,7728042,승합-대형승합,소모품 및 하체정비,하체 부품,스티어링 오일 파이프#4,교환,CAN-001394
union_standard_time,7728051,승합-대형승합,소모품 및 하체정비,브레이크/타이어,브레이크 마스타 & 부스타,탈착,CAN-001079
union_standard_time,7728051,승합-대형승합,소모품 및 하체정비,브레이크/타이어,브레이크 마스타 & 부스타,교환,CAN-001078
union_standard_time,7728059,승합-대형승합,소모품 및 하체정비,브레이크/타이어,클러치 및 브레이크패달 브라,탈착,CAN-002629
union_standard_time,7728059,승합-대형승합,소모품 및 하체정비,브레이크/타이어,클러치 및 브레이크패달 브라,교환,CAN-002628
union_standard_time,7728065,승합-대형승합,소모품 및 하체정비,브레이크/타이어,에어브레이크 밸브 ASSY,탈착,CAN-001786
union_standard_time,7728065,승합-대형승합,소모품 및 하체정비,브레이크/타이어,에어브레이크 밸브 ASSY,교환,CAN-001785
union_standard_time,7728066,승합-대형승합,기능정비,엔진 부품,클러치 마스타 실린더,탈착,CAN-002625
union_standard_time,7728066,승합-대형승합,기능정비,엔진 부품,클러치 마스타 실린더,교환,CAN-002624
union_standard_time,7729026,승합-대형승합,소모품 및 하체정비,하체 부품,스티어링 휠,탈착,CAN-001407
union_standard_time,7729026,승합-대형승합,소모품 및 하체정비,하체 부품,스티어링 휠,교환,CAN-001406
union_standard_time,7729060,승합-대형승합,소모품 및 하체정비,브레이크/타이어,핸드브레이크레바,탈착,CAN-003257
union_standard_time,7729060,승합-대형승합,소모품 및 하체정비,브레이크/타이어,핸드브레이크레바,교환,CAN-003256
union_standard_time,7738006,승합-대형승합,기능정비,엔진 부품,에어탱크,탈착,CAN-001874
union_standard_time,7738006,승합-대형승합,기능정비,엔진 부품,에어탱크,교환,CAN-001873
union_standard_time,7738010,승합-대형승합,소모품 및 하체정비,브레이크/타이어,브레이크 챔버#1,탈착,CAN-001094
union_standard_time,7738010,승합-대형승합,소모품 및 하체정비,브레이크/타이어,브레이크 챔버#1,교환,CAN-001093
union_standard_time,7738011,승합-대형승합,소모품 및 하체정비,브레이크/타이어,브레이크 챔버#2,탈착,CAN-001096
union_standard_time,7738011,승합-대형승합,소모품 및 하체정비,브레이크/타이어,브레이크 챔버#2,교환,CAN-001095
union_standard_time,7738012,승합-대형승합,소모품 및 하체정비,브레이크/타이어,브레이크 챔버#3,탈착,CAN-001098
union_standard_time,7738012,승합-대형승합,소모품 및 하체정비,브레이크/타이어,브레이크 챔버#3,교환,CAN-001097
union_standard_time,7738013,승합-대형승합,소모품 및 하체정비,브레이크/타이어,브레이크 챔버#4,탈착,CAN-001100
union_standard_time,7738013,승합-대형승합,소모품 및 하체정비,브레이크/타이어,브레이크 챔버#4,교환,CAN-001099
union_standard_time,7738015,승합-대형승합,소모품 및 하체정비,브레이크/타이어,브레이크 콘트롤밸브 ASSY,탈착,CAN-001114
union_standard_time,7738015,승합-대형승합,소모품 및 하체정비,브레이크/타이어,브레이크 콘트롤밸브 ASSY,교환,CAN-001113
union_standard_time,35780A1,승합-대형승합,기능정비,엔진 부품,"승강구슬라이딩유리(상,접착)",탈착,CAN-001481
union_standard_time,35780A1,승합-대형승합,기능정비,엔진 부품,"승강구슬라이딩유리(상,접착)",교환,CAN-001480
union_standard_time,35780A2,승합-대형승합,기능정비,엔진 부품,"승강구슬라이딩유리(하,접착)",탈착,CAN-001485
union_standard_time,35780A2,승합-대형승합,기능정비,엔진 부품,"승강구슬라이딩유리(하,접착)",교환,CAN-001484
union_standard_time,35780A3,승합-대형승합,기능정비,엔진 부품,"승강구슬라이딩유리(상,끼움)",탈착,CAN-001479
union_standard_time,35780A3,승합-대형승합,기능정비,엔진 부품,"승강구슬라이딩유리(상,끼움)",교환,CAN-001478
union_standard_time,35780A4,승합-대형승합,기능정비,엔진 부품,"승강구슬라이딩유리(하,끼움)",탈착,CAN-001483
union_standard_time,35780A4,승합-대형승합,기능정비,엔진 부품,"승강구슬라이딩유리(하,끼움)",교환,CAN-001482
union_standard_time,35780A5,승합-대형승합,기능정비,엔진 부품,"승강구 접이식유리(앞,접착)",탈착,CAN-001499
union_standard_time,35780A5,승합-대형승합,기능정비,엔진 부품,"승강구 접이식유리(앞,접착)",교환,CAN-001498
union_standard_time,35780A6,승합-대형승합,기능정비,엔진 부품,"승강구 접이식유리(뒤,접착)",탈착,CAN-001495
union_standard_time,35780A6,승합-대형승합,기능정비,엔진 부품,"승강구 접이식유리(뒤,접착)",교환,CAN-001494
union_standard_time,35780A7,승합-대형승합,기능정비,엔진 부품,"승강구 접이식유리(앞,끼움)",탈착,CAN-001497
union_standard_time,35780A7,승합-대형승합,기능정비,엔진 부품,"승강구 접이식유리(앞,끼움)",교환,CAN-001496
union_standard_time,35780A8,승합-대형승합,기능정비,엔진 부품,"승강구 접이식유리(뒤,끼움)",탈착,CAN-001493
union_standard_time,35780A8,승합-대형승합,기능정비,엔진 부품,"승강구 접이식유리(뒤,끼움)",교환,CAN-001492
union_standard_time,35780A9,승합-대형승합,기능정비,엔진 부품,"승강구 유리(저상버스,1개)",탈착,CAN-001487
union_standard_time,35780A9,승합-대형승합,기능정비,엔진 부품,"승강구 유리(저상버스,1개)",교환,CAN-001486
union_standard_time,35780B1,승합-대형승합,기능정비,엔진 부품,"승강구 유리(저상버스,2개)",탈착,CAN-001489
union_standard_time,35780B1,승합-대형승합,기능정비,엔진 부품,"승강구 유리(저상버스,2개)",교환,CAN-001488
union_standard_time,35780B2,승합-대형승합,기능정비,엔진 부품,"승강구 유리(저상버스,4개)",탈착,CAN-001491
union_standard_time,35780B2,승합-대형승합,기능정비,엔진 부품,"승강구 유리(저상버스,4개)",교환,CAN-001490
union_standard_time,35780B3,승합-대형승합,기능정비,엔진 부품,승강구 상유리(접착식),탈착,CAN-001466
union_standard_time,35780B3,승합-대형승합,기능정비,엔진 부품,승강구 상유리(접착식),교환,CAN-001465
union_standard_time,35780B4,승합-대형승합,기능정비,엔진 부품,승강구 상유리(끼움식),탈착,CAN-001464
union_standard_time,35780B4,승합-대형승합,기능정비,엔진 부품,승강구 상유리(끼움식),교환,CAN-001463
union_standard_time,35780B5,승합-대형승합,기능정비,엔진 부품,앞사이드 고정유리(접착),탈착,CAN-001711
union_standard_time,35780B5,승합-대형승합,기능정비,엔진 부품,앞사이드 고정유리(접착),교환,CAN-001710
union_standard_time,35780B6,승합-대형승합,기능정비,엔진 부품,뒤사이드 고정유리(접착),탈착,CAN-000197
union_standard_time,35780B6,승합-대형승합,기능정비,엔진 부품,뒤사이드 고정유리(접착),교환,CAN-000196
union_standard_time,35780B7,승합-대형승합,기능정비,엔진 부품,뒤사이드 고정유리(힌지),탈착,CAN-000199
union_standard_time,35780B7,승합-대형승합,기능정비,엔진 부품,뒤사이드 고정유리(힌지),교환,CAN-000198
union_standard_time,35780B8,승합-대형승합,기능정비,엔진 부품,창틀(소)-1개,탈착,CAN-002415
union_standard_time,35780B8,승합-대형승합,기능정비,엔진 부품,창틀(소)-1개,교환,CAN-002414
union_standard_time,35780B9,승합-대형승합,기능정비,엔진 부품,창틀(소)-2개,탈착,CAN-002417
union_standard_time,35780B9,승합-대형승합,기능정비,엔진 부품,창틀(소)-2개,교환,CAN-002416
union_standard_time,35780C1,승합-대형승합,기능정비,엔진 부품,창틀(소)-4개,탈착,CAN-002419
union_standard_time,35780C1,승합-대형승합,기능정비,엔진 부품,창틀(소)-4개,교환,CAN-002418
union_standard_time,35780C2,승합-대형승합,기능정비,엔진 부품,창틀(소)-8개,탈착,CAN-002421
union_standard_time,35780C2,승합-대형승합,기능정비,엔진 부품,창틀(소)-8개,교환,CAN-002420
union_standard_time,35780C3,승합-대형승합,기능정비,엔진 부품,창틀(대)-1개,교환,CAN-002410
union_standard_time,35780C4,승합-대형승합,기능정비,엔진 부품,창틀(대)-2개,교환,CAN-002411
union_standard_time,35780C5,승합-대형승합,기능정비,엔진 부품,창틀(대)-4개,교환,CAN-002412
union_standard_time,35780C6,승합-대형승합,기능정비,엔진 부품,창틀(대)-8개,교환,CAN-002413
union_standard_time,1018101,승합-고속형,판금/도장정비,판금(탈부착),앞범퍼,탈착,CAN-001700
union_standard_time,1018101,승합-고속형,판금/도장정비,판금(탈부착),앞범퍼,교환,CAN-001698
union_standard_time,1018101,승합-고속형,판금/도장정비,판금(탈부착),앞범퍼,오버홀,CAN-001699
union_standard_time,1018108,승합-고속형,판금/도장정비,판금(탈부착),앞범퍼(FRP),탈착,CAN-001697
union_standard_time,1018108,승합-고속형,판금/도장정비,판금(탈부착),앞범퍼(FRP),교환,CAN-001695
union_standard_time,1018108,승합-고속형,판금/도장정비,판금(탈부착),앞범퍼(FRP),오버홀,CAN-001696
union_standard_time,1018109,승합-고속형,판금/도장정비,판금(탈부착),앞범퍼(우레탄형),탈착,CAN-001709
union_standard_time,1018109,승합-고속형,판금/도장정비,판금(탈부착),앞범퍼(우레탄형),교환,CAN-001707
union_standard_time,1018109,승합-고속형,판금/도장정비,판금(탈부착),앞범퍼(우레탄형),오버홀,CAN-001708
union_standard_time,1018110,승합-고속형,판금/도장정비,판금(탈부착),앞범퍼(스텐레스형),탈착,CAN-001706
union_standard_time,1018110,승합-고속형,판금/도장정비,판금(탈부착),앞범퍼(스텐레스형),교환,CAN-001704
union_standard_time,1018110,승합-고속형,판금/도장정비,판금(탈부착),앞범퍼(스텐레스형),오버홀,CAN-001705
union_standard_time,1018111,승합-고속형,판금/도장정비,판금(탈부착),앞범퍼(분할형),탈착,CAN-001703
union_standard_time,1018111,승합-고속형,판금/도장정비,판금(탈부착),앞범퍼(분할형),교환,CAN-001701
union_standard_time,1018111,승합-고속형,판금/도장정비,판금(탈부착),앞범퍼(분할형),오버홀,CAN-001702
union_standard_time,1028101,승합-고속형,기능정비,엔진 부품,라디에이터그릴,탈착,CAN-000320
union_standard_time,1028101,승합-고속형,기능정비,엔진 부품,라디에이터그릴,교환,CAN-000318
union_standard_time,1028107,승합-고속형,판금/도장정비,판금(탈부착),헤더패널,교환,CAN-003266
union_standard_time,1048101,승합-고속형,판금/도장정비,판금(탈부착),앞 패널 ASSY,교환,CAN-001722
union_standard_time,1048110,승합-고속형,판금/도장정비,판금(탈부착),앞 패널 ASSY(스텐레스형),교환,CAN-001725
union_standard_time,1048111,승합-고속형,판금/도장정비,판금(탈부착),"앞 패널 ASSY(스텐레스,상하분",교환,CAN-001724
union_standard_time,1048112,승합-고속형,판금/도장정비,판금(탈부착),"앞 패널 ASSY(스텐레스,상하분",교환,CAN-001724
union_standard_time,1048131,승합-고속형,판금/도장정비,판금(탈부착),앞패널 로워 골조 ASSY,교환,CAN-001726
union_standard_time,1058301,승합-고속형,기능정비,전기 및 램프,헤드램프(좌측),탈착,CAN-003301
union_standard_time,1058301,승합-고속형,기능정비,전기 및 램프,헤드램프(좌측),교환,CAN-003300
union_standard_time,1058320,승합-고속형,기능정비,전기 및 램프,시그널 램프(좌측),탈착,CAN-001503
union_standard_time,1058320,승합-고속형,기능정비,전기 및 램프,시그널 램프(좌측),교환,CAN-001502
union_standard_time,1058402,승합-고속형,기능정비,전기 및 램프,헤드램프(우측),탈착,CAN-003299
union_standard_time,1058402,승합-고속형,기능정비,전기 및 램프,헤드램프(우측),교환,CAN-003298
union_standard_time,1058421,승합-고속형,기능정비,전기 및 램프,시그널 램프(우측),탈착,CAN-001501
union_standard_time,1058421,승합-고속형,기능정비,전기 및 램프,시그널 램프(우측),교환,CAN-001500
union_standard_time,1059326,승합-고속형,기능정비,전기 및 램프,포그램프(좌측),탈착,CAN-002911
union_standard_time,1059326,승합-고속형,기능정비,전기 및 램프,포그램프(좌측),교환,CAN-002910
union_standard_time,1059427,승합-고속형,기능정비,전기 및 램프,포그램프(우측),탈착,CAN-002909
union_standard_time,1059427,승합-고속형,기능정비,전기 및 램프,포그램프(우측),교환,CAN-002908
union_standard_time,1088023,승합-고속형,판금/도장정비,판금(탈부착),프론트 윈도우 패널 ASSY,교환,CAN-003118
union_standard_time,1088301,승합-고속형,기능정비,엔진 부품,프론트 필러 ASSY(좌측),교환,CAN-003160
union_standard_time,1088302,승합-고속형,판금/도장정비,판금(탈부착),필러 외측패널(좌측),교환,CAN-003230
union_standard_time,1088307,승합-고속형,기능정비,엔진 부품,윈도우 필러(좌측),교환,CAN-002239
union_standard_time,1088321,승합-고속형,기능정비,엔진 부품,프론트 필러(좌측) - 내외측 분리,교환,CAN-003174
union_standard_time,1088410,승합-고속형,기능정비,엔진 부품,프론트 필러 ASSY(우측),교환,CAN-003159
union_standard_time,1088411,승합-고속형,판금/도장정비,판금(탈부착),필러 외측패널(우측),교환,CAN-003229
union_standard_time,1088416,승합-고속형,기능정비,엔진 부품,윈도우 필러(우측),교환,CAN-002237
union_standard_time,1088422,승합-고속형,기능정비,엔진 부품,프론트 필러(우측) - 내외측 분리,교환,CAN-003172
union_standard_time,1098101,승합-고속형,판금/도장정비,판금(탈부착),승강구 스텝패널(앞),교환,CAN-001472
union_standard_time,1098103,승합-고속형,판금/도장정비,판금(탈부착),승강구 스텝패널(앞)-스텐레스,교환,CAN-001474
union_standard_time,1108001,승합-고속형,기능정비,엔진 부품,보디철판 1장,교환,CAN-001053
union_standard_time,1108002,승합-고속형,기능정비,엔진 부품,보디철판 2장,교환,CAN-001057
union_standard_time,1108003,승합-고속형,기능정비,엔진 부품,보디철판 4장,교환,CAN-001061
union_standard_time,1108004,승합-고속형,기능정비,엔진 부품,보디철판 8장,교환,CAN-001065
union_standard_time,1108005,승합-고속형,기능정비,엔진 부품,보디철판 16장,교환,CAN-001049
union_standard_time,1108006,승합-고속형,기능정비,엔진 부품,보디철판 1장-스텐레스,교환,CAN-001054
union_standard_time,1108007,승합-고속형,기능정비,엔진 부품,보디철판 2장-스텐레스,교환,CAN-001058
union_standard_time,1108008,승합-고속형,기능정비,엔진 부품,보디철판 4장-스텐레스,교환,CAN-001062
union_standard_time,1108009,승합-고속형,기능정비,엔진 부품,보디철판 8장-스텐레스,교환,CAN-001066
union_standard_time,1108010,승합-고속형,기능정비,엔진 부품,보디철판 16장-스텐레스,교환,CAN-001050
union_standard_time,1108011,승합-고속형,기능정비,엔진 부품,"보디철판 1장-스텐레스,리벳접",교환,CAN-001056
union_standard_time,1108012,승합-고속형,기능정비,엔진 부품,"보디철판 2장-스텐레스,리벳접",교환,CAN-001060
union_standard_time,1108013,승합-고속형,기능정비,엔진 부품,"보디철판 4장-스텐레스,리벳접",교환,CAN-001064
union_standard_time,1108014,승합-고속형,기능정비,엔진 부품,"보디철판 8장-스텐레스,리벳접",교환,CAN-001068
union_standard_time,1108015,승합-고속형,기능정비,엔진 부품,"보디철판 16장-스텐레스,리벳접",교환,CAN-001052
union_standard_time,1118001,승합-고속형,판금/도장정비,판금(탈부착),루프철판 1장,교환,CAN-000416
union_standard_time,1118002,승합-고속형,판금/도장정비,판금(탈부착),루프철판 2장,교환,CAN-000417
union_standard_time,1118003,승합-고속형,판금/도장정비,판금(탈부착),루프철판 4장,교환,CAN-000418
union_standard_time,1118004,승합-고속형,판금/도장정비,판금(탈부착),루프철판 8장,교환,CAN-000419
union_standard_time,1118005,승합-고속형,판금/도장정비,판금(탈부착),루프철판 16장,교환,CAN-000415
union_standard_time,1118006,승합-고속형,기능정비,엔진 부품,실내내장-1장,탈착,CAN-001525
union_standard_time,1118006,승합-고속형,기능정비,엔진 부품,실내내장-1장,교환,CAN-001524
union_standard_time,1118007,승합-고속형,기능정비,엔진 부품,실내내장-2장,탈착,CAN-001527
union_standard_time,1118007,승합-고속형,기능정비,엔진 부품,실내내장-2장,교환,CAN-001526
union_standard_time,1118008,승합-고속형,기능정비,엔진 부품,실내내장-4장,탈착,CAN-001529
union_standard_time,1118008,승합-고속형,기능정비,엔진 부품,실내내장-4장,교환,CAN-001528
union_standard_time,1118009,승합-고속형,기능정비,엔진 부품,실내내장-8장,탈착,CAN-001531
union_standard_time,1118009,승합-고속형,기능정비,엔진 부품,실내내장-8장,교환,CAN-001530
union_standard_time,1118010,승합-고속형,기능정비,엔진 부품,실내내장-16장,탈착,CAN-001523
union_standard_time,1118010,승합-고속형,기능정비,엔진 부품,실내내장-16장,교환,CAN-001522
union_standard_time,1118011,승합-고속형,기능정비,엔진 부품,플로어 매트 - 1장,탈착,CAN-003208
union_standard_time,1118011,승합-고속형,기능정비,엔진 부품,플로어 매트 - 1장,교환,CAN-003207
union_standard_time,1118012,승합-고속형,기능정비,엔진 부품,플로어 매트 - 2장,탈착,CAN-003210
union_standard_time,1118012,승합-고속형,기능정비,엔진 부품,플로어 매트 - 2장,교환,CAN-003209
union_standard_time,1118013,승합-고속형,기능정비,엔진 부품,플로어 매트 - 4장,탈착,CAN-003214
union_standard_time,1118013,승합-고속형,기능정비,엔진 부품,플로어 매트 - 4장,교환,CAN-003213
union_standard_time,1118014,승합-고속형,기능정비,엔진 부품,플로어 매트 - 8장,탈착,CAN-003216
union_standard_time,1118014,승합-고속형,기능정비,엔진 부품,플로어 매트 - 8장,교환,CAN-003215
union_standard_time,1118015,승합-고속형,기능정비,엔진 부품,플로어 매트 - 16장,탈착,CAN-003206
union_standard_time,1118015,승합-고속형,기능정비,엔진 부품,플로어 매트 - 16장,교환,CAN-003205
union_standard_time,1118016,승합-고속형,기능정비,엔진 부품,플로어 매트 - 32장,탈착,CAN-003212
union_standard_time,1118016,승합-고속형,기능정비,엔진 부품,플로어 매트 - 32장,교환,CAN-003211
union_standard_time,1118017,승합-고속형,기능정비,엔진 부품,플로어 보드 - 1장,교환,CAN-003218
union_standard_time,1118018,승합-고속형,기능정비,엔진 부품,플로어 보드 - 2장,교환,CAN-003219
union_standard_time,1118019,승합-고속형,기능정비,엔진 부품,플로어 보드 - 4장,교환,CAN-003221
union_standard_time,1118020,승합-고속형,기능정비,엔진 부품,플로어 보드 - 8장,교환,CAN-003222
union_standard_time,1118021,승합-고속형,기능정비,엔진 부품,플로어 보드 - 16장,교환,CAN-003217
union_standard_time,1118022,승합-고속형,기능정비,엔진 부품,플로어 보드 - 32장,교환,CAN-003220
union_standard_time,1148013,승합-고속형,판금/도장정비,판금(탈부착),승강구(스윙)도어 ASSY,탈착,CAN-001469
union_standard_time,1148013,승합-고속형,판금/도장정비,판금(탈부착),승강구(스윙)도어 ASSY,교환,CAN-001467
union_standard_time,1148013,승합-고속형,판금/도장정비,판금(탈부착),승강구(스윙)도어 ASSY,오버홀,CAN-001468
union_standard_time,1148014,승합-고속형,판금/도장정비,판금(탈부착),승강구 도어 실린더,탈착,CAN-001460
union_standard_time,1148014,승합-고속형,판금/도장정비,판금(탈부착),승강구 도어 실린더,교환,CAN-001459
union_standard_time,1148015,승합-고속형,판금/도장정비,판금(탈부착),승강구 도어 실린더-스윙식,탈착,CAN-001462
union_standard_time,1148015,승합-고속형,판금/도장정비,판금(탈부착),승강구 도어 실린더-스윙식,교환,CAN-001461
union_standard_time,1158001,승합-고속형,기능정비,엔진 부품,LID 류-1개,탈착,CAN-000065
union_standard_time,1158001,승합-고속형,기능정비,엔진 부품,LID 류-1개,교환,CAN-000063
union_standard_time,1158001,승합-고속형,기능정비,엔진 부품,LID 류-1개,오버홀,CAN-000064
union_standard_time,1158002,승합-고속형,기능정비,엔진 부품,LID 류-2개,탈착,CAN-000068
union_standard_time,1158002,승합-고속형,기능정비,엔진 부품,LID 류-2개,교환,CAN-000066
union_standard_time,1158002,승합-고속형,기능정비,엔진 부품,LID 류-2개,오버홀,CAN-000067
union_standard_time,1158003,승합-고속형,기능정비,엔진 부품,LID 류-4개,탈착,CAN-000071
union_standard_time,1158003,승합-고속형,기능정비,엔진 부품,LID 류-4개,교환,CAN-000069
union_standard_time,1158003,승합-고속형,기능정비,엔진 부품,LID 류-4개,오버홀,CAN-000070
union_standard_time,1158004,승합-고속형,기능정비,엔진 부품,LID 류-8개,탈착,CAN-000074
union_standard_time,1158004,승합-고속형,기능정비,엔진 부품,LID 류-8개,교환,CAN-000072
union_standard_time,1158004,승합-고속형,기능정비,엔진 부품,LID 류-8개,오버홀,CAN-000073
union_standard_time,1158007,승합-고속형,판금/도장정비,판금(탈부착),인스트루먼트 패널 골조,교환,CAN-002258
union_standard_time,1158008,승합-고속형,판금/도장정비,판금(탈부착),인스트루먼트 패널 골조-골조분,교환,CAN-002259
union_standard_time,1158205,승합-고속형,기능정비,엔진 부품,뒤 엔진룸 LID,탈착,CAN-000207
union_standard_time,1158205,승합-고속형,기능정비,엔진 부품,뒤 엔진룸 LID,교환,CAN-000206
union_standard_time,1158206,승합-고속형,기능정비,엔진 부품,뒤 엔진룸 사이드(코너)LID,탈착,CAN-000209
union_standard_time,1158206,승합-고속형,기능정비,엔진 부품,뒤 엔진룸 사이드(코너)LID,교환,CAN-000208
union_standard_time,1169302,승합-고속형,기능정비,엔진 부품,사이드 미러(좌측)-전동식,탈착,CAN-001158
union_standard_time,1169302,승합-고속형,기능정비,엔진 부품,사이드 미러(좌측)-전동식,교환,CAN-001157
union_standard_time,1169303,승합-고속형,기능정비,엔진 부품,사이드 미러(좌측),탈착,CAN-001156
union_standard_time,1169303,승합-고속형,기능정비,엔진 부품,사이드 미러(좌측),교환,CAN-001154
union_standard_time,1169405,승합-고속형,기능정비,엔진 부품,사이드 미러(우측)-전동식,탈착,CAN-001146
union_standard_time,1169405,승합-고속형,기능정비,엔진 부품,사이드 미러(우측)-전동식,교환,CAN-001145
union_standard_time,1169406,승합-고속형,기능정비,엔진 부품,사이드 미러(우측),탈착,CAN-001144
union_standard_time,1169406,승합-고속형,기능정비,엔진 부품,사이드 미러(우측),교환,CAN-001142
union_standard_time,1218001,승합-고속형,판금/도장정비,판금(탈부착),루프패널(일체식),교환,CAN-000469
union_standard_time,1228201,승합-고속형,판금/도장정비,판금(탈부착),뒤 범퍼,탈착,CAN-000186
union_standard_time,1228201,승합-고속형,판금/도장정비,판금(탈부착),뒤 범퍼,교환,CAN-000184
union_standard_time,1228201,승합-고속형,판금/도장정비,판금(탈부착),뒤 범퍼,오버홀,CAN-000185
union_standard_time,1228209,승합-고속형,판금/도장정비,판금(탈부착),뒤 범퍼(분할형),탈착,CAN-000189
union_standard_time,1228209,승합-고속형,판금/도장정비,판금(탈부착),뒤 범퍼(분할형),교환,CAN-000187
union_standard_time,1228209,승합-고속형,판금/도장정비,판금(탈부착),뒤 범퍼(분할형),오버홀,CAN-000188
union_standard_time,1268018,승합-고속형,기능정비,전기 및 램프,룸램프 - 1개,탈착,CAN-000477
union_standard_time,1268018,승합-고속형,기능정비,전기 및 램프,룸램프 - 1개,교환,CAN-000476
union_standard_time,1268019,승합-고속형,기능정비,전기 및 램프,룸램프 - 2개,탈착,CAN-000479
union_standard_time,1268019,승합-고속형,기능정비,전기 및 램프,룸램프 - 2개,교환,CAN-000478
union_standard_time,1268020,승합-고속형,기능정비,전기 및 램프,룸램프 - 4개,탈착,CAN-000483
union_standard_time,1268020,승합-고속형,기능정비,전기 및 램프,룸램프 - 4개,교환,CAN-000482
union_standard_time,1268021,승합-고속형,기능정비,전기 및 램프,룸램프 - 8개,탈착,CAN-000485
union_standard_time,1268021,승합-고속형,기능정비,전기 및 램프,룸램프 - 8개,교환,CAN-000484
union_standard_time,1268022,승합-고속형,기능정비,전기 및 램프,룸램프 - 16개,탈착,CAN-000475
union_standard_time,1268022,승합-고속형,기능정비,전기 및 램프,룸램프 - 16개,교환,CAN-000474
union_standard_time,1268023,승합-고속형,기능정비,전기 및 램프,룸램프 - 32개,탈착,CAN-000481
union_standard_time,1268023,승합-고속형,기능정비,전기 및 램프,룸램프 - 32개,교환,CAN-000480
union_standard_time,1268211,승합-고속형,판금/도장정비,판금(탈부착),리어 컴비네이션 패널,교환,CAN-000722
union_standard_time,1268216,승합-고속형,판금/도장정비,판금(탈부착),리어 컴비네이션 패널-스텐레스,교환,CAN-000724
union_standard_time,1268301,승합-고속형,기능정비,전기 및 램프,콤비네이션램프(좌측),탈착,CAN-002580
union_standard_time,1268301,승합-고속형,기능정비,전기 및 램프,콤비네이션램프(좌측),교환,CAN-002579
union_standard_time,1268402,승합-고속형,기능정비,전기 및 램프,콤비네이션램프(우측),탈착,CAN-002578
union_standard_time,1268402,승합-고속형,기능정비,전기 및 램프,콤비네이션램프(우측),교환,CAN-002577
union_standard_time,1278001,승합-고속형,기능정비,엔진 부품,사이드 윈도우 필러 - 1개,교환,CAN-001221
union_standard_time,1278002,승합-고속형,기능정비,엔진 부품,사이드 윈도우 필러 - 2개,교환,CAN-001222
union_standard_time,1278003,승합-고속형,기능정비,엔진 부품,사이드 윈도우 필러 - 4개,교환,CAN-001223
union_standard_time,1278004,승합-고속형,기능정비,엔진 부품,사이드 윈도우 필러 - 8개,교환,CAN-001224
union_standard_time,1278005,승합-고속형,기능정비,엔진 부품,사이드 윈도우 필러 - 16개,교환,CAN-001220
union_standard_time,1368309,승합-고속형,판금/도장정비,판금(탈부착),리어 코너패널(좌측),교환,CAN-000728
union_standard_time,1368311,승합-고속형,판금/도장정비,판금(탈부착),리어 코너패널(좌측)-스텐레스,교환,CAN-000730
union_standard_time,1368410,승합-고속형,판금/도장정비,판금(탈부착),리어 코너패널(우측),교환,CAN-000725
union_standard_time,1368412,승합-고속형,판금/도장정비,판금(탈부착),리어 코너패널(우측)-스텐레스,교환,CAN-000727
union_standard_time,1378501,승합-고속형,판금/도장정비,판금(탈부착),"휀다패널(앞,좌)",탈착,CAN-003389
union_standard_time,1378501,승합-고속형,판금/도장정비,판금(탈부착),"휀다패널(앞,좌)",교환,CAN-003388
union_standard_time,1378602,승합-고속형,판금/도장정비,판금(탈부착),"휀다패널(앞,우)",탈착,CAN-003387
union_standard_time,1378602,승합-고속형,판금/도장정비,판금(탈부착),"휀다패널(앞,우)",교환,CAN-003386
union_standard_time,1378703,승합-고속형,판금/도장정비,판금(탈부착),"휀다패널(뒤,좌)",탈착,CAN-003385
union_standard_time,1378703,승합-고속형,판금/도장정비,판금(탈부착),"휀다패널(뒤,좌)",교환,CAN-003384
union_standard_time,1378804,승합-고속형,판금/도장정비,판금(탈부착),"휀다패널(뒤,우)",탈착,CAN-003383
union_standard_time,1378804,승합-고속형,판금/도장정비,판금(탈부착),"휀다패널(뒤,우)",교환,CAN-003382
union_standard_time,1388012,승합-고속형,판금/도장정비,판금(탈부착),프론트 보디패널 ASSY,교환,CAN-003029
union_standard_time,1388013,승합-고속형,판금/도장정비,판금(탈부착),리어 보디패널 ASSY,교환,CAN-000558
union_standard_time,1388309,승합-고속형,기능정비,엔진 부품,선반(좌측),탈착,CAN-001287
union_standard_time,1388309,승합-고속형,기능정비,엔진 부품,선반(좌측),교환,CAN-001286
union_standard_time,1388410,승합-고속형,기능정비,엔진 부품,선반(우측),탈착,CAN-001285
union_standard_time,1388410,승합-고속형,기능정비,엔진 부품,선반(우측),교환,CAN-001284
union_standard_time,1398001,승합-고속형,기능정비,엔진 부품,벤티레이터 - 1개,탈착,CAN-001036
union_standard_time,1398001,승합-고속형,기능정비,엔진 부품,벤티레이터 - 1개,교환,CAN-001035
union_standard_time,1398002,승합-고속형,기능정비,엔진 부품,벤티레이터 - 2개,탈착,CAN-001038
union_standard_time,1398002,승합-고속형,기능정비,엔진 부품,벤티레이터 - 2개,교환,CAN-001037
union_standard_time,1398003,승합-고속형,기능정비,엔진 부품,벤티레이터 - 4개,탈착,CAN-001042
union_standard_time,1398003,승합-고속형,기능정비,엔진 부품,벤티레이터 - 4개,교환,CAN-001041
union_standard_time,1398004,승합-고속형,기능정비,엔진 부품,벤티레이터 - 8개,탈착,CAN-001044
union_standard_time,1398004,승합-고속형,기능정비,엔진 부품,벤티레이터 - 8개,교환,CAN-001043
union_standard_time,1398005,승합-고속형,기능정비,엔진 부품,벤티레이터 - 16개,탈착,CAN-001034
union_standard_time,1398005,승합-고속형,기능정비,엔진 부품,벤티레이터 - 16개,교환,CAN-001033
union_standard_time,1398006,승합-고속형,기능정비,엔진 부품,벤티레이터 - 32개,탈착,CAN-001040
union_standard_time,1398006,승합-고속형,기능정비,엔진 부품,벤티레이터 - 32개,교환,CAN-001039
union_standard_time,1398007,승합-고속형,기능정비,엔진 부품,속도 표시등 - 1개,탈착,CAN-001320
union_standard_time,1398007,승합-고속형,기능정비,엔진 부품,속도 표시등 - 1개,교환,CAN-001319
union_standard_time,1398008,승합-고속형,기능정비,엔진 부품,속도 표시등 - 2개,탈착,CAN-001322
union_standard_time,1398008,승합-고속형,기능정비,엔진 부품,속도 표시등 - 2개,교환,CAN-001321
union_standard_time,1398009,승합-고속형,기능정비,엔진 부품,속도 표시등 - 4개,탈착,CAN-001324
union_standard_time,1398009,승합-고속형,기능정비,엔진 부품,속도 표시등 - 4개,교환,CAN-001323
union_standard_time,1408005,승합-고속형,판금/도장정비,판금(탈부착),리어 윈도우 패널 ASSY,교환,CAN-000710
union_standard_time,1428031,승합-고속형,기능정비,엔진 부품,프론트 플로어 프레임,교환,CAN-003146
union_standard_time,1428032,승합-고속형,기능정비,엔진 부품,파티션 바,탈착,CAN-002870
union_standard_time,1428032,승합-고속형,기능정비,엔진 부품,파티션 바,교환,CAN-002869
union_standard_time,1438101,승합-고속형,소모품 및 하체정비,하체 부품,프론트 크로스멤버(#1),탈착,CAN-003120
union_standard_time,1438101,승합-고속형,소모품 및 하체정비,하체 부품,프론트 크로스멤버(#1),교환,CAN-003119
union_standard_time,1438102,승합-고속형,소모품 및 하체정비,하체 부품,프론트 크로스멤버(#1)-리벳고,탈착,CAN-003124
union_standard_time,1438102,승합-고속형,소모품 및 하체정비,하체 부품,프론트 크로스멤버(#1)-리벳고,교환,CAN-003123
union_standard_time,1438203,승합-고속형,소모품 및 하체정비,하체 부품,리어 크로스멤버,탈착,CAN-000739
union_standard_time,1438203,승합-고속형,소모품 및 하체정비,하체 부품,리어 크로스멤버,교환,CAN-000738
union_standard_time,1438204,승합-고속형,소모품 및 하체정비,하체 부품,리어 크로스멤버-리벳고정식,탈착,CAN-000741
union_standard_time,1438204,승합-고속형,소모품 및 하체정비,하체 부품,리어 크로스멤버-리벳고정식,교환,CAN-000740
union_standard_time,1468205,승합-고속형,소모품 및 하체정비,브레이크/타이어,스페어 타이어 캐리어,탈착,CAN-001420
union_standard_time,1468205,승합-고속형,소모품 및 하체정비,브레이크/타이어,스페어 타이어 캐리어,교환,CAN-001419
union_standard_time,3478001,승합-고속형,소모품 및 하체정비,브레이크/타이어,크러시 패드,탈착,CAN-002613
union_standard_time,3478001,승합-고속형,소모품 및 하체정비,브레이크/타이어,크러시 패드,교환,CAN-002612
union_standard_time,3478007,승합-고속형,기능정비,엔진 부품,대시보드 철판,탈착,CAN-000150
union_standard_time,3478007,승합-고속형,기능정비,엔진 부품,대시보드 철판,교환,CAN-000149
union_standard_time,3478021,승합-고속형,기능정비,에어컨,뒤 히터(1번),탈착,CAN-000246
union_standard_time,3478021,승합-고속형,기능정비,에어컨,뒤 히터(1번),교환,CAN-000245
union_standard_time,3478022,승합-고속형,기능정비,에어컨,뒤 히터(2번),탈착,CAN-000248
union_standard_time,3478022,승합-고속형,기능정비,에어컨,뒤 히터(2번),교환,CAN-000247
union_standard_time,3479013,승합-고속형,기능정비,엔진 부품,종합계기ASSY,탈착,CAN-002388
union_standard_time,3479013,승합-고속형,기능정비,엔진 부품,종합계기ASSY,교환,CAN-002387
union_standard_time,3479019,승합-고속형,기능정비,에어컨,히터 유니트(앞),탈착,CAN-003459
union_standard_time,3479019,승합-고속형,기능정비,에어컨,히터 유니트(앞),교환,CAN-003457
union_standard_time,3479019,승합-고속형,기능정비,에어컨,히터 유니트(앞),오버홀,CAN-003458
union_standard_time,3488032,승합-고속형,기능정비,엔진 부품,시트기어(1개),탈착,CAN-001507
union_standard_time,3488032,승합-고속형,기능정비,엔진 부품,시트기어(1개),교환,CAN-001506
union_standard_time,3488033,승합-고속형,기능정비,엔진 부품,시트기어(2개),탈착,CAN-001509
union_standard_time,3488033,승합-고속형,기능정비,엔진 부품,시트기어(2개),교환,CAN-001508
union_standard_time,3488034,승합-고속형,기능정비,엔진 부품,시트기어(4개),탈착,CAN-001513
union_standard_time,3488034,승합-고속형,기능정비,엔진 부품,시트기어(4개),교환,CAN-001512
union_standard_time,3488035,승합-고속형,기능정비,엔진 부품,시트기어(8개),탈착,CAN-001515
union_standard_time,3488035,승합-고속형,기능정비,엔진 부품,시트기어(8개),교환,CAN-001514
union_standard_time,3488036,승합-고속형,기능정비,엔진 부품,시트기어(16개),탈착,CAN-001505
union_standard_time,3488036,승합-고속형,기능정비,엔진 부품,시트기어(16개),교환,CAN-001504
union_standard_time,3488037,승합-고속형,기능정비,엔진 부품,시트기어(32개),탈착,CAN-001511
union_standard_time,3488037,승합-고속형,기능정비,엔진 부품,시트기어(32개),교환,CAN-001510
union_standard_time,3488301,승합-고속형,기능정비,엔진 부품,시트(운전석),탈착,CAN-001521
union_standard_time,3488301,승합-고속형,기능정비,엔진 부품,시트(운전석),교환,CAN-001520
union_standard_time,3499023,승합-고속형,기능정비,엔진 부품,안전밸트(1개),탈착,CAN-001611
union_standard_time,3499023,승합-고속형,기능정비,엔진 부품,안전밸트(1개),교환,CAN-001610
union_standard_time,3499024,승합-고속형,기능정비,엔진 부품,안전밸트(2개),탈착,CAN-001613
union_standard_time,3499024,승합-고속형,기능정비,엔진 부품,안전밸트(2개),교환,CAN-001612
union_standard_time,3499025,승합-고속형,기능정비,엔진 부품,안전밸트(4개),탈착,CAN-001637
union_standard_time,3499025,승합-고속형,기능정비,엔진 부품,안전밸트(4개),교환,CAN-001636
union_standard_time,3499026,승합-고속형,기능정비,엔진 부품,안전밸트(8개),탈착,CAN-001647
union_standard_time,3499026,승합-고속형,기능정비,엔진 부품,안전밸트(8개),교환,CAN-001646
union_standard_time,3499027,승합-고속형,기능정비,엔진 부품,안전밸트(16개),탈착,CAN-001609
union_standard_time,3499027,승합-고속형,기능정비,엔진 부품,안전밸트(16개),교환,CAN-001608
union_standard_time,3499028,승합-고속형,기능정비,엔진 부품,안전밸트(32개),탈착,CAN-001631
union_standard_time,3499028,승합-고속형,기능정비,엔진 부품,안전밸트(32개),교환,CAN-001630
union_standard_time,3508003,승합-고속형,기능정비,전기 및 램프,앞 배선,탈착,CAN-001694
union_standard_time,3508003,승합-고속형,기능정비,전기 및 램프,앞 배선,교환,CAN-001693
union_standard_time,3508026,승합-고속형,소모품 및 하체정비,소모품,밧데리 캐리어,탈착,CAN-000880
union_standard_time,3508026,승합-고속형,소모품 및 하체정비,소모품,밧데리 캐리어,교환,CAN-000879
union_standard_time,3509019,승합-고속형,기능정비,전기 및 램프,컴비네이션 스위치,탈착,CAN-002519
union_standard_time,3509019,승합-고속형,기능정비,전기 및 램프,컴비네이션 스위치,교환,CAN-002518
union_standard_time,3509022,승합-고속형,기능정비,엔진 부품,와이퍼 링케이지,탈착,CAN-002188
union_standard_time,3509022,승합-고속형,기능정비,엔진 부품,와이퍼 링케이지,교환,CAN-002187
union_standard_time,3518016,승합-고속형,기능정비,엔진 부품,라디에이터 ASSY,탈착,CAN-000309
union_standard_time,3518016,승합-고속형,기능정비,엔진 부품,라디에이터 ASSY,교환,CAN-000308
union_standard_time,3518030,승합-고속형,기능정비,엔진 부품,와샤 탱크(앞),탈착,CAN-002182
union_standard_time,3518030,승합-고속형,기능정비,엔진 부품,와샤 탱크(앞),교환,CAN-002181
union_standard_time,3518031,승합-고속형,기능정비,엔진 부품,와샤 탱크(뒤),탈착,CAN-002180
union_standard_time,3518031,승합-고속형,기능정비,엔진 부품,와샤 탱크(뒤),교환,CAN-002179
union_standard_time,3518032,승합-고속형,기능정비,엔진 부품,제너레이터 ASSY,탈착,CAN-002386
union_standard_time,3518032,승합-고속형,기능정비,엔진 부품,제너레이터 ASSY,교환,CAN-002385
union_standard_time,3518033,승합-고속형,기능정비,엔진 부품,스타팅모터 ASSY,탈착,CAN-001358
union_standard_time,3518033,승합-고속형,기능정비,엔진 부품,스타팅모터 ASSY,교환,CAN-001357
union_standard_time,3519015,승합-고속형,기능정비,에어컨,에어컨 덕트,탈착,CAN-001816
union_standard_time,3519015,승합-고속형,기능정비,에어컨,에어컨 덕트,교환,CAN-001815
union_standard_time,3519020,승합-고속형,기능정비,엔진 부품,냉각 팬,탈착,CAN-000133
union_standard_time,3519020,승합-고속형,기능정비,엔진 부품,냉각 팬,교환,CAN-000132
union_standard_time,3549019,승합-고속형,기능정비,엔진 부품,필러트림(1개),탈착,CAN-003234
union_standard_time,3549019,승합-고속형,기능정비,엔진 부품,필러트림(1개),교환,CAN-003233
union_standard_time,3549020,승합-고속형,기능정비,엔진 부품,필러트림(2개),탈착,CAN-003236
union_standard_time,3549020,승합-고속형,기능정비,엔진 부품,필러트림(2개),교환,CAN-003235
union_standard_time,3549021,승합-고속형,기능정비,엔진 부품,필러트림(4개),탈착,CAN-003240
union_standard_time,3549021,승합-고속형,기능정비,엔진 부품,필러트림(4개),교환,CAN-003239
union_standard_time,3549022,승합-고속형,기능정비,엔진 부품,필러트림(8개),탈착,CAN-003242
union_standard_time,3549022,승합-고속형,기능정비,엔진 부품,필러트림(8개),교환,CAN-003241
union_standard_time,3549023,승합-고속형,기능정비,엔진 부품,필러트림(16개),탈착,CAN-003232
union_standard_time,3549023,승합-고속형,기능정비,엔진 부품,필러트림(16개),교환,CAN-003231
union_standard_time,3549024,승합-고속형,기능정비,엔진 부품,필러트림(32개),탈착,CAN-003238
union_standard_time,3549024,승합-고속형,기능정비,엔진 부품,필러트림(32개),교환,CAN-003237
union_standard_time,3568001,승합-고속형,기능정비,엔진 부품,안테나,탈착,CAN-001673
union_standard_time,3568001,승합-고속형,기능정비,엔진 부품,안테나,교환,CAN-001672
union_standard_time,3568021,승합-고속형,기능정비,에어컨,에어컨(엔진)ASSY,탈착,CAN-001821
union_standard_time,3568021,승합-고속형,기능정비,에어컨,에어컨(엔진)ASSY,교환,CAN-001820
union_standard_time,3568310,승합-고속형,기능정비,엔진 부품,선바이져(좌측),탈착,CAN-001281
union_standard_time,3568310,승합-고속형,기능정비,엔진 부품,선바이져(좌측),교환,CAN-001280
union_standard_time,3568312,승합-고속형,기능정비,엔진 부품,선바이져(좌측)-자동식,탈착,CAN-001283
union_standard_time,3568312,승합-고속형,기능정비,엔진 부품,선바이져(좌측)-자동식,교환,CAN-001282
union_standard_time,3568411,승합-고속형,기능정비,엔진 부품,선바이져(우측),탈착,CAN-001277
union_standard_time,3568411,승합-고속형,기능정비,엔진 부품,선바이져(우측),교환,CAN-001276
union_standard_time,3568413,승합-고속형,기능정비,엔진 부품,선바이져(우측)-자동식,탈착,CAN-001279
union_standard_time,3568413,승합-고속형,기능정비,엔진 부품,선바이져(우측)-자동식,교환,CAN-001278
union_standard_time,3578039,승합-고속형,기능정비,엔진 부품,"전면유리(접착식, 1피스)",탈착,CAN-002360
union_standard_time,3578039,승합-고속형,기능정비,엔진 부품,"전면유리(접착식, 1피스)",교환,CAN-002359
union_standard_time,3578042,승합-고속형,기능정비,엔진 부품,전면 상단유리(접착식),탈착,CAN-002352
union_standard_time,3578042,승합-고속형,기능정비,엔진 부품,전면 상단유리(접착식),교환,CAN-002351
union_standard_time,3578043,승합-고속형,기능정비,엔진 부품,"전면유리(끼움식, 1피스)",탈착,CAN-002354
union_standard_time,3578043,승합-고속형,기능정비,엔진 부품,"전면유리(끼움식, 1피스)",교환,CAN-002353
union_standard_time,3578049,승합-고속형,기능정비,엔진 부품,"옆창유리(고정,접착식)-1개",탈착,CAN-002118
union_standard_time,3578049,승합-고속형,기능정비,엔진 부품,"옆창유리(고정,접착식)-1개",교환,CAN-002117
union_standard_time,3578050,승합-고속형,기능정비,엔진 부품,"옆창유리(고정,접착식)-2개",탈착,CAN-002120
union_standard_time,3578050,승합-고속형,기능정비,엔진 부품,"옆창유리(고정,접착식)-2개",교환,CAN-002119
union_standard_time,3578051,승합-고속형,기능정비,엔진 부품,"옆창유리(고정,접착식)-4개",탈착,CAN-002122
union_standard_time,3578051,승합-고속형,기능정비,엔진 부품,"옆창유리(고정,접착식)-4개",교환,CAN-002121
union_standard_time,3578052,승합-고속형,기능정비,엔진 부품,"옆창유리(고정,접착식)-8개",탈착,CAN-002124
union_standard_time,3578052,승합-고속형,기능정비,엔진 부품,"옆창유리(고정,접착식)-8개",교환,CAN-002123
union_standard_time,3578053,승합-고속형,기능정비,엔진 부품,"옆창유리(고정,끼움식)-1개",탈착,CAN-002110
union_standard_time,3578053,승합-고속형,기능정비,엔진 부품,"옆창유리(고정,끼움식)-1개",교환,CAN-002109
union_standard_time,3578054,승합-고속형,기능정비,엔진 부품,"옆창유리(고정,끼움식)-2개",탈착,CAN-002112
union_standard_time,3578054,승합-고속형,기능정비,엔진 부품,"옆창유리(고정,끼움식)-2개",교환,CAN-002111
union_standard_time,3578055,승합-고속형,기능정비,엔진 부품,"옆창유리(고정,끼움식)-4개",탈착,CAN-002114
union_standard_time,3578055,승합-고속형,기능정비,엔진 부품,"옆창유리(고정,끼움식)-4개",교환,CAN-002113
union_standard_time,3578056,승합-고속형,기능정비,엔진 부품,"옆창유리(고정,끼움식)-8개",탈착,CAN-002116
union_standard_time,3578056,승합-고속형,기능정비,엔진 부품,"옆창유리(고정,끼움식)-8개",교환,CAN-002115
union_standard_time,3578057,승합-고속형,기능정비,엔진 부품,"옆창(상고정식,상,접착)-1개",탈착,CAN-002076
union_standard_time,3578057,승합-고속형,기능정비,엔진 부품,"옆창(상고정식,상,접착)-1개",교환,CAN-002075
union_standard_time,3578058,승합-고속형,기능정비,엔진 부품,"옆창(상고정식,상,접착)-2개",탈착,CAN-002078
union_standard_time,3578058,승합-고속형,기능정비,엔진 부품,"옆창(상고정식,상,접착)-2개",교환,CAN-002077
union_standard_time,3578059,승합-고속형,기능정비,엔진 부품,"옆창(상고정식,상,접착)-4개",탈착,CAN-002080
union_standard_time,3578059,승합-고속형,기능정비,엔진 부품,"옆창(상고정식,상,접착)-4개",교환,CAN-002079
union_standard_time,3578060,승합-고속형,기능정비,엔진 부품,"옆창(상고정식,상,접착)-8개",탈착,CAN-002082
union_standard_time,3578060,승합-고속형,기능정비,엔진 부품,"옆창(상고정식,상,접착)-8개",교환,CAN-002081
union_standard_time,3578061,승합-고속형,기능정비,엔진 부품,"옆창(상고정식,상,끼움)-1개",탈착,CAN-002068
union_standard_time,3578061,승합-고속형,기능정비,엔진 부품,"옆창(상고정식,상,끼움)-1개",교환,CAN-002067
union_standard_time,3578062,승합-고속형,기능정비,엔진 부품,"옆창(상고정식,상,끼움)-2개",탈착,CAN-002070
union_standard_time,3578062,승합-고속형,기능정비,엔진 부품,"옆창(상고정식,상,끼움)-2개",교환,CAN-002069
union_standard_time,3578063,승합-고속형,기능정비,엔진 부품,"옆창(상고정식,상,끼움)-4개",탈착,CAN-002072
union_standard_time,3578063,승합-고속형,기능정비,엔진 부품,"옆창(상고정식,상,끼움)-4개",교환,CAN-002071
union_standard_time,3578064,승합-고속형,기능정비,엔진 부품,"옆창(상고정식,상,끼움)-8개",탈착,CAN-002074
union_standard_time,3578064,승합-고속형,기능정비,엔진 부품,"옆창(상고정식,상,끼움)-8개",교환,CAN-002073
union_standard_time,3578065,승합-고속형,기능정비,엔진 부품,"옆창(상고정식,하,미닫이)-1개",교환,CAN-002084
union_standard_time,3578066,승합-고속형,기능정비,엔진 부품,"옆창(상고정식,하,미닫이)-2개",교환,CAN-002085
union_standard_time,3578067,승합-고속형,기능정비,엔진 부품,"옆창(상고정식,하,미닫이)-4개",교환,CAN-002086
union_standard_time,3578068,승합-고속형,기능정비,엔진 부품,"옆창(상고정식,하,미닫이)-8개",교환,CAN-002087
union_standard_time,3578069,승합-고속형,기능정비,엔진 부품,"옆창(상고정식,하,미닫이)-16개",교환,CAN-002083
union_standard_time,3578070,승합-고속형,기능정비,엔진 부품,"옆창(미닫이식,창틀有)-1개",탈착,CAN-002050
union_standard_time,3578070,승합-고속형,기능정비,엔진 부품,"옆창(미닫이식,창틀有)-1개",교환,CAN-002049
union_standard_time,3578071,승합-고속형,기능정비,엔진 부품,"옆창(미닫이식,창틀有)-2개",탈착,CAN-002052
union_standard_time,3578071,승합-고속형,기능정비,엔진 부품,"옆창(미닫이식,창틀有)-2개",교환,CAN-002051
union_standard_time,3578072,승합-고속형,기능정비,엔진 부품,"옆창(미닫이식,창틀有)-4개",탈착,CAN-002054
union_standard_time,3578072,승합-고속형,기능정비,엔진 부품,"옆창(미닫이식,창틀有)-4개",교환,CAN-002053
union_standard_time,3578073,승합-고속형,기능정비,엔진 부품,"옆창(미닫이식,창틀有)-8개",탈착,CAN-002056
union_standard_time,3578073,승합-고속형,기능정비,엔진 부품,"옆창(미닫이식,창틀有)-8개",교환,CAN-002055
union_standard_time,3578074,승합-고속형,기능정비,엔진 부품,"옆창(미닫이식,창틀有)-16개",탈착,CAN-002048
union_standard_time,3578074,승합-고속형,기능정비,엔진 부품,"옆창(미닫이식,창틀有)-16개",교환,CAN-002047
union_standard_time,3578075,승합-고속형,기능정비,엔진 부품,"옆창(미닫이식,창틀無)-1개",탈착,CAN-002060
union_standard_time,3578075,승합-고속형,기능정비,엔진 부품,"옆창(미닫이식,창틀無)-1개",교환,CAN-002059
union_standard_time,3578076,승합-고속형,기능정비,엔진 부품,"옆창(미닫이식,창틀無)-2개",탈착,CAN-002062
union_standard_time,3578076,승합-고속형,기능정비,엔진 부품,"옆창(미닫이식,창틀無)-2개",교환,CAN-002061
union_standard_time,3578077,승합-고속형,기능정비,엔진 부품,"옆창(미닫이식,창틀無)-4개",탈착,CAN-002064
union_standard_time,3578077,승합-고속형,기능정비,엔진 부품,"옆창(미닫이식,창틀無)-4개",교환,CAN-002063
union_standard_time,3578078,승합-고속형,기능정비,엔진 부품,"옆창(미닫이식,창틀無)-8개",탈착,CAN-002066
union_standard_time,3578078,승합-고속형,기능정비,엔진 부품,"옆창(미닫이식,창틀無)-8개",교환,CAN-002065
union_standard_time,3578079,승합-고속형,기능정비,엔진 부품,"옆창(미닫이식,창틀無)-16개",탈착,CAN-002058
union_standard_time,3578079,승합-고속형,기능정비,엔진 부품,"옆창(미닫이식,창틀無)-16개",교환,CAN-002057
union_standard_time,3578080,승합-고속형,기능정비,엔진 부품,"옆창(상하고정,상,접착)-1개",탈착,CAN-002089
union_standard_time,3578080,승합-고속형,기능정비,엔진 부품,"옆창(상하고정,상,접착)-1개",교환,CAN-002088
union_standard_time,3578081,승합-고속형,기능정비,엔진 부품,"옆창(상하고정,상,접착)-2개",탈착,CAN-002091
union_standard_time,3578081,승합-고속형,기능정비,엔진 부품,"옆창(상하고정,상,접착)-2개",교환,CAN-002090
union_standard_time,3578082,승합-고속형,기능정비,엔진 부품,"옆창(상하고정,상,접착)-4개",탈착,CAN-002093
union_standard_time,3578082,승합-고속형,기능정비,엔진 부품,"옆창(상하고정,상,접착)-4개",교환,CAN-002092
union_standard_time,3578083,승합-고속형,기능정비,엔진 부품,"옆창(상하고정,상,접착)-8개",탈착,CAN-002095
union_standard_time,3578083,승합-고속형,기능정비,엔진 부품,"옆창(상하고정,상,접착)-8개",교환,CAN-002094
union_standard_time,3578084,승합-고속형,기능정비,엔진 부품,"옆창(상하고정,하,접착)-1개",탈착,CAN-002102
union_standard_time,3578084,승합-고속형,기능정비,엔진 부품,"옆창(상하고정,하,접착)-1개",교환,CAN-002101
union_standard_time,3578085,승합-고속형,기능정비,엔진 부품,"옆창(상하고정,하,접착)-2개",탈착,CAN-002104
union_standard_time,3578085,승합-고속형,기능정비,엔진 부품,"옆창(상하고정,하,접착)-2개",교환,CAN-002103
union_standard_time,3578086,승합-고속형,기능정비,엔진 부품,"옆창(상하고정,하,접착)-4개",탈착,CAN-002106
union_standard_time,3578086,승합-고속형,기능정비,엔진 부품,"옆창(상하고정,하,접착)-4개",교환,CAN-002105
union_standard_time,3578087,승합-고속형,기능정비,엔진 부품,"옆창(상하고정,하,접착)-8개",탈착,CAN-002108
union_standard_time,3578087,승합-고속형,기능정비,엔진 부품,"옆창(상하고정,하,접착)-8개",교환,CAN-002107
union_standard_time,3578088,승합-고속형,기능정비,엔진 부품,"옆창(상하고정,중앙,미닫)-1개",교환,CAN-002097
union_standard_time,3578089,승합-고속형,기능정비,엔진 부품,"옆창(상하고정,중앙,미닫)-2개",교환,CAN-002098
union_standard_time,3578090,승합-고속형,기능정비,엔진 부품,"옆창(상하고정,중앙,미닫)-4개",교환,CAN-002099
union_standard_time,3578091,승합-고속형,기능정비,엔진 부품,"옆창(상하고정,중앙,미닫)-8개",교환,CAN-002100
union_standard_time,3578092,승합-고속형,기능정비,엔진 부품,"옆창(상하고정,중앙,미닫)-16개",교환,CAN-002096
union_standard_time,3578093,승합-고속형,기능정비,엔진 부품,운전석비상유리(고정식),탈착,CAN-002222
union_standard_time,3578093,승합-고속형,기능정비,엔진 부품,운전석비상유리(고정식),교환,CAN-002221
union_standard_time,3578094,승합-고속형,기능정비,엔진 부품,"운전석비상(상고정식,상)",교환,CAN-002215
union_standard_time,3578095,승합-고속형,기능정비,엔진 부품,"운전석비상(상고정식,미닫이)",탈착,CAN-002214
union_standard_time,3578095,승합-고속형,기능정비,엔진 부품,"운전석비상(상고정식,미닫이)",교환,CAN-002213
union_standard_time,3578096,승합-고속형,기능정비,엔진 부품,"운전석비상(미닫이식,창틀有)",교환,CAN-002212
union_standard_time,3578097,승합-고속형,기능정비,엔진 부품,"운전석비상(상하고정,상)",탈착,CAN-002219
union_standard_time,3578097,승합-고속형,기능정비,엔진 부품,"운전석비상(상하고정,상)",교환,CAN-002218
union_standard_time,3578098,승합-고속형,기능정비,엔진 부품,"운전석비상(상하고정,하)",교환,CAN-002220
union_standard_time,3578099,승합-고속형,기능정비,엔진 부품,"운전석비상(상하고정,미닫이)",탈착,CAN-002217
union_standard_time,3578099,승합-고속형,기능정비,엔진 부품,"운전석비상(상하고정,미닫이)",교환,CAN-002216
union_standard_time,3578146,승합-고속형,기능정비,엔진 부품,전면 상단유리(끼움식),탈착,CAN-002350
union_standard_time,3578146,승합-고속형,기능정비,엔진 부품,전면 상단유리(끼움식),교환,CAN-002349
union_standard_time,3578247,승합-고속형,기능정비,엔진 부품,"후면유리(버스,접착식)",탈착,CAN-003367
union_standard_time,3578247,승합-고속형,기능정비,엔진 부품,"후면유리(버스,접착식)",교환,CAN-003366
union_standard_time,3578248,승합-고속형,기능정비,엔진 부품,"후면유리(버스,끼움식)",탈착,CAN-003365
union_standard_time,3578248,승합-고속형,기능정비,엔진 부품,"후면유리(버스,끼움식)",교환,CAN-003364
union_standard_time,3578340,승합-고속형,기능정비,엔진 부품,"전면유리(접착식, 2피스,좌)",탈착,CAN-002364
union_standard_time,3578340,승합-고속형,기능정비,엔진 부품,"전면유리(접착식, 2피스,좌)",교환,CAN-002363
union_standard_time,3578344,승합-고속형,기능정비,엔진 부품,"전면유리(끼움식, 2피스,좌)",탈착,CAN-002358
union_standard_time,3578344,승합-고속형,기능정비,엔진 부품,"전면유리(끼움식, 2피스,좌)",교환,CAN-002357
union_standard_time,3578441,승합-고속형,기능정비,엔진 부품,"전면유리(접착식, 2피스,우)",탈착,CAN-002362
union_standard_time,3578441,승합-고속형,기능정비,엔진 부품,"전면유리(접착식, 2피스,우)",교환,CAN-002361
union_standard_time,3578445,승합-고속형,기능정비,엔진 부품,"전면유리(끼움식, 2피스,우)",탈착,CAN-002356
union_standard_time,3578445,승합-고속형,기능정비,엔진 부품,"전면유리(끼움식, 2피스,우)",교환,CAN-002355
union_standard_time,5588006,승합-고속형,기능정비,엔진 부품,엔진ASSY,탈착,CAN-001913
union_standard_time,5588006,승합-고속형,기능정비,엔진 부품,엔진ASSY,교환,CAN-001911
union_standard_time,5588006,승합-고속형,기능정비,엔진 부품,엔진ASSY,오버홀,CAN-001912
union_standard_time,5598007,승합-고속형,기능정비,엔진 부품,실린더 헤드,오버홀,CAN-001572
union_standard_time,5599015,승합-고속형,기능정비,엔진 부품,엔진마운틴 및 브라켓(앞),탈착,CAN-001970
union_standard_time,5599015,승합-고속형,기능정비,엔진 부품,엔진마운틴 및 브라켓(앞),교환,CAN-001969
union_standard_time,5599016,승합-고속형,기능정비,엔진 부품,엔진마운틴 및 브라켓(뒤),탈착,CAN-001958
union_standard_time,5599016,승합-고속형,기능정비,엔진 부품,엔진마운틴 및 브라켓(뒤),교환,CAN-001957
union_standard_time,5599311,승합-고속형,기능정비,엔진 부품,엔진마운틴 및 브라켓(좌측),탈착,CAN-001980
union_standard_time,5599311,승합-고속형,기능정비,엔진 부품,엔진마운틴 및 브라켓(좌측),교환,CAN-001979
union_standard_time,5599413,승합-고속형,기능정비,엔진 부품,엔진마운틴 및 브라켓(우측),탈착,CAN-001976
union_standard_time,5599413,승합-고속형,기능정비,엔진 부품,엔진마운틴 및 브라켓(우측),교환,CAN-001975
union_standard_time,5608001,승합-고속형,기능정비,엔진 부품,타이밍 카바,탈착,CAN-002669
union_standard_time,5608001,승합-고속형,기능정비,엔진 부품,타이밍 카바,교환,CAN-002668
union_standard_time,5618001,승합-고속형,소모품 및 하체정비,소모품,에어클리너ASSY,탈착,CAN-001869
union_standard_time,5618001,승합-고속형,소모품 및 하체정비,소모품,에어클리너ASSY,교환,CAN-001868
union_standard_time,5618007,승합-고속형,기능정비,전기 및 램프,크랭크 풀리,탈착,CAN-002603
union_standard_time,5618007,승합-고속형,기능정비,전기 및 램프,크랭크 풀리,교환,CAN-002602
union_standard_time,5638001,승합-고속형,소모품 및 하체정비,오일류,엔진 오일팬,탈착,CAN-001993
union_standard_time,5638001,승합-고속형,소모품 및 하체정비,오일류,엔진 오일팬,교환,CAN-001992
union_standard_time,5638006,승합-고속형,소모품 및 하체정비,오일류,엔진 오일 펌프,탈착,CAN-001999
union_standard_time,5638006,승합-고속형,소모품 및 하체정비,오일류,엔진 오일 펌프,교환,CAN-001998
union_standard_time,5638009,승합-고속형,기능정비,엔진 부품,워터 펌프,탈착,CAN-002230
union_standard_time,5638009,승합-고속형,기능정비,엔진 부품,워터 펌프,교환,CAN-002229
union_standard_time,5638019,승합-고속형,소모품 및 하체정비,하체 부품,스티어링 파워 펌프,탈착,CAN-001405
union_standard_time,5638019,승합-고속형,소모품 및 하체정비,하체 부품,스티어링 파워 펌프,교환,CAN-001404
union_standard_time,5648001,승합-고속형,기능정비,엔진 부품,메니홀드(흡),탈착,CAN-000837
union_standard_time,5648001,승합-고속형,기능정비,엔진 부품,메니홀드(흡),교환,CAN-000836
union_standard_time,5648006,승합-고속형,기능정비,엔진 부품,메니홀드(배),탈착,CAN-000835
union_standard_time,5648006,승합-고속형,기능정비,엔진 부품,메니홀드(배),교환,CAN-000834
union_standard_time,5658015,승합-고속형,기능정비,엔진 부품,머플러 파이프,탈착,CAN-000831
union_standard_time,5658015,승합-고속형,기능정비,엔진 부품,머플러 파이프,교환,CAN-000830
union_standard_time,5658016,승합-고속형,기능정비,엔진 부품,소음기,탈착,CAN-001318
union_standard_time,5658016,승합-고속형,기능정비,엔진 부품,소음기,교환,CAN-001317
union_standard_time,5658017,승합-고속형,소모품 및 하체정비,브레이크/타이어,배기 브레이크 ASSY,탈착,CAN-000915
union_standard_time,5658017,승합-고속형,소모품 및 하체정비,브레이크/타이어,배기 브레이크 ASSY,교환,CAN-000914
union_standard_time,5668001,승합-고속형,기능정비,엔진 부품,연료탱크,탈착,CAN-002034
union_standard_time,5668001,승합-고속형,기능정비,엔진 부품,연료탱크,교환,CAN-002032
union_standard_time,5668003,승합-고속형,기능정비,엔진 부품,연료(분사)펌프,탈착,CAN-002023
union_standard_time,5668003,승합-고속형,기능정비,엔진 부품,연료(분사)펌프,교환,CAN-002021
union_standard_time,5668003,승합-고속형,기능정비,엔진 부품,연료(분사)펌프,오버홀,CAN-002022
union_standard_time,5668012,승합-고속형,소모품 및 하체정비,소모품,연료 세디먼트 및 필터,탈착,CAN-002025
union_standard_time,5668012,승합-고속형,소모품 및 하체정비,소모품,연료 세디먼트 및 필터,교환,CAN-002024
union_standard_time,5678001,승합-고속형,기능정비,엔진 부품,Oil Cooler ASSY,탈착,CAN-000087
union_standard_time,5678001,승합-고속형,기능정비,엔진 부품,Oil Cooler ASSY,교환,CAN-000086
union_standard_time,5678004,승합-고속형,기능정비,엔진 부품,에어 컴프레셔 ASSY,탈착,CAN-001860
union_standard_time,5678004,승합-고속형,기능정비,엔진 부품,에어 컴프레셔 ASSY,교환,CAN-001859
union_standard_time,7688005,승합-고속형,기능정비,엔진 부품,변속기,탈착,CAN-001047
union_standard_time,7688005,승합-고속형,기능정비,엔진 부품,변속기,교환,CAN-001045
union_standard_time,7688005,승합-고속형,기능정비,엔진 부품,변속기,오버홀,CAN-001046
union_standard_time,7689016,승합-고속형,기능정비,엔진 부품,체인지 레바,탈착,CAN-002423
union_standard_time,7689016,승합-고속형,기능정비,엔진 부품,체인지 레바,교환,CAN-002422
union_standard_time,7698005,승합-고속형,기능정비,엔진 부품,프로펠러 샤프트,탈착,CAN-002934
union_standard_time,7698005,승합-고속형,기능정비,엔진 부품,프로펠러 샤프트,교환,CAN-002933
union_standard_time,7698014,승합-고속형,기능정비,엔진 부품,프론트 액슬,탈착,CAN-003103
union_standard_time,7698014,승합-고속형,기능정비,엔진 부품,프론트 액슬,교환,CAN-003101
union_standard_time,7698014,승합-고속형,기능정비,엔진 부품,프론트 액슬,오버홀,CAN-003102
union_standard_time,7708505,승합-고속형,기능정비,엔진 부품,판스프링(앞좌),탈착,CAN-002888
union_standard_time,7708505,승합-고속형,기능정비,엔진 부품,판스프링(앞좌),교환,CAN-002886
union_standard_time,7708505,승합-고속형,기능정비,엔진 부품,판스프링(앞좌),오버홀,CAN-002887
union_standard_time,7708511,승합-고속형,소모품 및 하체정비,하체 부품,에어서스펜션 스프링,탈착,CAN-001791
union_standard_time,7708511,승합-고속형,소모품 및 하체정비,하체 부품,에어서스펜션 스프링,교환,CAN-001789
union_standard_time,7708511,승합-고속형,소모품 및 하체정비,하체 부품,에어서스펜션 스프링,오버홀,CAN-001790
union_standard_time,7708606,승합-고속형,기능정비,엔진 부품,판스프링(앞우),탈착,CAN-002885
union_standard_time,7708606,승합-고속형,기능정비,엔진 부품,판스프링(앞우),교환,CAN-002883
union_standard_time,7708606,승합-고속형,기능정비,엔진 부품,판스프링(앞우),오버홀,CAN-002884
union_standard_time,7708707,승합-고속형,기능정비,엔진 부품,판스프링(뒤좌),탈착,CAN-002882
union_standard_time,7708707,승합-고속형,기능정비,엔진 부품,판스프링(뒤좌),교환,CAN-002880
union_standard_time,7708707,승합-고속형,기능정비,엔진 부품,판스프링(뒤좌),오버홀,CAN-002881
union_standard_time,7708809,승합-고속형,기능정비,엔진 부품,판스프링(뒤우),탈착,CAN-002879
union_standard_time,7708809,승합-고속형,기능정비,엔진 부품,판스프링(뒤우),교환,CAN-002877
union_standard_time,7708809,승합-고속형,기능정비,엔진 부품,판스프링(뒤우),오버홀,CAN-002878
union_standard_time,7709501,승합-고속형,기능정비,엔진 부품,쇽업쇼버(앞.좌),탈착,CAN-001343
union_standard_time,7709501,승합-고속형,기능정비,엔진 부품,쇽업쇼버(앞.좌),교환,CAN-001342
union_standard_time,7709602,승합-고속형,기능정비,엔진 부품,쇽업쇼버(앞.우),탈착,CAN-001341
union_standard_time,7709602,승합-고속형,기능정비,엔진 부품,쇽업쇼버(앞.우),교환,CAN-001340
union_standard_time,7709703,승합-고속형,기능정비,엔진 부품,쇽업쇼버(뒤.좌),탈착,CAN-001335
union_standard_time,7709703,승합-고속형,기능정비,엔진 부품,쇽업쇼버(뒤.좌),교환,CAN-001334
union_standard_time,7709804,승합-고속형,기능정비,엔진 부품,쇽업쇼버(뒤.우),탈착,CAN-001333
union_standard_time,7709804,승합-고속형,기능정비,엔진 부품,쇽업쇼버(뒤.우),교환,CAN-001332
union_standard_time,7718021,승합-고속형,기능정비,엔진 부품,리어액슬 ASSY,탈착,CAN-000681
union_standard_time,7718021,승합-고속형,기능정비,엔진 부품,리어액슬 ASSY,교환,CAN-000679
union_standard_time,7718022,승합-고속형,기능정비,엔진 부품,리어액슬 하우징ASSY,오버홀,CAN-000695
union_standard_time,7719510,승합-고속형,소모품 및 하체정비,하체 부품,허브(앞좌),오버홀,CAN-003265
union_standard_time,7719611,승합-고속형,소모품 및 하체정비,하체 부품,허브(앞우),오버홀,CAN-003263
union_standard_time,7719712,승합-고속형,소모품 및 하체정비,하체 부품,허브(뒤좌),오버홀,CAN-003261
union_standard_time,7719813,승합-고속형,소모품 및 하체정비,하체 부품,허브(뒤우),오버홀,CAN-003259
union_standard_time,7728027,승합-고속형,소모품 및 하체정비,하체 부품,스티어링 컬럼ASSY,탈착,CAN-001401
union_standard_time,7728027,승합-고속형,소모품 및 하체정비,하체 부품,스티어링 컬럼ASSY,교환,CAN-001400
union_standard_time,7728031,승합-고속형,소모품 및 하체정비,하체 부품,스티어링 기어박스(파워),탈착,CAN-001385
union_standard_time,7728031,승합-고속형,소모품 및 하체정비,하체 부품,스티어링 기어박스(파워),교환,CAN-001384
union_standard_time,7728037,승합-고속형,소모품 및 하체정비,하체 부품,파워 스티어링 부스터,탈착,CAN-002842
union_standard_time,7728037,승합-고속형,소모품 및 하체정비,하체 부품,파워 스티어링 부스터,교환,CAN-002841
union_standard_time,7728038,승합-고속형,소모품 및 하체정비,하체 부품,파워 스티어링 오일탱크,탈착,CAN-002849
union_standard_time,7728038,승합-고속형,소모품 및 하체정비,하체 부품,파워 스티어링 오일탱크,교환,CAN-002848
union_standard_time,7728039,승합-고속형,소모품 및 하체정비,하체 부품,스티어링 오일 파이프#1,탈착,CAN-001389
union_standard_time,7728039,승합-고속형,소모품 및 하체정비,하체 부품,스티어링 오일 파이프#1,교환,CAN-001388
union_standard_time,7728040,승합-고속형,소모품 및 하체정비,하체 부품,스티어링 오일 파이프#2,탈착,CAN-001391
union_standard_time,7728040,승합-고속형,소모품 및 하체정비,하체 부품,스티어링 오일 파이프#2,교환,CAN-001390
union_standard_time,7728041,승합-고속형,소모품 및 하체정비,하체 부품,스티어링 오일 파이프#3,탈착,CAN-001393
union_standard_time,7728041,승합-고속형,소모품 및 하체정비,하체 부품,스티어링 오일 파이프#3,교환,CAN-001392
union_standard_time,7728042,승합-고속형,소모품 및 하체정비,하체 부품,스티어링 오일 파이프#4,탈착,CAN-001395
union_standard_time,7728042,승합-고속형,소모품 및 하체정비,하체 부품,스티어링 오일 파이프#4,교환,CAN-001394
union_standard_time,7728051,승합-고속형,소모품 및 하체정비,브레이크/타이어,브레이크 마스타 & 부스타,탈착,CAN-001079
union_standard_time,7728051,승합-고속형,소모품 및 하체정비,브레이크/타이어,브레이크 마스타 & 부스타,교환,CAN-001078
union_standard_time,7728059,승합-고속형,소모품 및 하체정비,브레이크/타이어,클러치 및 브레이크패달 브라켓,탈착,CAN-002631
union_standard_time,7728059,승합-고속형,소모품 및 하체정비,브레이크/타이어,클러치 및 브레이크패달 브라켓,교환,CAN-002630
union_standard_time,7728065,승합-고속형,소모품 및 하체정비,브레이크/타이어,에어브레이크 밸브 ASSY,탈착,CAN-001786
union_standard_time,7728065,승합-고속형,소모품 및 하체정비,브레이크/타이어,에어브레이크 밸브 ASSY,교환,CAN-001785
union_standard_time,7728066,승합-고속형,기능정비,엔진 부품,클러치 마스타 실린더,탈착,CAN-002625
union_standard_time,7728066,승합-고속형,기능정비,엔진 부품,클러치 마스타 실린더,교환,CAN-002624
union_standard_time,7729026,승합-고속형,소모품 및 하체정비,하체 부품,스티어링 휠,탈착,CAN-001407
union_standard_time,7729026,승합-고속형,소모품 및 하체정비,하체 부품,스티어링 휠,교환,CAN-001406
union_standard_time,7729060,승합-고속형,소모품 및 하체정비,브레이크/타이어,핸드브레이크레바,탈착,CAN-003257
union_standard_time,7729060,승합-고속형,소모품 및 하체정비,브레이크/타이어,핸드브레이크레바,교환,CAN-003256
union_standard_time,7738006,승합-고속형,기능정비,엔진 부품,에어탱크,탈착,CAN-001874
union_standard_time,7738006,승합-고속형,기능정비,엔진 부품,에어탱크,교환,CAN-001873
union_standard_time,7738010,승합-고속형,소모품 및 하체정비,브레이크/타이어,브레이크 챔버#1,탈착,CAN-001094
union_standard_time,7738010,승합-고속형,소모품 및 하체정비,브레이크/타이어,브레이크 챔버#1,교환,CAN-001093
union_standard_time,7738011,승합-고속형,소모품 및 하체정비,브레이크/타이어,브레이크 챔버#2,탈착,CAN-001096
union_standard_time,7738011,승합-고속형,소모품 및 하체정비,브레이크/타이어,브레이크 챔버#2,교환,CAN-001095
union_standard_time,7738012,승합-고속형,소모품 및 하체정비,브레이크/타이어,브레이크 챔버#3,탈착,CAN-001098
union_standard_time,7738012,승합-고속형,소모품 및 하체정비,브레이크/타이어,브레이크 챔버#3,교환,CAN-001097
union_standard_time,7738013,승합-고속형,소모품 및 하체정비,브레이크/타이어,브레이크 챔버#4,탈착,CAN-001100
union_standard_time,7738013,승합-고속형,소모품 및 하체정비,브레이크/타이어,브레이크 챔버#4,교환,CAN-001099
union_standard_time,7738015,승합-고속형,소모품 및 하체정비,브레이크/타이어,브레이크 콘트롤밸브 ASSY,탈착,CAN-001114
union_standard_time,7738015,승합-고속형,소모품 및 하체정비,브레이크/타이어,브레이크 콘트롤밸브 ASSY,교환,CAN-001113
union_standard_time,35780A1,승합-고속형,기능정비,엔진 부품,"승강구슬라이딩유리(상,접착)",탈착,CAN-001481
union_standard_time,35780A1,승합-고속형,기능정비,엔진 부품,"승강구슬라이딩유리(상,접착)",교환,CAN-001480
union_standard_time,35780A2,승합-고속형,기능정비,엔진 부품,"승강구슬라이딩유리(하,접착)",탈착,CAN-001485
union_standard_time,35780A2,승합-고속형,기능정비,엔진 부품,"승강구슬라이딩유리(하,접착)",교환,CAN-001484
union_standard_time,35780A3,승합-고속형,기능정비,엔진 부품,"승강구슬라이딩유리(상,끼움)",탈착,CAN-001479
union_standard_time,35780A3,승합-고속형,기능정비,엔진 부품,"승강구슬라이딩유리(상,끼움)",교환,CAN-001478
union_standard_time,35780A4,승합-고속형,기능정비,엔진 부품,"승강구슬라이딩유리(하,끼움)",탈착,CAN-001483
union_standard_time,35780A4,승합-고속형,기능정비,엔진 부품,"승강구슬라이딩유리(하,끼움)",교환,CAN-001482
union_standard_time,35780A5,승합-고속형,기능정비,엔진 부품,"승강구 접이식유리(앞,접착)",탈착,CAN-001499
union_standard_time,35780A5,승합-고속형,기능정비,엔진 부품,"승강구 접이식유리(앞,접착)",교환,CAN-001498
union_standard_time,35780A6,승합-고속형,기능정비,엔진 부품,"승강구 접이식유리(뒤,접착)",탈착,CAN-001495
union_standard_time,35780A6,승합-고속형,기능정비,엔진 부품,"승강구 접이식유리(뒤,접착)",교환,CAN-001494
union_standard_time,35780A7,승합-고속형,기능정비,엔진 부품,"승강구 접이식유리(앞,끼움)",탈착,CAN-001497
union_standard_time,35780A7,승합-고속형,기능정비,엔진 부품,"승강구 접이식유리(앞,끼움)",교환,CAN-001496
union_standard_time,35780A8,승합-고속형,기능정비,엔진 부품,"승강구 접이식유리(뒤,끼움)",탈착,CAN-001493
union_standard_time,35780A8,승합-고속형,기능정비,엔진 부품,"승강구 접이식유리(뒤,끼움)",교환,CAN-001492
union_standard_time,35780A9,승합-고속형,기능정비,엔진 부품,"승강구 유리(저상버스,1개)",탈착,CAN-001487
union_standard_time,35780A9,승합-고속형,기능정비,엔진 부품,"승강구 유리(저상버스,1개)",교환,CAN-001486
union_standard_time,35780B1,승합-고속형,기능정비,엔진 부품,"승강구 유리(저상버스,2개)",탈착,CAN-001489
union_standard_time,35780B1,승합-고속형,기능정비,엔진 부품,"승강구 유리(저상버스,2개)",교환,CAN-001488
union_standard_time,35780B2,승합-고속형,기능정비,엔진 부품,"승강구 유리(저상버스,4개)",탈착,CAN-001491
union_standard_time,35780B2,승합-고속형,기능정비,엔진 부품,"승강구 유리(저상버스,4개)",교환,CAN-001490
union_standard_time,35780B3,승합-고속형,기능정비,엔진 부품,승강구 상유리(접착식),탈착,CAN-001466
union_standard_time,35780B3,승합-고속형,기능정비,엔진 부품,승강구 상유리(접착식),교환,CAN-001465
union_standard_time,35780B4,승합-고속형,기능정비,엔진 부품,승강구 상유리(끼움식),탈착,CAN-001464
union_standard_time,35780B4,승합-고속형,기능정비,엔진 부품,승강구 상유리(끼움식),교환,CAN-001463
union_standard_time,35780B5,승합-고속형,기능정비,엔진 부품,앞사이드 고정유리(접착),탈착,CAN-001711
union_standard_time,35780B5,승합-고속형,기능정비,엔진 부품,앞사이드 고정유리(접착),교환,CAN-001710
union_standard_time,35780B6,승합-고속형,기능정비,엔진 부품,뒤사이드 고정유리(접착),탈착,CAN-000197
union_standard_time,35780B6,승합-고속형,기능정비,엔진 부품,뒤사이드 고정유리(접착),교환,CAN-000196
union_standard_time,35780B7,승합-고속형,기능정비,엔진 부품,뒤사이드 고정유리(힌지),탈착,CAN-000199
union_standard_time,35780B7,승합-고속형,기능정비,엔진 부품,뒤사이드 고정유리(힌지),교환,CAN-000198
union_standard_time,35780B8,승합-고속형,기능정비,엔진 부품,창틀(소)-1개,탈착,CAN-002415
union_standard_time,35780B8,승합-고속형,기능정비,엔진 부품,창틀(소)-1개,교환,CAN-002414
union_standard_time,35780B9,승합-고속형,기능정비,엔진 부품,창틀(소)-2개,탈착,CAN-002417
union_standard_time,35780B9,승합-고속형,기능정비,엔진 부품,창틀(소)-2개,교환,CAN-002416
union_standard_time,35780C1,승합-고속형,기능정비,엔진 부품,창틀(소)-4개,탈착,CAN-002419
union_standard_time,35780C1,승합-고속형,기능정비,엔진 부품,창틀(소)-4개,교환,CAN-002418
union_standard_time,35780C2,승합-고속형,기능정비,엔진 부품,창틀(소)-8개,탈착,CAN-002421
union_standard_time,35780C2,승합-고속형,기능정비,엔진 부품,창틀(소)-8개,교환,CAN-002420
union_standard_time,35780C3,승합-고속형,기능정비,엔진 부품,창틀(대)-1개,교환,CAN-002410
union_standard_time,35780C4,승합-고속형,기능정비,엔진 부품,창틀(대)-2개,교환,CAN-002411
union_standard_time,35780C5,승합-고속형,기능정비,엔진 부품,창틀(대)-4개,교환,CAN-002412
union_standard_time,35780C6,승합-고속형,기능정비,엔진 부품,창틀(대)-8개,교환,CAN-002413
union_standard_time,1018101,RV,판금/도장정비,판금(탈부착),프론트 범퍼,탈착,CAN-002997
union_standard_time,1018101,RV,판금/도장정비,판금(탈부착),프론트 범퍼,교환,CAN-002995
union_standard_time,1018101,RV,판금/도장정비,판금(탈부착),프론트 범퍼,오버홀,CAN-002996
union_standard_time,1018111,RV,판금/도장정비,판금(탈부착),앞범퍼(분할형),탈착,CAN-001703
union_standard_time,1018111,RV,판금/도장정비,판금(탈부착),앞범퍼(분할형),교환,CAN-001701
union_standard_time,1018111,RV,판금/도장정비,판금(탈부착),앞범퍼(분할형),오버홀,CAN-001702
union_standard_time,1018113,RV,판금/도장정비,판금(탈부착),프론트 범퍼 커버,탈착,CAN-003025
union_standard_time,1018113,RV,판금/도장정비,판금(탈부착),프론트 범퍼 커버,교환,CAN-003023
union_standard_time,1018113,RV,판금/도장정비,판금(탈부착),프론트 범퍼 커버,오버홀,CAN-003024
union_standard_time,1018114,RV,판금/도장정비,판금(탈부착),프론트 범퍼 레일,탈착,CAN-002999
union_standard_time,1018114,RV,판금/도장정비,판금(탈부착),프론트 범퍼 레일,교환,CAN-002998
union_standard_time,1019118,RV,판금/도장정비,판금(탈부착),범퍼가드,탈착,CAN-001023
union_standard_time,1019118,RV,판금/도장정비,판금(탈부착),범퍼가드,교환,CAN-001022
union_standard_time,1019125,RV,판금/도장정비,판금(탈부착),프론트 범퍼 커버 어퍼서포트,탈착,CAN-003027
union_standard_time,1019125,RV,판금/도장정비,판금(탈부착),프론트 범퍼 커버 어퍼서포트,교환,CAN-003026
union_standard_time,1019321,RV,판금/도장정비,판금(탈부착),프론트범퍼 사이드브라켓(좌측),탈착,CAN-003014
union_standard_time,1019321,RV,판금/도장정비,판금(탈부착),프론트범퍼 사이드브라켓(좌측),교환,CAN-003013
union_standard_time,1019323,RV,판금/도장정비,판금(탈부착),프론트 범퍼 레일 스테이(좌측),탈착,CAN-003003
union_standard_time,1019323,RV,판금/도장정비,판금(탈부착),프론트 범퍼 레일 스테이(좌측),교환,CAN-003002
union_standard_time,1019422,RV,판금/도장정비,판금(탈부착),프론트범퍼 사이드브라켓(우측),탈착,CAN-003012
union_standard_time,1019422,RV,판금/도장정비,판금(탈부착),프론트범퍼 사이드브라켓(우측),교환,CAN-003011
union_standard_time,1019424,RV,판금/도장정비,판금(탈부착),프론트 범퍼 레일 스테이(우측),탈착,CAN-003001
union_standard_time,1019424,RV,판금/도장정비,판금(탈부착),프론트 범퍼 레일 스테이(우측),교환,CAN-003000
union_standard_time,1028101,RV,기능정비,엔진 부품,라디에이터그릴,탈착,CAN-000320
union_standard_time,1028101,RV,기능정비,엔진 부품,라디에이터그릴,교환,CAN-000318
union_standard_time,1028101,RV,기능정비,엔진 부품,라디에이터그릴,오버홀,CAN-000319
union_standard_time,1028103,RV,기능정비,엔진 부품,엑티브 에어 플랩,탈착,CAN-001878
union_standard_time,1028103,RV,기능정비,엔진 부품,엑티브 에어 플랩,교환,CAN-001877
union_standard_time,1029008,RV,기능정비,엔진 부품,라디에이터 에어 가이드,탈착,CAN-000346
union_standard_time,1029008,RV,기능정비,엔진 부품,라디에이터 에어 가이드,교환,CAN-000345
union_standard_time,1038101,RV,판금/도장정비,판금(탈부착),후드,탈착,CAN-003318
union_standard_time,1038101,RV,판금/도장정비,판금(탈부착),후드,교환,CAN-003316
union_standard_time,1038101,RV,판금/도장정비,판금(탈부착),후드,오버홀,CAN-003317
union_standard_time,1039106,RV,판금/도장정비,판금(탈부착),후드록크,탈착,CAN-003321
union_standard_time,1039106,RV,판금/도장정비,판금(탈부착),후드록크,교환,CAN-003320
union_standard_time,1039107,RV,판금/도장정비,판금(탈부착),후드케이블,탈착,CAN-003357
union_standard_time,1039107,RV,판금/도장정비,판금(탈부착),후드케이블,교환,CAN-003356
union_standard_time,1039108,RV,판금/도장정비,판금(탈부착),후드인슐레이션,탈착,CAN-003353
union_standard_time,1039108,RV,판금/도장정비,판금(탈부착),후드인슐레이션,교환,CAN-003352
union_standard_time,1039302,RV,판금/도장정비,판금(탈부착),후드힌지(좌측),탈착,CAN-003363
union_standard_time,1039302,RV,판금/도장정비,판금(탈부착),후드힌지(좌측),교환,CAN-003362
union_standard_time,1039304,RV,판금/도장정비,판금(탈부착),후드쇼바(좌측),탈착,CAN-003345
union_standard_time,1039304,RV,판금/도장정비,판금(탈부착),후드쇼바(좌측),교환,CAN-003344
union_standard_time,1039403,RV,판금/도장정비,판금(탈부착),후드힌지(우측),탈착,CAN-003361
union_standard_time,1039403,RV,판금/도장정비,판금(탈부착),후드힌지(우측),교환,CAN-003360
union_standard_time,1039405,RV,판금/도장정비,판금(탈부착),후드쇼바(우측),탈착,CAN-003343
union_standard_time,1039405,RV,판금/도장정비,판금(탈부착),후드쇼바(우측),교환,CAN-003342
union_standard_time,1048040,RV,기능정비,전기 및 램프,혼,탈착,CAN-003310
union_standard_time,1048040,RV,기능정비,전기 및 램프,혼,교환,CAN-003309
union_standard_time,1048044,RV,기능정비,전기 및 램프,혼(하이),탈착,CAN-003315
union_standard_time,1048044,RV,기능정비,전기 및 램프,혼(하이),교환,CAN-003314
union_standard_time,1048045,RV,기능정비,전기 및 램프,혼(로우),탈착,CAN-003312
union_standard_time,1048045,RV,기능정비,전기 및 램프,혼(로우),교환,CAN-003311
union_standard_time,1048101,RV,판금/도장정비,판금(탈부착),프론트패널 ASSY(볼트식),탈착,CAN-003131
union_standard_time,1048101,RV,판금/도장정비,판금(탈부착),프론트패널 ASSY(볼트식),교환,CAN-003130
union_standard_time,1048102,RV,판금/도장정비,판금(탈부착),프론트패널 ASSY(조립식),탈착,CAN-003134
union_standard_time,1048102,RV,판금/도장정비,판금(탈부착),프론트패널 ASSY(조립식),교환,CAN-003132
union_standard_time,1048102,RV,판금/도장정비,판금(탈부착),프론트패널 ASSY(조립식),오버홀,CAN-003133
union_standard_time,1048104,RV,판금/도장정비,판금(탈부착),프론트어퍼패널,탈착,CAN-003109
union_standard_time,1048104,RV,판금/도장정비,판금(탈부착),프론트어퍼패널,교환,CAN-003108
union_standard_time,1048105,RV,판금/도장정비,판금(탈부착),프론트어퍼패널(단독),탈착,CAN-003111
union_standard_time,1048105,RV,판금/도장정비,판금(탈부착),프론트어퍼패널(단독),교환,CAN-003110
union_standard_time,1048108,RV,판금/도장정비,판금(탈부착),프론트패널그룹,교환,CAN-003136
union_standard_time,1048113,RV,판금/도장정비,판금(탈부착),프론트패널(라디에이터부착상태),탈착,CAN-003138
union_standard_time,1048113,RV,판금/도장정비,판금(탈부착),프론트패널(라디에이터부착상태),교환,CAN-003137
union_standard_time,1048117,RV,기능정비,엔진 부품,스티프너(어퍼),탈착,CAN-001413
union_standard_time,1048117,RV,기능정비,엔진 부품,스티프너(어퍼),교환,CAN-001412
union_standard_time,1048119,RV,기능정비,엔진 부품,스티프너(로어),탈착,CAN-001411
union_standard_time,1048119,RV,기능정비,엔진 부품,스티프너(로어),교환,CAN-001410
union_standard_time,1048126,RV,소모품 및 하체정비,하체 부품,프론트 크로스멤버,탈착,CAN-003126
union_standard_time,1048126,RV,소모품 및 하체정비,하체 부품,프론트 크로스멤버,교환,CAN-003125
union_standard_time,1048132,RV,소모품 및 하체정비,하체 부품,라디에이터크로스멤버,탈착,CAN-000348
union_standard_time,1048132,RV,소모품 및 하체정비,하체 부품,라디에이터크로스멤버,교환,CAN-000347
union_standard_time,1048135,RV,소모품 및 하체정비,하체 부품,프론트 엔드 크로스멤버,탈착,CAN-003115
union_standard_time,1048135,RV,소모품 및 하체정비,하체 부품,프론트 엔드 크로스멤버,교환,CAN-003114
union_standard_time,1048136,RV,소모품 및 하체정비,하체 부품,프론트 엔드 크로스멤버(외측),교환,CAN-003116
union_standard_time,1048143,RV,기능정비,엔진 부품,스티프너(하이),탈착,CAN-001415
union_standard_time,1048143,RV,기능정비,엔진 부품,스티프너(하이),교환,CAN-001414
union_standard_time,1048306,RV,판금/도장정비,판금(탈부착),헤드램프 패널(좌측),교환,CAN-003304
union_standard_time,1048315,RV,판금/도장정비,판금(탈부착),헤드램프 패널(좌측),탈착,CAN-003305
union_standard_time,1048315,RV,판금/도장정비,판금(탈부착),헤드램프 패널(좌측),교환,CAN-003304
union_standard_time,1048407,RV,판금/도장정비,판금(탈부착),헤드램프 패널(우측),교환,CAN-003302
union_standard_time,1048416,RV,판금/도장정비,판금(탈부착),헤드램프 패널(우측),탈착,CAN-003303
union_standard_time,1048416,RV,판금/도장정비,판금(탈부착),헤드램프 패널(우측),교환,CAN-003302
union_standard_time,1049114,RV,기능정비,엔진 부품,센터스테이,탈착,CAN-001296
union_standard_time,1049114,RV,기능정비,엔진 부품,센터스테이,교환,CAN-001295
union_standard_time,1049320,RV,기능정비,엔진 부품,라디에이터 로워 브라켓(좌측),탈착,CAN-000334
union_standard_time,1049320,RV,기능정비,엔진 부품,라디에이터 로워 브라켓(좌측),교환,CAN-000333
union_standard_time,1049421,RV,기능정비,엔진 부품,라디에이터 로워 브라켓(우측),탈착,CAN-000332
union_standard_time,1049421,RV,기능정비,엔진 부품,라디에이터 로워 브라켓(우측),교환,CAN-000331
union_standard_time,1058301,RV,기능정비,전기 및 램프,헤드램프(좌측),탈착,CAN-003301
union_standard_time,1058301,RV,기능정비,전기 및 램프,헤드램프(좌측),교환,CAN-003300
union_standard_time,1058313,RV,기능정비,전기 및 램프,HID 헤드램프 밸러스트(좌측),탈착,CAN-000058
union_standard_time,1058313,RV,기능정비,전기 및 램프,HID 헤드램프 밸러스트(좌측),교환,CAN-000057
union_standard_time,1058320,RV,기능정비,전기 및 램프,시그널램프(좌측),탈착,CAN-001503
union_standard_time,1058320,RV,기능정비,전기 및 램프,시그널램프(좌측),교환,CAN-001502
union_standard_time,1058402,RV,기능정비,전기 및 램프,헤드램프(우측),탈착,CAN-003299
union_standard_time,1058402,RV,기능정비,전기 및 램프,헤드램프(우측),교환,CAN-003298
union_standard_time,1058414,RV,기능정비,전기 및 램프,HID 헤드램프 밸러스트(우측),탈착,CAN-000056
union_standard_time,1058414,RV,기능정비,전기 및 램프,HID 헤드램프 밸러스트(우측),교환,CAN-000055
union_standard_time,1058421,RV,기능정비,전기 및 램프,시그널램프(우측),탈착,CAN-001501
union_standard_time,1058421,RV,기능정비,전기 및 램프,시그널램프(우측),교환,CAN-001500
union_standard_time,1059303,RV,기능정비,전기 및 램프,헤드램프브라켓(좌측),탈착,CAN-003290
union_standard_time,1059303,RV,기능정비,전기 및 램프,헤드램프브라켓(좌측),교환,CAN-003289
union_standard_time,1059305,RV,기능정비,전기 및 램프,"헤드램프브라켓(수리킷,좌#1)",교환,CAN-003283
union_standard_time,1059306,RV,기능정비,전기 및 램프,"헤드램프브라켓(수리킷,좌#2)",교환,CAN-003284
union_standard_time,1059307,RV,기능정비,전기 및 램프,"헤드램프브라켓(수리킷,좌#3)",교환,CAN-003285
union_standard_time,1059315,RV,기능정비,전기 및 램프,헤드램프 레벨링 엑츄에이터(좌측),탈착,CAN-003278
union_standard_time,1059315,RV,기능정비,전기 및 램프,헤드램프 레벨링 엑츄에이터(좌측),교환,CAN-003277
union_standard_time,1059317,RV,기능정비,전기 및 램프,헤드램프가니쉬(좌측),탈착,CAN-003274
union_standard_time,1059317,RV,기능정비,전기 및 램프,헤드램프가니쉬(좌측),교환,CAN-003273
union_standard_time,1059326,RV,기능정비,전기 및 램프,포그램프(좌측),탈착,CAN-002911
union_standard_time,1059326,RV,기능정비,전기 및 램프,포그램프(좌측),교환,CAN-002910
union_standard_time,1059328,RV,기능정비,전기 및 램프,헤드램프와셔(좌측),탈착,CAN-003297
union_standard_time,1059328,RV,기능정비,전기 및 램프,헤드램프와셔(좌측),교환,CAN-003296
union_standard_time,1059331,RV,기능정비,전기 및 램프,"DRL(데이램프,좌)",탈착,CAN-000034
union_standard_time,1059331,RV,기능정비,전기 및 램프,"DRL(데이램프,좌)",교환,CAN-000033
union_standard_time,1059404,RV,기능정비,전기 및 램프,헤드램프브라켓(우측),탈착,CAN-003288
union_standard_time,1059404,RV,기능정비,전기 및 램프,헤드램프브라켓(우측),교환,CAN-003287
union_standard_time,1059409,RV,기능정비,전기 및 램프,"헤드램프브라켓(수리킷,우#1)",교환,CAN-003279
union_standard_time,1059410,RV,기능정비,전기 및 램프,"헤드램프브라켓(수리킷,우#2)",교환,CAN-003280
union_standard_time,1059411,RV,기능정비,전기 및 램프,"헤드램프브라켓(수리킷,우#3)",교환,CAN-003281
union_standard_time,1059416,RV,기능정비,전기 및 램프,헤드램프 레벨링 엑츄에이터(우측),탈착,CAN-003276
union_standard_time,1059416,RV,기능정비,전기 및 램프,헤드램프 레벨링 엑츄에이터(우측),교환,CAN-003275
union_standard_time,1059418,RV,기능정비,전기 및 램프,헤드램프가니쉬(우측),탈착,CAN-003270
union_standard_time,1059418,RV,기능정비,전기 및 램프,헤드램프가니쉬(우측),교환,CAN-003269
union_standard_time,1059427,RV,기능정비,전기 및 램프,포그램프(우측),탈착,CAN-002909
union_standard_time,1059427,RV,기능정비,전기 및 램프,포그램프(우측),교환,CAN-002908
union_standard_time,1059429,RV,기능정비,전기 및 램프,헤드램프와셔(우측),탈착,CAN-003295
union_standard_time,1059429,RV,기능정비,전기 및 램프,헤드램프와셔(우측),교환,CAN-003294
union_standard_time,1059432,RV,기능정비,전기 및 램프,"DRL(데이램프,우)",탈착,CAN-000032
union_standard_time,1059432,RV,기능정비,전기 및 램프,"DRL(데이램프,우)",교환,CAN-000031
union_standard_time,1068301,RV,기능정비,엔진 부품,프론트휀다(좌측),탈착,CAN-003192
union_standard_time,1068301,RV,기능정비,엔진 부품,프론트휀다(좌측),교환,CAN-003191
union_standard_time,1068317,RV,판금/도장정비,판금(탈부착),프론트휀다 몰딩(좌측),탈착,CAN-003188
union_standard_time,1068317,RV,판금/도장정비,판금(탈부착),프론트휀다 몰딩(좌측),교환,CAN-003187
union_standard_time,1068325,RV,소모품 및 하체정비,브레이크/타이어,프론트휠하우스(좌측),교환,CAN-003204
union_standard_time,1068332,RV,판금/도장정비,판금(탈부착),후드리지 인너 프론트(좌측),교환,CAN-003338
union_standard_time,1068333,RV,판금/도장정비,판금(탈부착),후드리지 인너 리어(좌측),교환,CAN-003336
union_standard_time,1068343,RV,소모품 및 하체정비,브레이크/타이어,휠하우스 브레이스(좌측),교환,CAN-003417
union_standard_time,1068347,RV,판금/도장정비,판금(탈부착),후드리지 콘넥터 패널(좌측),교환,CAN-003341
union_standard_time,1068348,RV,판금/도장정비,판금(탈부착),스트럿 하우징 패널(좌측),교환,CAN-001381
union_standard_time,1068357,RV,소모품 및 하체정비,하체 부품,프론트사이드멤버ASSY(좌측),교환,CAN-003034
union_standard_time,1068359,RV,소모품 및 하체정비,하체 부품,"프론트사이드멤버(단독,좌)",교환,CAN-003038
union_standard_time,1068361,RV,소모품 및 하체정비,하체 부품,"프론트사이드멤버(센터,좌)",교환,CAN-003046
union_standard_time,1068362,RV,소모품 및 하체정비,하체 부품,"프론트사이드멤버(대쉬,좌)",교환,CAN-003040
union_standard_time,1068371,RV,소모품 및 하체정비,하체 부품,휠하우스 및 사이드멤버(좌측),교환,CAN-003412
union_standard_time,1068375,RV,판금/도장정비,판금(탈부착),후드리지(좌측),교환,CAN-003339
union_standard_time,1068377,RV,판금/도장정비,판금(탈부착),맥퍼슨 타워 패널(좌측),교환,CAN-000821
union_standard_time,1068379,RV,소모품 및 하체정비,하체 부품,"프론트사이드멤버(앞부분,좌)",교환,CAN-003049
union_standard_time,1068383,RV,소모품 및 하체정비,하체 부품,"프론트사이드멤버(내측,좌)",교환,CAN-003036
union_standard_time,1068385,RV,소모품 및 하체정비,하체 부품,"프론트사이드멤버(외측,좌)",교환,CAN-003052
union_standard_time,1068403,RV,기능정비,엔진 부품,프론트휀다(우측),탈착,CAN-003190
union_standard_time,1068403,RV,기능정비,엔진 부품,프론트휀다(우측),교환,CAN-003189
union_standard_time,1068418,RV,판금/도장정비,판금(탈부착),프론트휀다 몰딩(우측),탈착,CAN-003186
union_standard_time,1068418,RV,판금/도장정비,판금(탈부착),프론트휀다 몰딩(우측),교환,CAN-003185
union_standard_time,1068426,RV,판금/도장정비,판금(탈부착),휠하우스 아우터 패널(좌측),교환,CAN-003419
union_standard_time,1068434,RV,소모품 및 하체정비,브레이크/타이어,프론트휠하우스(우측),교환,CAN-003203
union_standard_time,1068435,RV,판금/도장정비,판금(탈부착),휠하우스 아우터 패널(우측),교환,CAN-003418
union_standard_time,1068441,RV,판금/도장정비,판금(탈부착),후드리지 인너 프론트(우측),교환,CAN-003337
union_standard_time,1068442,RV,판금/도장정비,판금(탈부착),후드리지 인너 리어(우측),교환,CAN-003335
union_standard_time,1068449,RV,소모품 및 하체정비,브레이크/타이어,휠하우스 브레이스(우측),교환,CAN-003415
union_standard_time,1068453,RV,판금/도장정비,판금(탈부착),후드리지 콘넥터 패널(우측),교환,CAN-003340
union_standard_time,1068454,RV,판금/도장정비,판금(탈부착),스트럿 하우징 패널(우측),교환,CAN-001380
union_standard_time,1068455,RV,소모품 및 하체정비,하체 부품,엔진마운팅멤버브라켓(우측),교환,CAN-001981
union_standard_time,1068463,RV,소모품 및 하체정비,하체 부품,프론트사이드멤버ASSY(우측),교환,CAN-003033
union_standard_time,1068465,RV,소모품 및 하체정비,하체 부품,"프론트사이드멤버(단독,우)",교환,CAN-003037
union_standard_time,1068467,RV,소모품 및 하체정비,하체 부품,"프론트사이드멤버(센터,우)",교환,CAN-003045
union_standard_time,1068468,RV,소모품 및 하체정비,하체 부품,"프론트사이드멤버(대쉬,우)",교환,CAN-003039
union_standard_time,1068473,RV,소모품 및 하체정비,하체 부품,휠하우스 및 사이드멤버(우측),교환,CAN-003408
union_standard_time,1068476,RV,판금/도장정비,판금(탈부착),후드리지(우측),교환,CAN-003334
union_standard_time,1068478,RV,판금/도장정비,판금(탈부착),맥퍼슨 타워 패널(우측),교환,CAN-000820
union_standard_time,1068480,RV,소모품 및 하체정비,하체 부품,"프론트사이드멤버(앞부분,우)",교환,CAN-003047
union_standard_time,1068484,RV,소모품 및 하체정비,하체 부품,"프론트사이드멤버(내측,우)",교환,CAN-003035
union_standard_time,1068486,RV,소모품 및 하체정비,하체 부품,"프론트사이드멤버(외측,우)",교환,CAN-003051
union_standard_time,1068527,RV,소모품 및 하체정비,브레이크/타이어,"프론트 휠 하우스(앞부분,좌)",교환,CAN-003202
union_standard_time,1068545,RV,판금/도장정비,판금(탈부착),"후드리지 리인포스먼트(앞,좌)",교환,CAN-003329
union_standard_time,1068558,RV,소모품 및 하체정비,하체 부품,"프론트사이드멤버(앞부분,좌)",탈착,CAN-003050
union_standard_time,1068558,RV,소모품 및 하체정비,하체 부품,"프론트사이드멤버(앞부분,좌)",교환,CAN-003049
union_standard_time,1068636,RV,소모품 및 하체정비,브레이크/타이어,"프론트 휠 하우스(앞부분,우)",교환,CAN-003201
union_standard_time,1068651,RV,판금/도장정비,판금(탈부착),"후드리지 리인포스먼트(앞,우)",교환,CAN-003328
union_standard_time,1068664,RV,소모품 및 하체정비,하체 부품,"프론트사이드멤버(앞부분,우)",탈착,CAN-003048
union_standard_time,1068664,RV,소모품 및 하체정비,하체 부품,"프론트사이드멤버(앞부분,우)",교환,CAN-003047
union_standard_time,1068746,RV,판금/도장정비,판금(탈부착),"후드리지 리인포스먼트(뒤,좌)",교환,CAN-003327
union_standard_time,1068852,RV,판금/도장정비,판금(탈부착),"후드리지 리인포스먼트(뒤,우)",교환,CAN-003326
union_standard_time,1069309,RV,소모품 및 하체정비,브레이크/타이어,프론트휠가드(좌측),탈착,CAN-003196
union_standard_time,1069309,RV,소모품 및 하체정비,브레이크/타이어,프론트휠가드(좌측),교환,CAN-003195
union_standard_time,1069311,RV,소모품 및 하체정비,브레이크/타이어,리어 휠가드(좌측),탈착,CAN-000805
union_standard_time,1069311,RV,소모품 및 하체정비,브레이크/타이어,리어 휠가드(좌측),교환,CAN-000804
union_standard_time,1069319,RV,기능정비,엔진 부품,휀다 브라켓(좌측),교환,CAN-003381
union_standard_time,1069321,RV,기능정비,엔진 부품,프론트휀다 가니쉬(좌측),탈착,CAN-003184
union_standard_time,1069321,RV,기능정비,엔진 부품,프론트휀다 가니쉬(좌측),교환,CAN-003183
union_standard_time,1069410,RV,소모품 및 하체정비,브레이크/타이어,프론트휠가드(우측),탈착,CAN-003194
union_standard_time,1069410,RV,소모품 및 하체정비,브레이크/타이어,프론트휠가드(우측),교환,CAN-003193
union_standard_time,1069412,RV,소모품 및 하체정비,브레이크/타이어,리어 휠가드(우측),탈착,CAN-000803
union_standard_time,1069412,RV,소모품 및 하체정비,브레이크/타이어,리어 휠가드(우측),교환,CAN-000802
union_standard_time,1069420,RV,기능정비,엔진 부품,휀다 브라켓(우측),교환,CAN-003380
union_standard_time,1069422,RV,기능정비,엔진 부품,프론트휀다 가니쉬(우측),탈착,CAN-003182
union_standard_time,1069422,RV,기능정비,엔진 부품,프론트휀다 가니쉬(우측),교환,CAN-003181
union_standard_time,1078001,RV,기능정비,엔진 부품,카울그릴,탈착,CAN-002437
union_standard_time,1078001,RV,기능정비,엔진 부품,카울그릴,교환,CAN-002436
union_standard_time,1078002,RV,판금/도장정비,판금(탈부착),카울패널,교환,CAN-002454
union_standard_time,1078004,RV,판금/도장정비,판금(탈부착),카울언더패널,탈착,CAN-002447
union_standard_time,1078004,RV,판금/도장정비,판금(탈부착),카울언더패널,교환,CAN-002446
union_standard_time,1078010,RV,판금/도장정비,판금(탈부착),카울패널(어퍼),탈착,CAN-002458
union_standard_time,1078010,RV,판금/도장정비,판금(탈부착),카울패널(어퍼),교환,CAN-002457
union_standard_time,1078011,RV,기능정비,엔진 부품,카울언더커버,탈착,CAN-002443
union_standard_time,1078011,RV,기능정비,엔진 부품,카울언더커버,교환,CAN-002442
union_standard_time,1078012,RV,판금/도장정비,판금(탈부착),카울톱패널,탈착,CAN-002453
union_standard_time,1078012,RV,판금/도장정비,판금(탈부착),카울톱패널,교환,CAN-002452
union_standard_time,1078014,RV,판금/도장정비,판금(탈부착),대쉬패널,교환,CAN-000144
union_standard_time,1078015,RV,판금/도장정비,판금(탈부착),대쉬패널 멤버,교환,CAN-000145
union_standard_time,1078017,RV,기능정비,엔진 부품,대쉬 인슐레이터,탈착,CAN-000143
union_standard_time,1078017,RV,기능정비,엔진 부품,대쉬 인슐레이터,교환,CAN-000142
union_standard_time,1078024,RV,소모품 및 하체정비,하체 부품,카울크로스멤버,탈착,CAN-002449
union_standard_time,1078024,RV,소모품 및 하체정비,하체 부품,카울크로스멤버,교환,CAN-002448
union_standard_time,1078025,RV,소모품 및 하체정비,하체 부품,카울 크로스멤버,탈착,CAN-002449
union_standard_time,1078025,RV,소모품 및 하체정비,하체 부품,카울 크로스멤버,교환,CAN-002448
union_standard_time,1078027,RV,판금/도장정비,판금(탈부착),대쉬센터패널(용접식),교환,CAN-000141
union_standard_time,1078028,RV,기능정비,엔진 부품,카울언더커버(조립식),탈착,CAN-002445
union_standard_time,1078028,RV,기능정비,엔진 부품,카울언더커버(조립식),교환,CAN-002444
union_standard_time,1078029,RV,판금/도장정비,판금(탈부착),카울 및 대쉬패널,교환,CAN-002439
union_standard_time,1078030,RV,판금/도장정비,판금(탈부착),카울로워 및 대쉬패널,교환,CAN-002438
union_standard_time,1078306,RV,판금/도장정비,판금(탈부착),카울사이드패널(좌측),교환,CAN-002441
union_standard_time,1078308,RV,판금/도장정비,판금(탈부착),카울사이드패널(우측),교환,CAN-002440
union_standard_time,1078407,RV,판금/도장정비,판금(탈부착),카울사이드패널(좌측),교환,CAN-002441
union_standard_time,1078409,RV,판금/도장정비,판금(탈부착),카울사이드패널(우측),교환,CAN-002440
union_standard_time,1088301,RV,기능정비,엔진 부품,프론트필러ASSY(좌측),교환,CAN-003160
union_standard_time,1088302,RV,기능정비,엔진 부품,"프론트필러(외측,좌)",교환,CAN-003170
union_standard_time,1088307,RV,기능정비,엔진 부품,윈도우필러(좌측),교환,CAN-002239
union_standard_time,1088410,RV,기능정비,엔진 부품,프론트필러ASSY(우측),교환,CAN-003159
union_standard_time,1088411,RV,기능정비,엔진 부품,"프론트필러(외측,우)",교환,CAN-003169
union_standard_time,1088416,RV,기능정비,엔진 부품,윈도우필러(우측),교환,CAN-002237
union_standard_time,1128301,RV,판금/도장정비,판금(탈부착),프론트도어(좌측),탈착,CAN-002970
union_standard_time,1128301,RV,판금/도장정비,판금(탈부착),프론트도어(좌측),교환,CAN-002968
union_standard_time,1128301,RV,판금/도장정비,판금(탈부착),프론트도어(좌측),오버홀,CAN-002969
union_standard_time,1128406,RV,판금/도장정비,판금(탈부착),프론트도어(우측),탈착,CAN-002954
union_standard_time,1128406,RV,판금/도장정비,판금(탈부착),프론트도어(우측),교환,CAN-002952
union_standard_time,1128406,RV,판금/도장정비,판금(탈부착),프론트도어(우측),오버홀,CAN-002953
union_standard_time,1129315,RV,판금/도장정비,판금(탈부착),프론트 도어 몰딩(좌측),탈착,CAN-002941
union_standard_time,1129315,RV,판금/도장정비,판금(탈부착),프론트 도어 몰딩(좌측),교환,CAN-002940
union_standard_time,1129416,RV,판금/도장정비,판금(탈부착),프론트 도어 몰딩(우측),탈착,CAN-002939
union_standard_time,1129416,RV,판금/도장정비,판금(탈부착),프론트 도어 몰딩(우측),교환,CAN-002938
union_standard_time,1138301,RV,판금/도장정비,판금(탈부착),리어도어(좌측),탈착,CAN-000513
union_standard_time,1138301,RV,판금/도장정비,판금(탈부착),리어도어(좌측),교환,CAN-000511
union_standard_time,1138301,RV,판금/도장정비,판금(탈부착),리어도어(좌측),오버홀,CAN-000512
union_standard_time,1138317,RV,판금/도장정비,판금(탈부착),리어 도어 몰딩(좌측),탈착,CAN-000497
union_standard_time,1138317,RV,판금/도장정비,판금(탈부착),리어 도어 몰딩(좌측),교환,CAN-000496
union_standard_time,1138407,RV,판금/도장정비,판금(탈부착),리어도어(우측),탈착,CAN-000504
union_standard_time,1138407,RV,판금/도장정비,판금(탈부착),리어도어(우측),교환,CAN-000502
union_standard_time,1138407,RV,판금/도장정비,판금(탈부착),리어도어(우측),오버홀,CAN-000503
union_standard_time,1138418,RV,판금/도장정비,판금(탈부착),리어 도어 몰딩(우측),탈착,CAN-000495
union_standard_time,1138418,RV,판금/도장정비,판금(탈부착),리어 도어 몰딩(우측),교환,CAN-000494
union_standard_time,1148301,RV,판금/도장정비,판금(탈부착),슬라이딩도어(좌측),탈착,CAN-001452
union_standard_time,1148301,RV,판금/도장정비,판금(탈부착),슬라이딩도어(좌측),교환,CAN-001450
union_standard_time,1148301,RV,판금/도장정비,판금(탈부착),슬라이딩도어(좌측),오버홀,CAN-001451
union_standard_time,1148303,RV,판금/도장정비,판금(탈부착),슬라이딩도어레일(좌측),탈착,CAN-001442
union_standard_time,1148303,RV,판금/도장정비,판금(탈부착),슬라이딩도어레일(좌측),교환,CAN-001441
union_standard_time,1148304,RV,기능정비,엔진 부품,상부레일(좌측),탈착,CAN-001260
union_standard_time,1148304,RV,기능정비,엔진 부품,상부레일(좌측),교환,CAN-001259
union_standard_time,1148310,RV,기능정비,엔진 부품,슬라이딩 파워 액츄에이터(좌측),탈착,CAN-001458
union_standard_time,1148310,RV,기능정비,엔진 부품,슬라이딩 파워 액츄에이터(좌측),교환,CAN-001457
union_standard_time,1148317,RV,판금/도장정비,판금(탈부착),"슬라이딩 도어레일(어퍼,좌)",탈착,CAN-001438
union_standard_time,1148317,RV,판금/도장정비,판금(탈부착),"슬라이딩 도어레일(어퍼,좌)",교환,CAN-001437
union_standard_time,1148319,RV,판금/도장정비,판금(탈부착),"슬라이딩 도어레일(센터,좌)",탈착,CAN-001434
union_standard_time,1148319,RV,판금/도장정비,판금(탈부착),"슬라이딩 도어레일(센터,좌)",교환,CAN-001433
union_standard_time,1148321,RV,판금/도장정비,판금(탈부착),"슬라이딩 도어레일(로워,좌)",탈착,CAN-001430
union_standard_time,1148321,RV,판금/도장정비,판금(탈부착),"슬라이딩 도어레일(로워,좌)",교환,CAN-001429
union_standard_time,1148402,RV,판금/도장정비,판금(탈부착),슬라이딩도어(우측),탈착,CAN-001449
union_standard_time,1148402,RV,판금/도장정비,판금(탈부착),슬라이딩도어(우측),교환,CAN-001447
union_standard_time,1148402,RV,판금/도장정비,판금(탈부착),슬라이딩도어(우측),오버홀,CAN-001448
union_standard_time,1148405,RV,판금/도장정비,판금(탈부착),슬라이딩도어레일(우측),탈착,CAN-001440
union_standard_time,1148405,RV,판금/도장정비,판금(탈부착),슬라이딩도어레일(우측),교환,CAN-001439
union_standard_time,1148406,RV,기능정비,엔진 부품,상부레일(우측),탈착,CAN-001258
union_standard_time,1148406,RV,기능정비,엔진 부품,상부레일(우측),교환,CAN-001257
union_standard_time,1148411,RV,기능정비,엔진 부품,슬라이딩 파워 액츄에이터(우측),탈착,CAN-001456
union_standard_time,1148411,RV,기능정비,엔진 부품,슬라이딩 파워 액츄에이터(우측),교환,CAN-001455
union_standard_time,1148418,RV,판금/도장정비,판금(탈부착),"슬라이딩 도어레일(어퍼,우)",탈착,CAN-001436
union_standard_time,1148418,RV,판금/도장정비,판금(탈부착),"슬라이딩 도어레일(어퍼,우)",교환,CAN-001435
union_standard_time,1148420,RV,판금/도장정비,판금(탈부착),"슬라이딩 도어레일(센터,우)",탈착,CAN-001432
union_standard_time,1148420,RV,판금/도장정비,판금(탈부착),"슬라이딩 도어레일(센터,우)",교환,CAN-001431
union_standard_time,1148422,RV,판금/도장정비,판금(탈부착),"슬라이딩 도어레일(로워,우)",탈착,CAN-001428
union_standard_time,1148422,RV,판금/도장정비,판금(탈부착),"슬라이딩 도어레일(로워,우)",교환,CAN-001427
union_standard_time,1149323,RV,판금/도장정비,판금(탈부착),슬라이딩 도어레일 커버(좌측),탈착,CAN-001446
union_standard_time,1149323,RV,판금/도장정비,판금(탈부착),슬라이딩 도어레일 커버(좌측),교환,CAN-001445
union_standard_time,1149416,RV,판금/도장정비,판금(탈부착),슬라이딩 도어레일 커버(우측),탈착,CAN-001444
union_standard_time,1149416,RV,판금/도장정비,판금(탈부착),슬라이딩 도어레일 커버(우측),교환,CAN-001443
union_standard_time,1169301,RV,기능정비,엔진 부품,사이드미러(좌측),탈착,CAN-001156
union_standard_time,1169301,RV,기능정비,엔진 부품,사이드미러(좌측),교환,CAN-001154
union_standard_time,1169302,RV,기능정비,엔진 부품,사이드미러(좌측),탈착,CAN-001156
union_standard_time,1169302,RV,기능정비,엔진 부품,사이드미러(좌측),교환,CAN-001154
union_standard_time,1169303,RV,기능정비,엔진 부품,"사이드미러(수동식,좌)",탈착,CAN-001138
union_standard_time,1169303,RV,기능정비,엔진 부품,"사이드미러(수동식,좌)",교환,CAN-001137
union_standard_time,1169307,RV,기능정비,엔진 부품,"사이드 미러(좌,O/H)",오버홀,CAN-001151
union_standard_time,1169404,RV,기능정비,엔진 부품,사이드미러(우측),탈착,CAN-001144
union_standard_time,1169404,RV,기능정비,엔진 부품,사이드미러(우측),교환,CAN-001142
union_standard_time,1169405,RV,기능정비,엔진 부품,"사이드미러(전동식,우)",탈착,CAN-001148
union_standard_time,1169405,RV,기능정비,엔진 부품,"사이드미러(전동식,우)",교환,CAN-001147
union_standard_time,1169406,RV,기능정비,엔진 부품,"사이드미러(수동식,우)",탈착,CAN-001136
union_standard_time,1169406,RV,기능정비,엔진 부품,"사이드미러(수동식,우)",교환,CAN-001135
union_standard_time,1169408,RV,기능정비,엔진 부품,"사이드 미러(우,O/H)",오버홀,CAN-001139
union_standard_time,1178301,RV,기능정비,엔진 부품,센터필러ASSY(좌측),교환,CAN-001304
union_standard_time,1178303,RV,기능정비,엔진 부품,"센터필러(외측,좌)",교환,CAN-001309
union_standard_time,1178309,RV,기능정비,엔진 부품,"센터필러(내측,좌)",교환,CAN-001306
union_standard_time,1178405,RV,기능정비,엔진 부품,센터필러ASSY(우측),교환,CAN-001303
union_standard_time,1178407,RV,기능정비,엔진 부품,"센터필러(외측,우)",교환,CAN-001307
union_standard_time,1178410,RV,기능정비,엔진 부품,"센터필러(내측,우)",교환,CAN-001305
union_standard_time,1188301,RV,판금/도장정비,판금(탈부착),사이드스텝패널ASSY(좌측),교환,CAN-001193
union_standard_time,1188302,RV,판금/도장정비,판금(탈부착),사이드스텝패널(좌측),교환,CAN-001203
union_standard_time,1188303,RV,판금/도장정비,판금(탈부착),"사이드스텝패널(내측,좌)",교환,CAN-001195
union_standard_time,1188304,RV,판금/도장정비,판금(탈부착),"사이드 스텝 패널(외측,좌,부분)",교환,CAN-001201
union_standard_time,1188405,RV,판금/도장정비,판금(탈부착),사이드스텝패널ASSY(우측),교환,CAN-001192
union_standard_time,1188406,RV,판금/도장정비,판금(탈부착),사이드스텝패널(우측),교환,CAN-001202
union_standard_time,1188407,RV,판금/도장정비,판금(탈부착),"사이드스텝패널(내측,우)",교환,CAN-001194
union_standard_time,1188408,RV,판금/도장정비,판금(탈부착),"사이드 스텝 패널(외측,우,부분)",교환,CAN-001199
union_standard_time,1198309,RV,기능정비,엔진 부품,"사이드스텝(좌,스텝분리형)",탈착,CAN-001191
union_standard_time,1198309,RV,기능정비,엔진 부품,"사이드스텝(좌,스텝분리형)",교환,CAN-001190
union_standard_time,1198311,RV,판금/도장정비,판금(탈부착),사이드스텝몰딩(좌측),탈착,CAN-001185
union_standard_time,1198311,RV,판금/도장정비,판금(탈부착),사이드스텝몰딩(좌측),교환,CAN-001184
union_standard_time,1198410,RV,기능정비,엔진 부품,"사이드스텝(우,스텝분리형)",탈착,CAN-001187
union_standard_time,1198410,RV,기능정비,엔진 부품,"사이드스텝(우,스텝분리형)",교환,CAN-001186
union_standard_time,1198412,RV,판금/도장정비,판금(탈부착),사이드스텝몰딩(우측),탈착,CAN-001183
union_standard_time,1198412,RV,판금/도장정비,판금(탈부착),사이드스텝몰딩(우측),교환,CAN-001182
union_standard_time,1208303,RV,기능정비,엔진 부품,"사이드 프레임ASSY(외측,좌)",교환,CAN-001238
union_standard_time,1208305,RV,기능정비,엔진 부품,"사이드 프레임ASSY(일체,좌)",교환,CAN-001240
union_standard_time,1208307,RV,기능정비,엔진 부품,"사이드 프레임(외측,좌) I",교환,CAN-001247
union_standard_time,1208309,RV,기능정비,엔진 부품,"사이드 프레임(일체,좌) I",교환,CAN-001252
union_standard_time,1208311,RV,기능정비,엔진 부품,"사이드 프레임(외측,좌) II",교환,CAN-001246
union_standard_time,1208313,RV,기능정비,엔진 부품,"사이드 프레임(일체,좌) II",교환,CAN-001251
union_standard_time,1208331,RV,판금/도장정비,판금(탈부착),(좌측)사이드패널(외측),교환,CAN-002392
union_standard_time,1208332,RV,판금/도장정비,판금(탈부착),(좌측)사이드패널(내측),교환,CAN-002391
union_standard_time,1208404,RV,기능정비,엔진 부품,"사이드 프레임ASSY(외측,우)",교환,CAN-001237
union_standard_time,1208406,RV,기능정비,엔진 부품,"사이드 프레임ASSY(일체,우)",교환,CAN-001239
union_standard_time,1208408,RV,기능정비,엔진 부품,"사이드 프레임(외측,우) I",교환,CAN-001245
union_standard_time,1208410,RV,기능정비,엔진 부품,"사이드 프레임(일체,우) I",교환,CAN-001250
union_standard_time,1208412,RV,기능정비,엔진 부품,"사이드 프레임(외측,우) II",교환,CAN-001244
union_standard_time,1208414,RV,기능정비,엔진 부품,"사이드 프레임(일체,우) II",교환,CAN-001249
union_standard_time,1218001,RV,판금/도장정비,판금(탈부착),루프패널,교환,CAN-000458
union_standard_time,1218007,RV,판금/도장정비,판금(탈부착),루프패널(앞),탈착,CAN-000467
union_standard_time,1218007,RV,판금/도장정비,판금(탈부착),루프패널(앞),교환,CAN-000466
union_standard_time,1218008,RV,판금/도장정비,판금(탈부착),루프패널(뒤),탈착,CAN-000462
union_standard_time,1218008,RV,판금/도장정비,판금(탈부착),루프패널(뒤),교환,CAN-000461
union_standard_time,1218035,RV,기능정비,엔진 부품,인사이드미러(룸미러),탈착,CAN-002256
union_standard_time,1218035,RV,기능정비,엔진 부품,인사이드미러(룸미러),교환,CAN-002255
union_standard_time,1219009,RV,판금/도장정비,판금(탈부착),루프프론트헤더패널,탈착,CAN-000472
union_standard_time,1219009,RV,판금/도장정비,판금(탈부착),루프프론트헤더패널,교환,CAN-000471
union_standard_time,1219010,RV,판금/도장정비,판금(탈부착),루프리어헤더패널,탈착,CAN-000399
union_standard_time,1219010,RV,판금/도장정비,판금(탈부착),루프리어헤더패널,교환,CAN-000398
union_standard_time,1219016,RV,판금/도장정비,판금(탈부착),루프크로스레일NO.1,탈착,CAN-000426
union_standard_time,1219016,RV,판금/도장정비,판금(탈부착),루프크로스레일NO.1,교환,CAN-000425
union_standard_time,1219017,RV,판금/도장정비,판금(탈부착),루프크로스레일NO.2,탈착,CAN-000428
union_standard_time,1219017,RV,판금/도장정비,판금(탈부착),루프크로스레일NO.2,교환,CAN-000427
union_standard_time,1219018,RV,판금/도장정비,판금(탈부착),루프크로스레일NO.3,탈착,CAN-000430
union_standard_time,1219018,RV,판금/도장정비,판금(탈부착),루프크로스레일NO.3,교환,CAN-000429
union_standard_time,1219019,RV,판금/도장정비,판금(탈부착),루프크로스레일NO.4,탈착,CAN-000432
union_standard_time,1219019,RV,판금/도장정비,판금(탈부착),루프크로스레일NO.4,교환,CAN-000431
union_standard_time,1219020,RV,판금/도장정비,판금(탈부착),루프크로스레일#5,교환,CAN-000424
union_standard_time,1219027,RV,판금/도장정비,판금(탈부착),루프톱실링ASSY,탈착,CAN-000435
union_standard_time,1219027,RV,판금/도장정비,판금(탈부착),루프톱실링ASSY,교환,CAN-000434
union_standard_time,1219040,RV,판금/도장정비,판금(탈부착),선루프 크로스레일 리인포스,교환,CAN-001275
union_standard_time,1219141,RV,판금/도장정비,판금(탈부착),루프 톱 씰링(앞),탈착,CAN-000455
union_standard_time,1219141,RV,판금/도장정비,판금(탈부착),루프 톱 씰링(앞),교환,CAN-000454
union_standard_time,1219242,RV,판금/도장정비,판금(탈부착),루프 톱 씰링(뒤),탈착,CAN-000451
union_standard_time,1219242,RV,판금/도장정비,판금(탈부착),루프 톱 씰링(뒤),교환,CAN-000450
union_standard_time,1219314,RV,판금/도장정비,판금(탈부착),루프 사이드 레일(좌측),교환,CAN-000407
union_standard_time,1219322,RV,판금/도장정비,판금(탈부착),루프랙(좌측),탈착,CAN-000396
union_standard_time,1219322,RV,판금/도장정비,판금(탈부착),루프랙(좌측),교환,CAN-000395
union_standard_time,1219323,RV,판금/도장정비,판금(탈부착),루프사이드 몰딩(좌측),탈착,CAN-000411
union_standard_time,1219323,RV,판금/도장정비,판금(탈부착),루프사이드 몰딩(좌측),교환,CAN-000410
union_standard_time,1219336,RV,판금/도장정비,판금(탈부착),"루프 사이드 레일(외측,좌)",교환,CAN-000405
union_standard_time,1219338,RV,판금/도장정비,판금(탈부착),"루프 사이드 레일(내측,좌)",교환,CAN-000403
union_standard_time,1219415,RV,판금/도장정비,판금(탈부착),루프 사이드 레일(우측),교환,CAN-000406
union_standard_time,1219424,RV,판금/도장정비,판금(탈부착),루프랙(우측),탈착,CAN-000394
union_standard_time,1219424,RV,판금/도장정비,판금(탈부착),루프랙(우측),교환,CAN-000393
union_standard_time,1219425,RV,판금/도장정비,판금(탈부착),루프사이드 몰딩(우측),탈착,CAN-000409
union_standard_time,1219425,RV,판금/도장정비,판금(탈부착),루프사이드 몰딩(우측),교환,CAN-000408
union_standard_time,1219437,RV,판금/도장정비,판금(탈부착),"루프 사이드 레일(외측,우)",교환,CAN-000404
union_standard_time,1219439,RV,판금/도장정비,판금(탈부착),"루프 사이드 레일(내측,우)",교환,CAN-000402
union_standard_time,1228032,RV,판금/도장정비,판금(탈부착),엑티브후드센서,탈착,CAN-001880
union_standard_time,1228032,RV,판금/도장정비,판금(탈부착),엑티브후드센서,교환,CAN-001879
union_standard_time,1228201,RV,판금/도장정비,판금(탈부착),리어범퍼,탈착,CAN-000536
union_standard_time,1228201,RV,판금/도장정비,판금(탈부착),리어범퍼,교환,CAN-000534
union_standard_time,1228201,RV,판금/도장정비,판금(탈부착),리어범퍼,오버홀,CAN-000535
union_standard_time,1228202,RV,판금/도장정비,판금(탈부착),리어범퍼 ASSY,탈착,CAN-000531
union_standard_time,1228202,RV,판금/도장정비,판금(탈부착),리어범퍼 ASSY,교환,CAN-000530
union_standard_time,1228213,RV,판금/도장정비,판금(탈부착),리어범퍼 커버,탈착,CAN-000556
union_standard_time,1228213,RV,판금/도장정비,판금(탈부착),리어범퍼 커버,교환,CAN-000554
union_standard_time,1228213,RV,판금/도장정비,판금(탈부착),리어범퍼 커버,오버홀,CAN-000555
union_standard_time,1228217,RV,판금/도장정비,판금(탈부착),리어범퍼 레일,탈착,CAN-000538
union_standard_time,1228217,RV,판금/도장정비,판금(탈부착),리어범퍼 레일,교환,CAN-000537
union_standard_time,1228333,RV,판금/도장정비,판금(탈부착),엑티브후드 엑추에이터(좌측),탈착,CAN-001884
union_standard_time,1228333,RV,판금/도장정비,판금(탈부착),엑티브후드 엑추에이터(좌측),교환,CAN-001883
union_standard_time,1228335,RV,기능정비,엔진 부품,후측방경보유닛(좌측),탈착,CAN-003379
union_standard_time,1228335,RV,기능정비,엔진 부품,후측방경보유닛(좌측),교환,CAN-003378
union_standard_time,1228434,RV,판금/도장정비,판금(탈부착),엑티브후드 엑추에이터(우측),탈착,CAN-001882
union_standard_time,1228434,RV,판금/도장정비,판금(탈부착),엑티브후드 엑추에이터(우측),교환,CAN-001881
union_standard_time,1228436,RV,기능정비,엔진 부품,후측방경보유닛(우측),탈착,CAN-003377
union_standard_time,1228436,RV,기능정비,엔진 부품,후측방경보유닛(우측),교환,CAN-003376
union_standard_time,1229114,RV,기능정비,전기 및 램프,전방 감지센서,탈착,CAN-002368
union_standard_time,1229114,RV,기능정비,전기 및 램프,전방 감지센서,교환,CAN-002367
union_standard_time,1229115,RV,기능정비,전기 및 램프,전방 감지센서(주차보조),탈착,CAN-002370
union_standard_time,1229115,RV,기능정비,전기 및 램프,전방 감지센서(주차보조),교환,CAN-002369
union_standard_time,1229216,RV,기능정비,전기 및 램프,후방감지 센서,탈착,CAN-003371
union_standard_time,1229216,RV,기능정비,전기 및 램프,후방감지 센서,교환,CAN-003370
union_standard_time,1229320,RV,판금/도장정비,판금(탈부착),리어범퍼 사이드브라켓(좌측),탈착,CAN-000548
union_standard_time,1229320,RV,판금/도장정비,판금(탈부착),리어범퍼 사이드브라켓(좌측),교환,CAN-000547
union_standard_time,1229338,RV,판금/도장정비,판금(탈부착),리어범퍼 레일스테이(좌측),탈착,CAN-000542
union_standard_time,1229338,RV,판금/도장정비,판금(탈부착),리어범퍼 레일스테이(좌측),교환,CAN-000541
union_standard_time,1229421,RV,판금/도장정비,판금(탈부착),리어범퍼 사이드브라켓(우측),탈착,CAN-000546
union_standard_time,1229421,RV,판금/도장정비,판금(탈부착),리어범퍼 사이드브라켓(우측),교환,CAN-000545
union_standard_time,1229439,RV,판금/도장정비,판금(탈부착),리어범퍼 레일스테이(우측),탈착,CAN-000540
union_standard_time,1229439,RV,판금/도장정비,판금(탈부착),리어범퍼 레일스테이(우측),교환,CAN-000539
union_standard_time,1238201,RV,판금/도장정비,판금(탈부착),트렁크리드,탈착,CAN-002768
union_standard_time,1238201,RV,판금/도장정비,판금(탈부착),트렁크리드,교환,CAN-002766
union_standard_time,1238201,RV,판금/도장정비,판금(탈부착),트렁크리드,오버홀,CAN-002767
union_standard_time,1239308,RV,판금/도장정비,판금(탈부착),트렁크리드 쇼버(좌측),탈착,CAN-002786
union_standard_time,1239308,RV,판금/도장정비,판금(탈부착),트렁크리드 쇼버(좌측),교환,CAN-002785
union_standard_time,1239311,RV,판금/도장정비,판금(탈부착),트렁크리드 스트라이커(좌측),탈착,CAN-002790
union_standard_time,1239311,RV,판금/도장정비,판금(탈부착),트렁크리드 스트라이커(좌측),교환,CAN-002789
union_standard_time,1239314,RV,판금/도장정비,판금(탈부착),트렁크리드 힌지(좌측),탈착,CAN-002812
union_standard_time,1239314,RV,판금/도장정비,판금(탈부착),트렁크리드 힌지(좌측),교환,CAN-002811
union_standard_time,1239409,RV,판금/도장정비,판금(탈부착),트렁크리드 쇼버(우측),탈착,CAN-002784
union_standard_time,1239409,RV,판금/도장정비,판금(탈부착),트렁크리드 쇼버(우측),교환,CAN-002783
union_standard_time,1239412,RV,판금/도장정비,판금(탈부착),트렁크리드 스트라이커(우측),탈착,CAN-002788
union_standard_time,1239412,RV,판금/도장정비,판금(탈부착),트렁크리드 스트라이커(우측),교환,CAN-002787
union_standard_time,1239415,RV,판금/도장정비,판금(탈부착),트렁크리드 힌지(우측),탈착,CAN-002810
union_standard_time,1239415,RV,판금/도장정비,판금(탈부착),트렁크리드 힌지(우측),교환,CAN-002809
union_standard_time,1248201,RV,판금/도장정비,판금(탈부착),백도어,탈착,CAN-000960
union_standard_time,1248201,RV,판금/도장정비,판금(탈부착),백도어,교환,CAN-000958
union_standard_time,1248201,RV,판금/도장정비,판금(탈부착),백도어,오버홀,CAN-000959
union_standard_time,1248202,RV,판금/도장정비,판금(탈부착),백도어(와이퍼모터부착형),탈착,CAN-000980
union_standard_time,1248202,RV,판금/도장정비,판금(탈부착),백도어(와이퍼모터부착형),교환,CAN-000978
union_standard_time,1248202,RV,판금/도장정비,판금(탈부착),백도어(와이퍼모터부착형),오버홀,CAN-000979
union_standard_time,1248303,RV,판금/도장정비,판금(탈부착),"백도어(좌,트윈스윙도어)",탈착,CAN-000993
union_standard_time,1248303,RV,판금/도장정비,판금(탈부착),"백도어(좌,트윈스윙도어)",교환,CAN-000991
union_standard_time,1248303,RV,판금/도장정비,판금(탈부착),"백도어(좌,트윈스윙도어)",오버홀,CAN-000992
union_standard_time,1248404,RV,판금/도장정비,판금(탈부착),"백도어(우,트윈스윙도어)",탈착,CAN-000986
union_standard_time,1248404,RV,판금/도장정비,판금(탈부착),"백도어(우,트윈스윙도어)",교환,CAN-000984
union_standard_time,1248404,RV,판금/도장정비,판금(탈부착),"백도어(우,트윈스윙도어)",오버홀,CAN-000985
union_standard_time,1249210,RV,판금/도장정비,판금(탈부착),백도어 록크,탈착,CAN-000964
union_standard_time,1249210,RV,판금/도장정비,판금(탈부착),백도어 록크,교환,CAN-000963
union_standard_time,1249212,RV,판금/도장정비,판금(탈부착),백도어케이블,탈착,CAN-000995
union_standard_time,1249212,RV,판금/도장정비,판금(탈부착),백도어케이블,교환,CAN-000994
union_standard_time,1249306,RV,판금/도장정비,판금(탈부착),백도어 쇼버(좌측),탈착,CAN-000975
union_standard_time,1249306,RV,판금/도장정비,판금(탈부착),백도어 쇼버(좌측),교환,CAN-000974
union_standard_time,1249307,RV,판금/도장정비,판금(탈부착),"백도어 쇼버(좌,파워게이트)",탈착,CAN-000977
union_standard_time,1249307,RV,판금/도장정비,판금(탈부착),"백도어 쇼버(좌,파워게이트)",교환,CAN-000976
union_standard_time,1249313,RV,판금/도장정비,판금(탈부착),백도어힌지(좌측),탈착,CAN-001007
union_standard_time,1249313,RV,판금/도장정비,판금(탈부착),백도어힌지(좌측),교환,CAN-001006
union_standard_time,1249314,RV,판금/도장정비,판금(탈부착),"백도어힌지(좌,어퍼)",탈착,CAN-001005
union_standard_time,1249314,RV,판금/도장정비,판금(탈부착),"백도어힌지(좌,어퍼)",교환,CAN-001004
union_standard_time,1249315,RV,판금/도장정비,판금(탈부착),"백도어힌지(좌,로워)",탈착,CAN-001003
union_standard_time,1249315,RV,판금/도장정비,판금(탈부착),"백도어힌지(좌,로워)",교환,CAN-001002
union_standard_time,1249408,RV,판금/도장정비,판금(탈부착),백도어 쇼버(우측),탈착,CAN-000971
union_standard_time,1249408,RV,판금/도장정비,판금(탈부착),백도어 쇼버(우측),교환,CAN-000970
union_standard_time,1249409,RV,판금/도장정비,판금(탈부착),"백도어 쇼버(우,파워게이트)",탈착,CAN-000973
union_standard_time,1249409,RV,판금/도장정비,판금(탈부착),"백도어 쇼버(우,파워게이트)",교환,CAN-000972
union_standard_time,1249416,RV,판금/도장정비,판금(탈부착),백도어힌지(우측),탈착,CAN-001001
union_standard_time,1249416,RV,판금/도장정비,판금(탈부착),백도어힌지(우측),교환,CAN-001000
union_standard_time,1249417,RV,판금/도장정비,판금(탈부착),"백도어힌지(우,어퍼)",탈착,CAN-000999
union_standard_time,1249417,RV,판금/도장정비,판금(탈부착),"백도어힌지(우,어퍼)",교환,CAN-000998
union_standard_time,1249418,RV,판금/도장정비,판금(탈부착),"백도어힌지(우,로워)",탈착,CAN-000997
union_standard_time,1249418,RV,판금/도장정비,판금(탈부착),"백도어힌지(우,로워)",교환,CAN-000996
union_standard_time,1258022,RV,기능정비,전기 및 램프,스마트크루즈 컨트롤 모듈,탈착,CAN-001355
union_standard_time,1258022,RV,기능정비,전기 및 램프,스마트크루즈 컨트롤 모듈,교환,CAN-001354
union_standard_time,1258101,RV,기능정비,전기 및 램프,전방 카메라,탈착,CAN-002374
union_standard_time,1258101,RV,기능정비,전기 및 램프,전방 카메라,교환,CAN-002373
union_standard_time,1258202,RV,기능정비,전기 및 램프,후방카메라,탈착,CAN-003375
union_standard_time,1258202,RV,기능정비,전기 및 램프,후방카메라,교환,CAN-003374
union_standard_time,1258205,RV,판금/도장정비,판금(탈부착),백도어 가니쉬,탈착,CAN-000962
union_standard_time,1258205,RV,판금/도장정비,판금(탈부착),백도어 가니쉬,교환,CAN-000961
union_standard_time,1258206,RV,판금/도장정비,판금(탈부착),백패널(리어패널),교환,CAN-001012
union_standard_time,1258207,RV,소모품 및 하체정비,하체 부품,리어엔드크로스멤버,교환,CAN-000703
union_standard_time,1258208,RV,판금/도장정비,판금(탈부착),백패널(아우터),교환,CAN-001015
union_standard_time,1258209,RV,판금/도장정비,판금(탈부착),백어퍼패널(외측),교환,CAN-001011
union_standard_time,1258213,RV,기능정비,엔진 부품,백피니셔,탈착,CAN-001021
union_standard_time,1258213,RV,기능정비,엔진 부품,백피니셔,교환,CAN-001020
union_standard_time,1259214,RV,기능정비,엔진 부품,스포일러,탈착,CAN-001424
union_standard_time,1259214,RV,기능정비,엔진 부품,스포일러,교환,CAN-001423
union_standard_time,1259215,RV,기능정비,전기 및 램프,하이마운팅 스톱램프,탈착,CAN-003246
union_standard_time,1259215,RV,기능정비,전기 및 램프,하이마운팅 스톱램프,교환,CAN-003245
union_standard_time,1268301,RV,기능정비,전기 및 램프,리어컴비네이션램프(좌측),탈착,CAN-000720
union_standard_time,1268301,RV,기능정비,전기 및 램프,리어컴비네이션램프(좌측),교환,CAN-000719
union_standard_time,1268309,RV,판금/도장정비,판금(탈부착),"컴비램프(백도어 부착,좌)",탈착,CAN-002535
union_standard_time,1268309,RV,판금/도장정비,판금(탈부착),"컴비램프(백도어 부착,좌)",교환,CAN-002534
union_standard_time,1268312,RV,판금/도장정비,판금(탈부착),컴비네이션패널(좌측),탈착,CAN-002523
union_standard_time,1268312,RV,판금/도장정비,판금(탈부착),컴비네이션패널(좌측),교환,CAN-002522
union_standard_time,1268402,RV,기능정비,전기 및 램프,리어컴비네이션램프(우측),탈착,CAN-000718
union_standard_time,1268402,RV,기능정비,전기 및 램프,리어컴비네이션램프(우측),교환,CAN-000717
union_standard_time,1268410,RV,판금/도장정비,판금(탈부착),"컴비램프(백도어 부착,우)",탈착,CAN-002533
union_standard_time,1268410,RV,판금/도장정비,판금(탈부착),"컴비램프(백도어 부착,우)",교환,CAN-002532
union_standard_time,1268413,RV,판금/도장정비,판금(탈부착),컴비네이션패널(우측),탈착,CAN-002521
union_standard_time,1268413,RV,판금/도장정비,판금(탈부착),컴비네이션패널(우측),교환,CAN-002520
union_standard_time,1269303,RV,기능정비,엔진 부품,컴비네이션 피니셔(좌측),탈착,CAN-002527
union_standard_time,1269303,RV,기능정비,엔진 부품,컴비네이션 피니셔(좌측),교환,CAN-002526
union_standard_time,1269324,RV,기능정비,전기 및 램프,컴비네이션 램프 가니쉬(좌측),탈착,CAN-002517
union_standard_time,1269324,RV,기능정비,전기 및 램프,컴비네이션 램프 가니쉬(좌측),교환,CAN-002516
union_standard_time,1269404,RV,기능정비,엔진 부품,컴비네이션 피니셔(우측),탈착,CAN-002525
union_standard_time,1269404,RV,기능정비,엔진 부품,컴비네이션 피니셔(우측),교환,CAN-002524
union_standard_time,1269425,RV,기능정비,전기 및 램프,컴비네이션 램프 가니쉬(우측),탈착,CAN-002515
union_standard_time,1269425,RV,기능정비,전기 및 램프,컴비네이션 램프 가니쉬(우측),교환,CAN-002514
union_standard_time,1288301,RV,판금/도장정비,판금(탈부착),리어휀다패널(좌측),교환,CAN-000801
union_standard_time,1288302,RV,판금/도장정비,판금(탈부착),"리어휀다패널(연료,좌)",교환,CAN-000799
union_standard_time,1288307,RV,판금/도장정비,판금(탈부착),"리어휀다패널(내외측,좌)",교환,CAN-000793
union_standard_time,1288308,RV,판금/도장정비,판금(탈부착),"리어휀다패널(내외측,연료,좌)",교환,CAN-000791
union_standard_time,1288411,RV,판금/도장정비,판금(탈부착),리어휀다패널(우측),교환,CAN-000800
union_standard_time,1288412,RV,판금/도장정비,판금(탈부착),"리어휀다패널(연료,우)",교환,CAN-000798
union_standard_time,1288417,RV,판금/도장정비,판금(탈부착),"리어휀다패널(내외측,우)",교환,CAN-000792
union_standard_time,1288418,RV,판금/도장정비,판금(탈부착),"리어휀다패널(내외측,연료,우)",교환,CAN-000790
union_standard_time,1289321,RV,판금/도장정비,판금(탈부착),"리어휀다패널(내측,좌)",교환,CAN-000796
union_standard_time,1289422,RV,판금/도장정비,판금(탈부착),"리어휀다패널(내측,우)",교환,CAN-000794
union_standard_time,1309301,RV,판금/도장정비,판금(탈부착),리어휀다 몰딩(좌측),탈착,CAN-000776
union_standard_time,1309301,RV,판금/도장정비,판금(탈부착),리어휀다 몰딩(좌측),교환,CAN-000775
union_standard_time,1309402,RV,판금/도장정비,판금(탈부착),리어휀다 몰딩(우측),탈착,CAN-000774
union_standard_time,1309402,RV,판금/도장정비,판금(탈부착),리어휀다 몰딩(우측),교환,CAN-000773
union_standard_time,1318405,RV,판금/도장정비,판금(탈부착),(우측)쿼터패널(외측),교환,CAN-002198
union_standard_time,1318409,RV,판금/도장정비,판금(탈부착),(우측)쿼터패널(내측),교환,CAN-002197
union_standard_time,1328301,RV,소모품 및 하체정비,브레이크/타이어,리어 휠하우스 ASSY(좌측),교환,CAN-000807
union_standard_time,1328303,RV,소모품 및 하체정비,브레이크/타이어,리어휠하우스(좌측),교환,CAN-000817
union_standard_time,1328305,RV,소모품 및 하체정비,브레이크/타이어,"리어 휠하우스(내측,좌)",교환,CAN-000809
union_standard_time,1328402,RV,소모품 및 하체정비,브레이크/타이어,리어 휠하우스 ASSY(우측),교환,CAN-000806
union_standard_time,1328404,RV,소모품 및 하체정비,브레이크/타이어,리어휠하우스(우측),교환,CAN-000814
union_standard_time,1328406,RV,소모품 및 하체정비,브레이크/타이어,"리어 휠하우스(내측,우)",교환,CAN-000808
union_standard_time,1338309,RV,기능정비,엔진 부품,C 필러(좌측),교환,CAN-000030
union_standard_time,1338410,RV,기능정비,엔진 부품,C 필러(우측),교환,CAN-000029
union_standard_time,1358301,RV,판금/도장정비,판금(탈부착),"D 필러패널(외측,좌)",교환,CAN-000046
union_standard_time,1358305,RV,판금/도장정비,판금(탈부착),D필러 익스텐션패널(좌측),교환,CAN-000038
union_standard_time,1358402,RV,판금/도장정비,판금(탈부착),"D 필러패널(외측,우)",교환,CAN-000045
union_standard_time,1358406,RV,판금/도장정비,판금(탈부착),D필러 익스텐션패널(우측),교환,CAN-000037
union_standard_time,1368301,RV,판금/도장정비,판금(탈부착),리어필러패널(좌측),교환,CAN-000766
union_standard_time,1368304,RV,판금/도장정비,판금(탈부착),리어 인너 필러 패널(좌측),교환,CAN-000712
union_standard_time,1368405,RV,판금/도장정비,판금(탈부착),리어필러패널(우측),교환,CAN-000765
union_standard_time,1368408,RV,판금/도장정비,판금(탈부착),리어 인너 필러 패널(우측),교환,CAN-000711
union_standard_time,1388004,RV,판금/도장정비,판금(탈부착),팩키지 트레이 패널(조립식),탈착,CAN-002905
union_standard_time,1388004,RV,판금/도장정비,판금(탈부착),팩키지 트레이 패널(조립식),교환,CAN-002904
union_standard_time,1388006,RV,판금/도장정비,판금(탈부착),파티션패널(실내칸막이),탈착,CAN-002876
union_standard_time,1388006,RV,판금/도장정비,판금(탈부착),파티션패널(실내칸막이),교환,CAN-002875
union_standard_time,1398310,RV,판금/도장정비,판금(탈부착),창틀ASSY(좌-슬라이딩도어),탈착,CAN-002409
union_standard_time,1398310,RV,판금/도장정비,판금(탈부착),창틀ASSY(좌-슬라이딩도어),교환,CAN-002408
union_standard_time,1398312,RV,기능정비,엔진 부품,창틀ASSY(좌-1),탈착,CAN-002405
union_standard_time,1398312,RV,기능정비,엔진 부품,창틀ASSY(좌-1),교환,CAN-002404
union_standard_time,1398313,RV,기능정비,엔진 부품,창틀ASSY(좌-2),탈착,CAN-002407
union_standard_time,1398313,RV,기능정비,엔진 부품,창틀ASSY(좌-2),교환,CAN-002406
union_standard_time,1398411,RV,판금/도장정비,판금(탈부착),창틀ASSY(우-슬라이딩도어),탈착,CAN-002403
union_standard_time,1398411,RV,판금/도장정비,판금(탈부착),창틀ASSY(우-슬라이딩도어),교환,CAN-002402
union_standard_time,1398414,RV,기능정비,엔진 부품,창틀ASSY(우-1),탈착,CAN-002399
union_standard_time,1398414,RV,기능정비,엔진 부품,창틀ASSY(우-1),교환,CAN-002398
union_standard_time,1408006,RV,판금/도장정비,판금(탈부착),프론트플로워패널,교환,CAN-003154
union_standard_time,1408007,RV,기능정비,엔진 부품,프론트 플러워 보강대(세로),교환,CAN-003145
union_standard_time,1408008,RV,판금/도장정비,판금(탈부착),플로워패널 익스텐션,교환,CAN-003228
union_standard_time,1408301,RV,소모품 및 하체정비,하체 부품,리어사이드멤버(좌측),교환,CAN-000570
union_standard_time,1408302,RV,소모품 및 하체정비,하체 부품,"리어사이드멤버(선단,좌)",교환,CAN-000566
union_standard_time,1408309,RV,소모품 및 하체정비,하체 부품,센터 사이드멤버 ASSY(좌측),교환,CAN-001294
union_standard_time,1408403,RV,소모품 및 하체정비,하체 부품,리어사이드멤버(우측),교환,CAN-000569
union_standard_time,1408404,RV,소모품 및 하체정비,하체 부품,"리어사이드멤버(선단,우)",교환,CAN-000565
union_standard_time,1418001,RV,소모품 및 하체정비,하체 부품,프론트 시트 멤버,교환,CAN-003080
union_standard_time,1428013,RV,기능정비,엔진 부품,실내바닥(뒤),교환,CAN-001538
union_standard_time,1428015,RV,판금/도장정비,판금(탈부착),트렁크플로워패널,교환,CAN-002818
union_standard_time,1428037,RV,판금/도장정비,판금(탈부착),"트렁크바닥, 실내바닥 및 사이드",교환,CAN-002814
union_standard_time,1428119,RV,판금/도장정비,판금(탈부착),플로워익스텐션패널(프론트),교환,CAN-003227
union_standard_time,1428221,RV,판금/도장정비,판금(탈부착),리어플로워패널,교환,CAN-000760
union_standard_time,1428226,RV,판금/도장정비,판금(탈부착),트렁크바닥 및 실내바닥(뒤),교환,CAN-002813
union_standard_time,1428316,RV,판금/도장정비,판금(탈부착),트렁크 플로워 사이드패널(좌측),교환,CAN-002817
union_standard_time,1428410,RV,소모품 및 하체정비,하체 부품,센터 사이드멤버 ASSY(우측),교환,CAN-001293
union_standard_time,1428417,RV,판금/도장정비,판금(탈부착),트렁크 플로워 사이드패널(우측),교환,CAN-002816
union_standard_time,1438030,RV,소모품 및 하체정비,하체 부품,리어 크로스 센타멤버,교환,CAN-000745
union_standard_time,1438203,RV,소모품 및 하체정비,하체 부품,리어크로스멤버(프론트),교환,CAN-000744
union_standard_time,1438205,RV,소모품 및 하체정비,하체 부품,리어시트 크로스멤버,탈착,CAN-000671
union_standard_time,1438205,RV,소모품 및 하체정비,하체 부품,리어시트 크로스멤버,교환,CAN-000670
union_standard_time,1438206,RV,소모품 및 하체정비,하체 부품,리어시트 크로스멤버 커버,탈착,CAN-000673
union_standard_time,1438206,RV,소모품 및 하체정비,하체 부품,리어시트 크로스멤버 커버,교환,CAN-000672
union_standard_time,1438213,RV,기능정비,엔진 부품,리어 언더바디 ASSY(프레임),탈착,CAN-000698
union_standard_time,1438213,RV,기능정비,엔진 부품,리어 언더바디 ASSY(프레임),교환,CAN-000697
union_standard_time,1438214,RV,소모품 및 하체정비,하체 부품,리어크로스멤버(센터),교환,CAN-000742
union_standard_time,1438215,RV,소모품 및 하체정비,하체 부품,리어크로스멤버#2,교환,CAN-000733
union_standard_time,1438216,RV,소모품 및 하체정비,하체 부품,리어크로스멤버#3,교환,CAN-000734
union_standard_time,1438217,RV,소모품 및 하체정비,하체 부품,리어엔드 크로스멤버(외측),교환,CAN-000705
union_standard_time,1438218,RV,소모품 및 하체정비,하체 부품,리어엔드 크로스멤버(내측),교환,CAN-000704
union_standard_time,1438236,RV,소모품 및 하체정비,하체 부품,리어크로스멤버#4,교환,CAN-000735
union_standard_time,1438237,RV,소모품 및 하체정비,하체 부품,리어크로스멤버#5,교환,CAN-000736
union_standard_time,1438238,RV,소모품 및 하체정비,하체 부품,리어크로스멤버#6,교환,CAN-000737
union_standard_time,1448001,RV,판금/도장정비,판금(탈부착),운전대 백패널,교환,CAN-002202
union_standard_time,1448004,RV,기능정비,엔진 부품,프레임ASSY,탈착,CAN-002914
union_standard_time,1448004,RV,기능정비,엔진 부품,프레임ASSY,교환,CAN-002913
union_standard_time,1448007,RV,기능정비,엔진 부품,캐빈ASSY(ONLY),탈착,CAN-002473
union_standard_time,1448007,RV,기능정비,엔진 부품,캐빈ASSY(ONLY),교환,CAN-002472
union_standard_time,1448009,RV,기능정비,엔진 부품,캐빈ASSY(컴플리트),탈착,CAN-002475
union_standard_time,1448009,RV,기능정비,엔진 부품,캐빈ASSY(컴플리트),교환,CAN-002474
union_standard_time,1449018,RV,기능정비,엔진 부품,"캐빈마운팅볼트(1번,좌)",탈착,CAN-002483
union_standard_time,1449018,RV,기능정비,엔진 부품,"캐빈마운팅볼트(1번,좌)",교환,CAN-002482
union_standard_time,1449019,RV,기능정비,엔진 부품,"캐빈마운팅볼트(1번,우)",탈착,CAN-002481
union_standard_time,1449019,RV,기능정비,엔진 부품,"캐빈마운팅볼트(1번,우)",교환,CAN-002480
union_standard_time,1458201,RV,기능정비,엔진 부품,적재함(전체탈착),탈착,CAN-002323
union_standard_time,1458201,RV,기능정비,엔진 부품,적재함(전체탈착),교환,CAN-002322
union_standard_time,1468205,RV,소모품 및 하체정비,브레이크/타이어,스페어타이어 캐리어,탈착,CAN-001420
union_standard_time,1468205,RV,소모품 및 하체정비,브레이크/타이어,스페어타이어 캐리어,교환,CAN-001419
union_standard_time,1468217,RV,기능정비,엔진 부품,D필러커버ASSY,탈착,CAN-000040
union_standard_time,1468217,RV,기능정비,엔진 부품,D필러커버ASSY,교환,CAN-000039
union_standard_time,1468218,RV,판금/도장정비,판금(탈부착),데크 프론트패널(적재함 앞),교환,CAN-000155
union_standard_time,1468219,RV,판금/도장정비,판금(탈부착),테일게이트(적재함 뒤),탈착,CAN-002708
union_standard_time,1468219,RV,판금/도장정비,판금(탈부착),테일게이트(적재함 뒤),교환,CAN-002706
union_standard_time,1468219,RV,판금/도장정비,판금(탈부착),테일게이트(적재함 뒤),오버홀,CAN-002707
union_standard_time,1468226,RV,판금/도장정비,판금(탈부착),데크 플로워 패널,교환,CAN-000156
union_standard_time,1468322,RV,판금/도장정비,판금(탈부착),적재함 사이드패널 ASSY(좌측),교환,CAN-002313
union_standard_time,1468324,RV,판금/도장정비,판금(탈부착),"적재함 사이드패널 (외측,좌)",교환,CAN-002315
union_standard_time,1468423,RV,판금/도장정비,판금(탈부착),적재함 사이드패널 ASSY(우측),교환,CAN-002312
union_standard_time,1468425,RV,판금/도장정비,판금(탈부착),"적재함 사이드패널 (외측,우)",교환,CAN-002314
union_standard_time,1469320,RV,판금/도장정비,판금(탈부착),테일게이트 힌지(좌측),탈착,CAN-002714
union_standard_time,1469320,RV,판금/도장정비,판금(탈부착),테일게이트 힌지(좌측),교환,CAN-002713
union_standard_time,1469421,RV,판금/도장정비,판금(탈부착),테일게이트 힌지(우측),탈착,CAN-002712
union_standard_time,1469421,RV,판금/도장정비,판금(탈부착),테일게이트 힌지(우측),교환,CAN-002711
union_standard_time,1469513,RV,기능정비,엔진 부품,머드가드(앞좌),탈착,CAN-000829
union_standard_time,1469513,RV,기능정비,엔진 부품,머드가드(앞좌),교환,CAN-000828
union_standard_time,1469614,RV,기능정비,엔진 부품,머드가드(앞우),탈착,CAN-000827
union_standard_time,1469614,RV,기능정비,엔진 부품,머드가드(앞우),교환,CAN-000826
union_standard_time,3478001,RV,소모품 및 하체정비,브레이크/타이어,크러쉬패드,탈착,CAN-002609
union_standard_time,3478001,RV,소모품 및 하체정비,브레이크/타이어,크러쉬패드,교환,CAN-002608
union_standard_time,3478005,RV,소모품 및 하체정비,브레이크/타이어,크러쉬로워패드(운전석측),탈착,CAN-002607
union_standard_time,3478005,RV,소모품 및 하체정비,브레이크/타이어,크러쉬로워패드(운전석측),교환,CAN-002606
union_standard_time,3478008,RV,기능정비,엔진 부품,글로브박스,탈착,CAN-000131
union_standard_time,3478008,RV,기능정비,엔진 부품,글로브박스,교환,CAN-000130
union_standard_time,3478009,RV,기능정비,엔진 부품,콘솔박스,탈착,CAN-002570
union_standard_time,3478009,RV,기능정비,엔진 부품,콘솔박스,교환,CAN-002569
union_standard_time,3478010,RV,기능정비,엔진 부품,콘솔박스(앞),탈착,CAN-002576
union_standard_time,3478010,RV,기능정비,엔진 부품,콘솔박스(앞),교환,CAN-002575
union_standard_time,3478011,RV,기능정비,엔진 부품,콘솔박스(뒤),탈착,CAN-002572
union_standard_time,3478011,RV,기능정비,엔진 부품,콘솔박스(뒤),교환,CAN-002571
union_standard_time,3478020,RV,기능정비,에어컨,히터모터(분리식),탈착,CAN-003442
union_standard_time,3478020,RV,기능정비,에어컨,히터모터(분리식),교환,CAN-003441
union_standard_time,3478021,RV,기능정비,에어컨,리어히터,탈착,CAN-000819
union_standard_time,3478021,RV,기능정비,에어컨,리어히터,교환,CAN-000818
union_standard_time,3478023,RV,기능정비,에어컨,히터 및 에어컨 에버포레이터,탈착,CAN-003448
union_standard_time,3478023,RV,기능정비,에어컨,히터 및 에어컨 에버포레이터,교환,CAN-003447
union_standard_time,3478024,RV,기능정비,엔진 부품,에버포레이터(분리형),탈착,CAN-001762
union_standard_time,3478024,RV,기능정비,엔진 부품,에버포레이터(분리형),교환,CAN-001761
union_standard_time,3478025,RV,기능정비,엔진 부품,리어에버포레이터,탈착,CAN-000700
union_standard_time,3478025,RV,기능정비,엔진 부품,리어에버포레이터,교환,CAN-000699
union_standard_time,3478026,RV,기능정비,에어컨,리어 에어컨디셔너,탈착,CAN-000702
union_standard_time,3478026,RV,기능정비,에어컨,리어 에어컨디셔너,교환,CAN-000701
union_standard_time,3478027,RV,판금/도장정비,판금(탈부착),쿨러유니트(루프부착형),탈착,CAN-002582
union_standard_time,3478027,RV,판금/도장정비,판금(탈부착),쿨러유니트(루프부착형),교환,CAN-002581
union_standard_time,3478028,RV,기능정비,에어컨,히터및에버포레이터,탈착,CAN-003444
union_standard_time,3478028,RV,기능정비,에어컨,히터및에버포레이터,교환,CAN-003443
union_standard_time,3478032,RV,기능정비,엔진 부품,블로어모터,탈착,CAN-001124
union_standard_time,3478032,RV,기능정비,엔진 부품,블로어모터,교환,CAN-001123
union_standard_time,3478133,RV,기능정비,엔진 부품,블로어모터(프론트),탈착,CAN-001128
union_standard_time,3478133,RV,기능정비,엔진 부품,블로어모터(프론트),교환,CAN-001127
union_standard_time,3478234,RV,기능정비,엔진 부품,블로어모터(리어),탈착,CAN-001126
union_standard_time,3478234,RV,기능정비,엔진 부품,블로어모터(리어),교환,CAN-001125
union_standard_time,3478402,RV,기능정비,엔진 부품,프론트시트(우측),탈착,CAN-003090
union_standard_time,3478402,RV,기능정비,엔진 부품,프론트시트(우측),교환,CAN-003089
union_standard_time,3479013,RV,기능정비,엔진 부품,종합계기판,탈착,CAN-002390
union_standard_time,3479013,RV,기능정비,엔진 부품,종합계기판,교환,CAN-002389
union_standard_time,3479016,RV,기능정비,엔진 부품,AV(네비게이션)시스템,탈착,CAN-000020
union_standard_time,3479016,RV,기능정비,엔진 부품,AV(네비게이션)시스템,교환,CAN-000019
union_standard_time,3479019,RV,기능정비,에어컨,히터유니트,탈착,CAN-003452
union_standard_time,3479019,RV,기능정비,에어컨,히터유니트,교환,CAN-003451
union_standard_time,3479029,RV,기능정비,엔진 부품,"에버포레이터(단독형,일반형)",탈착,CAN-001760
union_standard_time,3479029,RV,기능정비,엔진 부품,"에버포레이터(단독형,일반형)",교환,CAN-001759
union_standard_time,3488008,RV,기능정비,엔진 부품,리어 시트,탈착,CAN-000641
union_standard_time,3488008,RV,기능정비,엔진 부품,리어 시트,교환,CAN-000640
union_standard_time,3488013,RV,기능정비,엔진 부품,리어시트(좌측),탈착,CAN-000669
union_standard_time,3488013,RV,기능정비,엔진 부품,리어시트(좌측),교환,CAN-000668
union_standard_time,3488014,RV,기능정비,엔진 부품,리어시트(우측),탈착,CAN-000665
union_standard_time,3488014,RV,기능정비,엔진 부품,리어시트(우측),교환,CAN-000664
union_standard_time,3488015,RV,기능정비,엔진 부품,리어시트(2열),탈착,CAN-000619
union_standard_time,3488015,RV,기능정비,엔진 부품,리어시트(2열),교환,CAN-000618
union_standard_time,3488016,RV,기능정비,엔진 부품,리어시트3열(일체형),탈착,CAN-000633
union_standard_time,3488016,RV,기능정비,엔진 부품,리어시트3열(일체형),교환,CAN-000632
union_standard_time,3488017,RV,기능정비,엔진 부품,리어시트(4열),탈착,CAN-000637
union_standard_time,3488017,RV,기능정비,엔진 부품,리어시트(4열),교환,CAN-000636
union_standard_time,3488019,RV,기능정비,엔진 부품,"리어시트(3열,좌)",탈착,CAN-000635
union_standard_time,3488019,RV,기능정비,엔진 부품,"리어시트(3열,좌)",교환,CAN-000634
union_standard_time,3488020,RV,기능정비,엔진 부품,"리어시트(3열,우)",탈착,CAN-000631
union_standard_time,3488020,RV,기능정비,엔진 부품,"리어시트(3열,우)",교환,CAN-000630
union_standard_time,3488021,RV,기능정비,엔진 부품,"리어시트2열(좌,분리형)",탈착,CAN-000625
union_standard_time,3488021,RV,기능정비,엔진 부품,"리어시트2열(좌,분리형)",교환,CAN-000624
union_standard_time,3488022,RV,기능정비,엔진 부품,"리어시트2열(우,분리형)",탈착,CAN-000623
union_standard_time,3488022,RV,기능정비,엔진 부품,"리어시트2열(우,분리형)",교환,CAN-000622
union_standard_time,3488023,RV,기능정비,엔진 부품,"리어시트(분리형,3열,좌)",탈착,CAN-000661
union_standard_time,3488023,RV,기능정비,엔진 부품,"리어시트(분리형,3열,좌)",교환,CAN-000660
union_standard_time,3488024,RV,기능정비,엔진 부품,"리어시트(분리형,3열,우)",탈착,CAN-000659
union_standard_time,3488024,RV,기능정비,엔진 부품,"리어시트(분리형,3열,우)",교환,CAN-000658
union_standard_time,3488301,RV,기능정비,엔진 부품,프론트시트(좌측),탈착,CAN-003100
union_standard_time,3488301,RV,기능정비,엔진 부품,프론트시트(좌측),교환,CAN-003099
union_standard_time,3488303,RV,기능정비,엔진 부품,"프론트시트(좌,전동)",탈착,CAN-003094
union_standard_time,3488303,RV,기능정비,엔진 부품,"프론트시트(좌,전동)",교환,CAN-003093
union_standard_time,3488344,RV,기능정비,엔진 부품,"뒤시트레일(일체형,좌)",탈착,CAN-000205
union_standard_time,3488344,RV,기능정비,엔진 부품,"뒤시트레일(일체형,좌)",교환,CAN-000204
union_standard_time,3488346,RV,기능정비,엔진 부품,"리어시트(2열,보조시트,좌)",탈착,CAN-000621
union_standard_time,3488346,RV,기능정비,엔진 부품,"리어시트(2열,보조시트,좌)",교환,CAN-000620
union_standard_time,3488347,RV,기능정비,엔진 부품,"리어시트(3열,보조시트,좌)",탈착,CAN-000629
union_standard_time,3488347,RV,기능정비,엔진 부품,"리어시트(3열,보조시트,좌)",교환,CAN-000628
union_standard_time,3488405,RV,기능정비,엔진 부품,"프론트시트(우,전동)",탈착,CAN-003084
union_standard_time,3488405,RV,기능정비,엔진 부품,"프론트시트(우,전동)",교환,CAN-003083
union_standard_time,3488445,RV,기능정비,엔진 부품,"뒤시트레일(일체형,우)",탈착,CAN-000203
union_standard_time,3488445,RV,기능정비,엔진 부품,"뒤시트레일(일체형,우)",교환,CAN-000202
union_standard_time,3499008,RV,기능정비,엔진 부품,"안전벨트(뒤,중앙)",탈착,CAN-001659
union_standard_time,3499008,RV,기능정비,엔진 부품,"안전벨트(뒤,중앙)",교환,CAN-001658
union_standard_time,3499017,RV,기능정비,엔진 부품,안전벨트(2점식),탈착,CAN-001649
union_standard_time,3499017,RV,기능정비,엔진 부품,안전벨트(2점식),교환,CAN-001648
union_standard_time,3499018,RV,기능정비,엔진 부품,안전밸트(2점식)NO.2,탈착,CAN-001621
union_standard_time,3499018,RV,기능정비,엔진 부품,안전밸트(2점식)NO.2,교환,CAN-001620
union_standard_time,3499019,RV,기능정비,엔진 부품,안전밸트(2점식)NO.3,탈착,CAN-001623
union_standard_time,3499019,RV,기능정비,엔진 부품,안전밸트(2점식)NO.3,교환,CAN-001622
union_standard_time,3499020,RV,기능정비,엔진 부품,안전밸트(2점식)NO.4,탈착,CAN-001625
union_standard_time,3499020,RV,기능정비,엔진 부품,안전밸트(2점식)NO.4,교환,CAN-001624
union_standard_time,3499029,RV,기능정비,엔진 부품,"안전벨트(4열,중앙)",탈착,CAN-001653
union_standard_time,3499029,RV,기능정비,엔진 부품,"안전벨트(4열,중앙)",교환,CAN-001652
union_standard_time,3499309,RV,기능정비,엔진 부품,"안전벨트(3점식,뒤좌#2)",탈착,CAN-001651
union_standard_time,3499309,RV,기능정비,엔진 부품,"안전벨트(3점식,뒤좌#2)",교환,CAN-001650
union_standard_time,3499310,RV,기능정비,엔진 부품,"안전밸트(3열,좌)",탈착,CAN-001635
union_standard_time,3499310,RV,기능정비,엔진 부품,"안전밸트(3열,좌)",교환,CAN-001634
union_standard_time,3499311,RV,기능정비,엔진 부품,"안전밸트(4열,좌)",탈착,CAN-001641
union_standard_time,3499311,RV,기능정비,엔진 부품,"안전밸트(4열,좌)",교환,CAN-001640
union_standard_time,3499413,RV,기능정비,엔진 부품,"안전벨트(3점식,뒤좌#2)",탈착,CAN-001651
union_standard_time,3499413,RV,기능정비,엔진 부품,"안전벨트(3점식,뒤좌#2)",교환,CAN-001650
union_standard_time,3499414,RV,기능정비,엔진 부품,"안전밸트(3열,우)",탈착,CAN-001633
union_standard_time,3499414,RV,기능정비,엔진 부품,"안전밸트(3열,우)",교환,CAN-001632
union_standard_time,3499415,RV,기능정비,엔진 부품,"안전밸트(4열,우)",탈착,CAN-001639
union_standard_time,3499415,RV,기능정비,엔진 부품,"안전밸트(4열,우)",교환,CAN-001638
union_standard_time,3499501,RV,기능정비,엔진 부품,"안전벨트(앞,좌)",탈착,CAN-001665
union_standard_time,3499501,RV,기능정비,엔진 부품,"안전벨트(앞,좌)",교환,CAN-001664
union_standard_time,3499502,RV,기능정비,엔진 부품,"안전벨트(앞좌,프리텐셔너)",탈착,CAN-001667
union_standard_time,3499502,RV,기능정비,엔진 부품,"안전벨트(앞좌,프리텐셔너)",교환,CAN-001666
union_standard_time,3499604,RV,기능정비,엔진 부품,"안전벨트(앞,우)",탈착,CAN-001661
union_standard_time,3499604,RV,기능정비,엔진 부품,"안전벨트(앞,우)",교환,CAN-001660
union_standard_time,3499605,RV,기능정비,엔진 부품,"안전벨트(앞우,프리텐셔너)",탈착,CAN-001663
union_standard_time,3499605,RV,기능정비,엔진 부품,"안전벨트(앞우,프리텐셔너)",교환,CAN-001662
union_standard_time,3499706,RV,기능정비,엔진 부품,"안전벨트(뒤,좌)",탈착,CAN-001657
union_standard_time,3499706,RV,기능정비,엔진 부품,"안전벨트(뒤,좌)",교환,CAN-001656
union_standard_time,3499807,RV,기능정비,엔진 부품,"안전벨트(뒤,우)",탈착,CAN-001655
union_standard_time,3499807,RV,기능정비,엔진 부품,"안전벨트(뒤,우)",교환,CAN-001654
union_standard_time,3508003,RV,기능정비,전기 및 램프,프론트 배선,탈착,CAN-002992
union_standard_time,3508003,RV,기능정비,전기 및 램프,프론트 배선,교환,CAN-002991
union_standard_time,3508004,RV,기능정비,전기 및 램프,크러쉬패드배선,탈착,CAN-002611
union_standard_time,3508004,RV,기능정비,전기 및 램프,크러쉬패드배선,교환,CAN-002610
union_standard_time,3508005,RV,기능정비,전기 및 램프,에어백배선,탈착,CAN-001783
union_standard_time,3508005,RV,기능정비,전기 및 램프,에어백배선,교환,CAN-001782
union_standard_time,3508006,RV,기능정비,전기 및 램프,엔진룸배선(가솔린),탈착,CAN-001925
union_standard_time,3508006,RV,기능정비,전기 및 램프,엔진룸배선(가솔린),교환,CAN-001924
union_standard_time,3508007,RV,기능정비,전기 및 램프,엔진룸 휴즈박스 배선,탈착,CAN-001948
union_standard_time,3508007,RV,기능정비,전기 및 램프,엔진룸 휴즈박스 배선,교환,CAN-001947
union_standard_time,3508008,RV,기능정비,전기 및 램프,엔진 컨트롤 배선,탈착,CAN-002006
union_standard_time,3508008,RV,기능정비,전기 및 램프,엔진 컨트롤 배선,교환,CAN-002005
union_standard_time,3508009,RV,기능정비,전기 및 램프,엔진룸배선(디젤엔진),탈착,CAN-001929
union_standard_time,3508009,RV,기능정비,전기 및 램프,엔진룸배선(디젤엔진),교환,CAN-001928
union_standard_time,3508010,RV,기능정비,전기 및 램프,엔진룸 휴즈박스 배선,탈착,CAN-001948
union_standard_time,3508010,RV,기능정비,전기 및 램프,엔진룸 휴즈박스 배선,교환,CAN-001947
union_standard_time,3508011,RV,기능정비,전기 및 램프,뒷배선,탈착,CAN-000252
union_standard_time,3508011,RV,기능정비,전기 및 램프,뒷배선,교환,CAN-000251
union_standard_time,3508012,RV,기능정비,전기 및 램프,실내룸 배선(좌측),탈착,CAN-001537
union_standard_time,3508012,RV,기능정비,전기 및 램프,실내룸 배선(좌측),교환,CAN-001536
union_standard_time,3508013,RV,기능정비,전기 및 램프,실내룸 배선(우측),탈착,CAN-001535
union_standard_time,3508013,RV,기능정비,전기 및 램프,실내룸 배선(우측),교환,CAN-001534
union_standard_time,3508017,RV,기능정비,전기 및 램프,레인센서,탈착,CAN-000375
union_standard_time,3508017,RV,기능정비,전기 및 램프,레인센서,교환,CAN-000374
union_standard_time,3508020,RV,기능정비,엔진 부품,와이퍼 모터 및 링케이지,탈착,CAN-002192
union_standard_time,3508020,RV,기능정비,엔진 부품,와이퍼 모터 및 링케이지,교환,CAN-002191
union_standard_time,3508023,RV,기능정비,엔진 부품,캐니스터,탈착,CAN-002471
union_standard_time,3508023,RV,기능정비,엔진 부품,캐니스터,교환,CAN-002470
union_standard_time,3508024,RV,소모품 및 하체정비,소모품,밧데리,탈착,CAN-000878
union_standard_time,3508024,RV,소모품 및 하체정비,소모품,밧데리,교환,CAN-000877
union_standard_time,3508029,RV,기능정비,전기 및 램프,실내룸 배선,탈착,CAN-001533
union_standard_time,3508029,RV,기능정비,전기 및 램프,실내룸 배선,교환,CAN-001532
union_standard_time,3508032,RV,판금/도장정비,판금(탈부착),루프배선,탈착,CAN-000401
union_standard_time,3508032,RV,판금/도장정비,판금(탈부착),루프배선,교환,CAN-000400
union_standard_time,3508033,RV,기능정비,전기 및 램프,엔진룸 휴즈박스 및 뒷배선,탈착,CAN-001946
union_standard_time,3508033,RV,기능정비,전기 및 램프,엔진룸 휴즈박스 및 뒷배선,교환,CAN-001945
union_standard_time,3508334,RV,기능정비,엔진 부품,와이퍼 모터(좌측),탈착,CAN-002196
union_standard_time,3508334,RV,기능정비,엔진 부품,와이퍼 모터(좌측),교환,CAN-002195
union_standard_time,3508435,RV,기능정비,엔진 부품,와이퍼 모터(우측),탈착,CAN-002194
union_standard_time,3508435,RV,기능정비,엔진 부품,와이퍼 모터(우측),교환,CAN-002193
union_standard_time,3509019,RV,기능정비,전기 및 램프,컴비네이션스위치,탈착,CAN-002519
union_standard_time,3509019,RV,기능정비,전기 및 램프,컴비네이션스위치,교환,CAN-002518
union_standard_time,3509021,RV,기능정비,엔진 부품,와이퍼모터,탈착,CAN-002190
union_standard_time,3509021,RV,기능정비,엔진 부품,와이퍼모터,교환,CAN-002189
union_standard_time,3509022,RV,기능정비,엔진 부품,와이퍼링케이지,탈착,CAN-002188
union_standard_time,3509022,RV,기능정비,엔진 부품,와이퍼링케이지,교환,CAN-002187
union_standard_time,3518001,RV,기능정비,에어컨,에어컨콘덴샤,탈착,CAN-001829
union_standard_time,3518001,RV,기능정비,에어컨,에어컨콘덴샤,교환,CAN-001828
union_standard_time,3518013,RV,기능정비,에어컨,에어컨컴프레샤,탈착,CAN-001825
union_standard_time,3518013,RV,기능정비,에어컨,에어컨컴프레샤,교환,CAN-001824
union_standard_time,3518016,RV,기능정비,엔진 부품,라디에이터(M/T),탈착,CAN-000313
union_standard_time,3518016,RV,기능정비,엔진 부품,라디에이터(M/T),교환,CAN-000312
union_standard_time,3518017,RV,기능정비,엔진 부품,라디에이터(A/T),탈착,CAN-000311
union_standard_time,3518017,RV,기능정비,엔진 부품,라디에이터(A/T),교환,CAN-000310
union_standard_time,3518025,RV,소모품 및 하체정비,오일류,오일쿨러(미션),탈착,CAN-002164
union_standard_time,3518025,RV,소모품 및 하체정비,오일류,오일쿨러(미션),교환,CAN-002163
union_standard_time,3518027,RV,소모품 및 하체정비,하체 부품,파워스티어링 오일 쿨러,탈착,CAN-002847
union_standard_time,3518027,RV,소모품 및 하체정비,하체 부품,파워스티어링 오일 쿨러,교환,CAN-002846
union_standard_time,3518028,RV,소모품 및 하체정비,오일류,오일쿨러파이프(파워오일),탈착,CAN-002170
union_standard_time,3518028,RV,소모품 및 하체정비,오일류,오일쿨러파이프(파워오일),교환,CAN-002169
union_standard_time,3518029,RV,기능정비,엔진 부품,라디에이터리저브탱크,탈착,CAN-000336
union_standard_time,3518029,RV,기능정비,엔진 부품,라디에이터리저브탱크,교환,CAN-000335
union_standard_time,3518030,RV,기능정비,전기 및 램프,와셔탱크(앞),탈착,CAN-002186
union_standard_time,3518030,RV,기능정비,전기 및 램프,와셔탱크(앞),교환,CAN-002185
union_standard_time,3518031,RV,기능정비,전기 및 램프,와셔탱크(뒤),탈착,CAN-002184
union_standard_time,3518031,RV,기능정비,전기 및 램프,와셔탱크(뒤),교환,CAN-002183
union_standard_time,3518032,RV,기능정비,엔진 부품,알터네이터,탈착,CAN-001675
union_standard_time,3518032,RV,기능정비,엔진 부품,알터네이터,교환,CAN-001674
union_standard_time,3518033,RV,기능정비,엔진 부품,스타팅모터,탈착,CAN-001360
union_standard_time,3518033,RV,기능정비,엔진 부품,스타팅모터,교환,CAN-001359
union_standard_time,3518034,RV,기능정비,엔진 부품,디스트리뷰터,탈착,CAN-000291
union_standard_time,3518034,RV,기능정비,엔진 부품,디스트리뷰터,교환,CAN-000290
union_standard_time,3519003,RV,기능정비,에어컨,에어컨파이프 NO.1,탈착,CAN-001833
union_standard_time,3519003,RV,기능정비,에어컨,에어컨파이프 NO.1,교환,CAN-001832
union_standard_time,3519004,RV,기능정비,에어컨,에어컨파이프 NO.2,탈착,CAN-001837
union_standard_time,3519004,RV,기능정비,에어컨,에어컨파이프 NO.2,교환,CAN-001836
union_standard_time,3519005,RV,기능정비,에어컨,에어컨파이프 NO.3,탈착,CAN-001841
union_standard_time,3519005,RV,기능정비,에어컨,에어컨파이프 NO.3,교환,CAN-001840
union_standard_time,3519006,RV,기능정비,에어컨,에어컨파이프 NO.4,탈착,CAN-001845
union_standard_time,3519006,RV,기능정비,에어컨,에어컨파이프 NO.4,교환,CAN-001844
union_standard_time,3519008,RV,기능정비,에어컨,에어컨개스,교환,CAN-001813
union_standard_time,3519009,RV,기능정비,에어컨,에어컨개스(듀얼타입),교환,CAN-001814
union_standard_time,3519010,RV,기능정비,에어컨,에어컨휀#1,탈착,CAN-001851
union_standard_time,3519010,RV,기능정비,에어컨,에어컨휀#1,교환,CAN-001850
union_standard_time,3519011,RV,기능정비,에어컨,에어컨휀#2,탈착,CAN-001853
union_standard_time,3519011,RV,기능정비,에어컨,에어컨휀#2,교환,CAN-001852
union_standard_time,3519012,RV,기능정비,엔진 부품,리시버드라이탱크,탈착,CAN-000487
union_standard_time,3519012,RV,기능정비,엔진 부품,리시버드라이탱크,교환,CAN-000486
union_standard_time,3519018,RV,기능정비,엔진 부품,라디에이터휀,탈착,CAN-000355
union_standard_time,3519018,RV,기능정비,엔진 부품,라디에이터휀,교환,CAN-000354
union_standard_time,3519021,RV,기능정비,엔진 부품,라디에이터핀(수리킷#1),교환,CAN-000349
union_standard_time,3519022,RV,기능정비,엔진 부품,라디에이터핀(수리킷#2),교환,CAN-000350
union_standard_time,3519023,RV,기능정비,엔진 부품,라디에이터핀(수리킷#3),교환,CAN-000351
union_standard_time,3519024,RV,기능정비,엔진 부품,라디에이터핀(수리킷#4),교환,CAN-000352
union_standard_time,3519039,RV,기능정비,에어컨,에어컨 파이프 NO.5,탈착,CAN-001849
union_standard_time,3519039,RV,기능정비,에어컨,에어컨 파이프 NO.5,교환,CAN-001848
union_standard_time,3519040,RV,기능정비,에어컨,에어컨 파이프 NO.1(듀얼),탈착,CAN-001835
union_standard_time,3519040,RV,기능정비,에어컨,에어컨 파이프 NO.1(듀얼),교환,CAN-001834
union_standard_time,3519041,RV,기능정비,에어컨,에어컨 파이프 NO.2(듀얼),탈착,CAN-001839
union_standard_time,3519041,RV,기능정비,에어컨,에어컨 파이프 NO.2(듀얼),교환,CAN-001838
union_standard_time,3519042,RV,기능정비,에어컨,에어컨 파이프 NO.3(듀얼),탈착,CAN-001843
union_standard_time,3519042,RV,기능정비,에어컨,에어컨 파이프 NO.3(듀얼),교환,CAN-001842
union_standard_time,3519043,RV,기능정비,에어컨,에어컨 파이프 NO.4(듀얼),탈착,CAN-001847
union_standard_time,3519043,RV,기능정비,에어컨,에어컨 파이프 NO.4(듀얼),교환,CAN-001846
union_standard_time,3528001,RV,기능정비,전기 및 램프,에어백모듈(운전석),탈착,CAN-001775
union_standard_time,3528001,RV,기능정비,전기 및 램프,에어백모듈(운전석),교환,CAN-001774
union_standard_time,3528002,RV,기능정비,전기 및 램프,에어백모듈(조수석),탈착,CAN-001777
union_standard_time,3528002,RV,기능정비,전기 및 램프,에어백모듈(조수석),교환,CAN-001776
union_standard_time,3528011,RV,기능정비,전기 및 램프,무릎에어백,탈착,CAN-000840
union_standard_time,3528011,RV,기능정비,전기 및 램프,무릎에어백,교환,CAN-000839
union_standard_time,3528309,RV,기능정비,전기 및 램프,커튼에어백(좌측),탈착,CAN-002513
union_standard_time,3528309,RV,기능정비,전기 및 램프,커튼에어백(좌측),교환,CAN-002512
union_standard_time,3528410,RV,기능정비,전기 및 램프,커튼에어백(우측),탈착,CAN-002511
union_standard_time,3528410,RV,기능정비,전기 및 램프,커튼에어백(우측),교환,CAN-002510
union_standard_time,3538001,RV,기능정비,엔진 부품,컴퓨터(엔진),탈착,CAN-002555
union_standard_time,3538001,RV,기능정비,엔진 부품,컴퓨터(엔진),교환,CAN-002554
union_standard_time,3538002,RV,기능정비,엔진 부품,컴퓨터(엔진)리프로그래밍,조정,CAN-002557
union_standard_time,3538003,RV,기능정비,엔진 부품,컴퓨터(자동밋션),탈착,CAN-002560
union_standard_time,3538003,RV,기능정비,엔진 부품,컴퓨터(자동밋션),교환,CAN-002559
union_standard_time,3538005,RV,기능정비,전기 및 램프,컴퓨터(ABS),탈착,CAN-002549
union_standard_time,3538005,RV,기능정비,전기 및 램프,컴퓨터(ABS),교환,CAN-002548
union_standard_time,3538006,RV,기능정비,전기 및 램프,컴퓨터(에어백),탈착,CAN-002553
union_standard_time,3538006,RV,기능정비,전기 및 램프,컴퓨터(에어백),교환,CAN-002552
union_standard_time,3538008,RV,기능정비,엔진 부품,BCM(LAN컨트롤 유니트),탈착,CAN-000024
union_standard_time,3538008,RV,기능정비,엔진 부품,BCM(LAN컨트롤 유니트),교환,CAN-000023
union_standard_time,3538011,RV,판금/도장정비,판금(탈부착),선루프기구(전동식),탈착,CAN-001271
union_standard_time,3538011,RV,판금/도장정비,판금(탈부착),선루프기구(전동식),교환,CAN-001270
union_standard_time,3538012,RV,판금/도장정비,판금(탈부착),파노라마 선루프,탈착,CAN-002824
union_standard_time,3538012,RV,판금/도장정비,판금(탈부착),파노라마 선루프,교환,CAN-002823
union_standard_time,3538013,RV,기능정비,엔진 부품,파노라마 프론트글래스,탈착,CAN-002826
union_standard_time,3538013,RV,기능정비,엔진 부품,파노라마 프론트글래스,교환,CAN-002825
union_standard_time,3539314,RV,판금/도장정비,판금(탈부착),파노라마 사이드몰딩(좌측),탈착,CAN-002822
union_standard_time,3539314,RV,판금/도장정비,판금(탈부착),파노라마 사이드몰딩(좌측),교환,CAN-002821
union_standard_time,3539415,RV,판금/도장정비,판금(탈부착),파노라마 사이드몰딩(우측),탈착,CAN-002820
union_standard_time,3539415,RV,판금/도장정비,판금(탈부착),파노라마 사이드몰딩(우측),교환,CAN-002819
union_standard_time,3549010,RV,판금/도장정비,판금(탈부착),트렁크룸내 트림(뒤),탈착,CAN-002757
union_standard_time,3549010,RV,판금/도장정비,판금(탈부착),트렁크룸내 트림(뒤),교환,CAN-002756
union_standard_time,3549015,RV,기능정비,엔진 부품,팩키지 트레이 트림,탈착,CAN-002902
union_standard_time,3549015,RV,기능정비,엔진 부품,팩키지 트레이 트림,교환,CAN-002901
union_standard_time,3549016,RV,판금/도장정비,판금(탈부착),백패널 트림,탈착,CAN-001018
union_standard_time,3549016,RV,판금/도장정비,판금(탈부착),백패널 트림,교환,CAN-001017
union_standard_time,3549025,RV,판금/도장정비,판금(탈부착),운전석 백패널 트림,탈착,CAN-002211
union_standard_time,3549025,RV,판금/도장정비,판금(탈부착),운전석 백패널 트림,교환,CAN-002210
union_standard_time,3549026,RV,기능정비,엔진 부품,데크트림,탈착,CAN-000154
union_standard_time,3549026,RV,기능정비,엔진 부품,데크트림,교환,CAN-000153
union_standard_time,3549301,RV,기능정비,엔진 부품,프론트필러트림(좌측),탈착,CAN-003178
union_standard_time,3549301,RV,기능정비,엔진 부품,프론트필러트림(좌측),교환,CAN-003177
union_standard_time,3549303,RV,기능정비,엔진 부품,센터필러트림(좌측),탈착,CAN-001316
union_standard_time,3549303,RV,기능정비,엔진 부품,센터필러트림(좌측),교환,CAN-001315
union_standard_time,3549305,RV,기능정비,엔진 부품,리어필러트림(좌측),탈착,CAN-000764
union_standard_time,3549305,RV,기능정비,엔진 부품,리어필러트림(좌측),교환,CAN-000763
union_standard_time,3549307,RV,판금/도장정비,판금(탈부착),트렁크룸내 트림(좌측),탈착,CAN-002765
union_standard_time,3549307,RV,판금/도장정비,판금(탈부착),트렁크룸내 트림(좌측),교환,CAN-002764
union_standard_time,3549313,RV,판금/도장정비,판금(탈부착),쿼터트림(좌측),탈착,CAN-002599
union_standard_time,3549313,RV,판금/도장정비,판금(탈부착),쿼터트림(좌측),교환,CAN-002598
union_standard_time,3549402,RV,기능정비,엔진 부품,프론트필러트림(우측),탈착,CAN-003176
union_standard_time,3549402,RV,기능정비,엔진 부품,프론트필러트림(우측),교환,CAN-003175
union_standard_time,3549404,RV,기능정비,엔진 부품,센터필러트림(우측),탈착,CAN-001314
union_standard_time,3549404,RV,기능정비,엔진 부품,센터필러트림(우측),교환,CAN-001313
union_standard_time,3549406,RV,기능정비,엔진 부품,리어필러트림(우측),탈착,CAN-000762
union_standard_time,3549406,RV,기능정비,엔진 부품,리어필러트림(우측),교환,CAN-000761
union_standard_time,3549408,RV,판금/도장정비,판금(탈부착),트렁크룸내 트림(우측),탈착,CAN-002763
union_standard_time,3549408,RV,판금/도장정비,판금(탈부착),트렁크룸내 트림(우측),교환,CAN-002762
union_standard_time,3549414,RV,판금/도장정비,판금(탈부착),쿼터트림(우측),탈착,CAN-002597
union_standard_time,3549414,RV,판금/도장정비,판금(탈부착),쿼터트림(우측),교환,CAN-002596
union_standard_time,3558002,RV,기능정비,엔진 부품,언더커버(엔진룸),탈착,CAN-001747
union_standard_time,3558002,RV,기능정비,엔진 부품,언더커버(엔진룸),교환,CAN-001746
union_standard_time,3558003,RV,기능정비,엔진 부품,"언더커버(엔진룸,프론트)",탈착,CAN-001751
union_standard_time,3558003,RV,기능정비,엔진 부품,"언더커버(엔진룸,프론트)",교환,CAN-001750
union_standard_time,3558004,RV,기능정비,엔진 부품,"언더커버(엔진룸,리어)",탈착,CAN-001749
union_standard_time,3558004,RV,기능정비,엔진 부품,"언더커버(엔진룸,리어)",교환,CAN-001748
union_standard_time,3558005,RV,기능정비,엔진 부품,언더커버(좌측),탈착,CAN-001755
union_standard_time,3558005,RV,기능정비,엔진 부품,언더커버(좌측),교환,CAN-001754
union_standard_time,3558006,RV,기능정비,엔진 부품,엔진룸사이드언더커버(좌측),탈착,CAN-001933
union_standard_time,3558006,RV,기능정비,엔진 부품,엔진룸사이드언더커버(좌측),교환,CAN-001932
union_standard_time,3558007,RV,기능정비,엔진 부품,언더커버(우측),탈착,CAN-001753
union_standard_time,3558007,RV,기능정비,엔진 부품,언더커버(우측),교환,CAN-001752
union_standard_time,3558008,RV,기능정비,엔진 부품,엔진룸사이드언더커버(우측),탈착,CAN-001931
union_standard_time,3558008,RV,기능정비,엔진 부품,엔진룸사이드언더커버(우측),교환,CAN-001930
union_standard_time,3558009,RV,기능정비,엔진 부품,언더커버,탈착,CAN-001741
union_standard_time,3558009,RV,기능정비,엔진 부품,언더커버,교환,CAN-001740
union_standard_time,3558024,RV,기능정비,엔진 부품,바닥메트,탈착,CAN-000872
union_standard_time,3558024,RV,기능정비,엔진 부품,바닥메트,교환,CAN-000871
union_standard_time,3558029,RV,판금/도장정비,판금(탈부착),트렁크룸내 바닥트림,탈착,CAN-002755
union_standard_time,3558029,RV,판금/도장정비,판금(탈부착),트렁크룸내 바닥트림,교환,CAN-002754
union_standard_time,3558332,RV,기능정비,엔진 부품,실내바닥 언더커버(좌측),탈착,CAN-001551
union_standard_time,3558332,RV,기능정비,엔진 부품,실내바닥 언더커버(좌측),교환,CAN-001550
union_standard_time,3558433,RV,기능정비,엔진 부품,실내바닥 언더커버(우측),탈착,CAN-001549
union_standard_time,3558433,RV,기능정비,엔진 부품,실내바닥 언더커버(우측),교환,CAN-001548
union_standard_time,3558518,RV,기능정비,엔진 부품,"실내바닥 언더커버(앞,좌)",탈착,CAN-001547
union_standard_time,3558518,RV,기능정비,엔진 부품,"실내바닥 언더커버(앞,좌)",교환,CAN-001546
union_standard_time,3558619,RV,기능정비,엔진 부품,"실내바닥 언더커버(앞,우)",탈착,CAN-001545
union_standard_time,3558619,RV,기능정비,엔진 부품,"실내바닥 언더커버(앞,우)",교환,CAN-001544
union_standard_time,3568001,RV,기능정비,엔진 부품,안테나,탈착,CAN-001673
union_standard_time,3568001,RV,기능정비,엔진 부품,안테나,교환,CAN-001672
union_standard_time,3568002,RV,기능정비,엔진 부품,샤크 안테나,탈착,CAN-001262
union_standard_time,3568002,RV,기능정비,엔진 부품,샤크 안테나,교환,CAN-001261
union_standard_time,3568004,RV,판금/도장정비,판금(탈부착),라디오안테나(루프부착식),탈착,CAN-000359
union_standard_time,3568004,RV,판금/도장정비,판금(탈부착),라디오안테나(루프부착식),교환,CAN-000358
union_standard_time,3568006,RV,기능정비,엔진 부품,라디오안테나(자동),탈착,CAN-000365
union_standard_time,3568006,RV,기능정비,엔진 부품,라디오안테나(자동),교환,CAN-000364
union_standard_time,3568007,RV,기능정비,엔진 부품,라디오안테나(수동),탈착,CAN-000363
union_standard_time,3568007,RV,기능정비,엔진 부품,라디오안테나(수동),교환,CAN-000362
union_standard_time,3568008,RV,기능정비,엔진 부품,라디오 수신기,탈착,CAN-000357
union_standard_time,3568008,RV,기능정비,엔진 부품,라디오 수신기,교환,CAN-000356
union_standard_time,3568009,RV,기능정비,엔진 부품,TV 튜너 유니트,탈착,CAN-000094
union_standard_time,3568009,RV,기능정비,엔진 부품,TV 튜너 유니트,교환,CAN-000093
union_standard_time,3568014,RV,기능정비,엔진 부품,엠프리파이어,탈착,CAN-002014
union_standard_time,3568014,RV,기능정비,엔진 부품,엠프리파이어,교환,CAN-002013
union_standard_time,3568015,RV,기능정비,엔진 부품,CD 체인저,탈착,CAN-000028
union_standard_time,3568015,RV,기능정비,엔진 부품,CD 체인저,교환,CAN-000027
union_standard_time,3568016,RV,기능정비,엔진 부품,DVD 체인져,탈착,CAN-000036
union_standard_time,3568016,RV,기능정비,엔진 부품,DVD 체인져,교환,CAN-000035
union_standard_time,3568017,RV,기능정비,엔진 부품,리어 우퍼,탈착,CAN-000709
union_standard_time,3568017,RV,기능정비,엔진 부품,리어 우퍼,교환,CAN-000708
union_standard_time,3568018,RV,기능정비,엔진 부품,리어 오디오 엠프,탈착,CAN-000707
union_standard_time,3568018,RV,기능정비,엔진 부품,리어 오디오 엠프,교환,CAN-000706
union_standard_time,3568023,RV,기능정비,에어컨,연료히터,탈착,CAN-002046
union_standard_time,3568023,RV,기능정비,에어컨,연료히터,교환,CAN-002045
union_standard_time,3568024,RV,기능정비,엔진 부품,파킹케이블 컨트롤유니트,탈착,CAN-002868
union_standard_time,3568024,RV,기능정비,엔진 부품,파킹케이블 컨트롤유니트,교환,CAN-002867
union_standard_time,3568025,RV,기능정비,엔진 부품,에어덕트(엔진 상부),탈착,CAN-001765
union_standard_time,3568025,RV,기능정비,엔진 부품,에어덕트(엔진 상부),교환,CAN-001764
union_standard_time,3568026,RV,기능정비,엔진 부품,공구함커버 & 박스,탈착,CAN-000127
union_standard_time,3568026,RV,기능정비,엔진 부품,공구함커버 & 박스,교환,CAN-000126
union_standard_time,3578101,RV,기능정비,엔진 부품,앞유리(접착식),탈착,CAN-001717
union_standard_time,3578101,RV,기능정비,엔진 부품,앞유리(접착식),교환,CAN-001716
union_standard_time,3578202,RV,기능정비,엔진 부품,뒷유리(접착식),탈착,CAN-000258
union_standard_time,3578202,RV,기능정비,엔진 부품,뒷유리(접착식),교환,CAN-000257
union_standard_time,3578214,RV,기능정비,엔진 부품,뒷유리(오픈형),탈착,CAN-000256
union_standard_time,3578214,RV,기능정비,엔진 부품,뒷유리(오픈형),교환,CAN-000255
union_standard_time,3578309,RV,기능정비,엔진 부품,"뒤휀다고정유리(접착식,좌)",탈착,CAN-000236
union_standard_time,3578309,RV,기능정비,엔진 부품,"뒤휀다고정유리(접착식,좌)",교환,CAN-000235
union_standard_time,3578321,RV,기능정비,엔진 부품,고정창 사각유리(좌측),탈착,CAN-000121
union_standard_time,3578321,RV,기능정비,엔진 부품,고정창 사각유리(좌측),교환,CAN-000120
union_standard_time,3578326,RV,판금/도장정비,판금(탈부착),"옆창유리(좌,슬라이딩도어,미닫",탈착,CAN-002151
union_standard_time,3578326,RV,판금/도장정비,판금(탈부착),"옆창유리(좌,슬라이딩도어,미닫",교환,CAN-002150
union_standard_time,3578329,RV,기능정비,엔진 부품,"옆창유리(좌, 1, 미닫이)",교환,CAN-002141
union_standard_time,3578330,RV,기능정비,엔진 부품,"옆창유리(좌, 2, 미닫이)",교환,CAN-002144
union_standard_time,3578333,RV,기능정비,엔진 부품,"옆창유리(좌, 1, 고정)",탈착,CAN-002140
union_standard_time,3578333,RV,기능정비,엔진 부품,"옆창유리(좌, 1, 고정)",교환,CAN-002139
union_standard_time,3578334,RV,기능정비,엔진 부품,"옆창유리(좌, 2, 고정)",탈착,CAN-002143
union_standard_time,3578334,RV,기능정비,엔진 부품,"옆창유리(좌, 2, 고정)",교환,CAN-002142
union_standard_time,3578410,RV,기능정비,엔진 부품,"뒤휀다고정유리(접착식,우)",탈착,CAN-000228
union_standard_time,3578410,RV,기능정비,엔진 부품,"뒤휀다고정유리(접착식,우)",교환,CAN-000227
union_standard_time,3578422,RV,기능정비,엔진 부품,고정창 사각유리(우측),탈착,CAN-000119
union_standard_time,3578422,RV,기능정비,엔진 부품,고정창 사각유리(우측),교환,CAN-000118
union_standard_time,3578427,RV,판금/도장정비,판금(탈부착),"옆창유리(우,슬라이딩도어,미닫",탈착,CAN-002136
union_standard_time,3578427,RV,판금/도장정비,판금(탈부착),"옆창유리(우,슬라이딩도어,미닫",교환,CAN-002135
union_standard_time,3578432,RV,기능정비,엔진 부품,"옆창유리(우, 1, 미닫이)",교환,CAN-002127
union_standard_time,3578436,RV,판금/도장정비,판금(탈부착),"옆창유리(우,슬라이딩도어,고정)",탈착,CAN-002134
union_standard_time,3578436,RV,판금/도장정비,판금(탈부착),"옆창유리(우,슬라이딩도어,고정)",교환,CAN-002133
union_standard_time,3578437,RV,기능정비,엔진 부품,"옆창유리(우, 1, 고정)",탈착,CAN-002126
union_standard_time,3578437,RV,기능정비,엔진 부품,"옆창유리(우, 1, 고정)",교환,CAN-002125
union_standard_time,3578503,RV,판금/도장정비,판금(탈부착),문짝사각유리(앞좌),탈착,CAN-000852
union_standard_time,3578503,RV,판금/도장정비,판금(탈부착),문짝사각유리(앞좌),교환,CAN-000851
union_standard_time,3578517,RV,판금/도장정비,판금(탈부착),문짝삼각유리(앞좌),탈착,CAN-000860
union_standard_time,3578517,RV,판금/도장정비,판금(탈부착),문짝삼각유리(앞좌),교환,CAN-000859
union_standard_time,3578523,RV,기능정비,엔진 부품,프론트필러 고정유리(좌측),탈착,CAN-003168
union_standard_time,3578523,RV,기능정비,엔진 부품,프론트필러 고정유리(좌측),교환,CAN-003167
union_standard_time,3578604,RV,판금/도장정비,판금(탈부착),문짝사각유리(앞우),탈착,CAN-000850
union_standard_time,3578604,RV,판금/도장정비,판금(탈부착),문짝사각유리(앞우),교환,CAN-000849
union_standard_time,3578618,RV,판금/도장정비,판금(탈부착),문짝삼각유리(앞우),탈착,CAN-000858
union_standard_time,3578618,RV,판금/도장정비,판금(탈부착),문짝삼각유리(앞우),교환,CAN-000857
union_standard_time,3578624,RV,기능정비,엔진 부품,프론트필러 고정유리(우측),탈착,CAN-003166
union_standard_time,3578624,RV,기능정비,엔진 부품,프론트필러 고정유리(우측),교환,CAN-003165
union_standard_time,3578705,RV,판금/도장정비,판금(탈부착),문짝사각유리(뒤좌),탈착,CAN-000848
union_standard_time,3578705,RV,판금/도장정비,판금(탈부착),문짝사각유리(뒤좌),교환,CAN-000847
union_standard_time,3578707,RV,판금/도장정비,판금(탈부착),문짝삼각유리(뒤도어)(좌측),탈착,CAN-000856
union_standard_time,3578707,RV,판금/도장정비,판금(탈부착),문짝삼각유리(뒤도어)(좌측),교환,CAN-000855
union_standard_time,3578719,RV,기능정비,엔진 부품,"뒤휀다고정유리(접착식,좌)#2",탈착,CAN-000234
union_standard_time,3578719,RV,기능정비,엔진 부품,"뒤휀다고정유리(접착식,좌)#2",교환,CAN-000233
union_standard_time,3578806,RV,판금/도장정비,판금(탈부착),문짝사각유리(뒤우),탈착,CAN-000846
union_standard_time,3578806,RV,판금/도장정비,판금(탈부착),문짝사각유리(뒤우),교환,CAN-000845
union_standard_time,3578808,RV,판금/도장정비,판금(탈부착),문짝삼각유리(뒤도어)(우측),탈착,CAN-000854
union_standard_time,3578808,RV,판금/도장정비,판금(탈부착),문짝삼각유리(뒤도어)(우측),교환,CAN-000853
union_standard_time,3578820,RV,기능정비,엔진 부품,"뒤휀다고정유리(접착식,우)#2",탈착,CAN-000226
union_standard_time,3578820,RV,기능정비,엔진 부품,"뒤휀다고정유리(접착식,우)#2",교환,CAN-000225
union_standard_time,3588001,RV,기능정비,전기 및 램프,레인센서,탈착,CAN-000375
union_standard_time,3588001,RV,기능정비,전기 및 램프,레인센서,교환,CAN-000374
union_standard_time,5588003,RV,기능정비,엔진 부품,엔진 ASSY,탈착,CAN-001913
union_standard_time,5588003,RV,기능정비,엔진 부품,엔진 ASSY,교환,CAN-001911
union_standard_time,5588003,RV,기능정비,엔진 부품,엔진 ASSY,오버홀,CAN-001912
union_standard_time,5588004,RV,기능정비,엔진 부품,엔진 ASSY(V형),탈착,CAN-001908
union_standard_time,5588004,RV,기능정비,엔진 부품,엔진 ASSY(V형),교환,CAN-001906
union_standard_time,5588004,RV,기능정비,엔진 부품,엔진 ASSY(V형),오버홀,CAN-001907
union_standard_time,5588009,RV,기능정비,엔진 부품,"엔진ASSY(가솔린,LPG)",탈착,CAN-001916
union_standard_time,5588009,RV,기능정비,엔진 부품,"엔진ASSY(가솔린,LPG)",교환,CAN-001914
union_standard_time,5588009,RV,기능정비,엔진 부품,"엔진ASSY(가솔린,LPG)",오버홀,CAN-001915
union_standard_time,5588010,RV,기능정비,엔진 부품,엔진ASSY(디젤),탈착,CAN-001919
union_standard_time,5588010,RV,기능정비,엔진 부품,엔진ASSY(디젤),교환,CAN-001917
union_standard_time,5588010,RV,기능정비,엔진 부품,엔진ASSY(디젤),오버홀,CAN-001918
union_standard_time,5588012,RV,기능정비,엔진 부품,엔진 ASSY(쇼트엔진),교환,CAN-001920
union_standard_time,5588012,RV,기능정비,엔진 부품,엔진 ASSY(쇼트엔진),오버홀,CAN-001921
union_standard_time,5588013,RV,기능정비,엔진 부품,"엔진 ASSY(V형,쇼트엔진)",교환,CAN-001909
union_standard_time,5588013,RV,기능정비,엔진 부품,"엔진 ASSY(V형,쇼트엔진)",오버홀,CAN-001910
union_standard_time,5588016,RV,기능정비,엔진 부품,"쇼트엔진(가솔린,LPG)",교환,CAN-001328
union_standard_time,5588016,RV,기능정비,엔진 부품,"쇼트엔진(가솔린,LPG)",오버홀,CAN-001329
union_standard_time,5588017,RV,기능정비,엔진 부품,쇼트엔진(디젤),교환,CAN-001330
union_standard_time,5588017,RV,기능정비,엔진 부품,쇼트엔진(디젤),오버홀,CAN-001331
union_standard_time,5588019,RV,기능정비,엔진 부품,"베어엔진(가솔린,LPG)",교환,CAN-001028
union_standard_time,5588020,RV,기능정비,엔진 부품,베어엔진(디젤),교환,CAN-001029
union_standard_time,5598002,RV,기능정비,엔진 부품,실린더헤드,탈착,CAN-001573
union_standard_time,5598002,RV,기능정비,엔진 부품,실린더헤드,교환,CAN-001571
union_standard_time,5598002,RV,기능정비,엔진 부품,실린더헤드,오버홀,CAN-001572
union_standard_time,5598003,RV,기능정비,엔진 부품,실린더헤드(V형엔진),오버홀,CAN-001570
union_standard_time,5598004,RV,기능정비,엔진 부품,"실린더헤드(V형,#2)",오버홀,CAN-001567
union_standard_time,5598007,RV,기능정비,엔진 부품,실린더헤드,탈착,CAN-001573
union_standard_time,5598007,RV,기능정비,엔진 부품,실린더헤드,교환,CAN-001571
union_standard_time,5598007,RV,기능정비,엔진 부품,실린더헤드,오버홀,CAN-001572
union_standard_time,5598008,RV,기능정비,엔진 부품,"실린더헤드(가솔린,LPG)",탈착,CAN-001576
union_standard_time,5598008,RV,기능정비,엔진 부품,"실린더헤드(가솔린,LPG)",교환,CAN-001574
union_standard_time,5598008,RV,기능정비,엔진 부품,"실린더헤드(가솔린,LPG)",오버홀,CAN-001575
union_standard_time,5598009,RV,기능정비,엔진 부품,실린더헤드(디젤),탈착,CAN-001582
union_standard_time,5598009,RV,기능정비,엔진 부품,실린더헤드(디젤),교환,CAN-001580
union_standard_time,5598009,RV,기능정비,엔진 부품,실린더헤드(디젤),오버홀,CAN-001581
union_standard_time,5598017,RV,기능정비,엔진 부품,미션마운트,탈착,CAN-000862
union_standard_time,5598017,RV,기능정비,엔진 부품,미션마운트,교환,CAN-000861
union_standard_time,5599015,RV,기능정비,엔진 부품,엔진마운틴&브라켓(앞),탈착,CAN-001952
union_standard_time,5599015,RV,기능정비,엔진 부품,엔진마운틴&브라켓(앞),교환,CAN-001951
union_standard_time,5599016,RV,기능정비,엔진 부품,엔진마운틴&브라켓(뒤),탈착,CAN-001950
union_standard_time,5599016,RV,기능정비,엔진 부품,엔진마운틴&브라켓(뒤),교환,CAN-001949
union_standard_time,5599025,RV,기능정비,엔진 부품,실린더 헤드 커버,탈착,CAN-001584
union_standard_time,5599025,RV,기능정비,엔진 부품,실린더 헤드 커버,교환,CAN-001583
union_standard_time,5599026,RV,기능정비,엔진 부품,차선이탈경보유닛(LDWS),탈착,CAN-002397
union_standard_time,5599026,RV,기능정비,엔진 부품,차선이탈경보유닛(LDWS),교환,CAN-002396
union_standard_time,5599031,RV,기능정비,엔진 부품,"엔진 마운틴 및 브라켓(로워,센",탈착,CAN-001966
union_standard_time,5599031,RV,기능정비,엔진 부품,"엔진 마운틴 및 브라켓(로워,센",교환,CAN-001965
union_standard_time,5599032,RV,기능정비,엔진 부품,"엔진 마운틴 및 브라켓(로워,우)",탈착,CAN-001968
union_standard_time,5599032,RV,기능정비,엔진 부품,"엔진 마운틴 및 브라켓(로워,우)",교환,CAN-001967
union_standard_time,5599230,RV,기능정비,엔진 부품,"엔진 마운틴 및 브라켓(뒤,중앙)",탈착,CAN-001964
union_standard_time,5599230,RV,기능정비,엔진 부품,"엔진 마운틴 및 브라켓(뒤,중앙)",교환,CAN-001963
union_standard_time,5599311,RV,기능정비,엔진 부품,엔진마운틴&브라켓(좌측),탈착,CAN-001956
union_standard_time,5599311,RV,기능정비,엔진 부품,엔진마운틴&브라켓(좌측),교환,CAN-001955
union_standard_time,5599413,RV,기능정비,엔진 부품,엔진마운틴&브라켓(우측),탈착,CAN-001954
union_standard_time,5599413,RV,기능정비,엔진 부품,엔진마운틴&브라켓(우측),교환,CAN-001953
union_standard_time,5599829,RV,기능정비,엔진 부품,"엔진 마운틴 및 브라켓(뒤,우)",탈착,CAN-001960
union_standard_time,5599829,RV,기능정비,엔진 부품,"엔진 마운틴 및 브라켓(뒤,우)",교환,CAN-001959
union_standard_time,5608001,RV,기능정비,엔진 부품,타이밍커버,탈착,CAN-002673
union_standard_time,5608001,RV,기능정비,엔진 부품,타이밍커버,교환,CAN-002672
union_standard_time,5608002,RV,기능정비,엔진 부품,타이밍커버(가솔린),탈착,CAN-002675
union_standard_time,5608002,RV,기능정비,엔진 부품,타이밍커버(가솔린),교환,CAN-002674
union_standard_time,5608003,RV,기능정비,엔진 부품,타이밍커버(디젤),탈착,CAN-002677
union_standard_time,5608003,RV,기능정비,엔진 부품,타이밍커버(디젤),교환,CAN-002676
union_standard_time,5608004,RV,기능정비,엔진 부품,타이밍커버(V형엔진),탈착,CAN-002671
union_standard_time,5608004,RV,기능정비,엔진 부품,타이밍커버(V형엔진),교환,CAN-002670
union_standard_time,5608005,RV,기능정비,엔진 부품,타이밍커버(알루미늄),탈착,CAN-002679
union_standard_time,5608005,RV,기능정비,엔진 부품,타이밍커버(알루미늄),교환,CAN-002678
union_standard_time,5608006,RV,기능정비,엔진 부품,타이밍벨트(벨트식),탈착,CAN-002655
union_standard_time,5608006,RV,기능정비,엔진 부품,타이밍벨트(벨트식),교환,CAN-002654
union_standard_time,5608008,RV,기능정비,엔진 부품,타이밍벨트(체인식),탈착,CAN-002657
union_standard_time,5608008,RV,기능정비,엔진 부품,타이밍벨트(체인식),교환,CAN-002656
union_standard_time,5618001,RV,소모품 및 하체정비,소모품,에어클리너ASSY,탈착,CAN-001869
union_standard_time,5618001,RV,소모품 및 하체정비,소모품,에어클리너ASSY,교환,CAN-001868
union_standard_time,5618005,RV,기능정비,엔진 부품,레죠네이터,탈착,CAN-000377
union_standard_time,5618005,RV,기능정비,엔진 부품,레죠네이터,교환,CAN-000376
union_standard_time,5618008,RV,기능정비,엔진 부품,아웃벨트 아이들 풀리 브라켓(디,탈착,CAN-001594
union_standard_time,5618008,RV,기능정비,엔진 부품,아웃벨트 아이들 풀리 브라켓(디,교환,CAN-001593
union_standard_time,5618009,RV,기능정비,엔진 부품,아웃벨트 오토텐셔너,탈착,CAN-001596
union_standard_time,5618009,RV,기능정비,엔진 부품,아웃벨트 오토텐셔너,교환,CAN-001595
union_standard_time,5618010,RV,기능정비,엔진 부품,드로틀바디,탈착,CAN-000262
union_standard_time,5618010,RV,기능정비,엔진 부품,드로틀바디,교환,CAN-000261
union_standard_time,5618011,RV,기능정비,엔진 부품,드로틀바디서보,탈착,CAN-000268
union_standard_time,5618011,RV,기능정비,엔진 부품,드로틀바디서보,교환,CAN-000267
union_standard_time,5618012,RV,기능정비,엔진 부품,"드로틀바디(가솔린,LPG)",탈착,CAN-000264
union_standard_time,5618012,RV,기능정비,엔진 부품,"드로틀바디(가솔린,LPG)",교환,CAN-000263
union_standard_time,5618013,RV,기능정비,엔진 부품,드로틀바디(디젤),탈착,CAN-000266
union_standard_time,5618013,RV,기능정비,엔진 부품,드로틀바디(디젤),교환,CAN-000265
union_standard_time,5618014,RV,기능정비,엔진 부품,EGR밸브,탈착,CAN-000048
union_standard_time,5618014,RV,기능정비,엔진 부품,EGR밸브,교환,CAN-000047
union_standard_time,5618015,RV,기능정비,엔진 부품,EGR쿨러,탈착,CAN-000050
union_standard_time,5618015,RV,기능정비,엔진 부품,EGR쿨러,교환,CAN-000049
union_standard_time,5618018,RV,기능정비,엔진 부품,EGR쿨러(고압),탈착,CAN-000052
union_standard_time,5618018,RV,기능정비,엔진 부품,EGR쿨러(고압),교환,CAN-000051
union_standard_time,5618019,RV,기능정비,엔진 부품,EGR쿨러(저압),탈착,CAN-000054
union_standard_time,5618019,RV,기능정비,엔진 부품,EGR쿨러(저압),교환,CAN-000053
union_standard_time,5628002,RV,기능정비,엔진 부품,인젝터NO1,탈착,CAN-002281
union_standard_time,5628002,RV,기능정비,엔진 부품,인젝터NO1,교환,CAN-002280
union_standard_time,5628003,RV,기능정비,전기 및 램프,인젝터NO2,탈착,CAN-002283
union_standard_time,5628003,RV,기능정비,전기 및 램프,인젝터NO2,교환,CAN-002282
union_standard_time,5628004,RV,기능정비,엔진 부품,인젝터NO3,탈착,CAN-002285
union_standard_time,5628004,RV,기능정비,엔진 부품,인젝터NO3,교환,CAN-002284
union_standard_time,5628005,RV,기능정비,엔진 부품,인젝터NO4,탈착,CAN-002287
union_standard_time,5628005,RV,기능정비,엔진 부품,인젝터NO4,교환,CAN-002286
union_standard_time,5628006,RV,기능정비,엔진 부품,인젝터NO5,탈착,CAN-002289
union_standard_time,5628006,RV,기능정비,엔진 부품,인젝터NO5,교환,CAN-002288
union_standard_time,5628007,RV,기능정비,엔진 부품,인젝터NO6,탈착,CAN-002291
union_standard_time,5628007,RV,기능정비,엔진 부품,인젝터NO6,교환,CAN-002290
union_standard_time,5628008,RV,기능정비,엔진 부품,인젝터NO7,탈착,CAN-002293
union_standard_time,5628008,RV,기능정비,엔진 부품,인젝터NO7,교환,CAN-002292
union_standard_time,5628009,RV,기능정비,엔진 부품,인젝터NO8,탈착,CAN-002295
union_standard_time,5628009,RV,기능정비,엔진 부품,인젝터NO8,교환,CAN-002294
union_standard_time,5638001,RV,소모품 및 하체정비,오일류,엔진오일팬,탈착,CAN-001993
union_standard_time,5638001,RV,소모품 및 하체정비,오일류,엔진오일팬,교환,CAN-001992
union_standard_time,5638006,RV,소모품 및 하체정비,오일류,엔진오일펌프,탈착,CAN-001999
union_standard_time,5638006,RV,소모품 및 하체정비,오일류,엔진오일펌프,교환,CAN-001998
union_standard_time,5638007,RV,소모품 및 하체정비,소모품,오일필터(디젤),탈착,CAN-002174
union_standard_time,5638007,RV,소모품 및 하체정비,소모품,오일필터(디젤),교환,CAN-002173
union_standard_time,5638009,RV,기능정비,엔진 부품,워터펌프,탈착,CAN-002230
union_standard_time,5638009,RV,기능정비,엔진 부품,워터펌프,교환,CAN-002229
union_standard_time,5638010,RV,기능정비,엔진 부품,"워터펌프(가솔린,LPG)",탈착,CAN-002232
union_standard_time,5638010,RV,기능정비,엔진 부품,"워터펌프(가솔린,LPG)",교환,CAN-002231
union_standard_time,5638011,RV,기능정비,엔진 부품,워터펌프(디젤),탈착,CAN-002234
union_standard_time,5638011,RV,기능정비,엔진 부품,워터펌프(디젤),교환,CAN-002233
union_standard_time,5638014,RV,기능정비,엔진 부품,진공펌프,탈착,CAN-002394
union_standard_time,5638014,RV,기능정비,엔진 부품,진공펌프,교환,CAN-002393
union_standard_time,5638015,RV,기능정비,엔진 부품,연료 고압펌프,탈착,CAN-002018
union_standard_time,5638015,RV,기능정비,엔진 부품,연료 고압펌프,교환,CAN-002017
union_standard_time,5638016,RV,기능정비,엔진 부품,연료고압펌프(디젤),탈착,CAN-002020
union_standard_time,5638016,RV,기능정비,엔진 부품,연료고압펌프(디젤),교환,CAN-002019
union_standard_time,5638017,RV,기능정비,엔진 부품,딜리버리 파이프,탈착,CAN-000307
union_standard_time,5638017,RV,기능정비,엔진 부품,딜리버리 파이프,교환,CAN-000306
union_standard_time,5638019,RV,소모품 및 하체정비,하체 부품,파워스티어링펌프,탈착,CAN-002852
union_standard_time,5638019,RV,소모품 및 하체정비,하체 부품,파워스티어링펌프,교환,CAN-002851
union_standard_time,5638020,RV,소모품 및 하체정비,하체 부품,파워스티어링 리저브탱크,탈착,CAN-002837
union_standard_time,5638020,RV,소모품 및 하체정비,하체 부품,파워스티어링 리저브탱크,교환,CAN-002836
union_standard_time,5648001,RV,기능정비,엔진 부품,흡기매니홀드,탈착,CAN-003434
union_standard_time,5648001,RV,기능정비,엔진 부품,흡기매니홀드,교환,CAN-003433
union_standard_time,5648002,RV,기능정비,엔진 부품,"흡기매니홀드(가솔린,LPG)",탈착,CAN-003436
union_standard_time,5648002,RV,기능정비,엔진 부품,"흡기매니홀드(가솔린,LPG)",교환,CAN-003435
union_standard_time,5648003,RV,기능정비,엔진 부품,흡기매니홀드(디젤),탈착,CAN-003438
union_standard_time,5648003,RV,기능정비,엔진 부품,흡기매니홀드(디젤),교환,CAN-003437
union_standard_time,5648004,RV,기능정비,엔진 부품,흡기매니홀드(V형엔진),탈착,CAN-003432
union_standard_time,5648004,RV,기능정비,엔진 부품,흡기매니홀드(V형엔진),교환,CAN-003431
union_standard_time,5648006,RV,기능정비,엔진 부품,배기매니홀드,탈착,CAN-000903
union_standard_time,5648006,RV,기능정비,엔진 부품,배기매니홀드,교환,CAN-000902
union_standard_time,5648007,RV,기능정비,엔진 부품,"배기매니홀드(가솔린,LPG)",탈착,CAN-000905
union_standard_time,5648007,RV,기능정비,엔진 부품,"배기매니홀드(가솔린,LPG)",교환,CAN-000904
union_standard_time,5648008,RV,기능정비,엔진 부품,배기매니홀드(디젤),탈착,CAN-000909
union_standard_time,5648008,RV,기능정비,엔진 부품,배기매니홀드(디젤),교환,CAN-000908
union_standard_time,5648009,RV,기능정비,엔진 부품,배기매니홀드(V형엔진),탈착,CAN-000901
union_standard_time,5648009,RV,기능정비,엔진 부품,배기매니홀드(V형엔진),교환,CAN-000900
union_standard_time,5648010,RV,기능정비,엔진 부품,배기매니홀드(V형 NO.2),탈착,CAN-000897
union_standard_time,5648010,RV,기능정비,엔진 부품,배기매니홀드(V형 NO.2),교환,CAN-000896
union_standard_time,5648015,RV,기능정비,엔진 부품,배기매니홀드 및 터보챠져,탈착,CAN-000911
union_standard_time,5648015,RV,기능정비,엔진 부품,배기매니홀드 및 터보챠져,교환,CAN-000910
union_standard_time,5658003,RV,기능정비,엔진 부품,배기파이프1번(프론트),탈착,CAN-000929
union_standard_time,5658003,RV,기능정비,엔진 부품,배기파이프1번(프론트),교환,CAN-000928
union_standard_time,5658004,RV,기능정비,엔진 부품,배기파이프1번(가솔린),탈착,CAN-000921
union_standard_time,5658004,RV,기능정비,엔진 부품,배기파이프1번(가솔린),교환,CAN-000920
union_standard_time,5658005,RV,기능정비,엔진 부품,배기파이프1번(디젤),탈착,CAN-000923
union_standard_time,5658005,RV,기능정비,엔진 부품,배기파이프1번(디젤),교환,CAN-000922
union_standard_time,5658006,RV,기능정비,엔진 부품,"배기파이프1번(프론트,V형 NO.1)",탈착,CAN-000925
union_standard_time,5658006,RV,기능정비,엔진 부품,"배기파이프1번(프론트,V형 NO.1)",교환,CAN-000924
union_standard_time,5658008,RV,기능정비,엔진 부품,배기파이프2번(미들),탈착,CAN-000933
union_standard_time,5658008,RV,기능정비,엔진 부품,배기파이프2번(미들),교환,CAN-000932
union_standard_time,5658010,RV,기능정비,엔진 부품,배기파이프3번(머플러),탈착,CAN-000939
union_standard_time,5658010,RV,기능정비,엔진 부품,배기파이프3번(머플러),교환,CAN-000938
union_standard_time,5658011,RV,기능정비,엔진 부품,배기파이프3번(머플러)#2,탈착,CAN-000937
union_standard_time,5658011,RV,기능정비,엔진 부품,배기파이프3번(머플러)#2,교환,CAN-000936
union_standard_time,5658012,RV,기능정비,엔진 부품,테일파이프,탈착,CAN-002718
union_standard_time,5658012,RV,기능정비,엔진 부품,테일파이프,교환,CAN-002717
union_standard_time,5658018,RV,기능정비,엔진 부품,카탈리틱 컨버터,탈착,CAN-002469
union_standard_time,5658018,RV,기능정비,엔진 부품,카탈리틱 컨버터,교환,CAN-002468
union_standard_time,5658021,RV,기능정비,엔진 부품,씨피에프 컨버터,탈착,CAN-001592
union_standard_time,5658021,RV,기능정비,엔진 부품,씨피에프 컨버터,교환,CAN-001591
union_standard_time,5658022,RV,기능정비,엔진 부품,씨피에프 컨버터,탈착,CAN-001592
union_standard_time,5658022,RV,기능정비,엔진 부품,씨피에프 컨버터,교환,CAN-001591
union_standard_time,5658023,RV,기능정비,엔진 부품,디피에프 컨버터,탈착,CAN-000303
union_standard_time,5658023,RV,기능정비,엔진 부품,디피에프 컨버터,교환,CAN-000302
union_standard_time,5668001,RV,기능정비,엔진 부품,연료탱크,탈착,CAN-002034
union_standard_time,5668001,RV,기능정비,엔진 부품,연료탱크,교환,CAN-002032
union_standard_time,5668001,RV,기능정비,엔진 부품,연료탱크,오버홀,CAN-002033
union_standard_time,5668002,RV,기능정비,엔진 부품,연료주입 파이프,탈착,CAN-002031
union_standard_time,5668002,RV,기능정비,엔진 부품,연료주입 파이프,교환,CAN-002030
union_standard_time,5668003,RV,기능정비,엔진 부품,인젝션펌프,탈착,CAN-002277
union_standard_time,5668003,RV,기능정비,엔진 부품,인젝션펌프,교환,CAN-002275
union_standard_time,5668003,RV,기능정비,엔진 부품,인젝션펌프,오버홀,CAN-002276
union_standard_time,5668009,RV,기능정비,엔진 부품,연료고압펌프,탈착,CAN-002018
union_standard_time,5668009,RV,기능정비,엔진 부품,연료고압펌프,교환,CAN-002017
union_standard_time,5668012,RV,소모품 및 하체정비,소모품,연료 필터,탈착,CAN-002044
union_standard_time,5668012,RV,소모품 및 하체정비,소모품,연료 필터,교환,CAN-002043
union_standard_time,5668013,RV,소모품 및 하체정비,소모품,연료필터,탈착,CAN-002044
union_standard_time,5668013,RV,소모품 및 하체정비,소모품,연료필터,교환,CAN-002043
union_standard_time,5668016,RV,기능정비,엔진 부품,LPG탱크,탈착,CAN-000084
union_standard_time,5668016,RV,기능정비,엔진 부품,LPG탱크,교환,CAN-000083
union_standard_time,5668017,RV,기능정비,엔진 부품,LPG믹서,탈착,CAN-000080
union_standard_time,5668017,RV,기능정비,엔진 부품,LPG믹서,교환,CAN-000079
union_standard_time,5668018,RV,기능정비,엔진 부품,베이퍼라이져,탈착,CAN-001031
union_standard_time,5668018,RV,기능정비,엔진 부품,베이퍼라이져,교환,CAN-001030
union_standard_time,5668019,RV,기능정비,엔진 부품,연료 압력 레귤레이터,탈착,CAN-002029
union_standard_time,5668019,RV,기능정비,엔진 부품,연료 압력 레귤레이터,교환,CAN-002028
union_standard_time,5668020,RV,기능정비,엔진 부품,써머스탯 하우징,탈착,CAN-001590
union_standard_time,5668020,RV,기능정비,엔진 부품,써머스탯 하우징,교환,CAN-001589
union_standard_time,5668021,RV,기능정비,엔진 부품,LPG 레귤레이터 유닛,탈착,CAN-000078
union_standard_time,5668021,RV,기능정비,엔진 부품,LPG 레귤레이터 유닛,교환,CAN-000077
union_standard_time,5678001,RV,소모품 및 하체정비,오일류,오일쿨러,탈착,CAN-002162
union_standard_time,5678001,RV,소모품 및 하체정비,오일류,오일쿨러,교환,CAN-002161
union_standard_time,5678002,RV,소모품 및 하체정비,브레이크/타이어,오일쿨러 및 휠터바디,탈착,CAN-002166
union_standard_time,5678002,RV,소모품 및 하체정비,브레이크/타이어,오일쿨러 및 휠터바디,교환,CAN-002165
union_standard_time,5678005,RV,기능정비,엔진 부품,터보챠져(과급기),탈착,CAN-002705
union_standard_time,5678005,RV,기능정비,엔진 부품,터보챠져(과급기),교환,CAN-002704
union_standard_time,5678006,RV,기능정비,엔진 부품,인터쿨러,탈착,CAN-002299
union_standard_time,5678006,RV,기능정비,엔진 부품,인터쿨러,교환,CAN-002298
union_standard_time,5678007,RV,기능정비,엔진 부품,인터쿨러 파이프,탈착,CAN-002303
union_standard_time,5678007,RV,기능정비,엔진 부품,인터쿨러 파이프,교환,CAN-002302
union_standard_time,5678011,RV,기능정비,엔진 부품,엔진조정 A,조정,CAN-002002
union_standard_time,5678012,RV,기능정비,엔진 부품,엔진조정 B,조정,CAN-002003
union_standard_time,5678013,RV,기능정비,엔진 부품,엔진조정 C,조정,CAN-002004
union_standard_time,5679014,RV,기능정비,엔진 부품,인터쿨러 에어 가이드,탈착,CAN-002301
union_standard_time,5679014,RV,기능정비,엔진 부품,인터쿨러 에어 가이드,교환,CAN-002300
union_standard_time,7688001,RV,기능정비,엔진 부품,트랜스미션(M/T),탈착,CAN-002732
union_standard_time,7688001,RV,기능정비,엔진 부품,트랜스미션(M/T),교환,CAN-002730
union_standard_time,7688001,RV,기능정비,엔진 부품,트랜스미션(M/T),오버홀,CAN-002731
union_standard_time,7688002,RV,기능정비,엔진 부품,트랜스미션(A/T),탈착,CAN-002725
union_standard_time,7688002,RV,기능정비,엔진 부품,트랜스미션(A/T),교환,CAN-002723
union_standard_time,7688002,RV,기능정비,엔진 부품,트랜스미션(A/T),오버홀,CAN-002724
union_standard_time,7688007,RV,소모품 및 하체정비,오일류,자동변속기오일팬,탈착,CAN-002305
union_standard_time,7688007,RV,소모품 및 하체정비,오일류,자동변속기오일팬,교환,CAN-002304
union_standard_time,7688010,RV,기능정비,엔진 부품,뒤케이스,탈착,CAN-000220
union_standard_time,7688010,RV,기능정비,엔진 부품,뒤케이스,교환,CAN-000219
union_standard_time,7688012,RV,기능정비,엔진 부품,트랜스미션(A/T)밸브 바디,탈착,CAN-002727
union_standard_time,7688012,RV,기능정비,엔진 부품,트랜스미션(A/T)밸브 바디,교환,CAN-002726
union_standard_time,7688013,RV,기능정비,엔진 부품,트랜스퍼케이스,탈착,CAN-002752
union_standard_time,7688013,RV,기능정비,엔진 부품,트랜스퍼케이스,교환,CAN-002750
union_standard_time,7688013,RV,기능정비,엔진 부품,트랜스퍼케이스,오버홀,CAN-002751
union_standard_time,7688014,RV,기능정비,엔진 부품,트랜스퍼ASSY,탈착,CAN-002749
union_standard_time,7688014,RV,기능정비,엔진 부품,트랜스퍼ASSY,교환,CAN-002747
union_standard_time,7688014,RV,기능정비,엔진 부품,트랜스퍼ASSY,오버홀,CAN-002748
union_standard_time,7689017,RV,기능정비,엔진 부품,체인지레버(M/T),탈착,CAN-002427
union_standard_time,7689017,RV,기능정비,엔진 부품,체인지레버(M/T),교환,CAN-002426
union_standard_time,7689018,RV,기능정비,엔진 부품,체인지레버(A/T),탈착,CAN-002425
union_standard_time,7689018,RV,기능정비,엔진 부품,체인지레버(A/T),교환,CAN-002424
union_standard_time,7689021,RV,기능정비,엔진 부품,체인지레버케이블및로드,탈착,CAN-002435
union_standard_time,7689021,RV,기능정비,엔진 부품,체인지레버케이블및로드,교환,CAN-002434
union_standard_time,7689022,RV,기능정비,엔진 부품,체인지레버로드,탈착,CAN-002431
union_standard_time,7689022,RV,기능정비,엔진 부품,체인지레버로드,교환,CAN-002430
union_standard_time,7689023,RV,기능정비,엔진 부품,체인지레버 케이블,탈착,CAN-002433
union_standard_time,7689023,RV,기능정비,엔진 부품,체인지레버 케이블,교환,CAN-002432
union_standard_time,7698005,RV,기능정비,엔진 부품,프로펠러 샤프트,탈착,CAN-002934
union_standard_time,7698005,RV,기능정비,엔진 부품,프로펠러 샤프트,교환,CAN-002933
union_standard_time,7698006,RV,기능정비,엔진 부품,프로펠라샤프트(앞),탈착,CAN-002932
union_standard_time,7698006,RV,기능정비,엔진 부품,프로펠라샤프트(앞),교환,CAN-002931
union_standard_time,7698007,RV,기능정비,엔진 부품,프로펠라샤프트ASSY,탈착,CAN-002926
union_standard_time,7698007,RV,기능정비,엔진 부품,프로펠라샤프트ASSY,교환,CAN-002925
union_standard_time,7698014,RV,기능정비,엔진 부품,프론트 액슬,탈착,CAN-003103
union_standard_time,7698014,RV,기능정비,엔진 부품,프론트 액슬,교환,CAN-003101
union_standard_time,7698014,RV,기능정비,엔진 부품,프론트 액슬,오버홀,CAN-003102
union_standard_time,7698310,RV,소모품 및 하체정비,하체 부품,프론트서스펜션ASSY(좌측),탈착,CAN-003068
union_standard_time,7698310,RV,소모품 및 하체정비,하체 부품,프론트서스펜션ASSY(좌측),교환,CAN-003066
union_standard_time,7698310,RV,소모품 및 하체정비,하체 부품,프론트서스펜션ASSY(좌측),오버홀,CAN-003067
union_standard_time,7698411,RV,기능정비,엔진 부품,프론트서스팬션ASSY(우측),탈착,CAN-003059
union_standard_time,7698411,RV,기능정비,엔진 부품,프론트서스팬션ASSY(우측),교환,CAN-003057
union_standard_time,7698411,RV,기능정비,엔진 부품,프론트서스팬션ASSY(우측),오버홀,CAN-003058
union_standard_time,7698501,RV,기능정비,엔진 부품,등속죠인트(좌측),탈착,CAN-000280
union_standard_time,7698501,RV,기능정비,엔진 부품,등속죠인트(좌측),교환,CAN-000279
union_standard_time,7698602,RV,기능정비,엔진 부품,등속죠인트(우측),탈착,CAN-000278
union_standard_time,7698602,RV,기능정비,엔진 부품,등속죠인트(우측),교환,CAN-000277
union_standard_time,7698703,RV,기능정비,엔진 부품,"등속조인트(뒤,좌)",탈착,CAN-000272
union_standard_time,7698703,RV,기능정비,엔진 부품,"등속조인트(뒤,좌)",교환,CAN-000271
union_standard_time,7698804,RV,기능정비,엔진 부품,"등속조인트(뒤,우)",탈착,CAN-000270
union_standard_time,7698804,RV,기능정비,엔진 부품,"등속조인트(뒤,우)",교환,CAN-000269
union_standard_time,7708505,RV,기능정비,엔진 부품,판스프링(앞좌),탈착,CAN-002888
union_standard_time,7708505,RV,기능정비,엔진 부품,판스프링(앞좌),교환,CAN-002886
union_standard_time,7708606,RV,기능정비,엔진 부품,판스프링(앞우),탈착,CAN-002885
union_standard_time,7708606,RV,기능정비,엔진 부품,판스프링(앞우),교환,CAN-002883
union_standard_time,7708707,RV,기능정비,엔진 부품,판스프링(좌측),탈착,CAN-002892
union_standard_time,7708707,RV,기능정비,엔진 부품,판스프링(좌측),교환,CAN-002891
union_standard_time,7708809,RV,기능정비,엔진 부품,판스프링(우측),탈착,CAN-002890
union_standard_time,7708809,RV,기능정비,엔진 부품,판스프링(우측),교환,CAN-002889
union_standard_time,7709501,RV,기능정비,엔진 부품,쇽업쇼버(앞좌),탈착,CAN-001349
union_standard_time,7709501,RV,기능정비,엔진 부품,쇽업쇼버(앞좌),교환,CAN-001347
union_standard_time,7709602,RV,기능정비,엔진 부품,쇽업쇼버(앞우),탈착,CAN-001346
union_standard_time,7709602,RV,기능정비,엔진 부품,쇽업쇼버(앞우),교환,CAN-001344
union_standard_time,7709703,RV,기능정비,엔진 부품,쇽업쇼버(뒤좌),탈착,CAN-001339
union_standard_time,7709703,RV,기능정비,엔진 부품,쇽업쇼버(뒤좌),교환,CAN-001338
union_standard_time,7709804,RV,기능정비,엔진 부품,쇽업쇼버(뒤우),탈착,CAN-001337
union_standard_time,7709804,RV,기능정비,엔진 부품,쇽업쇼버(뒤우),교환,CAN-001336
union_standard_time,7718002,RV,소모품 및 하체정비,하체 부품,엔진크로스멤버,탈착,CAN-002008
union_standard_time,7718002,RV,소모품 및 하체정비,하체 부품,엔진크로스멤버,교환,CAN-002007
union_standard_time,7718018,RV,기능정비,엔진 부품,서브 프레임ASSY,탈착,CAN-001264
union_standard_time,7718018,RV,기능정비,엔진 부품,서브 프레임ASSY,교환,CAN-001263
union_standard_time,7718019,RV,소모품 및 하체정비,하체 부품,센터멤버,탈착,CAN-001292
union_standard_time,7718019,RV,소모품 및 하체정비,하체 부품,센터멤버,교환,CAN-001291
union_standard_time,7718020,RV,기능정비,엔진 부품,리어서스팬션(일체식),탈착,CAN-000587
union_standard_time,7718020,RV,기능정비,엔진 부품,리어서스팬션(일체식),교환,CAN-000585
union_standard_time,7718020,RV,기능정비,엔진 부품,리어서스팬션(일체식),오버홀,CAN-000586
union_standard_time,7718021,RV,소모품 및 하체정비,하체 부품,리어 액슬 ASSY(5링크),탈착,CAN-000678
union_standard_time,7718021,RV,소모품 및 하체정비,하체 부품,리어 액슬 ASSY(5링크),교환,CAN-000676
union_standard_time,7718021,RV,소모품 및 하체정비,하체 부품,리어 액슬 ASSY(5링크),오버홀,CAN-000677
union_standard_time,7718027,RV,기능정비,엔진 부품,리어액슬ASSY(후륜구동),탈착,CAN-000690
union_standard_time,7718027,RV,기능정비,엔진 부품,리어액슬ASSY(후륜구동),교환,CAN-000688
union_standard_time,7718027,RV,기능정비,엔진 부품,리어액슬ASSY(후륜구동),오버홀,CAN-000689
union_standard_time,7718028,RV,소모품 및 하체정비,하체 부품,리어액슬ASSY(링크타입),탈착,CAN-000684
union_standard_time,7718028,RV,소모품 및 하체정비,하체 부품,리어액슬ASSY(링크타입),교환,CAN-000682
union_standard_time,7718028,RV,소모품 및 하체정비,하체 부품,리어액슬ASSY(링크타입),오버홀,CAN-000683
union_standard_time,7718029,RV,기능정비,엔진 부품,리어액슬ASSY(판스프링타입),탈착,CAN-000687
union_standard_time,7718029,RV,기능정비,엔진 부품,리어액슬ASSY(판스프링타입),교환,CAN-000685
union_standard_time,7718029,RV,기능정비,엔진 부품,리어액슬ASSY(판스프링타입),오버홀,CAN-000686
union_standard_time,7718032,RV,소모품 및 하체정비,하체 부품,리어서스펜션 크로스멤버,탈착,CAN-000613
union_standard_time,7718032,RV,소모품 및 하체정비,하체 부품,리어서스펜션 크로스멤버,교환,CAN-000611
union_standard_time,7718032,RV,소모품 및 하체정비,하체 부품,리어서스펜션 크로스멤버,오버홀,CAN-000612
union_standard_time,7718033,RV,소모품 및 하체정비,하체 부품,리어서스펜션크로스멤버(4WD),탈착,CAN-000610
union_standard_time,7718033,RV,소모품 및 하체정비,하체 부품,리어서스펜션크로스멤버(4WD),교환,CAN-000609
union_standard_time,7718134,RV,기능정비,엔진 부품,스테빌라이져(앞),탈착,CAN-001364
union_standard_time,7718134,RV,기능정비,엔진 부품,스테빌라이져(앞),교환,CAN-001363
union_standard_time,7718235,RV,기능정비,엔진 부품,스테빌라이져(뒤),탈착,CAN-001362
union_standard_time,7718235,RV,기능정비,엔진 부품,스테빌라이져(뒤),교환,CAN-001361
union_standard_time,7718308,RV,소모품 및 하체정비,하체 부품,로워암(좌측),교환,CAN-000387
union_standard_time,7718314,RV,소모품 및 하체정비,하체 부품,프론트 허브베어링(좌측),오버홀,CAN-003180
union_standard_time,7718316,RV,소모품 및 하체정비,하체 부품,리어 허브베어링(좌측),오버홀,CAN-000770
union_standard_time,7718323,RV,기능정비,엔진 부품,리어서스팬션(좌측),탈착,CAN-000590
union_standard_time,7718323,RV,기능정비,엔진 부품,리어서스팬션(좌측),교환,CAN-000588
union_standard_time,7718323,RV,기능정비,엔진 부품,리어서스팬션(좌측),오버홀,CAN-000589
union_standard_time,7718325,RV,소모품 및 하체정비,하체 부품,"리어 서스펜션ASSY(좌,4WD)",탈착,CAN-000602
union_standard_time,7718325,RV,소모품 및 하체정비,하체 부품,"리어 서스펜션ASSY(좌,4WD)",교환,CAN-000600
union_standard_time,7718325,RV,소모품 및 하체정비,하체 부품,"리어 서스펜션ASSY(좌,4WD)",오버홀,CAN-000601
union_standard_time,7718409,RV,소모품 및 하체정비,하체 부품,로워암(우측),교환,CAN-000385
union_standard_time,7718415,RV,소모품 및 하체정비,하체 부품,프론트 허브베어링(우측),오버홀,CAN-003179
union_standard_time,7718417,RV,소모품 및 하체정비,하체 부품,리어 허브베어링(우측),오버홀,CAN-000768
union_standard_time,7718424,RV,기능정비,엔진 부품,리어서스팬션(우측),탈착,CAN-000584
union_standard_time,7718424,RV,기능정비,엔진 부품,리어서스팬션(우측),교환,CAN-000582
union_standard_time,7718424,RV,기능정비,엔진 부품,리어서스팬션(우측),오버홀,CAN-000583
union_standard_time,7718426,RV,소모품 및 하체정비,하체 부품,"리어 서스펜션ASSY(우,4WD)",탈착,CAN-000593
union_standard_time,7718426,RV,소모품 및 하체정비,하체 부품,"리어 서스펜션ASSY(우,4WD)",교환,CAN-000591
union_standard_time,7718426,RV,소모품 및 하체정비,하체 부품,"리어 서스펜션ASSY(우,4WD)",오버홀,CAN-000592
union_standard_time,7719510,RV,소모품 및 하체정비,하체 부품,허브(앞좌),오버홀,CAN-003265
union_standard_time,7719611,RV,소모품 및 하체정비,하체 부품,허브(앞우),오버홀,CAN-003263
union_standard_time,7719712,RV,소모품 및 하체정비,하체 부품,허브(뒤좌),오버홀,CAN-003261
union_standard_time,7719813,RV,소모품 및 하체정비,하체 부품,허브(뒤우),오버홀,CAN-003259
union_standard_time,7728005,RV,기능정비,엔진 부품,리어디퍼렌셜기어,탈착,CAN-000528
union_standard_time,7728005,RV,기능정비,엔진 부품,리어디퍼렌셜기어,교환,CAN-000526
union_standard_time,7728005,RV,기능정비,엔진 부품,리어디퍼렌셜기어,오버홀,CAN-000527
union_standard_time,7728006,RV,소모품 및 하체정비,하체 부품,에어서스펜션 리저브탱크,탈착,CAN-001788
union_standard_time,7728006,RV,소모품 및 하체정비,하체 부품,에어서스펜션 리저브탱크,교환,CAN-001787
union_standard_time,7728007,RV,소모품 및 하체정비,하체 부품,에어서스펜션 컴프레셔,탈착,CAN-001805
union_standard_time,7728007,RV,소모품 및 하체정비,하체 부품,에어서스펜션 컴프레셔,교환,CAN-001804
union_standard_time,7728027,RV,소모품 및 하체정비,하체 부품,스티어링컬럼ASSY,탈착,CAN-001401
union_standard_time,7728027,RV,소모품 및 하체정비,하체 부품,스티어링컬럼ASSY,교환,CAN-001400
union_standard_time,7728028,RV,소모품 및 하체정비,하체 부품,스티어링 컬럼ASSY(EPS),탈착,CAN-001397
union_standard_time,7728028,RV,소모품 및 하체정비,하체 부품,스티어링 컬럼ASSY(EPS),교환,CAN-001396
union_standard_time,7728029,RV,소모품 및 하체정비,하체 부품,스티어링컬럼커버,탈착,CAN-001403
union_standard_time,7728029,RV,소모품 및 하체정비,하체 부품,스티어링컬럼커버,교환,CAN-001402
union_standard_time,7728031,RV,소모품 및 하체정비,하체 부품,파워스티어링기어,탈착,CAN-002834
union_standard_time,7728031,RV,소모품 및 하체정비,하체 부품,파워스티어링기어,교환,CAN-002833
union_standard_time,7728032,RV,소모품 및 하체정비,하체 부품,파워스티어링기어(EPS),탈착,CAN-002830
union_standard_time,7728032,RV,소모품 및 하체정비,하체 부품,파워스티어링기어(EPS),교환,CAN-002829
union_standard_time,7728038,RV,소모품 및 하체정비,하체 부품,파워스티어링 리져브 탱크,탈착,CAN-002839
union_standard_time,7728038,RV,소모품 및 하체정비,하체 부품,파워스티어링 리져브 탱크,교환,CAN-002838
union_standard_time,7728045,RV,기능정비,전기 및 램프,ABS하이드로릭유니트,탈착,CAN-000010
union_standard_time,7728045,RV,기능정비,전기 및 램프,ABS하이드로릭유니트,교환,CAN-000009
union_standard_time,7728051,RV,소모품 및 하체정비,브레이크/타이어,브레이크부스터&마스터실린더,탈착,CAN-001085
union_standard_time,7728051,RV,소모품 및 하체정비,브레이크/타이어,브레이크부스터&마스터실린더,교환,CAN-001084
union_standard_time,7728056,RV,기능정비,엔진 부품,엑셀 페달,탈착,CAN-001876
union_standard_time,7728056,RV,기능정비,엔진 부품,엑셀 페달,교환,CAN-001875
union_standard_time,7728057,RV,소모품 및 하체정비,브레이크/타이어,브레이크페달,탈착,CAN-001120
union_standard_time,7728057,RV,소모품 및 하체정비,브레이크/타이어,브레이크페달,교환,CAN-001119
union_standard_time,7728058,RV,기능정비,엔진 부품,클러치페달,탈착,CAN-002635
union_standard_time,7728058,RV,기능정비,엔진 부품,클러치페달,교환,CAN-002634
union_standard_time,7728059,RV,기능정비,엔진 부품,페달&브라켓,탈착,CAN-002907
union_standard_time,7728059,RV,기능정비,엔진 부품,페달&브라켓,교환,CAN-002906
union_standard_time,7728062,RV,소모품 및 하체정비,브레이크/타이어,전자식 파킹브레이크 ASSY,탈착,CAN-002380
union_standard_time,7728062,RV,소모품 및 하체정비,브레이크/타이어,전자식 파킹브레이크 ASSY,교환,CAN-002379
union_standard_time,7728064,RV,소모품 및 하체정비,브레이크/타이어,전자식 브레이크 진공펌프,탈착,CAN-002378
union_standard_time,7728064,RV,소모품 및 하체정비,브레이크/타이어,전자식 브레이크 진공펌프,교환,CAN-002377
union_standard_time,7728066,RV,기능정비,엔진 부품,클러치마스터실린더,탈착,CAN-002627
union_standard_time,7728066,RV,기능정비,엔진 부품,클러치마스터실린더,교환,CAN-002626
union_standard_time,7728343,RV,소모품 및 하체정비,하체 부품,타이로드엔드(좌측),탈착,CAN-002647
union_standard_time,7728343,RV,소모품 및 하체정비,하체 부품,타이로드엔드(좌측),교환,CAN-002646
union_standard_time,7728444,RV,소모품 및 하체정비,하체 부품,타이로드엔드(우측),탈착,CAN-002645
union_standard_time,7728444,RV,소모품 및 하체정비,하체 부품,타이로드엔드(우측),교환,CAN-002644
union_standard_time,7728508,RV,소모품 및 하체정비,브레이크/타이어,타이어(앞좌),교환,CAN-002694
union_standard_time,7728522,RV,소모품 및 하체정비,브레이크/타이어,"휠(앞,좌)",교환,CAN-003398
union_standard_time,7728609,RV,소모품 및 하체정비,브레이크/타이어,타이어(앞우),교환,CAN-002693
union_standard_time,7728623,RV,소모품 및 하체정비,브레이크/타이어,"휠(앞,우)",교환,CAN-003397
union_standard_time,7728710,RV,소모품 및 하체정비,브레이크/타이어,타이어(뒤좌),교환,CAN-002691
union_standard_time,7728724,RV,소모품 및 하체정비,브레이크/타이어,"휠(뒤,좌)",교환,CAN-003393
union_standard_time,7728811,RV,소모품 및 하체정비,브레이크/타이어,타이어(뒤우),교환,CAN-002690
union_standard_time,7728825,RV,소모품 및 하체정비,브레이크/타이어,"휠(뒤,우)",교환,CAN-003392
union_standard_time,7729026,RV,소모품 및 하체정비,하체 부품,스티어링휠,탈착,CAN-001407
union_standard_time,7729026,RV,소모품 및 하체정비,하체 부품,스티어링휠,교환,CAN-001406
union_standard_time,7729060,RV,소모품 및 하체정비,브레이크/타이어,사이드브레이크,탈착,CAN-001169
union_standard_time,7729060,RV,소모품 및 하체정비,브레이크/타이어,사이드브레이크,교환,CAN-001167
union_standard_time,7729060,RV,소모품 및 하체정비,브레이크/타이어,사이드브레이크,오버홀,CAN-001168
union_standard_time,7729061,RV,소모품 및 하체정비,브레이크/타이어,사이드 브레이크(족동식),탈착,CAN-001171
union_standard_time,7729061,RV,소모품 및 하체정비,브레이크/타이어,사이드 브레이크(족동식),교환,CAN-001170
union_standard_time,7729546,RV,기능정비,전기 및 램프,ABS휠센서(앞좌),탈착,CAN-000018
union_standard_time,7729546,RV,기능정비,전기 및 램프,ABS휠센서(앞좌),교환,CAN-000017
union_standard_time,7729647,RV,기능정비,전기 및 램프,ABS휠센서(앞우),탈착,CAN-000016
union_standard_time,7729647,RV,기능정비,전기 및 램프,ABS휠센서(앞우),교환,CAN-000015
union_standard_time,7729748,RV,기능정비,전기 및 램프,ABS휠센서(뒤좌),탈착,CAN-000014
union_standard_time,7729748,RV,기능정비,전기 및 램프,ABS휠센서(뒤좌),교환,CAN-000013
union_standard_time,7729849,RV,기능정비,전기 및 램프,ABS휠센서(뒤우),탈착,CAN-000012
union_standard_time,7729849,RV,기능정비,전기 및 램프,ABS휠센서(뒤우),교환,CAN-000011
union_standard_time,7738003,RV,소모품 및 하체정비,브레이크/타이어,휠얼라인먼트(전자식),조정,CAN-003401
union_standard_time,7738004,RV,소모품 및 하체정비,브레이크/타이어,휠얼라인먼트(기계식),조정,CAN-003399
union_standard_time,7738020,RV,소모품 및 하체정비,브레이크/타이어,브레이크 파이핑(전체),탈착,CAN-001116
union_standard_time,7738020,RV,소모품 및 하체정비,브레이크/타이어,브레이크 파이핑(전체),교환,CAN-001115
union_standard_time,7738021,RV,소모품 및 하체정비,브레이크/타이어,브레이크 에어빼기,조정,CAN-001091
union_standard_time,7738516,RV,소모품 및 하체정비,브레이크/타이어,"브레이크 캘리퍼(앞,좌)",탈착,CAN-001111
union_standard_time,7738516,RV,소모품 및 하체정비,브레이크/타이어,"브레이크 캘리퍼(앞,좌)",교환,CAN-001110
union_standard_time,7738617,RV,소모품 및 하체정비,브레이크/타이어,"브레이크 캘리퍼(앞,우)",탈착,CAN-001108
union_standard_time,7738617,RV,소모품 및 하체정비,브레이크/타이어,"브레이크 캘리퍼(앞,우)",교환,CAN-001107
union_standard_time,7738718,RV,소모품 및 하체정비,브레이크/타이어,"브레이크 캘리퍼(뒤,좌)",탈착,CAN-001105
union_standard_time,7738718,RV,소모품 및 하체정비,브레이크/타이어,"브레이크 캘리퍼(뒤,좌)",교환,CAN-001104
union_standard_time,7738819,RV,소모품 및 하체정비,브레이크/타이어,"브레이크 캘리퍼(뒤,우)",탈착,CAN-001102
union_standard_time,7738819,RV,소모품 및 하체정비,브레이크/타이어,"브레이크 캘리퍼(뒤,우)",교환,CAN-001101
union_standard_time,35781D6,RV,기능정비,엔진 부품,앞유리,탈착,CAN-001715
union_standard_time,35781D6,RV,기능정비,엔진 부품,앞유리,교환,CAN-001714
union_standard_time,35782D5,RV,기능정비,엔진 부품,뒤유리,탈착,CAN-000211
union_standard_time,35782D5,RV,기능정비,엔진 부품,뒤유리,교환,CAN-000210
union_standard_time,35783C7,RV,판금/도장정비,판금(탈부착),백도어유리(좌측),탈착,CAN-000990
union_standard_time,35783C7,RV,판금/도장정비,판금(탈부착),백도어유리(좌측),교환,CAN-000989
union_standard_time,35783D7,RV,기능정비,엔진 부품,"뒤휀다고정유리 #2(접착식,좌)",탈착,CAN-000224
union_standard_time,35783D7,RV,기능정비,엔진 부품,"뒤휀다고정유리 #2(접착식,좌)",교환,CAN-000223
union_standard_time,35783D9,RV,판금/도장정비,판금(탈부착),"옆창유리(좌.슬라이딩도어,고정)",탈착,CAN-002138
union_standard_time,35783D9,RV,판금/도장정비,판금(탈부착),"옆창유리(좌.슬라이딩도어,고정)",교환,CAN-002137
union_standard_time,35784C8,RV,판금/도장정비,판금(탈부착),백도어유리(우측),탈착,CAN-000988
union_standard_time,35784C8,RV,판금/도장정비,판금(탈부착),백도어유리(우측),교환,CAN-000987
union_standard_time,35784D8,RV,기능정비,엔진 부품,"뒤휀다고정유리 #2(접착식,우)",탈착,CAN-000222
union_standard_time,35784D8,RV,기능정비,엔진 부품,"뒤휀다고정유리 #2(접착식,우)",교환,CAN-000221
